npc	pattern	handler	branch	priority	guards	order	kind	a1	a2	a3	place	x	y	z	group
207128	IDSeal_Twin_Trap	arm	0	3		0	arm	0	4000	0		0.0	0.0	0.0	0
207128	IDSeal_Twin_Trap	arm	0	3		1	skill	20767	0	0	ME	0.0	0.0	0.0	0
207128	IDSeal_Twin_Trap	cycle	0	4	timer:0	0	arm	0	4000	0		0.0	0.0	0.0	0
207128	IDSeal_Twin_Trap	cycle	0	4	timer:0	1	skill	20767	0	0	ME	0.0	0.0	0.0	0
207129	IDSeal_Twin_Trap	arm	0	3		0	arm	0	4000	0		0.0	0.0	0.0	0
207129	IDSeal_Twin_Trap	arm	0	3		1	skill	20767	0	0	ME	0.0	0.0	0.0	0
207129	IDSeal_Twin_Trap	cycle	0	4	timer:0	0	arm	0	4000	0		0.0	0.0	0.0	0
207129	IDSeal_Twin_Trap	cycle	0	4	timer:0	1	skill	20767	0	0	ME	0.0	0.0	0.0	0
207528	BGuard_FrostPillar	arm	0	7		0	arm	0	4000	0		0.0	0.0	0.0	0
207528	BGuard_FrostPillar	arm	0	7		1	skill	17141	0	0	ME	0.0	0.0	0.0	0
207528	BGuard_FrostPillar	cycle	0	4	timer:0	0	arm	1	4000	0		0.0	0.0	0.0	0
207528	BGuard_FrostPillar	cycle	0	4	timer:0	1	skill	17141	0	0	ME	0.0	0.0	0.0	0
207528	BGuard_FrostPillar	cycle	1	3	timer:1	0	arm	2	4000	0		0.0	0.0	0.0	0
207528	BGuard_FrostPillar	cycle	1	3	timer:1	1	skill	17141	0	0	ME	0.0	0.0	0.0	0
207528	BGuard_FrostPillar	cycle	2	2	timer:2	0	skill	17141	0	0	ME	0.0	0.0	0.0	0
207528	BGuard_FrostPillar	cycle	2	2	timer:2	1	despawn_self	0	0	0		0.0	0.0	0.0	0
210067	Brownie_FnH	arm	0	1		0	arm	0	7000	0		0.0	0.0	0.0	0
210067	Brownie_FnH	arm	0	1		1	skill	16439	0	0	ME	0.0	0.0	0.0	0
210067	Brownie_FnH	arm	0	1		2	broadcast	1001	25	0		0.0	0.0	0.0	0
210067	Brownie_FnH	arm	0	1		3	say	340411	0	0		0.0	0.0	0.0	0
210067	Brownie_FnH	cycle	0	2	timer:0	0	arm	0	7000	0		0.0	0.0	0.0	0
210067	Brownie_FnH	cycle	0	2	timer:0	1	skill	16439	0	0	ME	0.0	0.0	0.0	0
210067	Brownie_FnH	cycle	0	2	timer:0	2	broadcast	1001	25	0		0.0	0.0	0.0	0
210067	Brownie_FnH	cycle	0	2	timer:0	3	say	340411	0	0		0.0	0.0	0.0	0
210068	Brownie_FnH	arm	0	1		0	arm	0	7000	0		0.0	0.0	0.0	0
210068	Brownie_FnH	arm	0	1		1	skill	16439	0	0	ME	0.0	0.0	0.0	0
210068	Brownie_FnH	arm	0	1		2	broadcast	1001	25	0		0.0	0.0	0.0	0
210068	Brownie_FnH	arm	0	1		3	say	340411	0	0		0.0	0.0	0.0	0
210068	Brownie_FnH	cycle	0	2	timer:0	0	arm	0	7000	0		0.0	0.0	0.0	0
210068	Brownie_FnH	cycle	0	2	timer:0	1	skill	16439	0	0	ME	0.0	0.0	0.0	0
210068	Brownie_FnH	cycle	0	2	timer:0	2	broadcast	1001	25	0		0.0	0.0	0.0	0
210068	Brownie_FnH	cycle	0	2	timer:0	3	say	340411	0	0		0.0	0.0	0.0	0
210069	Brownie_FnH	arm	0	1		0	arm	0	7000	0		0.0	0.0	0.0	0
210069	Brownie_FnH	arm	0	1		1	skill	16439	0	0	ME	0.0	0.0	0.0	0
210069	Brownie_FnH	arm	0	1		2	broadcast	1001	25	0		0.0	0.0	0.0	0
210069	Brownie_FnH	arm	0	1		3	say	340411	0	0		0.0	0.0	0.0	0
210069	Brownie_FnH	cycle	0	2	timer:0	0	arm	0	7000	0		0.0	0.0	0.0	0
210069	Brownie_FnH	cycle	0	2	timer:0	1	skill	16439	0	0	ME	0.0	0.0	0.0	0
210069	Brownie_FnH	cycle	0	2	timer:0	2	broadcast	1001	25	0		0.0	0.0	0.0	0
210069	Brownie_FnH	cycle	0	2	timer:0	3	say	340411	0	0		0.0	0.0	0.0	0
210831	Brownie_FnH	arm	0	1		0	arm	0	7000	0		0.0	0.0	0.0	0
210831	Brownie_FnH	arm	0	1		1	skill	16439	0	0	ME	0.0	0.0	0.0	0
210831	Brownie_FnH	arm	0	1		2	broadcast	1001	25	0		0.0	0.0	0.0	0
210831	Brownie_FnH	arm	0	1		3	say	340411	0	0		0.0	0.0	0.0	0
210831	Brownie_FnH	cycle	0	2	timer:0	0	arm	0	7000	0		0.0	0.0	0.0	0
210831	Brownie_FnH	cycle	0	2	timer:0	1	skill	16439	0	0	ME	0.0	0.0	0.0	0
210831	Brownie_FnH	cycle	0	2	timer:0	2	broadcast	1001	25	0		0.0	0.0	0.0	0
210831	Brownie_FnH	cycle	0	2	timer:0	3	say	340411	0	0		0.0	0.0	0.0	0
210861	Brownie_FnH	arm	0	1		0	arm	0	7000	0		0.0	0.0	0.0	0
210861	Brownie_FnH	arm	0	1		1	skill	16439	0	0	ME	0.0	0.0	0.0	0
210861	Brownie_FnH	arm	0	1		2	broadcast	1001	25	0		0.0	0.0	0.0	0
210861	Brownie_FnH	arm	0	1		3	say	340411	0	0		0.0	0.0	0.0	0
210861	Brownie_FnH	cycle	0	2	timer:0	0	arm	0	7000	0		0.0	0.0	0.0	0
210861	Brownie_FnH	cycle	0	2	timer:0	1	skill	16439	0	0	ME	0.0	0.0	0.0	0
210861	Brownie_FnH	cycle	0	2	timer:0	2	broadcast	1001	25	0		0.0	0.0	0.0	0
210861	Brownie_FnH	cycle	0	2	timer:0	3	say	340411	0	0		0.0	0.0	0.0	0
211897	ND2_ChB	arm	0	2		0	arm	0	8000	0		0.0	0.0	0.0	0
211897	ND2_ChB	arm	0	2		1	skill	16828	0	0	ME	0.0	0.0	0.0	0
211897	ND2_ChB	cycle	0	1	timer:0	0	arm	0	40000	0		0.0	0.0	0.0	0
211897	ND2_ChB	cycle	0	1	timer:0	1	skill	17968	0	0	ME	0.0	0.0	0.0	0
211897	ND2_ChB	cycle	0	1	timer:0	2	skill	17981	0	0	ME	0.0	0.0	0.0	0
212206	D2_AnI	arm	0	3		0	arm	0	12000	0		0.0	0.0	0.0	0
212206	D2_AnI	arm	0	3		1	skill	16746	0	0	MOST_HATED	0.0	0.0	0.0	0
212206	D2_AnI	cycle	0	2	timer:1	0	arm	0	12000	0		0.0	0.0	0.0	0
212206	D2_AnI	cycle	0	2	timer:1	1	skill	16746	0	0	MOST_HATED	0.0	0.0	0.0	0
212206	D2_AnI	cycle	1	1	timer:0	0	arm	1	20000	0		0.0	0.0	0.0	0
212206	D2_AnI	cycle	1	1	timer:0	1	skill	16814	0	0	MOST_HATED	0.0	0.0	0.0	0
212723	NLycan_Pet_B	arm	0	5		0	arm	0	6000	0		0.0	0.0	0.0	0
212723	NLycan_Pet_B	cycle	0	2	timer:0|hp_below:35	0	skill	16984	0	0	MOST_HATED	0.0	0.0	0.0	0
212723	NLycan_Pet_B	cycle	1	1	timer:0	0	arm	0	6000	0		0.0	0.0	0.0	0
213899	ND2_PeA	arm	0	2		0	arm	0	15000	0		0.0	0.0	0.0	0
213899	ND2_PeA	arm	0	2		1	skill	16852	0	0	ME	0.0	0.0	0.0	0
213899	ND2_PeA	cycle	0	1	timer:0	0	arm	0	40000	0		0.0	0.0	0.0	0
213899	ND2_PeA	cycle	0	1	timer:0	1	skill	17938	0	0	ME	0.0	0.0	0.0	0
213899	ND2_PeA	cycle	0	1	timer:0	2	skill	17935	0	0	ME	0.0	0.0	0.0	0
213899	ND2_PeA	cycle	0	1	timer:0	3	skill	17936	0	0	ME	0.0	0.0	0.0	0
214870	ND2_Xipeto3_1	arm	0	2		0	arm	0	7000	0		0.0	0.0	0.0	0
214870	ND2_Xipeto3_1	cycle	0	1	timer:0|hp_between:1:99	0	skill	16689	0	0	ME	0.0	0.0	0.0	0
214870	ND2_Xipeto3_1	cycle	0	1	timer:0|hp_between:1:99	1	arm	0	7000	0		0.0	0.0	0.0	0
214885	ND2_Xipeto3	arm	0	3		0	arm	0	7000	0		0.0	0.0	0.0	0
214885	ND2_Xipeto3	cycle	0	2	timer:0|hp_between:1:99	0	skill	16991	0	0	ME	0.0	0.0	0.0	0
214885	ND2_Xipeto3	cycle	0	2	timer:0|hp_between:1:99	1	despawn_self	0	0	0		0.0	0.0	0.0	0
214885	ND2_Xipeto3	cycle	1	1	timer:0	0	arm	0	7000	0		0.0	0.0	0.0	0
215017	Shulack_Brownie	arm	0	7		0	arm	0	20000	0		0.0	0.0	0.0	0
215017	Shulack_Brownie	cycle	0	1	timer:0	0	arm	0	20000	0		0.0	0.0	0.0	0
215017	Shulack_Brownie	cycle	0	1	timer:0	1	skill	16536	0	0	ME	0.0	0.0	0.0	0
215017	Shulack_Brownie	cycle	0	1	timer:0	2	skill	16666	0	0	MOST_HATED	0.0	0.0	0.0	0
215018	Shulack_Brownie	arm	0	7		0	arm	0	20000	0		0.0	0.0	0.0	0
215018	Shulack_Brownie	cycle	0	1	timer:0	0	arm	0	20000	0		0.0	0.0	0.0	0
215018	Shulack_Brownie	cycle	0	1	timer:0	1	skill	16536	0	0	ME	0.0	0.0	0.0	0
215018	Shulack_Brownie	cycle	0	1	timer:0	2	skill	16666	0	0	MOST_HATED	0.0	0.0	0.0	0
215019	Shulack_Brownie	arm	0	7		0	arm	0	20000	0		0.0	0.0	0.0	0
215019	Shulack_Brownie	cycle	0	1	timer:0	0	arm	0	20000	0		0.0	0.0	0.0	0
215019	Shulack_Brownie	cycle	0	1	timer:0	1	skill	16536	0	0	ME	0.0	0.0	0.0	0
215019	Shulack_Brownie	cycle	0	1	timer:0	2	skill	16666	0	0	MOST_HATED	0.0	0.0	0.0	0
215020	Shulack_Brownie	arm	0	7		0	arm	0	20000	0		0.0	0.0	0.0	0
215020	Shulack_Brownie	cycle	0	1	timer:0	0	arm	0	20000	0		0.0	0.0	0.0	0
215020	Shulack_Brownie	cycle	0	1	timer:0	1	skill	16536	0	0	ME	0.0	0.0	0.0	0
215020	Shulack_Brownie	cycle	0	1	timer:0	2	skill	16666	0	0	MOST_HATED	0.0	0.0	0.0	0
215021	Shulack_Brownie	arm	0	7		0	arm	0	20000	0		0.0	0.0	0.0	0
215021	Shulack_Brownie	cycle	0	1	timer:0	0	arm	0	20000	0		0.0	0.0	0.0	0
215021	Shulack_Brownie	cycle	0	1	timer:0	1	skill	16536	0	0	ME	0.0	0.0	0.0	0
215021	Shulack_Brownie	cycle	0	1	timer:0	2	skill	16666	0	0	MOST_HATED	0.0	0.0	0.0	0
215022	Shulack_Brownie	arm	0	7		0	arm	0	20000	0		0.0	0.0	0.0	0
215022	Shulack_Brownie	cycle	0	1	timer:0	0	arm	0	20000	0		0.0	0.0	0.0	0
215022	Shulack_Brownie	cycle	0	1	timer:0	1	skill	16536	0	0	ME	0.0	0.0	0.0	0
215022	Shulack_Brownie	cycle	0	1	timer:0	2	skill	16666	0	0	MOST_HATED	0.0	0.0	0.0	0
215042	ND2_BT15_1	arm	0	7		0	arm	0	15000	0		0.0	0.0	0.0	0
215042	ND2_BT15_1	cycle	0	1	timer:0	0	arm	0	15000	0		0.0	0.0	0.0	0
215042	ND2_BT15_1	cycle	0	1	timer:0	1	skill	16686	0	0	ME	0.0	0.0	0.0	0
215042	ND2_BT15_1	cycle	0	1	timer:0	2	skill	16673	0	0	MOST_HATED	0.0	0.0	0.0	0
215043	ND2_BT15_1	arm	0	7		0	arm	0	15000	0		0.0	0.0	0.0	0
215043	ND2_BT15_1	cycle	0	1	timer:0	0	arm	0	15000	0		0.0	0.0	0.0	0
215043	ND2_BT15_1	cycle	0	1	timer:0	1	skill	16686	0	0	ME	0.0	0.0	0.0	0
215043	ND2_BT15_1	cycle	0	1	timer:0	2	skill	16673	0	0	MOST_HATED	0.0	0.0	0.0	0
215044	ND2_BT15_1	arm	0	7		0	arm	0	15000	0		0.0	0.0	0.0	0
215044	ND2_BT15_1	cycle	0	1	timer:0	0	arm	0	15000	0		0.0	0.0	0.0	0
215044	ND2_BT15_1	cycle	0	1	timer:0	1	skill	16686	0	0	ME	0.0	0.0	0.0	0
215044	ND2_BT15_1	cycle	0	1	timer:0	2	skill	16673	0	0	MOST_HATED	0.0	0.0	0.0	0
215045	ND2_BT15_1	arm	0	7		0	arm	0	15000	0		0.0	0.0	0.0	0
215045	ND2_BT15_1	cycle	0	1	timer:0	0	arm	0	15000	0		0.0	0.0	0.0	0
215045	ND2_BT15_1	cycle	0	1	timer:0	1	skill	16686	0	0	ME	0.0	0.0	0.0	0
215045	ND2_BT15_1	cycle	0	1	timer:0	2	skill	16673	0	0	MOST_HATED	0.0	0.0	0.0	0
215046	ND2_BT15_1	arm	0	7		0	arm	0	15000	0		0.0	0.0	0.0	0
215046	ND2_BT15_1	cycle	0	1	timer:0	0	arm	0	15000	0		0.0	0.0	0.0	0
215046	ND2_BT15_1	cycle	0	1	timer:0	1	skill	16686	0	0	ME	0.0	0.0	0.0	0
215046	ND2_BT15_1	cycle	0	1	timer:0	2	skill	16673	0	0	MOST_HATED	0.0	0.0	0.0	0
215047	ND2_BT15_1	arm	0	7		0	arm	0	15000	0		0.0	0.0	0.0	0
215047	ND2_BT15_1	cycle	0	1	timer:0	0	arm	0	15000	0		0.0	0.0	0.0	0
215047	ND2_BT15_1	cycle	0	1	timer:0	1	skill	16686	0	0	ME	0.0	0.0	0.0	0
215047	ND2_BT15_1	cycle	0	1	timer:0	2	skill	16673	0	0	MOST_HATED	0.0	0.0	0.0	0
215416	Shulack_Brownie	arm	0	7		0	arm	0	20000	0		0.0	0.0	0.0	0
215416	Shulack_Brownie	cycle	0	1	timer:0	0	arm	0	20000	0		0.0	0.0	0.0	0
215416	Shulack_Brownie	cycle	0	1	timer:0	1	skill	16536	0	0	ME	0.0	0.0	0.0	0
215416	Shulack_Brownie	cycle	0	1	timer:0	2	skill	16666	0	0	MOST_HATED	0.0	0.0	0.0	0
215417	Shulack_Brownie	arm	0	7		0	arm	0	20000	0		0.0	0.0	0.0	0
215417	Shulack_Brownie	cycle	0	1	timer:0	0	arm	0	20000	0		0.0	0.0	0.0	0
215417	Shulack_Brownie	cycle	0	1	timer:0	1	skill	16536	0	0	ME	0.0	0.0	0.0	0
215417	Shulack_Brownie	cycle	0	1	timer:0	2	skill	16666	0	0	MOST_HATED	0.0	0.0	0.0	0
215454	Elim_Sheluk	arm	0	7		0	arm	0	10000	0		0.0	0.0	0.0	0
215454	Elim_Sheluk	cycle	0	6	timer:0	0	arm	0	10000	0		0.0	0.0	0.0	0
215454	Elim_Sheluk	cycle	0	6	timer:0	1	skill	18824	0	0	MOST_HATED	0.0	0.0	0.0	0
215454	Elim_Sheluk	cycle	1	5	timer:0	0	arm	0	10000	0		0.0	0.0	0.0	0
215455	Elim_Sheluk	arm	0	7		0	arm	0	10000	0		0.0	0.0	0.0	0
215455	Elim_Sheluk	cycle	0	6	timer:0	0	arm	0	10000	0		0.0	0.0	0.0	0
215455	Elim_Sheluk	cycle	0	6	timer:0	1	skill	18824	0	0	MOST_HATED	0.0	0.0	0.0	0
215455	Elim_Sheluk	cycle	1	5	timer:0	0	arm	0	10000	0		0.0	0.0	0.0	0
215456	Elim_ShelukNm	arm	0	7		0	arm	0	19000	0		0.0	0.0	0.0	0
215456	Elim_ShelukNm	arm	0	7		1	arm	1	9000	0		0.0	0.0	0.0	0
215456	Elim_ShelukNm	arm	0	7		2	skill	19285	0	0	MOST_HATED	0.0	0.0	0.0	0
215456	Elim_ShelukNm	cycle	0	7	timer:0	0	arm	0	19000	0		0.0	0.0	0.0	0
215456	Elim_ShelukNm	cycle	0	7	timer:0	1	skill	19285	0	0	MOST_HATED	0.0	0.0	0.0	0
215456	Elim_ShelukNm	cycle	1	7	timer:1	0	arm	1	9000	0		0.0	0.0	0.0	0
215456	Elim_ShelukNm	cycle	1	7	timer:1	1	skill	18816	0	0	MOST_HATED	0.0	0.0	0.0	0
215460	Elim_Criton	arm	0	7		0	arm	0	7000	0		0.0	0.0	0.0	0
215460	Elim_Criton	arm	0	7		1	skill	18814	0	0	MOST_HATED	0.0	0.0	0.0	0
215460	Elim_Criton	cycle	0	6	timer:0|hp_below:40	0	arm	0	7000	0		0.0	0.0	0.0	0
215460	Elim_Criton	cycle	0	6	timer:0|hp_below:40	1	skill	18823	0	0	MOST_HATED	0.0	0.0	0.0	0
215460	Elim_Criton	cycle	1	5	timer:0	0	arm	0	7000	0		0.0	0.0	0.0	0
215461	Elim_Criton	arm	0	7		0	arm	0	7000	0		0.0	0.0	0.0	0
215461	Elim_Criton	arm	0	7		1	skill	18814	0	0	MOST_HATED	0.0	0.0	0.0	0
215461	Elim_Criton	cycle	0	6	timer:0|hp_below:40	0	arm	0	7000	0		0.0	0.0	0.0	0
215461	Elim_Criton	cycle	0	6	timer:0|hp_below:40	1	skill	18823	0	0	MOST_HATED	0.0	0.0	0.0	0
215461	Elim_Criton	cycle	1	5	timer:0	0	arm	0	7000	0		0.0	0.0	0.0	0
215468	Elim_Sheluk	arm	0	7		0	arm	0	10000	0		0.0	0.0	0.0	0
215468	Elim_Sheluk	cycle	0	6	timer:0	0	arm	0	10000	0		0.0	0.0	0.0	0
215468	Elim_Sheluk	cycle	0	6	timer:0	1	skill	18824	0	0	MOST_HATED	0.0	0.0	0.0	0
215468	Elim_Sheluk	cycle	1	5	timer:0	0	arm	0	10000	0		0.0	0.0	0.0	0
215469	Elim_Sheluk	arm	0	7		0	arm	0	10000	0		0.0	0.0	0.0	0
215469	Elim_Sheluk	cycle	0	6	timer:0	0	arm	0	10000	0		0.0	0.0	0.0	0
215469	Elim_Sheluk	cycle	0	6	timer:0	1	skill	18824	0	0	MOST_HATED	0.0	0.0	0.0	0
215469	Elim_Sheluk	cycle	1	5	timer:0	0	arm	0	10000	0		0.0	0.0	0.0	0
215544	Shulack_KeA_SOLO	arm	0	1		0	arm	1	25000	0		0.0	0.0	0.0	0
215544	Shulack_KeA_SOLO	cycle	0	4	timer:1|hp_below:30	0	arm	1	25000	0		0.0	0.0	0.0	0
215544	Shulack_KeA_SOLO	cycle	0	4	timer:1|hp_below:30	1	skill	16722	0	0	MOST_HATED	0.0	0.0	0.0	0
215544	Shulack_KeA_SOLO	cycle	0	4	timer:1|hp_below:30	2	skill	16673	0	0	ME	0.0	0.0	0.0	0
215544	Shulack_KeA_SOLO	cycle	1	3	timer:1|hp_between:32:74	0	arm	1	25000	0		0.0	0.0	0.0	0
215544	Shulack_KeA_SOLO	cycle	1	3	timer:1|hp_between:32:74	1	skill	16673	0	0	ME	0.0	0.0	0.0	0
215544	Shulack_KeA_SOLO	cycle	2	2	timer:1|hp_between:77:99	0	arm	1	25000	0		0.0	0.0	0.0	0
215544	Shulack_KeA_SOLO	cycle	2	2	timer:1|hp_between:77:99	1	skill	16519	0	0	MOST_HATED	0.0	0.0	0.0	0
215545	Shulack_KeA_SOLO	arm	0	1		0	arm	1	25000	0		0.0	0.0	0.0	0
215545	Shulack_KeA_SOLO	cycle	0	4	timer:1|hp_below:30	0	arm	1	25000	0		0.0	0.0	0.0	0
215545	Shulack_KeA_SOLO	cycle	0	4	timer:1|hp_below:30	1	skill	16722	0	0	MOST_HATED	0.0	0.0	0.0	0
215545	Shulack_KeA_SOLO	cycle	0	4	timer:1|hp_below:30	2	skill	16673	0	0	ME	0.0	0.0	0.0	0
215545	Shulack_KeA_SOLO	cycle	1	3	timer:1|hp_between:32:74	0	arm	1	25000	0		0.0	0.0	0.0	0
215545	Shulack_KeA_SOLO	cycle	1	3	timer:1|hp_between:32:74	1	skill	16673	0	0	ME	0.0	0.0	0.0	0
215545	Shulack_KeA_SOLO	cycle	2	2	timer:1|hp_between:77:99	0	arm	1	25000	0		0.0	0.0	0.0	0
215545	Shulack_KeA_SOLO	cycle	2	2	timer:1|hp_between:77:99	1	skill	16519	0	0	MOST_HATED	0.0	0.0	0.0	0
215546	Shulack_KeA_SOLO	arm	0	1		0	arm	1	25000	0		0.0	0.0	0.0	0
215546	Shulack_KeA_SOLO	cycle	0	4	timer:1|hp_below:30	0	arm	1	25000	0		0.0	0.0	0.0	0
215546	Shulack_KeA_SOLO	cycle	0	4	timer:1|hp_below:30	1	skill	16722	0	0	MOST_HATED	0.0	0.0	0.0	0
215546	Shulack_KeA_SOLO	cycle	0	4	timer:1|hp_below:30	2	skill	16673	0	0	ME	0.0	0.0	0.0	0
215546	Shulack_KeA_SOLO	cycle	1	3	timer:1|hp_between:32:74	0	arm	1	25000	0		0.0	0.0	0.0	0
215546	Shulack_KeA_SOLO	cycle	1	3	timer:1|hp_between:32:74	1	skill	16673	0	0	ME	0.0	0.0	0.0	0
215546	Shulack_KeA_SOLO	cycle	2	2	timer:1|hp_between:77:99	0	arm	1	25000	0		0.0	0.0	0.0	0
215546	Shulack_KeA_SOLO	cycle	2	2	timer:1|hp_between:77:99	1	skill	16519	0	0	MOST_HATED	0.0	0.0	0.0	0
215547	Shulack_KeA_SOLO	arm	0	1		0	arm	1	25000	0		0.0	0.0	0.0	0
215547	Shulack_KeA_SOLO	cycle	0	4	timer:1|hp_below:30	0	arm	1	25000	0		0.0	0.0	0.0	0
215547	Shulack_KeA_SOLO	cycle	0	4	timer:1|hp_below:30	1	skill	16722	0	0	MOST_HATED	0.0	0.0	0.0	0
215547	Shulack_KeA_SOLO	cycle	0	4	timer:1|hp_below:30	2	skill	16673	0	0	ME	0.0	0.0	0.0	0
215547	Shulack_KeA_SOLO	cycle	1	3	timer:1|hp_between:32:74	0	arm	1	25000	0		0.0	0.0	0.0	0
215547	Shulack_KeA_SOLO	cycle	1	3	timer:1|hp_between:32:74	1	skill	16673	0	0	ME	0.0	0.0	0.0	0
215547	Shulack_KeA_SOLO	cycle	2	2	timer:1|hp_between:77:99	0	arm	1	25000	0		0.0	0.0	0.0	0
215547	Shulack_KeA_SOLO	cycle	2	2	timer:1|hp_between:77:99	1	skill	16519	0	0	MOST_HATED	0.0	0.0	0.0	0
215548	Shulack_KeA_SOLO	arm	0	1		0	arm	1	25000	0		0.0	0.0	0.0	0
215548	Shulack_KeA_SOLO	cycle	0	4	timer:1|hp_below:30	0	arm	1	25000	0		0.0	0.0	0.0	0
215548	Shulack_KeA_SOLO	cycle	0	4	timer:1|hp_below:30	1	skill	16722	0	0	MOST_HATED	0.0	0.0	0.0	0
215548	Shulack_KeA_SOLO	cycle	0	4	timer:1|hp_below:30	2	skill	16673	0	0	ME	0.0	0.0	0.0	0
215548	Shulack_KeA_SOLO	cycle	1	3	timer:1|hp_between:32:74	0	arm	1	25000	0		0.0	0.0	0.0	0
215548	Shulack_KeA_SOLO	cycle	1	3	timer:1|hp_between:32:74	1	skill	16673	0	0	ME	0.0	0.0	0.0	0
215548	Shulack_KeA_SOLO	cycle	2	2	timer:1|hp_between:77:99	0	arm	1	25000	0		0.0	0.0	0.0	0
215548	Shulack_KeA_SOLO	cycle	2	2	timer:1|hp_between:77:99	1	skill	16519	0	0	MOST_HATED	0.0	0.0	0.0	0
215549	Shulack_KeA_SOLO	arm	0	1		0	arm	1	25000	0		0.0	0.0	0.0	0
215549	Shulack_KeA_SOLO	cycle	0	4	timer:1|hp_below:30	0	arm	1	25000	0		0.0	0.0	0.0	0
215549	Shulack_KeA_SOLO	cycle	0	4	timer:1|hp_below:30	1	skill	16722	0	0	MOST_HATED	0.0	0.0	0.0	0
215549	Shulack_KeA_SOLO	cycle	0	4	timer:1|hp_below:30	2	skill	16673	0	0	ME	0.0	0.0	0.0	0
215549	Shulack_KeA_SOLO	cycle	1	3	timer:1|hp_between:32:74	0	arm	1	25000	0		0.0	0.0	0.0	0
215549	Shulack_KeA_SOLO	cycle	1	3	timer:1|hp_between:32:74	1	skill	16673	0	0	ME	0.0	0.0	0.0	0
215549	Shulack_KeA_SOLO	cycle	2	2	timer:1|hp_between:77:99	0	arm	1	25000	0		0.0	0.0	0.0	0
215549	Shulack_KeA_SOLO	cycle	2	2	timer:1|hp_between:77:99	1	skill	16519	0	0	MOST_HATED	0.0	0.0	0.0	0
215785	IDTP_Fanatic_FeC	arm	0	11		0	say	341986	0	0		0.0	0.0	0.0	0
215785	IDTP_Fanatic_FeC	arm	0	11		1	arm	0	25000	0		0.0	0.0	0.0	0
215785	IDTP_Fanatic_FeC	cycle	0	8	timer:1	0	skill	17547	0	0	ME	0.0	0.0	0.0	0
215785	IDTP_Fanatic_FeC	cycle	1	7	timer:0	0	skill	17293	0	0	MOST_HATED	0.0	0.0	0.0	0
215785	IDTP_Fanatic_FeC	cycle	1	7	timer:0	1	arm	0	40000	0		0.0	0.0	0.0	0
215788	IDTP_Fanatic_FeA_Key	arm	0	3		0	arm	0	8000	0		0.0	0.0	0.0	0
215788	IDTP_Fanatic_FeA_Key	arm	0	3		1	arm	1	12000	0		0.0	0.0	0.0	0
215788	IDTP_Fanatic_FeA_Key	cycle	0	2	timer:0	0	skill	18759	0	0	MOST_HATED	0.0	0.0	0.0	0
215788	IDTP_Fanatic_FeA_Key	cycle	0	2	timer:0	1	arm	0	8000	0		0.0	0.0	0.0	0
215788	IDTP_Fanatic_FeA_Key	cycle	1	1	timer:1	0	skill	16749	0	0	MOST_HATED	0.0	0.0	0.0	0
215788	IDTP_Fanatic_FeA_Key	cycle	1	1	timer:1	1	arm	1	12000	0		0.0	0.0	0.0	0
215796	IDTP_NepTe1	arm	0	6		0	broadcast	6955	10	0		0.0	0.0	0.0	0
215796	IDTP_NepTe1	arm	0	6		1	skill	18639	0	0	MOST_HATED	0.0	0.0	0.0	0
215796	IDTP_NepTe1	arm	0	6		2	arm	0	12000	0		0.0	0.0	0.0	0
215796	IDTP_NepTe1	cycle	0	8	timer:0	0	skill	18639	0	0	ME	0.0	0.0	0.0	0
215796	IDTP_NepTe1	cycle	0	8	timer:0	1	arm	0	12000	0		0.0	0.0	0.0	0
215798	IDTP_Fanatic_KeC	arm	0	6		0	say	341975	0	0		0.0	0.0	0.0	0
215798	IDTP_Fanatic_KeC	arm	0	6		1	skill	17547	0	0	ME	0.0	0.0	0.0	0
215798	IDTP_Fanatic_KeC	arm	0	6		2	arm	0	15000	0		0.0	0.0	0.0	0
215798	IDTP_Fanatic_KeC	arm	0	6		3	arm	1	20000	0		0.0	0.0	0.0	0
215798	IDTP_Fanatic_KeC	cycle	0	2	timer:0	0	skill	16735	0	0	MOST_HATED	0.0	0.0	0.0	0
215798	IDTP_Fanatic_KeC	cycle	0	2	timer:0	1	broadcast	6932	10	0		0.0	0.0	0.0	0
215798	IDTP_Fanatic_KeC	cycle	0	2	timer:0	2	arm	0	15000	0		0.0	0.0	0.0	0
215798	IDTP_Fanatic_KeC	cycle	1	1	timer:1	0	skill	18765	0	0	MOST_HATED	0.0	0.0	0.0	0
215798	IDTP_Fanatic_KeC	cycle	1	1	timer:1	1	arm	1	20000	0		0.0	0.0	0.0	0
215803	IDTP_Fanatic_FeB	arm	0	5		0	arm	0	16000	0		0.0	0.0	0.0	0
215803	IDTP_Fanatic_FeB	cycle	0	6	timer:0	0	skill	18759	0	0	MOST_HATED	0.0	0.0	0.0	0
215803	IDTP_Fanatic_FeB	cycle	0	6	timer:0	1	broadcast	6932	15	0		0.0	0.0	0.0	0
215803	IDTP_Fanatic_FeB	cycle	0	6	timer:0	2	arm	0	16000	0		0.0	0.0	0.0	0
215804	IDTP_Fanatic_CeB	arm	0	4		0	arm	0	10000	0		0.0	0.0	0.0	0
215804	IDTP_Fanatic_CeB	arm	0	4		1	skill	18458	0	0	ME	0.0	0.0	0.0	0
215804	IDTP_Fanatic_CeB	cycle	0	3	timer:0	0	skill	17322	0	0	MOST_HATED	0.0	0.0	0.0	0
215804	IDTP_Fanatic_CeB	cycle	0	3	timer:0	1	arm	0	10000	0		0.0	0.0	0.0	0
215805	IDTP_Fanatic_ReA	arm	0	7		0	arm	0	18000	0		0.0	0.0	0.0	0
215805	IDTP_Fanatic_ReA	cycle	0	8	timer:0	0	skill	18166	0	0	MOST_HATED	0.0	0.0	0.0	0
215814	IDTP_Fanatic_PeB	arm	0	4		0	arm	0	15000	0		0.0	0.0	0.0	0
215814	IDTP_Fanatic_PeB	cycle	0	5	timer:0	0	skill	17126	0	0	ME	0.0	0.0	0.0	0
215814	IDTP_Fanatic_PeB	cycle	0	5	timer:0	1	arm	0	20000	0		0.0	0.0	0.0	0
215817	IDTP_Fanatic_Elementalearth3	arm	0	8		0	arm	0	8000	0		0.0	0.0	0.0	0
215817	IDTP_Fanatic_Elementalearth3	cycle	0	7	timer:0	0	skill	17322	0	0	MOST_HATED	0.0	0.0	0.0	0
215817	IDTP_Fanatic_Elementalearth3	cycle	0	7	timer:0	1	arm	0	8000	0		0.0	0.0	0.0	0
215818	IDTP_Fanatic_Elementalearth3	arm	0	8		0	arm	0	8000	0		0.0	0.0	0.0	0
215818	IDTP_Fanatic_Elementalearth3	cycle	0	7	timer:0	0	skill	17322	0	0	MOST_HATED	0.0	0.0	0.0	0
215818	IDTP_Fanatic_Elementalearth3	cycle	0	7	timer:0	1	arm	0	8000	0		0.0	0.0	0.0	0
215822	IDTP_Fanatic_Summon1	arm	0	6		0	arm	0	10000	0		0.0	0.0	0.0	0
215822	IDTP_Fanatic_Summon1	cycle	0	4	timer:0	0	skill	16462	0	0	MOST_HATED	0.0	0.0	0.0	0
215822	IDTP_Fanatic_Summon1	cycle	0	4	timer:0	1	arm	0	10000	0		0.0	0.0	0.0	0
215823	IDTP_Fanatic_Summon1	arm	0	6		0	arm	0	10000	0		0.0	0.0	0.0	0
215823	IDTP_Fanatic_Summon1	cycle	0	4	timer:0	0	skill	16462	0	0	MOST_HATED	0.0	0.0	0.0	0
215823	IDTP_Fanatic_Summon1	cycle	0	4	timer:0	1	arm	0	10000	0		0.0	0.0	0.0	0
215824	IDTP_Fanatic_Summon1	arm	0	6		0	arm	0	10000	0		0.0	0.0	0.0	0
215824	IDTP_Fanatic_Summon1	cycle	0	4	timer:0	0	skill	16462	0	0	MOST_HATED	0.0	0.0	0.0	0
215824	IDTP_Fanatic_Summon1	cycle	0	4	timer:0	1	arm	0	10000	0		0.0	0.0	0.0	0
215837	IDTP_NepTe1	arm	0	6		0	broadcast	6955	10	0		0.0	0.0	0.0	0
215837	IDTP_NepTe1	arm	0	6		1	skill	18639	0	0	MOST_HATED	0.0	0.0	0.0	0
215837	IDTP_NepTe1	arm	0	6		2	arm	0	12000	0		0.0	0.0	0.0	0
215837	IDTP_NepTe1	cycle	0	8	timer:0	0	skill	18639	0	0	ME	0.0	0.0	0.0	0
215837	IDTP_NepTe1	cycle	0	8	timer:0	1	arm	0	12000	0		0.0	0.0	0.0	0
215838	IDTP_Nep1	arm	0	6		0	broadcast	6955	10	0		0.0	0.0	0.0	0
215838	IDTP_Nep1	arm	0	6		1	skill	18651	0	0	MOST_HATED	0.0	0.0	0.0	0
215838	IDTP_Nep1	arm	0	6		2	arm	0	12000	0		0.0	0.0	0.0	0
215838	IDTP_Nep1	cycle	0	8	timer:0	0	skill	18651	0	0	MOST_HATED	0.0	0.0	0.0	0
215838	IDTP_Nep1	cycle	0	8	timer:0	1	arm	0	12000	0		0.0	0.0	0.0	0
215839	IDTP_NepTe1	arm	0	6		0	broadcast	6955	10	0		0.0	0.0	0.0	0
215839	IDTP_NepTe1	arm	0	6		1	skill	18639	0	0	MOST_HATED	0.0	0.0	0.0	0
215839	IDTP_NepTe1	arm	0	6		2	arm	0	12000	0		0.0	0.0	0.0	0
215839	IDTP_NepTe1	cycle	0	8	timer:0	0	skill	18639	0	0	ME	0.0	0.0	0.0	0
215839	IDTP_NepTe1	cycle	0	8	timer:0	1	arm	0	12000	0		0.0	0.0	0.0	0
215840	IDTP_Nep1	arm	0	6		0	broadcast	6955	10	0		0.0	0.0	0.0	0
215840	IDTP_Nep1	arm	0	6		1	skill	18651	0	0	MOST_HATED	0.0	0.0	0.0	0
215840	IDTP_Nep1	arm	0	6		2	arm	0	12000	0		0.0	0.0	0.0	0
215840	IDTP_Nep1	cycle	0	8	timer:0	0	skill	18651	0	0	MOST_HATED	0.0	0.0	0.0	0
215840	IDTP_Nep1	cycle	0	8	timer:0	1	arm	0	12000	0		0.0	0.0	0.0	0
215848	IDTP_wh	arm	0	3		0	skill	18647	0	0	MOST_HATED	0.0	0.0	0.0	0
215848	IDTP_wh	arm	0	3		1	arm	0	12000	0		0.0	0.0	0.0	0
215848	IDTP_wh	cycle	0	4	timer:0	0	skill	18647	0	0	ME	0.0	0.0	0.0	0
215848	IDTP_wh	cycle	0	4	timer:0	1	arm	0	12000	0		0.0	0.0	0.0	0
215849	IDTP_wh	arm	0	3		0	skill	18647	0	0	MOST_HATED	0.0	0.0	0.0	0
215849	IDTP_wh	arm	0	3		1	arm	0	12000	0		0.0	0.0	0.0	0
215849	IDTP_wh	cycle	0	4	timer:0	0	skill	18647	0	0	ME	0.0	0.0	0.0	0
215849	IDTP_wh	cycle	0	4	timer:0	1	arm	0	12000	0		0.0	0.0	0.0	0
215854	IDTP_Fanatic_ReA	arm	0	7		0	arm	0	18000	0		0.0	0.0	0.0	0
215854	IDTP_Fanatic_ReA	cycle	0	8	timer:0	0	skill	18166	0	0	MOST_HATED	0.0	0.0	0.0	0
215860	IDTP_Fanatic_FeB	arm	0	5		0	arm	0	16000	0		0.0	0.0	0.0	0
215860	IDTP_Fanatic_FeB	cycle	0	6	timer:0	0	skill	18759	0	0	MOST_HATED	0.0	0.0	0.0	0
215860	IDTP_Fanatic_FeB	cycle	0	6	timer:0	1	broadcast	6932	15	0		0.0	0.0	0.0	0
215860	IDTP_Fanatic_FeB	cycle	0	6	timer:0	2	arm	0	16000	0		0.0	0.0	0.0	0
216133	Elim_Sheluk	arm	0	7		0	arm	0	10000	0		0.0	0.0	0.0	0
216133	Elim_Sheluk	cycle	0	6	timer:0	0	arm	0	10000	0		0.0	0.0	0.0	0
216133	Elim_Sheluk	cycle	0	6	timer:0	1	skill	18824	0	0	MOST_HATED	0.0	0.0	0.0	0
216133	Elim_Sheluk	cycle	1	5	timer:0	0	arm	0	10000	0		0.0	0.0	0.0	0
216134	Elim_Sheluk	arm	0	7		0	arm	0	10000	0		0.0	0.0	0.0	0
216134	Elim_Sheluk	cycle	0	6	timer:0	0	arm	0	10000	0		0.0	0.0	0.0	0
216134	Elim_Sheluk	cycle	0	6	timer:0	1	skill	18824	0	0	MOST_HATED	0.0	0.0	0.0	0
216134	Elim_Sheluk	cycle	1	5	timer:0	0	arm	0	10000	0		0.0	0.0	0.0	0
216139	Elim_Sheluk	arm	0	7		0	arm	0	10000	0		0.0	0.0	0.0	0
216139	Elim_Sheluk	cycle	0	6	timer:0	0	arm	0	10000	0		0.0	0.0	0.0	0
216139	Elim_Sheluk	cycle	0	6	timer:0	1	skill	18824	0	0	MOST_HATED	0.0	0.0	0.0	0
216139	Elim_Sheluk	cycle	1	5	timer:0	0	arm	0	10000	0		0.0	0.0	0.0	0
216140	Elim_Sheluk	arm	0	7		0	arm	0	10000	0		0.0	0.0	0.0	0
216140	Elim_Sheluk	cycle	0	6	timer:0	0	arm	0	10000	0		0.0	0.0	0.0	0
216140	Elim_Sheluk	cycle	0	6	timer:0	1	skill	18824	0	0	MOST_HATED	0.0	0.0	0.0	0
216140	Elim_Sheluk	cycle	1	5	timer:0	0	arm	0	10000	0		0.0	0.0	0.0	0
216145	Elim_Criton	arm	0	7		0	arm	0	7000	0		0.0	0.0	0.0	0
216145	Elim_Criton	arm	0	7		1	skill	18814	0	0	MOST_HATED	0.0	0.0	0.0	0
216145	Elim_Criton	cycle	0	6	timer:0|hp_below:40	0	arm	0	7000	0		0.0	0.0	0.0	0
216145	Elim_Criton	cycle	0	6	timer:0|hp_below:40	1	skill	18823	0	0	MOST_HATED	0.0	0.0	0.0	0
216145	Elim_Criton	cycle	1	5	timer:0	0	arm	0	7000	0		0.0	0.0	0.0	0
216146	Elim_Criton	arm	0	7		0	arm	0	7000	0		0.0	0.0	0.0	0
216146	Elim_Criton	arm	0	7		1	skill	18814	0	0	MOST_HATED	0.0	0.0	0.0	0
216146	Elim_Criton	cycle	0	6	timer:0|hp_below:40	0	arm	0	7000	0		0.0	0.0	0.0	0
216146	Elim_Criton	cycle	0	6	timer:0|hp_below:40	1	skill	18823	0	0	MOST_HATED	0.0	0.0	0.0	0
216146	Elim_Criton	cycle	1	5	timer:0	0	arm	0	7000	0		0.0	0.0	0.0	0
216156	IDTP_Fanatic_Elementalearth1	arm	0	5		0	arm	0	8000	0		0.0	0.0	0.0	0
216156	IDTP_Fanatic_Elementalearth1	arm	0	5		1	arm	1	13000	0		0.0	0.0	0.0	0
216156	IDTP_Fanatic_Elementalearth1	cycle	0	7	timer:1	0	skill	18761	0	0	ME	0.0	0.0	0.0	0
216156	IDTP_Fanatic_Elementalearth1	cycle	0	7	timer:1	1	arm	1	28000	0		0.0	0.0	0.0	0
216156	IDTP_Fanatic_Elementalearth1	cycle	1	6	timer:0	0	skill	17121	0	0	MOST_HATED	0.0	0.0	0.0	0
216156	IDTP_Fanatic_Elementalearth1	cycle	1	6	timer:0	1	arm	0	8000	0		0.0	0.0	0.0	0
216191	IDCT_Normal_Drake01	arm	0	2		0	arm	0	15000	0		0.0	0.0	0.0	0
216191	IDCT_Normal_Drake01	arm	0	2		1	skill	19065	0	0	MOST_HATED	0.0	0.0	0.0	0
216191	IDCT_Normal_Drake01	cycle	0	1	timer:0	0	arm	0	15000	0		0.0	0.0	0.0	0
216191	IDCT_Normal_Drake01	cycle	0	1	timer:0	1	skill	19065	0	0	MOST_HATED	0.0	0.0	0.0	0
216192	IDCT_Normal_Drake02	arm	0	7		0	arm	0	12000	0		0.0	0.0	0.0	0
216192	IDCT_Normal_Drake02	arm	0	7		1	arm	1	9000	0		0.0	0.0	0.0	0
216192	IDCT_Normal_Drake02	arm	0	7		2	skill	19065	0	0	MOST_HATED	0.0	0.0	0.0	0
216192	IDCT_Normal_Drake02	cycle	0	7	timer:0	0	arm	0	12000	0		0.0	0.0	0.0	0
216192	IDCT_Normal_Drake02	cycle	0	7	timer:0	1	skill	19065	0	0	MOST_HATED	0.0	0.0	0.0	0
216192	IDCT_Normal_Drake02	cycle	1	7	timer:1	0	arm	1	9000	0		0.0	0.0	0.0	0
216192	IDCT_Normal_Drake02	cycle	1	7	timer:1	1	skill	19066	0	0	MOST_HATED	0.0	0.0	0.0	0
216204	IDCT_Normal_Slime01	arm	0	2		0	arm	0	15000	0		0.0	0.0	0.0	0
216204	IDCT_Normal_Slime01	cycle	0	7	timer:0	0	arm	0	15000	0		0.0	0.0	0.0	0
216204	IDCT_Normal_Slime01	cycle	0	7	timer:0	1	skill	19067	0	0	ME	0.0	0.0	0.0	0
216209	IDCT_Hard_LightPr	arm	0	4		0	arm	0	6000	0		0.0	0.0	0.0	0
216209	IDCT_Hard_LightPr	arm	0	4		1	arm	1	2500	0		0.0	0.0	0.0	0
216209	IDCT_Hard_LightPr	cycle	0	3	timer:0	0	arm	0	6000	0		0.0	0.0	0.0	0
216209	IDCT_Hard_LightPr	cycle	0	3	timer:0	1	skill	19074	0	0	ME	0.0	0.0	0.0	0
216209	IDCT_Hard_LightPr	cycle	1	2	timer:1	0	arm	1	4000	0		0.0	0.0	0.0	0
216209	IDCT_Hard_LightPr	cycle	1	2	timer:1	1	skill	19075	0	0	MOST_HATED	0.0	0.0	0.0	0
216211	IDCT_Hard_DarkWi	arm	0	3		0	arm	0	7000	0		0.0	0.0	0.0	0
216211	IDCT_Hard_DarkWi	arm	0	3		1	arm	1	2000	0		0.0	0.0	0.0	0
216211	IDCT_Hard_DarkWi	cycle	0	2	timer:0	0	arm	0	7000	0		0.0	0.0	0.0	0
216211	IDCT_Hard_DarkWi	cycle	0	2	timer:0	1	skill	19077	0	0	ME	0.0	0.0	0.0	0
216211	IDCT_Hard_DarkWi	cycle	1	1	timer:1	0	arm	1	2000	0		0.0	0.0	0.0	0
216211	IDCT_Hard_DarkWi	cycle	1	1	timer:1	1	skill	19078	0	0	ME	0.0	0.0	0.0	0
216213	IDCT_Hard_DarkPr	arm	0	3		0	arm	0	6000	0		0.0	0.0	0.0	0
216213	IDCT_Hard_DarkPr	arm	0	3		1	arm	1	9000	0		0.0	0.0	0.0	0
216213	IDCT_Hard_DarkPr	cycle	0	2	timer:1	0	arm	1	9000	0		0.0	0.0	0.0	0
216213	IDCT_Hard_DarkPr	cycle	0	2	timer:1	1	skill	19080	0	0	MOST_HATED	0.0	0.0	0.0	0
216213	IDCT_Hard_DarkPr	cycle	1	1	timer:0	0	arm	0	6000	0		0.0	0.0	0.0	0
216213	IDCT_Hard_DarkPr	cycle	1	1	timer:0	1	skill	19074	0	0	ME	0.0	0.0	0.0	0
216218	IDCT_Normal_Stalker01	arm	0	3		0	arm	0	7000	0		0.0	0.0	0.0	0
216218	IDCT_Normal_Stalker01	arm	0	3		1	skill	19081	0	0	ME	0.0	0.0	0.0	0
216218	IDCT_Normal_Stalker01	cycle	0	2	timer:0	0	arm	0	7000	0		0.0	0.0	0.0	0
216218	IDCT_Normal_Stalker01	cycle	0	2	timer:0	1	skill	19068	0	0	MOST_HATED	0.0	0.0	0.0	0
216230	IDCT_Normal_ShulackAs	arm	0	3		0	arm	0	9000	0		0.0	0.0	0.0	0
216230	IDCT_Normal_ShulackAs	cycle	0	2	timer:0	0	arm	0	9000	0		0.0	0.0	0.0	0
216230	IDCT_Normal_ShulackAs	cycle	0	2	timer:0	1	skill	19087	0	0	MOST_HATED	0.0	0.0	0.0	0
216272	IDCT_Normal_Drake01	arm	0	2		0	arm	0	15000	0		0.0	0.0	0.0	0
216272	IDCT_Normal_Drake01	arm	0	2		1	skill	19065	0	0	MOST_HATED	0.0	0.0	0.0	0
216272	IDCT_Normal_Drake01	cycle	0	1	timer:0	0	arm	0	15000	0		0.0	0.0	0.0	0
216272	IDCT_Normal_Drake01	cycle	0	1	timer:0	1	skill	19065	0	0	MOST_HATED	0.0	0.0	0.0	0
216273	IDCT_Normal_Drake02	arm	0	7		0	arm	0	12000	0		0.0	0.0	0.0	0
216273	IDCT_Normal_Drake02	arm	0	7		1	arm	1	9000	0		0.0	0.0	0.0	0
216273	IDCT_Normal_Drake02	arm	0	7		2	skill	19065	0	0	MOST_HATED	0.0	0.0	0.0	0
216273	IDCT_Normal_Drake02	cycle	0	7	timer:0	0	arm	0	12000	0		0.0	0.0	0.0	0
216273	IDCT_Normal_Drake02	cycle	0	7	timer:0	1	skill	19065	0	0	MOST_HATED	0.0	0.0	0.0	0
216273	IDCT_Normal_Drake02	cycle	1	7	timer:1	0	arm	1	9000	0		0.0	0.0	0.0	0
216273	IDCT_Normal_Drake02	cycle	1	7	timer:1	1	skill	19066	0	0	MOST_HATED	0.0	0.0	0.0	0
216285	IDCT_Normal_Slime01	arm	0	2		0	arm	0	15000	0		0.0	0.0	0.0	0
216285	IDCT_Normal_Slime01	cycle	0	7	timer:0	0	arm	0	15000	0		0.0	0.0	0.0	0
216285	IDCT_Normal_Slime01	cycle	0	7	timer:0	1	skill	19067	0	0	ME	0.0	0.0	0.0	0
216290	IDCT_Normal_LightPr	arm	0	3		0	arm	1	3000	0		0.0	0.0	0.0	0
216290	IDCT_Normal_LightPr	cycle	0	2	timer:1	0	arm	1	3000	0		0.0	0.0	0.0	0
216290	IDCT_Normal_LightPr	cycle	0	2	timer:1	1	skill	19075	0	0	MOST_HATED	0.0	0.0	0.0	0
216292	IDCT_Normal_DarkWi	arm	0	3		0	arm	0	10000	0		0.0	0.0	0.0	0
216292	IDCT_Normal_DarkWi	cycle	0	2	timer:0	0	arm	0	10000	0		0.0	0.0	0.0	0
216292	IDCT_Normal_DarkWi	cycle	0	2	timer:0	1	skill	19078	0	0	ME	0.0	0.0	0.0	0
216294	IDCT_Normal_DarkPr	arm	0	3		0	arm	0	6000	0		0.0	0.0	0.0	0
216294	IDCT_Normal_DarkPr	cycle	0	2	timer:0	0	arm	0	6000	0		0.0	0.0	0.0	0
216294	IDCT_Normal_DarkPr	cycle	0	2	timer:0	1	skill	19080	0	0	MOST_HATED	0.0	0.0	0.0	0
216299	IDCT_Normal_Stalker01	arm	0	3		0	arm	0	7000	0		0.0	0.0	0.0	0
216299	IDCT_Normal_Stalker01	arm	0	3		1	skill	19081	0	0	ME	0.0	0.0	0.0	0
216299	IDCT_Normal_Stalker01	cycle	0	2	timer:0	0	arm	0	7000	0		0.0	0.0	0.0	0
216299	IDCT_Normal_Stalker01	cycle	0	2	timer:0	1	skill	19068	0	0	MOST_HATED	0.0	0.0	0.0	0
216311	IDCT_Normal_ShulackAs	arm	0	3		0	arm	0	9000	0		0.0	0.0	0.0	0
216311	IDCT_Normal_ShulackAs	cycle	0	2	timer:0	0	arm	0	9000	0		0.0	0.0	0.0	0
216311	IDCT_Normal_ShulackAs	cycle	0	2	timer:0	1	skill	19087	0	0	MOST_HATED	0.0	0.0	0.0	0
216319	IDTP_NepTe1	arm	0	6		0	broadcast	6955	10	0		0.0	0.0	0.0	0
216319	IDTP_NepTe1	arm	0	6		1	skill	18639	0	0	MOST_HATED	0.0	0.0	0.0	0
216319	IDTP_NepTe1	arm	0	6		2	arm	0	12000	0		0.0	0.0	0.0	0
216319	IDTP_NepTe1	cycle	0	8	timer:0	0	skill	18639	0	0	ME	0.0	0.0	0.0	0
216319	IDTP_NepTe1	cycle	0	8	timer:0	1	arm	0	12000	0		0.0	0.0	0.0	0
216320	IDTP_NepTe1	arm	0	6		0	broadcast	6955	10	0		0.0	0.0	0.0	0
216320	IDTP_NepTe1	arm	0	6		1	skill	18639	0	0	MOST_HATED	0.0	0.0	0.0	0
216320	IDTP_NepTe1	arm	0	6		2	arm	0	12000	0		0.0	0.0	0.0	0
216320	IDTP_NepTe1	cycle	0	8	timer:0	0	skill	18639	0	0	ME	0.0	0.0	0.0	0
216320	IDTP_NepTe1	cycle	0	8	timer:0	1	arm	0	12000	0		0.0	0.0	0.0	0
216322	IDTP_Fanatic_FeB	arm	0	5		0	arm	0	16000	0		0.0	0.0	0.0	0
216322	IDTP_Fanatic_FeB	cycle	0	6	timer:0	0	skill	18759	0	0	MOST_HATED	0.0	0.0	0.0	0
216322	IDTP_Fanatic_FeB	cycle	0	6	timer:0	1	broadcast	6932	15	0		0.0	0.0	0.0	0
216322	IDTP_Fanatic_FeB	cycle	0	6	timer:0	2	arm	0	16000	0		0.0	0.0	0.0	0
216327	IDTP_Fanatic_PeB	arm	0	4		0	arm	0	15000	0		0.0	0.0	0.0	0
216327	IDTP_Fanatic_PeB	cycle	0	5	timer:0	0	skill	17126	0	0	ME	0.0	0.0	0.0	0
216327	IDTP_Fanatic_PeB	cycle	0	5	timer:0	1	arm	0	20000	0		0.0	0.0	0.0	0
216332	IDTP_Fanatic_ReA	arm	0	7		0	arm	0	18000	0		0.0	0.0	0.0	0
216332	IDTP_Fanatic_ReA	cycle	0	8	timer:0	0	skill	18166	0	0	MOST_HATED	0.0	0.0	0.0	0
216339	IDTP_Fanatic_CeB	arm	0	4		0	arm	0	10000	0		0.0	0.0	0.0	0
216339	IDTP_Fanatic_CeB	arm	0	4		1	skill	18458	0	0	ME	0.0	0.0	0.0	0
216339	IDTP_Fanatic_CeB	cycle	0	3	timer:0	0	skill	17322	0	0	MOST_HATED	0.0	0.0	0.0	0
216339	IDTP_Fanatic_CeB	cycle	0	3	timer:0	1	arm	0	10000	0		0.0	0.0	0.0	0
216340	IDTP_Fanatic_ReA	arm	0	7		0	arm	0	18000	0		0.0	0.0	0.0	0
216340	IDTP_Fanatic_ReA	cycle	0	8	timer:0	0	skill	18166	0	0	MOST_HATED	0.0	0.0	0.0	0
216346	IDTP_Fanatic_FeB	arm	0	5		0	arm	0	16000	0		0.0	0.0	0.0	0
216346	IDTP_Fanatic_FeB	cycle	0	6	timer:0	0	skill	18759	0	0	MOST_HATED	0.0	0.0	0.0	0
216346	IDTP_Fanatic_FeB	cycle	0	6	timer:0	1	broadcast	6932	15	0		0.0	0.0	0.0	0
216346	IDTP_Fanatic_FeB	cycle	0	6	timer:0	2	arm	0	16000	0		0.0	0.0	0.0	0
216351	IDTP_Fanatic_PeB	arm	0	4		0	arm	0	15000	0		0.0	0.0	0.0	0
216351	IDTP_Fanatic_PeB	cycle	0	5	timer:0	0	skill	17126	0	0	ME	0.0	0.0	0.0	0
216351	IDTP_Fanatic_PeB	cycle	0	5	timer:0	1	arm	0	20000	0		0.0	0.0	0.0	0
216353	IDTP_Fanatic_KeC	arm	0	6		0	say	341975	0	0		0.0	0.0	0.0	0
216353	IDTP_Fanatic_KeC	arm	0	6		1	skill	17547	0	0	ME	0.0	0.0	0.0	0
216353	IDTP_Fanatic_KeC	arm	0	6		2	arm	0	15000	0		0.0	0.0	0.0	0
216353	IDTP_Fanatic_KeC	arm	0	6		3	arm	1	20000	0		0.0	0.0	0.0	0
216353	IDTP_Fanatic_KeC	cycle	0	2	timer:0	0	skill	16735	0	0	MOST_HATED	0.0	0.0	0.0	0
216353	IDTP_Fanatic_KeC	cycle	0	2	timer:0	1	broadcast	6932	10	0		0.0	0.0	0.0	0
216353	IDTP_Fanatic_KeC	cycle	0	2	timer:0	2	arm	0	15000	0		0.0	0.0	0.0	0
216353	IDTP_Fanatic_KeC	cycle	1	1	timer:1	0	skill	18765	0	0	MOST_HATED	0.0	0.0	0.0	0
216353	IDTP_Fanatic_KeC	cycle	1	1	timer:1	1	arm	1	20000	0		0.0	0.0	0.0	0
216357	IDTP_Fanatic_ReA	arm	0	7		0	arm	0	18000	0		0.0	0.0	0.0	0
216357	IDTP_Fanatic_ReA	cycle	0	8	timer:0	0	skill	18166	0	0	MOST_HATED	0.0	0.0	0.0	0
216363	IDTP_Fanatic_Summon1	arm	0	6		0	arm	0	10000	0		0.0	0.0	0.0	0
216363	IDTP_Fanatic_Summon1	cycle	0	4	timer:0	0	skill	16462	0	0	MOST_HATED	0.0	0.0	0.0	0
216363	IDTP_Fanatic_Summon1	cycle	0	4	timer:0	1	arm	0	10000	0		0.0	0.0	0.0	0
216367	IDTP_NepTe1	arm	0	6		0	broadcast	6955	10	0		0.0	0.0	0.0	0
216367	IDTP_NepTe1	arm	0	6		1	skill	18639	0	0	MOST_HATED	0.0	0.0	0.0	0
216367	IDTP_NepTe1	arm	0	6		2	arm	0	12000	0		0.0	0.0	0.0	0
216367	IDTP_NepTe1	cycle	0	8	timer:0	0	skill	18639	0	0	ME	0.0	0.0	0.0	0
216367	IDTP_NepTe1	cycle	0	8	timer:0	1	arm	0	12000	0		0.0	0.0	0.0	0
216368	IDTP_Nep1	arm	0	6		0	broadcast	6955	10	0		0.0	0.0	0.0	0
216368	IDTP_Nep1	arm	0	6		1	skill	18651	0	0	MOST_HATED	0.0	0.0	0.0	0
216368	IDTP_Nep1	arm	0	6		2	arm	0	12000	0		0.0	0.0	0.0	0
216368	IDTP_Nep1	cycle	0	8	timer:0	0	skill	18651	0	0	MOST_HATED	0.0	0.0	0.0	0
216368	IDTP_Nep1	cycle	0	8	timer:0	1	arm	0	12000	0		0.0	0.0	0.0	0
216379	IDTP_Fanatic_FeB	arm	0	5		0	arm	0	16000	0		0.0	0.0	0.0	0
216379	IDTP_Fanatic_FeB	cycle	0	6	timer:0	0	skill	18759	0	0	MOST_HATED	0.0	0.0	0.0	0
216379	IDTP_Fanatic_FeB	cycle	0	6	timer:0	1	broadcast	6932	15	0		0.0	0.0	0.0	0
216379	IDTP_Fanatic_FeB	cycle	0	6	timer:0	2	arm	0	16000	0		0.0	0.0	0.0	0
216384	IDTP_Fanatic_PeB	arm	0	4		0	arm	0	15000	0		0.0	0.0	0.0	0
216384	IDTP_Fanatic_PeB	cycle	0	5	timer:0	0	skill	17126	0	0	ME	0.0	0.0	0.0	0
216384	IDTP_Fanatic_PeB	cycle	0	5	timer:0	1	arm	0	20000	0		0.0	0.0	0.0	0
216389	IDTP_Fanatic_ReA	arm	0	7		0	arm	0	18000	0		0.0	0.0	0.0	0
216389	IDTP_Fanatic_ReA	cycle	0	8	timer:0	0	skill	18166	0	0	MOST_HATED	0.0	0.0	0.0	0
216396	IDTP_Fanatic_CeB	arm	0	4		0	arm	0	10000	0		0.0	0.0	0.0	0
216396	IDTP_Fanatic_CeB	arm	0	4		1	skill	18458	0	0	ME	0.0	0.0	0.0	0
216396	IDTP_Fanatic_CeB	cycle	0	3	timer:0	0	skill	17322	0	0	MOST_HATED	0.0	0.0	0.0	0
216396	IDTP_Fanatic_CeB	cycle	0	3	timer:0	1	arm	0	10000	0		0.0	0.0	0.0	0
216397	IDTP_Fanatic_ReA	arm	0	7		0	arm	0	18000	0		0.0	0.0	0.0	0
216397	IDTP_Fanatic_ReA	cycle	0	8	timer:0	0	skill	18166	0	0	MOST_HATED	0.0	0.0	0.0	0
216433	DF4_RaidRun	arm	0	7		0	arm	0	20000	0		0.0	0.0	0.0	0
216433	DF4_RaidRun	cycle	0	7	timer:0	0	arm	0	20000	0		0.0	0.0	0.0	0
216433	DF4_RaidRun	cycle	0	7	timer:0	1	skill	16516	0	0	MOST_HATED	0.0	0.0	0.0	0
216434	DF4_RaidRun	arm	0	7		0	arm	0	20000	0		0.0	0.0	0.0	0
216434	DF4_RaidRun	cycle	0	7	timer:0	0	arm	0	20000	0		0.0	0.0	0.0	0
216434	DF4_RaidRun	cycle	0	7	timer:0	1	skill	16516	0	0	MOST_HATED	0.0	0.0	0.0	0
216435	DF4_RaidRun	arm	0	7		0	arm	0	20000	0		0.0	0.0	0.0	0
216435	DF4_RaidRun	cycle	0	7	timer:0	0	arm	0	20000	0		0.0	0.0	0.0	0
216435	DF4_RaidRun	cycle	0	7	timer:0	1	skill	16516	0	0	MOST_HATED	0.0	0.0	0.0	0
216436	IDTP_Fanatic_FeB	arm	0	5		0	arm	0	16000	0		0.0	0.0	0.0	0
216436	IDTP_Fanatic_FeB	cycle	0	6	timer:0	0	skill	18759	0	0	MOST_HATED	0.0	0.0	0.0	0
216436	IDTP_Fanatic_FeB	cycle	0	6	timer:0	1	broadcast	6932	15	0		0.0	0.0	0.0	0
216436	IDTP_Fanatic_FeB	cycle	0	6	timer:0	2	arm	0	16000	0		0.0	0.0	0.0	0
216525	IDCT_Boss_Hidden_Hard	arm	0	6		0	arm	0	14000	0		0.0	0.0	0.0	0
216525	IDCT_Boss_Hidden_Hard	arm	0	6		1	arm	2	25000	0		0.0	0.0	0.0	0
216525	IDCT_Boss_Hidden_Hard	cycle	0	6	timer:2	0	arm	2	25000	0		0.0	0.0	0.0	0
216525	IDCT_Boss_Hidden_Hard	cycle	0	6	timer:2	1	skill	19043	0	0	ME	0.0	0.0	0.0	0
216525	IDCT_Boss_Hidden_Hard	cycle	1	5	timer:0	0	arm	0	14000	0		0.0	0.0	0.0	0
216525	IDCT_Boss_Hidden_Hard	cycle	1	5	timer:0	1	skill	19042	0	0	ME	0.0	0.0	0.0	0
216526	IDCT_Boss_Hidden	arm	0	6		0	arm	0	14000	0		0.0	0.0	0.0	0
216526	IDCT_Boss_Hidden	arm	0	6		1	arm	2	25000	0		0.0	0.0	0.0	0
216526	IDCT_Boss_Hidden	cycle	0	6	timer:2	0	arm	2	25000	0		0.0	0.0	0.0	0
216526	IDCT_Boss_Hidden	cycle	0	6	timer:2	1	skill	19043	0	0	ME	0.0	0.0	0.0	0
216526	IDCT_Boss_Hidden	cycle	1	5	timer:0	0	arm	0	14000	0		0.0	0.0	0.0	0
216526	IDCT_Boss_Hidden	cycle	1	5	timer:0	1	skill	19042	0	0	ME	0.0	0.0	0.0	0
216531	IDTP_NepTe1	arm	0	6		0	broadcast	6955	10	0		0.0	0.0	0.0	0
216531	IDTP_NepTe1	arm	0	6		1	skill	18639	0	0	MOST_HATED	0.0	0.0	0.0	0
216531	IDTP_NepTe1	arm	0	6		2	arm	0	12000	0		0.0	0.0	0.0	0
216531	IDTP_NepTe1	cycle	0	8	timer:0	0	skill	18639	0	0	ME	0.0	0.0	0.0	0
216531	IDTP_NepTe1	cycle	0	8	timer:0	1	arm	0	12000	0		0.0	0.0	0.0	0
216583	IDCT_Lichkey1	arm	0	30		0	arm	0	10000	0		0.0	0.0	0.0	0
216583	IDCT_Lichkey1	cycle	0	25	timer:0	0	arm	0	15000	0		0.0	0.0	0.0	0
216583	IDCT_Lichkey1	cycle	0	25	timer:0	1	skill	16988	0	0	MOST_HATED	0.0	0.0	0.0	0
216584	IDCT_Lichkey2	arm	0	30		0	arm	0	10000	0		0.0	0.0	0.0	0
216584	IDCT_Lichkey2	cycle	0	25	timer:0	0	arm	0	15000	0		0.0	0.0	0.0	0
216584	IDCT_Lichkey2	cycle	0	25	timer:0	1	skill	16988	0	0	MOST_HATED	0.0	0.0	0.0	0
216585	IDCT_Lichkey3	arm	0	30		0	arm	0	10000	0		0.0	0.0	0.0	0
216585	IDCT_Lichkey3	cycle	0	25	timer:0	0	arm	0	15000	0		0.0	0.0	0.0	0
216585	IDCT_Lichkey3	cycle	0	25	timer:0	1	skill	16988	0	0	MOST_HATED	0.0	0.0	0.0	0
216586	IDCT_Lichkey4	arm	0	30		0	arm	0	10000	0		0.0	0.0	0.0	0
216586	IDCT_Lichkey4	cycle	0	25	timer:0	0	arm	0	15000	0		0.0	0.0	0.0	0
216586	IDCT_Lichkey4	cycle	0	25	timer:0	1	skill	19053	0	0	MOST_HATED	0.0	0.0	0.0	0
216587	IDCT_Lichkey1	arm	0	30		0	arm	0	10000	0		0.0	0.0	0.0	0
216587	IDCT_Lichkey1	cycle	0	25	timer:0	0	arm	0	15000	0		0.0	0.0	0.0	0
216587	IDCT_Lichkey1	cycle	0	25	timer:0	1	skill	16988	0	0	MOST_HATED	0.0	0.0	0.0	0
216588	IDCT_Lichkey2	arm	0	30		0	arm	0	10000	0		0.0	0.0	0.0	0
216588	IDCT_Lichkey2	cycle	0	25	timer:0	0	arm	0	15000	0		0.0	0.0	0.0	0
216588	IDCT_Lichkey2	cycle	0	25	timer:0	1	skill	16988	0	0	MOST_HATED	0.0	0.0	0.0	0
216589	IDCT_Lichkey3	arm	0	30		0	arm	0	10000	0		0.0	0.0	0.0	0
216589	IDCT_Lichkey3	cycle	0	25	timer:0	0	arm	0	15000	0		0.0	0.0	0.0	0
216589	IDCT_Lichkey3	cycle	0	25	timer:0	1	skill	16988	0	0	MOST_HATED	0.0	0.0	0.0	0
216590	IDCT_Lichkey4	arm	0	30		0	arm	0	10000	0		0.0	0.0	0.0	0
216590	IDCT_Lichkey4	cycle	0	25	timer:0	0	arm	0	15000	0		0.0	0.0	0.0	0
216590	IDCT_Lichkey4	cycle	0	25	timer:0	1	skill	19053	0	0	MOST_HATED	0.0	0.0	0.0	0
216701	Shulack_KeA_SOLO	arm	0	1		0	arm	1	25000	0		0.0	0.0	0.0	0
216701	Shulack_KeA_SOLO	cycle	0	4	timer:1|hp_below:30	0	arm	1	25000	0		0.0	0.0	0.0	0
216701	Shulack_KeA_SOLO	cycle	0	4	timer:1|hp_below:30	1	skill	16722	0	0	MOST_HATED	0.0	0.0	0.0	0
216701	Shulack_KeA_SOLO	cycle	0	4	timer:1|hp_below:30	2	skill	16673	0	0	ME	0.0	0.0	0.0	0
216701	Shulack_KeA_SOLO	cycle	1	3	timer:1|hp_between:32:74	0	arm	1	25000	0		0.0	0.0	0.0	0
216701	Shulack_KeA_SOLO	cycle	1	3	timer:1|hp_between:32:74	1	skill	16673	0	0	ME	0.0	0.0	0.0	0
216701	Shulack_KeA_SOLO	cycle	2	2	timer:1|hp_between:77:99	0	arm	1	25000	0		0.0	0.0	0.0	0
216701	Shulack_KeA_SOLO	cycle	2	2	timer:1|hp_between:77:99	1	skill	16519	0	0	MOST_HATED	0.0	0.0	0.0	0
216702	Shulack_KeA_SOLO	arm	0	1		0	arm	1	25000	0		0.0	0.0	0.0	0
216702	Shulack_KeA_SOLO	cycle	0	4	timer:1|hp_below:30	0	arm	1	25000	0		0.0	0.0	0.0	0
216702	Shulack_KeA_SOLO	cycle	0	4	timer:1|hp_below:30	1	skill	16722	0	0	MOST_HATED	0.0	0.0	0.0	0
216702	Shulack_KeA_SOLO	cycle	0	4	timer:1|hp_below:30	2	skill	16673	0	0	ME	0.0	0.0	0.0	0
216702	Shulack_KeA_SOLO	cycle	1	3	timer:1|hp_between:32:74	0	arm	1	25000	0		0.0	0.0	0.0	0
216702	Shulack_KeA_SOLO	cycle	1	3	timer:1|hp_between:32:74	1	skill	16673	0	0	ME	0.0	0.0	0.0	0
216702	Shulack_KeA_SOLO	cycle	2	2	timer:1|hp_between:77:99	0	arm	1	25000	0		0.0	0.0	0.0	0
216702	Shulack_KeA_SOLO	cycle	2	2	timer:1|hp_between:77:99	1	skill	16519	0	0	MOST_HATED	0.0	0.0	0.0	0
216703	Shulack_KeA_SOLO	arm	0	1		0	arm	1	25000	0		0.0	0.0	0.0	0
216703	Shulack_KeA_SOLO	cycle	0	4	timer:1|hp_below:30	0	arm	1	25000	0		0.0	0.0	0.0	0
216703	Shulack_KeA_SOLO	cycle	0	4	timer:1|hp_below:30	1	skill	16722	0	0	MOST_HATED	0.0	0.0	0.0	0
216703	Shulack_KeA_SOLO	cycle	0	4	timer:1|hp_below:30	2	skill	16673	0	0	ME	0.0	0.0	0.0	0
216703	Shulack_KeA_SOLO	cycle	1	3	timer:1|hp_between:32:74	0	arm	1	25000	0		0.0	0.0	0.0	0
216703	Shulack_KeA_SOLO	cycle	1	3	timer:1|hp_between:32:74	1	skill	16673	0	0	ME	0.0	0.0	0.0	0
216703	Shulack_KeA_SOLO	cycle	2	2	timer:1|hp_between:77:99	0	arm	1	25000	0		0.0	0.0	0.0	0
216703	Shulack_KeA_SOLO	cycle	2	2	timer:1|hp_between:77:99	1	skill	16519	0	0	MOST_HATED	0.0	0.0	0.0	0
216704	Shulack_KeA_SOLO	arm	0	1		0	arm	1	25000	0		0.0	0.0	0.0	0
216704	Shulack_KeA_SOLO	cycle	0	4	timer:1|hp_below:30	0	arm	1	25000	0		0.0	0.0	0.0	0
216704	Shulack_KeA_SOLO	cycle	0	4	timer:1|hp_below:30	1	skill	16722	0	0	MOST_HATED	0.0	0.0	0.0	0
216704	Shulack_KeA_SOLO	cycle	0	4	timer:1|hp_below:30	2	skill	16673	0	0	ME	0.0	0.0	0.0	0
216704	Shulack_KeA_SOLO	cycle	1	3	timer:1|hp_between:32:74	0	arm	1	25000	0		0.0	0.0	0.0	0
216704	Shulack_KeA_SOLO	cycle	1	3	timer:1|hp_between:32:74	1	skill	16673	0	0	ME	0.0	0.0	0.0	0
216704	Shulack_KeA_SOLO	cycle	2	2	timer:1|hp_between:77:99	0	arm	1	25000	0		0.0	0.0	0.0	0
216704	Shulack_KeA_SOLO	cycle	2	2	timer:1|hp_between:77:99	1	skill	16519	0	0	MOST_HATED	0.0	0.0	0.0	0
216795	IDTP_Fanatic_FeB_1	arm	0	5		0	arm	0	16000	0		0.0	0.0	0.0	0
216795	IDTP_Fanatic_FeB_1	cycle	0	6	timer:0	0	skill	16662	0	0	MOST_HATED	0.0	0.0	0.0	0
216795	IDTP_Fanatic_FeB_1	cycle	0	6	timer:0	1	broadcast	6932	12	0		0.0	0.0	0.0	0
216795	IDTP_Fanatic_FeB_1	cycle	0	6	timer:0	2	arm	0	16000	0		0.0	0.0	0.0	0
216797	IDTP_Fanatic_CeB	arm	0	4		0	arm	0	10000	0		0.0	0.0	0.0	0
216797	IDTP_Fanatic_CeB	arm	0	4		1	skill	17167	0	0	ME	0.0	0.0	0.0	0
216797	IDTP_Fanatic_CeB	cycle	0	3	timer:0	0	skill	17736	0	0	MOST_HATED	0.0	0.0	0.0	0
216797	IDTP_Fanatic_CeB	cycle	0	3	timer:0	1	arm	0	10000	0		0.0	0.0	0.0	0
216801	IDTP_Fanatic_PeB	arm	0	4		0	arm	0	15000	0		0.0	0.0	0.0	0
216801	IDTP_Fanatic_PeB	cycle	0	5	timer:0	0	skill	17126	0	0	ME	0.0	0.0	0.0	0
216801	IDTP_Fanatic_PeB	cycle	0	5	timer:0	1	arm	0	20000	0		0.0	0.0	0.0	0
216930	Elim_Sheluk	arm	0	7		0	arm	0	10000	0		0.0	0.0	0.0	0
216930	Elim_Sheluk	cycle	0	6	timer:0	0	arm	0	10000	0		0.0	0.0	0.0	0
216930	Elim_Sheluk	cycle	0	6	timer:0	1	skill	18824	0	0	MOST_HATED	0.0	0.0	0.0	0
216930	Elim_Sheluk	cycle	1	5	timer:0	0	arm	0	10000	0		0.0	0.0	0.0	0
216931	Elim_Sheluk	arm	0	7		0	arm	0	10000	0		0.0	0.0	0.0	0
216931	Elim_Sheluk	cycle	0	6	timer:0	0	arm	0	10000	0		0.0	0.0	0.0	0
216931	Elim_Sheluk	cycle	0	6	timer:0	1	skill	18824	0	0	MOST_HATED	0.0	0.0	0.0	0
216931	Elim_Sheluk	cycle	1	5	timer:0	0	arm	0	10000	0		0.0	0.0	0.0	0
216942	IDAbRe_Core_Cannon	arm	0	2		0	arm	0	10000	0		0.0	0.0	0.0	0
216942	IDAbRe_Core_Cannon	cycle	0	1	timer:0	0	skill	19139	0	0	ME	0.0	0.0	0.0	0
216942	IDAbRe_Core_Cannon	cycle	0	1	timer:0	1	arm	0	10000	0		0.0	0.0	0.0	0
216943	IDAbRe_Core_Souled	arm	0	2		0	arm	0	3000	0		0.0	0.0	0.0	0
216943	IDAbRe_Core_Souled	cycle	0	1	timer:0	0	skill	19138	0	0	MOST_HATED	0.0	0.0	0.0	0
216943	IDAbRe_Core_Souled	cycle	0	1	timer:0	1	arm	0	24000	0		0.0	0.0	0.0	0
216954	IDAbRe_Core_Cannon	arm	0	2		0	arm	0	10000	0		0.0	0.0	0.0	0
216954	IDAbRe_Core_Cannon	cycle	0	1	timer:0	0	skill	19139	0	0	ME	0.0	0.0	0.0	0
216954	IDAbRe_Core_Cannon	cycle	0	1	timer:0	1	arm	0	10000	0		0.0	0.0	0.0	0
216955	IDAbRe_Core_Souled	arm	0	2		0	arm	0	3000	0		0.0	0.0	0.0	0
216955	IDAbRe_Core_Souled	cycle	0	1	timer:0	0	skill	19138	0	0	MOST_HATED	0.0	0.0	0.0	0
216955	IDAbRe_Core_Souled	cycle	0	1	timer:0	1	arm	0	24000	0		0.0	0.0	0.0	0
216956	IDAbRe_Core_Souled	arm	0	2		0	arm	0	3000	0		0.0	0.0	0.0	0
216956	IDAbRe_Core_Souled	cycle	0	1	timer:0	0	skill	19138	0	0	MOST_HATED	0.0	0.0	0.0	0
216956	IDAbRe_Core_Souled	cycle	0	1	timer:0	1	arm	0	24000	0		0.0	0.0	0.0	0
217120	IDTP_NepTe1	arm	0	6		0	broadcast	6955	10	0		0.0	0.0	0.0	0
217120	IDTP_NepTe1	arm	0	6		1	skill	18639	0	0	MOST_HATED	0.0	0.0	0.0	0
217120	IDTP_NepTe1	arm	0	6		2	arm	0	12000	0		0.0	0.0	0.0	0
217120	IDTP_NepTe1	cycle	0	8	timer:0	0	skill	18639	0	0	ME	0.0	0.0	0.0	0
217120	IDTP_NepTe1	cycle	0	8	timer:0	1	arm	0	12000	0		0.0	0.0	0.0	0
217186	IDF4Re_Drana_golem	arm	0	10		0	arm	0	10000	0		0.0	0.0	0.0	0
217186	IDF4Re_Drana_golem	arm	0	10		1	skill	18909	0	0	ME	0.0	0.0	0.0	0
217186	IDF4Re_Drana_golem	cycle	0	20	timer:0	0	arm	0	12000	0		0.0	0.0	0.0	0
217186	IDF4Re_Drana_golem	cycle	0	20	timer:0	1	skill	18909	0	0	ME	0.0	0.0	0.0	0
217196	IDF4Re_Drana_golem	arm	0	10		0	arm	0	10000	0		0.0	0.0	0.0	0
217196	IDF4Re_Drana_golem	arm	0	10		1	skill	18909	0	0	ME	0.0	0.0	0.0	0
217196	IDF4Re_Drana_golem	cycle	0	20	timer:0	0	arm	0	12000	0		0.0	0.0	0.0	0
217196	IDF4Re_Drana_golem	cycle	0	20	timer:0	1	skill	18909	0	0	ME	0.0	0.0	0.0	0
217255	IDForest_Nr_milipede_sky	arm	0	4		0	arm	0	3000	0		0.0	0.0	0.0	0
217255	IDForest_Nr_milipede_sky	arm	0	4		1	arm	1	9000	0		0.0	0.0	0.0	0
217255	IDForest_Nr_milipede_sky	arm	0	4		2	arm	2	20000	0		0.0	0.0	0.0	0
217255	IDForest_Nr_milipede_sky	cycle	0	3	timer:0	0	skill	20349	0	0	MOST_HATED	0.0	0.0	0.0	0
217255	IDForest_Nr_milipede_sky	cycle	0	3	timer:0	1	arm	0	9000	0		0.0	0.0	0.0	0
217255	IDForest_Nr_milipede_sky	cycle	1	2	timer:1	0	skill	20232	0	0	MOST_HATED	0.0	0.0	0.0	0
217255	IDForest_Nr_milipede_sky	cycle	1	2	timer:1	1	arm	1	15000	0		0.0	0.0	0.0	0
217255	IDForest_Nr_milipede_sky	cycle	2	1	timer:2	0	skill	20246	0	0	ME	0.0	0.0	0.0	0
217255	IDForest_Nr_milipede_sky	cycle	2	1	timer:2	1	arm	2	20000	0		0.0	0.0	0.0	0
217258	IDForest_Nr_Vampire_Tree	arm	0	4		0	arm	0	3000	0		0.0	0.0	0.0	0
217258	IDForest_Nr_Vampire_Tree	arm	0	4		1	arm	1	9000	0		0.0	0.0	0.0	0
217258	IDForest_Nr_Vampire_Tree	arm	0	4		2	arm	2	20000	0		0.0	0.0	0.0	0
217258	IDForest_Nr_Vampire_Tree	cycle	0	3	timer:0	0	skill	20234	0	0	MOST_HATED	0.0	0.0	0.0	0
217258	IDForest_Nr_Vampire_Tree	cycle	0	3	timer:0	1	arm	0	9000	0		0.0	0.0	0.0	0
217258	IDForest_Nr_Vampire_Tree	cycle	1	2	timer:1	0	skill	20240	0	0	ME	0.0	0.0	0.0	0
217258	IDForest_Nr_Vampire_Tree	cycle	1	2	timer:1	1	arm	1	20000	0		0.0	0.0	0.0	0
217258	IDForest_Nr_Vampire_Tree	cycle	2	1	timer:2	0	skill	20239	0	0	ME	0.0	0.0	0.0	0
217281	IDF4Re_KeyNamed_1	arm	0	10		0	arm	0	10000	0		0.0	0.0	0.0	0
217281	IDF4Re_KeyNamed_1	arm	0	10		1	skill	18909	0	0	ME	0.0	0.0	0.0	0
217281	IDF4Re_KeyNamed_1	cycle	0	20	timer:0	0	arm	0	12000	0		0.0	0.0	0.0	0
217281	IDF4Re_KeyNamed_1	cycle	0	20	timer:0	1	skill	18909	0	0	ME	0.0	0.0	0.0	0
217291	IDYun_Temp_30	arm	0	2		0	arm	0	3000	0		0.0	0.0	0.0	0
217291	IDYun_Temp_30	cycle	0	1	timer:0	0	skill	19913	0	0	ME	0.0	0.0	0.0	0
217291	IDYun_Temp_30	cycle	0	1	timer:0	1	arm	0	3000	0		0.0	0.0	0.0	0
217292	IDYun_Temp_31	arm	0	3		0	arm	0	6000	0		0.0	0.0	0.0	0
217292	IDYun_Temp_31	arm	0	3		1	arm	1	15000	0		0.0	0.0	0.0	0
217292	IDYun_Temp_31	cycle	0	1	timer:0	0	skill	19914	0	0	ME	0.0	0.0	0.0	0
217293	IDYun_Temp_32	arm	0	3		0	arm	0	6000	0		0.0	0.0	0.0	0
217293	IDYun_Temp_32	arm	0	3		1	arm	1	15000	0		0.0	0.0	0.0	0
217293	IDYun_Temp_32	cycle	0	2	timer:0	0	skill	19912	0	0	ME	0.0	0.0	0.0	0
217293	IDYun_Temp_32	cycle	0	2	timer:0	1	arm	0	8000	0		0.0	0.0	0.0	0
217293	IDYun_Temp_32	cycle	1	1	timer:1	0	skill	19914	0	0	ME	0.0	0.0	0.0	0
217293	IDYun_Temp_32	cycle	1	1	timer:1	1	arm	1	25000	0		0.0	0.0	0.0	0
217295	IDYun_Drakan_ND1	arm	0	2		0	arm	0	6000	0		0.0	0.0	0.0	0
217295	IDYun_Drakan_ND1	cycle	0	1	timer:0	0	skill	19912	0	0	MOST_HATED	0.0	0.0	0.0	0
217295	IDYun_Drakan_ND1	cycle	0	1	timer:0	1	arm	0	8000	0		0.0	0.0	0.0	0
217298	IDYun_Temp_21	arm	0	2		0	arm	0	3000	0		0.0	0.0	0.0	0
217298	IDYun_Temp_21	cycle	0	1	timer:0	0	skill	19913	0	0	ME	0.0	0.0	0.0	0
217298	IDYun_Temp_21	cycle	0	1	timer:0	1	arm	0	3000	0		0.0	0.0	0.0	0
217299	IDYun_Drakan_ND3	arm	0	3		0	arm	0	6000	0		0.0	0.0	0.0	0
217299	IDYun_Drakan_ND3	arm	0	3		1	arm	1	15000	0		0.0	0.0	0.0	0
217299	IDYun_Drakan_ND3	cycle	0	2	timer:0	0	skill	19913	0	0	ME	0.0	0.0	0.0	0
217299	IDYun_Drakan_ND3	cycle	0	2	timer:0	1	arm	0	8000	0		0.0	0.0	0.0	0
217299	IDYun_Drakan_ND3	cycle	1	1	timer:1	0	skill	19914	0	0	ME	0.0	0.0	0.0	0
217299	IDYun_Drakan_ND3	cycle	1	1	timer:1	1	arm	1	25000	0		0.0	0.0	0.0	0
217300	IDYun_Drakan_ND4	arm	0	3		0	arm	0	6000	0		0.0	0.0	0.0	0
217300	IDYun_Drakan_ND4	arm	0	3		1	arm	1	15000	0		0.0	0.0	0.0	0
217300	IDYun_Drakan_ND4	cycle	0	2	timer:0	0	skill	19912	0	0	ME	0.0	0.0	0.0	0
217300	IDYun_Drakan_ND4	cycle	0	2	timer:0	1	arm	0	8000	0		0.0	0.0	0.0	0
217300	IDYun_Drakan_ND4	cycle	1	1	timer:1	0	skill	19914	0	0	ME	0.0	0.0	0.0	0
217300	IDYun_Drakan_ND4	cycle	1	1	timer:1	1	arm	1	25000	0		0.0	0.0	0.0	0
217307	IDYun_Nmd1	arm	0	6		0	arm	0	15000	0		0.0	0.0	0.0	0
217307	IDYun_Nmd1	arm	0	6		1	arm	1	20000	0		0.0	0.0	0.0	0
217307	IDYun_Nmd1	arm	0	6		2	say	1500381	0	0		0.0	0.0	0.0	0
217307	IDYun_Nmd1	cycle	0	2	timer:0	0	say	1500382	0	0		0.0	0.0	0.0	0
217307	IDYun_Nmd1	cycle	0	2	timer:0	1	skill	19698	0	0	MOST_HATED	0.0	0.0	0.0	0
217307	IDYun_Nmd1	cycle	0	2	timer:0	2	skill	19695	0	0	ME	0.0	0.0	0.0	0
217307	IDYun_Nmd1	cycle	0	2	timer:0	3	arm	0	30000	0		0.0	0.0	0.0	0
217307	IDYun_Nmd1	cycle	1	1	timer:1	0	say	1500383	0	0		0.0	0.0	0.0	0
217307	IDYun_Nmd1	cycle	1	1	timer:1	1	spawn	217301	5	0	self	0.0	0.0	0.0	1
217307	IDYun_Nmd1	cycle	1	1	timer:1	2	arm	1	25000	0		0.0	0.0	0.0	0
217318	IDYun_Drakan_ND1	arm	0	2		0	arm	0	6000	0		0.0	0.0	0.0	0
217318	IDYun_Drakan_ND1	cycle	0	1	timer:0	0	skill	19912	0	0	MOST_HATED	0.0	0.0	0.0	0
217318	IDYun_Drakan_ND1	cycle	0	1	timer:0	1	arm	0	8000	0		0.0	0.0	0.0	0
217319	IDYun_Drakan_ND1	arm	0	2		0	arm	0	6000	0		0.0	0.0	0.0	0
217319	IDYun_Drakan_ND1	cycle	0	1	timer:0	0	skill	19912	0	0	MOST_HATED	0.0	0.0	0.0	0
217319	IDYun_Drakan_ND1	cycle	0	1	timer:0	1	arm	0	8000	0		0.0	0.0	0.0	0
217325	IDYun_Temp_21	arm	0	2		0	arm	0	3000	0		0.0	0.0	0.0	0
217325	IDYun_Temp_21	cycle	0	1	timer:0	0	skill	19913	0	0	ME	0.0	0.0	0.0	0
217325	IDYun_Temp_21	cycle	0	1	timer:0	1	arm	0	3000	0		0.0	0.0	0.0	0
217328	IDYun_Temp_25	arm	0	2		0	arm	0	3000	0		0.0	0.0	0.0	0
217328	IDYun_Temp_25	cycle	0	1	timer:0	0	skill	19913	0	0	ME	0.0	0.0	0.0	0
217328	IDYun_Temp_25	cycle	0	1	timer:0	1	arm	0	3000	0		0.0	0.0	0.0	0
217329	IDYun_Drakan_ND1	arm	0	2		0	arm	0	6000	0		0.0	0.0	0.0	0
217329	IDYun_Drakan_ND1	cycle	0	1	timer:0	0	skill	19912	0	0	MOST_HATED	0.0	0.0	0.0	0
217329	IDYun_Drakan_ND1	cycle	0	1	timer:0	1	arm	0	8000	0		0.0	0.0	0.0	0
217330	IDYun_Drakan_ND3	arm	0	3		0	arm	0	6000	0		0.0	0.0	0.0	0
217330	IDYun_Drakan_ND3	arm	0	3		1	arm	1	15000	0		0.0	0.0	0.0	0
217330	IDYun_Drakan_ND3	cycle	0	2	timer:0	0	skill	19913	0	0	ME	0.0	0.0	0.0	0
217330	IDYun_Drakan_ND3	cycle	0	2	timer:0	1	arm	0	8000	0		0.0	0.0	0.0	0
217330	IDYun_Drakan_ND3	cycle	1	1	timer:1	0	skill	19914	0	0	ME	0.0	0.0	0.0	0
217330	IDYun_Drakan_ND3	cycle	1	1	timer:1	1	arm	1	25000	0		0.0	0.0	0.0	0
217331	IDYun_Temp_26	arm	0	2		0	arm	0	3000	0		0.0	0.0	0.0	0
217331	IDYun_Temp_26	cycle	0	1	timer:0	0	skill	19913	0	0	ME	0.0	0.0	0.0	0
217331	IDYun_Temp_26	cycle	0	1	timer:0	1	arm	0	3000	0		0.0	0.0	0.0	0
217337	Station_MaravataNM	arm	0	7		0	arm	0	3000	0		0.0	0.0	0.0	0
217337	Station_MaravataNM	cycle	0	8	timer:0	0	skill	19497	0	0	MOST_HATED	0.0	0.0	0.0	0
217338	Station_eye_Br	arm	0	7		0	arm	0	17000	0		0.0	0.0	0.0	0
217338	Station_eye_Br	arm	0	7		1	say	342310	0	0		0.0	0.0	0.0	0
217338	Station_eye_Br	arm	0	7		2	skill	19498	0	0	ME	0.0	0.0	0.0	0
217338	Station_eye_Br	arm	0	7		3	broadcast	7106	30	0		0.0	0.0	0.0	0
217338	Station_eye_Br	cycle	0	6	timer:0	0	arm	0	17000	0		0.0	0.0	0.0	0
217338	Station_eye_Br	cycle	0	6	timer:0	1	say	342310	0	0		0.0	0.0	0.0	0
217338	Station_eye_Br	cycle	0	6	timer:0	2	skill	19498	0	0	ME	0.0	0.0	0.0	0
217338	Station_eye_Br	cycle	0	6	timer:0	3	broadcast	7106	30	0		0.0	0.0	0.0	0
217343	Station_HugenB	arm	0	8		0	arm	0	10000	0		0.0	0.0	0.0	0
217343	Station_HugenB	arm	0	8		1	skill	19495	0	0	ME	0.0	0.0	0.0	0
217343	Station_HugenB	cycle	0	7	timer:0	0	arm	0	20000	0		0.0	0.0	0.0	0
217343	Station_HugenB	cycle	0	7	timer:0	1	skill	19495	0	0	ME	0.0	0.0	0.0	0
217344	Station_HugenB	arm	0	8		0	arm	0	10000	0		0.0	0.0	0.0	0
217344	Station_HugenB	arm	0	8		1	skill	19495	0	0	ME	0.0	0.0	0.0	0
217344	Station_HugenB	cycle	0	7	timer:0	0	arm	0	20000	0		0.0	0.0	0.0	0
217344	Station_HugenB	cycle	0	7	timer:0	1	skill	19495	0	0	ME	0.0	0.0	0.0	0
217345	Station_Shu_FI	arm	0	6		0	arm	0	12000	0		0.0	0.0	0.0	0
217345	Station_Shu_FI	cycle	0	8	timer:0	0	arm	0	12000	0		0.0	0.0	0.0	0
217345	Station_Shu_FI	cycle	0	8	timer:0	1	skill	19489	0	0	MOST_HATED	0.0	0.0	0.0	0
217346	Station_Shu_FI	arm	0	6		0	arm	0	12000	0		0.0	0.0	0.0	0
217346	Station_Shu_FI	cycle	0	8	timer:0	0	arm	0	12000	0		0.0	0.0	0.0	0
217346	Station_Shu_FI	cycle	0	8	timer:0	1	skill	19489	0	0	MOST_HATED	0.0	0.0	0.0	0
217347	Station_Shu_FI	arm	0	6		0	arm	0	12000	0		0.0	0.0	0.0	0
217347	Station_Shu_FI	cycle	0	8	timer:0	0	arm	0	12000	0		0.0	0.0	0.0	0
217347	Station_Shu_FI	cycle	0	8	timer:0	1	skill	19489	0	0	MOST_HATED	0.0	0.0	0.0	0
217348	Station_Shu_PR	arm	0	7		0	arm	0	2000	0		0.0	0.0	0.0	0
217348	Station_Shu_PR	cycle	0	7	timer:0|hp_below:40	0	skill	19492	0	0	ME	0.0	0.0	0.0	0
217348	Station_Shu_PR	cycle	1	6	timer:0	0	arm	0	2000	0		0.0	0.0	0.0	0
217349	Station_Shu_PR	arm	0	7		0	arm	0	2000	0		0.0	0.0	0.0	0
217349	Station_Shu_PR	cycle	0	7	timer:0|hp_below:40	0	skill	19492	0	0	ME	0.0	0.0	0.0	0
217349	Station_Shu_PR	cycle	1	6	timer:0	0	arm	0	2000	0		0.0	0.0	0.0	0
217350	Station_Shu_PR	arm	0	7		0	arm	0	2000	0		0.0	0.0	0.0	0
217350	Station_Shu_PR	cycle	0	7	timer:0|hp_below:40	0	skill	19492	0	0	ME	0.0	0.0	0.0	0
217350	Station_Shu_PR	cycle	1	6	timer:0	0	arm	0	2000	0		0.0	0.0	0.0	0
217351	Station_Shu_FI	arm	0	6		0	arm	0	12000	0		0.0	0.0	0.0	0
217351	Station_Shu_FI	cycle	0	8	timer:0	0	arm	0	12000	0		0.0	0.0	0.0	0
217351	Station_Shu_FI	cycle	0	8	timer:0	1	skill	19489	0	0	MOST_HATED	0.0	0.0	0.0	0
217352	Station_Shu_FI	arm	0	6		0	arm	0	12000	0		0.0	0.0	0.0	0
217352	Station_Shu_FI	cycle	0	8	timer:0	0	arm	0	12000	0		0.0	0.0	0.0	0
217352	Station_Shu_FI	cycle	0	8	timer:0	1	skill	19489	0	0	MOST_HATED	0.0	0.0	0.0	0
217353	Station_Shu_FI	arm	0	6		0	arm	0	12000	0		0.0	0.0	0.0	0
217353	Station_Shu_FI	cycle	0	8	timer:0	0	arm	0	12000	0		0.0	0.0	0.0	0
217353	Station_Shu_FI	cycle	0	8	timer:0	1	skill	19489	0	0	MOST_HATED	0.0	0.0	0.0	0
217354	Station_Shu_FI	arm	0	6		0	arm	0	12000	0		0.0	0.0	0.0	0
217354	Station_Shu_FI	cycle	0	8	timer:0	0	arm	0	12000	0		0.0	0.0	0.0	0
217354	Station_Shu_FI	cycle	0	8	timer:0	1	skill	19489	0	0	MOST_HATED	0.0	0.0	0.0	0
217355	Station_Shu_KN	arm	0	6		0	arm	0	12000	0		0.0	0.0	0.0	0
217355	Station_Shu_KN	cycle	0	8	timer:0	0	arm	0	12000	0		0.0	0.0	0.0	0
217355	Station_Shu_KN	cycle	0	8	timer:0	1	skill	19489	0	0	MOST_HATED	0.0	0.0	0.0	0
217356	Station_Shu_KN	arm	0	6		0	arm	0	12000	0		0.0	0.0	0.0	0
217356	Station_Shu_KN	cycle	0	8	timer:0	0	arm	0	12000	0		0.0	0.0	0.0	0
217356	Station_Shu_KN	cycle	0	8	timer:0	1	skill	19489	0	0	MOST_HATED	0.0	0.0	0.0	0
217357	Station_Shu_KN	arm	0	6		0	arm	0	12000	0		0.0	0.0	0.0	0
217357	Station_Shu_KN	cycle	0	8	timer:0	0	arm	0	12000	0		0.0	0.0	0.0	0
217357	Station_Shu_KN	cycle	0	8	timer:0	1	skill	19489	0	0	MOST_HATED	0.0	0.0	0.0	0
217358	Station_Shu_KN	arm	0	6		0	arm	0	12000	0		0.0	0.0	0.0	0
217358	Station_Shu_KN	cycle	0	8	timer:0	0	arm	0	12000	0		0.0	0.0	0.0	0
217358	Station_Shu_KN	cycle	0	8	timer:0	1	skill	19489	0	0	MOST_HATED	0.0	0.0	0.0	0
217359	Station_Shu_AS	arm	0	6		0	arm	1	6000	0		0.0	0.0	0.0	0
217359	Station_Shu_AS	cycle	0	7	timer:1	0	arm	0	6000	0		0.0	0.0	0.0	0
217359	Station_Shu_AS	cycle	0	7	timer:1	1	say	342337	0	0		0.0	0.0	0.0	0
217359	Station_Shu_AS	cycle	1	5	timer:0	0	arm	0	12000	0		0.0	0.0	0.0	0
217359	Station_Shu_AS	cycle	1	5	timer:0	1	skill	19494	0	0	MOST_HATED	0.0	0.0	0.0	0
217365	Station_Shu_PR	arm	0	7		0	arm	0	2000	0		0.0	0.0	0.0	0
217365	Station_Shu_PR	cycle	0	7	timer:0|hp_below:40	0	skill	19492	0	0	ME	0.0	0.0	0.0	0
217365	Station_Shu_PR	cycle	1	6	timer:0	0	arm	0	2000	0		0.0	0.0	0.0	0
217366	Station_Shu_PR	arm	0	7		0	arm	0	2000	0		0.0	0.0	0.0	0
217366	Station_Shu_PR	cycle	0	7	timer:0|hp_below:40	0	skill	19492	0	0	ME	0.0	0.0	0.0	0
217366	Station_Shu_PR	cycle	1	6	timer:0	0	arm	0	2000	0		0.0	0.0	0.0	0
217367	Station_Shu_PR	arm	0	7		0	arm	0	2000	0		0.0	0.0	0.0	0
217367	Station_Shu_PR	cycle	0	7	timer:0|hp_below:40	0	skill	19492	0	0	ME	0.0	0.0	0.0	0
217367	Station_Shu_PR	cycle	1	6	timer:0	0	arm	0	2000	0		0.0	0.0	0.0	0
217399	Raksha_KerosAS_Nmd	arm	0	7		0	arm	0	15000	0		0.0	0.0	0.0	0
217399	Raksha_KerosAS_Nmd	cycle	0	7	timer:0	0	arm	0	15000	0		0.0	0.0	0.0	0
217399	Raksha_KerosAS_Nmd	cycle	0	7	timer:0	1	skill	18824	0	0	MOST_HATED	0.0	0.0	0.0	0
217400	Raksha_KerosKN_Nmd	arm	0	7		0	arm	0	15000	0		0.0	0.0	0.0	0
217400	Raksha_KerosKN_Nmd	cycle	0	7	timer:0	0	arm	0	15000	0		0.0	0.0	0.0	0
217400	Raksha_KerosKN_Nmd	cycle	0	7	timer:0	1	skill	18824	0	0	MOST_HATED	0.0	0.0	0.0	0
217403	Raksha_BoneDrake	arm	0	7		0	arm	0	8000	0		0.0	0.0	0.0	0
217403	Raksha_BoneDrake	arm	0	7		1	arm	1	9000	0		0.0	0.0	0.0	0
217403	Raksha_BoneDrake	cycle	0	3	timer:1|hp_below:39	0	arm	1	9000	0		0.0	0.0	0.0	0
217403	Raksha_BoneDrake	cycle	0	3	timer:1|hp_below:39	1	skill	16673	0	0	MOST_HATED	0.0	0.0	0.0	0
217403	Raksha_BoneDrake	cycle	1	2	timer:0|hp_between:41:99	0	arm	0	8000	0		0.0	0.0	0.0	0
217403	Raksha_BoneDrake	cycle	1	2	timer:0|hp_between:41:99	1	skill	16516	0	0	MOST_HATED	0.0	0.0	0.0	0
217403	Raksha_BoneDrake	cycle	2	1	timer:1	0	arm	1	9000	0		0.0	0.0	0.0	0
217404	Raksha_BoneDrake	arm	0	7		0	arm	0	8000	0		0.0	0.0	0.0	0
217404	Raksha_BoneDrake	arm	0	7		1	arm	1	9000	0		0.0	0.0	0.0	0
217404	Raksha_BoneDrake	cycle	0	3	timer:1|hp_below:39	0	arm	1	9000	0		0.0	0.0	0.0	0
217404	Raksha_BoneDrake	cycle	0	3	timer:1|hp_below:39	1	skill	16673	0	0	MOST_HATED	0.0	0.0	0.0	0
217404	Raksha_BoneDrake	cycle	1	2	timer:0|hp_between:41:99	0	arm	0	8000	0		0.0	0.0	0.0	0
217404	Raksha_BoneDrake	cycle	1	2	timer:0|hp_between:41:99	1	skill	16516	0	0	MOST_HATED	0.0	0.0	0.0	0
217404	Raksha_BoneDrake	cycle	2	1	timer:1	0	arm	1	9000	0		0.0	0.0	0.0	0
217405	Raksha_Drynac	arm	0	7		0	arm	0	8000	0		0.0	0.0	0.0	0
217405	Raksha_Drynac	cycle	0	1	timer:0	0	arm	0	8000	0		0.0	0.0	0.0	0
217405	Raksha_Drynac	cycle	0	1	timer:0	1	skill	16673	0	0	MOST_HATED	0.0	0.0	0.0	0
217406	Raksha_Drynac	arm	0	7		0	arm	0	8000	0		0.0	0.0	0.0	0
217406	Raksha_Drynac	cycle	0	1	timer:0	0	arm	0	8000	0		0.0	0.0	0.0	0
217406	Raksha_Drynac	cycle	0	1	timer:0	1	skill	16673	0	0	MOST_HATED	0.0	0.0	0.0	0
217407	Raksha_SehllizaardUndead	arm	0	2		0	arm	0	7000	0		0.0	0.0	0.0	0
217407	Raksha_SehllizaardUndead	arm	0	2		1	skill	18575	0	0	MOST_HATED	0.0	0.0	0.0	0
217407	Raksha_SehllizaardUndead	cycle	0	1	timer:0	0	arm	0	7000	0		0.0	0.0	0.0	0
217407	Raksha_SehllizaardUndead	cycle	0	1	timer:0	1	skill	16516	0	0	MOST_HATED	0.0	0.0	0.0	0
217408	Raksha_SehllizaardUndead	arm	0	2		0	arm	0	7000	0		0.0	0.0	0.0	0
217408	Raksha_SehllizaardUndead	arm	0	2		1	skill	18575	0	0	MOST_HATED	0.0	0.0	0.0	0
217408	Raksha_SehllizaardUndead	cycle	0	1	timer:0	0	arm	0	7000	0		0.0	0.0	0.0	0
217408	Raksha_SehllizaardUndead	cycle	0	1	timer:0	1	skill	16516	0	0	MOST_HATED	0.0	0.0	0.0	0
217409	Raksha_Bat	arm	0	7		0	arm	0	7000	0		0.0	0.0	0.0	0
217409	Raksha_Bat	cycle	0	1	timer:0	0	arm	0	7000	0		0.0	0.0	0.0	0
217409	Raksha_Bat	cycle	0	1	timer:0	1	skill	19284	0	0	MOST_HATED	0.0	0.0	0.0	0
217410	Raksha_Bat	arm	0	7		0	arm	0	7000	0		0.0	0.0	0.0	0
217410	Raksha_Bat	cycle	0	1	timer:0	0	arm	0	7000	0		0.0	0.0	0.0	0
217410	Raksha_Bat	cycle	0	1	timer:0	1	skill	19284	0	0	MOST_HATED	0.0	0.0	0.0	0
217428	Raksha_BoneDrake	arm	0	7		0	arm	0	8000	0		0.0	0.0	0.0	0
217428	Raksha_BoneDrake	arm	0	7		1	arm	1	9000	0		0.0	0.0	0.0	0
217428	Raksha_BoneDrake	cycle	0	3	timer:1|hp_below:39	0	arm	1	9000	0		0.0	0.0	0.0	0
217428	Raksha_BoneDrake	cycle	0	3	timer:1|hp_below:39	1	skill	16673	0	0	MOST_HATED	0.0	0.0	0.0	0
217428	Raksha_BoneDrake	cycle	1	2	timer:0|hp_between:41:99	0	arm	0	8000	0		0.0	0.0	0.0	0
217428	Raksha_BoneDrake	cycle	1	2	timer:0|hp_between:41:99	1	skill	16516	0	0	MOST_HATED	0.0	0.0	0.0	0
217428	Raksha_BoneDrake	cycle	2	1	timer:1	0	arm	1	9000	0		0.0	0.0	0.0	0
217429	Raksha_BoneDrake	arm	0	7		0	arm	0	8000	0		0.0	0.0	0.0	0
217429	Raksha_BoneDrake	arm	0	7		1	arm	1	9000	0		0.0	0.0	0.0	0
217429	Raksha_BoneDrake	cycle	0	3	timer:1|hp_below:39	0	arm	1	9000	0		0.0	0.0	0.0	0
217429	Raksha_BoneDrake	cycle	0	3	timer:1|hp_below:39	1	skill	16673	0	0	MOST_HATED	0.0	0.0	0.0	0
217429	Raksha_BoneDrake	cycle	1	2	timer:0|hp_between:41:99	0	arm	0	8000	0		0.0	0.0	0.0	0
217429	Raksha_BoneDrake	cycle	1	2	timer:0|hp_between:41:99	1	skill	16516	0	0	MOST_HATED	0.0	0.0	0.0	0
217429	Raksha_BoneDrake	cycle	2	1	timer:1	0	arm	1	9000	0		0.0	0.0	0.0	0
217430	Raksha_Drynac	arm	0	7		0	arm	0	8000	0		0.0	0.0	0.0	0
217430	Raksha_Drynac	cycle	0	1	timer:0	0	arm	0	8000	0		0.0	0.0	0.0	0
217430	Raksha_Drynac	cycle	0	1	timer:0	1	skill	16673	0	0	MOST_HATED	0.0	0.0	0.0	0
217431	Raksha_Drynac	arm	0	7		0	arm	0	8000	0		0.0	0.0	0.0	0
217431	Raksha_Drynac	cycle	0	1	timer:0	0	arm	0	8000	0		0.0	0.0	0.0	0
217431	Raksha_Drynac	cycle	0	1	timer:0	1	skill	16673	0	0	MOST_HATED	0.0	0.0	0.0	0
217432	Raksha_SehllizaardUndead	arm	0	2		0	arm	0	7000	0		0.0	0.0	0.0	0
217432	Raksha_SehllizaardUndead	arm	0	2		1	skill	18575	0	0	MOST_HATED	0.0	0.0	0.0	0
217432	Raksha_SehllizaardUndead	cycle	0	1	timer:0	0	arm	0	7000	0		0.0	0.0	0.0	0
217432	Raksha_SehllizaardUndead	cycle	0	1	timer:0	1	skill	16516	0	0	MOST_HATED	0.0	0.0	0.0	0
217433	Raksha_SehllizaardUndead	arm	0	2		0	arm	0	7000	0		0.0	0.0	0.0	0
217433	Raksha_SehllizaardUndead	arm	0	2		1	skill	18575	0	0	MOST_HATED	0.0	0.0	0.0	0
217433	Raksha_SehllizaardUndead	cycle	0	1	timer:0	0	arm	0	7000	0		0.0	0.0	0.0	0
217433	Raksha_SehllizaardUndead	cycle	0	1	timer:0	1	skill	16516	0	0	MOST_HATED	0.0	0.0	0.0	0
217434	Raksha_Bat	arm	0	7		0	arm	0	7000	0		0.0	0.0	0.0	0
217434	Raksha_Bat	cycle	0	1	timer:0	0	arm	0	7000	0		0.0	0.0	0.0	0
217434	Raksha_Bat	cycle	0	1	timer:0	1	skill	19284	0	0	MOST_HATED	0.0	0.0	0.0	0
217435	Raksha_Bat	arm	0	7		0	arm	0	7000	0		0.0	0.0	0.0	0
217435	Raksha_Bat	cycle	0	1	timer:0	0	arm	0	7000	0		0.0	0.0	0.0	0
217435	Raksha_Bat	cycle	0	1	timer:0	1	skill	19284	0	0	MOST_HATED	0.0	0.0	0.0	0
217452	Raksha_Evileye	arm	0	7		0	arm	0	12000	0		0.0	0.0	0.0	0
217452	Raksha_Evileye	cycle	0	7	timer:0	0	skill	19979	0	0	ME	0.0	0.0	0.0	0
217452	Raksha_Evileye	cycle	0	7	timer:0	1	despawn_self	0	0	0		0.0	0.0	0.0	0
217453	Raksha_Evileye	arm	0	7		0	arm	0	12000	0		0.0	0.0	0.0	0
217453	Raksha_Evileye	cycle	0	7	timer:0	0	skill	19979	0	0	ME	0.0	0.0	0.0	0
217453	Raksha_Evileye	cycle	0	7	timer:0	1	despawn_self	0	0	0		0.0	0.0	0.0	0
217454	Raksha_EvileyeLight	arm	0	7		0	arm	0	12000	0		0.0	0.0	0.0	0
217454	Raksha_EvileyeLight	arm	0	7		1	say	1401158	0	0		0.0	0.0	0.0	0
217454	Raksha_EvileyeLight	cycle	0	7	timer:0	0	arm	0	12000	0		0.0	0.0	0.0	0
217454	Raksha_EvileyeLight	cycle	0	7	timer:0	1	skill	16516	0	0	MOST_HATED	0.0	0.0	0.0	0
217455	Raksha_EvileyeLight	arm	0	7		0	arm	0	12000	0		0.0	0.0	0.0	0
217455	Raksha_EvileyeLight	arm	0	7		1	say	1401158	0	0		0.0	0.0	0.0	0
217455	Raksha_EvileyeLight	cycle	0	7	timer:0	0	arm	0	12000	0		0.0	0.0	0.0	0
217455	Raksha_EvileyeLight	cycle	0	7	timer:0	1	skill	16516	0	0	MOST_HATED	0.0	0.0	0.0	0
217618	Raksha_BoneDrake	arm	0	7		0	arm	0	8000	0		0.0	0.0	0.0	0
217618	Raksha_BoneDrake	arm	0	7		1	arm	1	9000	0		0.0	0.0	0.0	0
217618	Raksha_BoneDrake	cycle	0	3	timer:1|hp_below:39	0	arm	1	9000	0		0.0	0.0	0.0	0
217618	Raksha_BoneDrake	cycle	0	3	timer:1|hp_below:39	1	skill	16673	0	0	MOST_HATED	0.0	0.0	0.0	0
217618	Raksha_BoneDrake	cycle	1	2	timer:0|hp_between:41:99	0	arm	0	8000	0		0.0	0.0	0.0	0
217618	Raksha_BoneDrake	cycle	1	2	timer:0|hp_between:41:99	1	skill	16516	0	0	MOST_HATED	0.0	0.0	0.0	0
217618	Raksha_BoneDrake	cycle	2	1	timer:1	0	arm	1	9000	0		0.0	0.0	0.0	0
217619	Raksha_Drynac	arm	0	7		0	arm	0	8000	0		0.0	0.0	0.0	0
217619	Raksha_Drynac	cycle	0	1	timer:0	0	arm	0	8000	0		0.0	0.0	0.0	0
217619	Raksha_Drynac	cycle	0	1	timer:0	1	skill	16673	0	0	MOST_HATED	0.0	0.0	0.0	0
217620	Raksha_SehllizaardUndead	arm	0	2		0	arm	0	7000	0		0.0	0.0	0.0	0
217620	Raksha_SehllizaardUndead	arm	0	2		1	skill	18575	0	0	MOST_HATED	0.0	0.0	0.0	0
217620	Raksha_SehllizaardUndead	cycle	0	1	timer:0	0	arm	0	7000	0		0.0	0.0	0.0	0
217620	Raksha_SehllizaardUndead	cycle	0	1	timer:0	1	skill	16516	0	0	MOST_HATED	0.0	0.0	0.0	0
217621	Raksha_Bat	arm	0	7		0	arm	0	7000	0		0.0	0.0	0.0	0
217621	Raksha_Bat	cycle	0	1	timer:0	0	arm	0	7000	0		0.0	0.0	0.0	0
217621	Raksha_Bat	cycle	0	1	timer:0	1	skill	19284	0	0	MOST_HATED	0.0	0.0	0.0	0
217629	Raksha_BoneDrake	arm	0	7		0	arm	0	8000	0		0.0	0.0	0.0	0
217629	Raksha_BoneDrake	arm	0	7		1	arm	1	9000	0		0.0	0.0	0.0	0
217629	Raksha_BoneDrake	cycle	0	3	timer:1|hp_below:39	0	arm	1	9000	0		0.0	0.0	0.0	0
217629	Raksha_BoneDrake	cycle	0	3	timer:1|hp_below:39	1	skill	16673	0	0	MOST_HATED	0.0	0.0	0.0	0
217629	Raksha_BoneDrake	cycle	1	2	timer:0|hp_between:41:99	0	arm	0	8000	0		0.0	0.0	0.0	0
217629	Raksha_BoneDrake	cycle	1	2	timer:0|hp_between:41:99	1	skill	16516	0	0	MOST_HATED	0.0	0.0	0.0	0
217629	Raksha_BoneDrake	cycle	2	1	timer:1	0	arm	1	9000	0		0.0	0.0	0.0	0
217630	Raksha_Drynac	arm	0	7		0	arm	0	8000	0		0.0	0.0	0.0	0
217630	Raksha_Drynac	cycle	0	1	timer:0	0	arm	0	8000	0		0.0	0.0	0.0	0
217630	Raksha_Drynac	cycle	0	1	timer:0	1	skill	16673	0	0	MOST_HATED	0.0	0.0	0.0	0
217631	Raksha_SehllizaardUndead	arm	0	2		0	arm	0	7000	0		0.0	0.0	0.0	0
217631	Raksha_SehllizaardUndead	arm	0	2		1	skill	18575	0	0	MOST_HATED	0.0	0.0	0.0	0
217631	Raksha_SehllizaardUndead	cycle	0	1	timer:0	0	arm	0	7000	0		0.0	0.0	0.0	0
217631	Raksha_SehllizaardUndead	cycle	0	1	timer:0	1	skill	16516	0	0	MOST_HATED	0.0	0.0	0.0	0
217632	Raksha_Bat	arm	0	7		0	arm	0	7000	0		0.0	0.0	0.0	0
217632	Raksha_Bat	cycle	0	1	timer:0	0	arm	0	7000	0		0.0	0.0	0.0	0
217632	Raksha_Bat	cycle	0	1	timer:0	1	skill	19284	0	0	MOST_HATED	0.0	0.0	0.0	0
217639	Raksha_Evileye	arm	0	7		0	arm	0	12000	0		0.0	0.0	0.0	0
217639	Raksha_Evileye	cycle	0	7	timer:0	0	skill	19979	0	0	ME	0.0	0.0	0.0	0
217639	Raksha_Evileye	cycle	0	7	timer:0	1	despawn_self	0	0	0		0.0	0.0	0.0	0
217640	Raksha_EvileyeLight	arm	0	7		0	arm	0	12000	0		0.0	0.0	0.0	0
217640	Raksha_EvileyeLight	arm	0	7		1	say	1401158	0	0		0.0	0.0	0.0	0
217640	Raksha_EvileyeLight	cycle	0	7	timer:0	0	arm	0	12000	0		0.0	0.0	0.0	0
217640	Raksha_EvileyeLight	cycle	0	7	timer:0	1	skill	16516	0	0	MOST_HATED	0.0	0.0	0.0	0
217648	IDF4Re_Drana_golem	arm	0	10		0	arm	0	10000	0		0.0	0.0	0.0	0
217648	IDF4Re_Drana_golem	arm	0	10		1	skill	18909	0	0	ME	0.0	0.0	0.0	0
217648	IDF4Re_Drana_golem	cycle	0	20	timer:0	0	arm	0	12000	0		0.0	0.0	0.0	0
217648	IDF4Re_Drana_golem	cycle	0	20	timer:0	1	skill	18909	0	0	ME	0.0	0.0	0.0	0
217752	IDArena_S6_Bonus_4	arm	0	7		0	arm	0	15000	0		0.0	0.0	0.0	0
217752	IDArena_S6_Bonus_4	cycle	0	7	timer:0	0	despawn_self	0	0	0		0.0	0.0	0.0	0
217755	IDArena_S9_Bonus_CTRL	arm	0	7		0	arm	0	60000	0		0.0	0.0	0.0	0
217755	IDArena_S9_Bonus_CTRL	arm	0	7		1	arm	5	30000	0		0.0	0.0	0.0	0
217755	IDArena_S9_Bonus_CTRL	arm	0	7		2	arm	6	50000	0		0.0	0.0	0.0	0
217755	IDArena_S9_Bonus_CTRL	arm	0	7		3	arm	7	55000	0		0.0	0.0	0.0	0
217755	IDArena_S9_Bonus_CTRL	cycle	0	8	timer:0	0	broadcast	7151	100	0		0.0	0.0	0.0	0
217755	IDArena_S9_Bonus_CTRL	cycle	0	8	timer:0	1	despawn_self	0	0	0		0.0	0.0	0.0	0
217755	IDArena_S9_Bonus_CTRL	cycle	1	7	timer:7	0	sysmsg	1401021	0	0		0.0	0.0	0.0	0
217755	IDArena_S9_Bonus_CTRL	cycle	2	6	timer:6	0	sysmsg	1401020	0	0		0.0	0.0	0.0	0
217755	IDArena_S9_Bonus_CTRL	cycle	3	5	timer:5	0	sysmsg	1401019	0	0		0.0	0.0	0.0	0
217786	IDArena_Solo_S2_Nor1	arm	0	7		0	arm	0	20000	0		0.0	0.0	0.0	0
217786	IDArena_Solo_S2_Nor1	cycle	0	50	timer:0	0	arm	0	20000	0		0.0	0.0	0.0	0
217786	IDArena_Solo_S2_Nor1	cycle	0	50	timer:0	1	skill	19780	0	0	MOST_HATED	0.0	0.0	0.0	0
217794	IDArena_Solo_S2_Hameroon	arm	0	7		0	arm	0	15000	0		0.0	0.0	0.0	0
217794	IDArena_Solo_S2_Hameroon	arm	0	7		1	skill	17464	0	0	MOST_HATED	0.0	0.0	0.0	0
217794	IDArena_Solo_S2_Hameroon	arm	0	7		2	skill	19825	0	0	MOST_HATED	0.0	0.0	0.0	0
217794	IDArena_Solo_S2_Hameroon	cycle	0	49	timer:0|hp_between:31:99	0	arm	0	15000	0		0.0	0.0	0.0	0
217794	IDArena_Solo_S2_Hameroon	cycle	0	49	timer:0|hp_between:31:99	1	skill	16673	0	0	ME	0.0	0.0	0.0	0
217797	IDArena_Solo_S3_Tiara	arm	0	7		0	arm	0	5000	0		0.0	0.0	0.0	0
217797	IDArena_Solo_S3_Tiara	cycle	0	20	timer:0	0	arm	0	5000	0		0.0	0.0	0.0	0
217797	IDArena_Solo_S3_Tiara	cycle	0	20	timer:0	1	skill	16417	0	0	MOST_HATED	0.0	0.0	0.0	0
217798	IDArena_Solo_S3_Kara	arm	0	7		0	arm	0	15000	0		0.0	0.0	0.0	0
217798	IDArena_Solo_S3_Kara	cycle	0	20	timer:0	0	arm	0	15000	0		0.0	0.0	0.0	0
217798	IDArena_Solo_S3_Kara	cycle	0	20	timer:0	1	skill	19781	0	0	MOST_HATED	0.0	0.0	0.0	0
217800	IDArena_Solo_S3_Sprigg	arm	0	8		0	arm	0	6000	0		0.0	0.0	0.0	0
217800	IDArena_Solo_S3_Sprigg	arm	0	8		1	skill	19784	0	0	MOST_HATED	0.0	0.0	0.0	0
217800	IDArena_Solo_S3_Sprigg	cycle	0	7	timer:1	0	arm	0	6000	0		0.0	0.0	0.0	0
217800	IDArena_Solo_S3_Sprigg	cycle	0	7	timer:1	1	skill	19789	0	0	ME	0.0	0.0	0.0	0
217800	IDArena_Solo_S3_Sprigg	cycle	1	5	timer:0|hp_between:2:59	0	arm	0	7000	0		0.0	0.0	0.0	0
217800	IDArena_Solo_S3_Sprigg	cycle	1	5	timer:0|hp_between:2:59	1	skill	19784	0	0	MOST_HATED	0.0	0.0	0.0	0
217800	IDArena_Solo_S3_Sprigg	cycle	2	1	timer:0	0	arm	0	6000	0		0.0	0.0	0.0	0
217804	IDArena_Solo_S6_VanqJr_Sum	arm	0	7		0	arm	0	30000	0		0.0	0.0	0.0	0
217804	IDArena_Solo_S6_VanqJr_Sum	cycle	0	50	timer:0	0	skill	16524	0	0	ME	0.0	0.0	0.0	0
217804	IDArena_Solo_S6_VanqJr_Sum	cycle	0	50	timer:0	1	arm	0	30000	0		0.0	0.0	0.0	0
217860	LDF4a_Fox_Night	arm	0	7		0	arm	0	5000	0		0.0	0.0	0.0	0
217860	LDF4a_Fox_Night	arm	0	7		1	skill	19874	0	0	MOST_HATED	0.0	0.0	0.0	0
217860	LDF4a_Fox_Night	cycle	0	6	timer:0|hp_below:40	0	skill	19853	0	0	ME	0.0	0.0	0.0	0
217860	LDF4a_Fox_Night	cycle	1	5	timer:0	0	arm	0	5000	0		0.0	0.0	0.0	0
217861	LDF4a_Fox_Night	arm	0	7		0	arm	0	5000	0		0.0	0.0	0.0	0
217861	LDF4a_Fox_Night	arm	0	7		1	skill	19874	0	0	MOST_HATED	0.0	0.0	0.0	0
217861	LDF4a_Fox_Night	cycle	0	6	timer:0|hp_below:40	0	skill	19853	0	0	ME	0.0	0.0	0.0	0
217861	LDF4a_Fox_Night	cycle	1	5	timer:0	0	arm	0	5000	0		0.0	0.0	0.0	0
217874	LDF4a_Condor	arm	0	7		0	arm	0	15000	0		0.0	0.0	0.0	0
217874	LDF4a_Condor	arm	0	7		1	skill	19853	0	0	ME	0.0	0.0	0.0	0
217874	LDF4a_Condor	cycle	0	7	timer:0	0	arm	0	25000	0		0.0	0.0	0.0	0
217874	LDF4a_Condor	cycle	0	7	timer:0	1	skill	20126	0	0	ME	0.0	0.0	0.0	0
217875	LDF4a_Condor	arm	0	7		0	arm	0	15000	0		0.0	0.0	0.0	0
217875	LDF4a_Condor	arm	0	7		1	skill	19853	0	0	ME	0.0	0.0	0.0	0
217875	LDF4a_Condor	cycle	0	7	timer:0	0	arm	0	25000	0		0.0	0.0	0.0	0
217875	LDF4a_Condor	cycle	0	7	timer:0	1	skill	20126	0	0	ME	0.0	0.0	0.0	0
217889	LDF4a_Fox_Night	arm	0	7		0	arm	0	5000	0		0.0	0.0	0.0	0
217889	LDF4a_Fox_Night	arm	0	7		1	skill	19874	0	0	MOST_HATED	0.0	0.0	0.0	0
217889	LDF4a_Fox_Night	cycle	0	6	timer:0|hp_below:40	0	skill	19853	0	0	ME	0.0	0.0	0.0	0
217889	LDF4a_Fox_Night	cycle	1	5	timer:0	0	arm	0	5000	0		0.0	0.0	0.0	0
217903	LDF4a_Mosbear	arm	0	7		0	arm	0	15000	0		0.0	0.0	0.0	0
217903	LDF4a_Mosbear	arm	0	7		1	skill	19853	0	0	ME	0.0	0.0	0.0	0
217903	LDF4a_Mosbear	cycle	0	7	timer:0	0	arm	0	30000	0		0.0	0.0	0.0	0
217903	LDF4a_Mosbear	cycle	0	7	timer:0	1	skill	20128	0	0	ME	0.0	0.0	0.0	0
217904	LDF4a_Mosbear	arm	0	7		0	arm	0	15000	0		0.0	0.0	0.0	0
217904	LDF4a_Mosbear	arm	0	7		1	skill	19853	0	0	ME	0.0	0.0	0.0	0
217904	LDF4a_Mosbear	cycle	0	7	timer:0	0	arm	0	30000	0		0.0	0.0	0.0	0
217904	LDF4a_Mosbear	cycle	0	7	timer:0	1	skill	20128	0	0	ME	0.0	0.0	0.0	0
217905	LDF4a_Mosbear	arm	0	7		0	arm	0	15000	0		0.0	0.0	0.0	0
217905	LDF4a_Mosbear	arm	0	7		1	skill	19853	0	0	ME	0.0	0.0	0.0	0
217905	LDF4a_Mosbear	cycle	0	7	timer:0	0	arm	0	30000	0		0.0	0.0	0.0	0
217905	LDF4a_Mosbear	cycle	0	7	timer:0	1	skill	20128	0	0	ME	0.0	0.0	0.0	0
217908	LDF4a_Mosbear	arm	0	7		0	arm	0	15000	0		0.0	0.0	0.0	0
217908	LDF4a_Mosbear	arm	0	7		1	skill	19853	0	0	ME	0.0	0.0	0.0	0
217908	LDF4a_Mosbear	cycle	0	7	timer:0	0	arm	0	30000	0		0.0	0.0	0.0	0
217908	LDF4a_Mosbear	cycle	0	7	timer:0	1	skill	20129	0	0	ME	0.0	0.0	0.0	0
217909	LDF4a_Mosbear	arm	0	7		0	arm	0	15000	0		0.0	0.0	0.0	0
217909	LDF4a_Mosbear	arm	0	7		1	skill	19853	0	0	ME	0.0	0.0	0.0	0
217909	LDF4a_Mosbear	cycle	0	7	timer:0	0	arm	0	30000	0		0.0	0.0	0.0	0
217909	LDF4a_Mosbear	cycle	0	7	timer:0	1	skill	20129	0	0	ME	0.0	0.0	0.0	0
217912	1Skill_Ev15s_UseSk1T	arm	0	7		0	arm	0	15000	0		0.0	0.0	0.0	0
217912	1Skill_Ev15s_UseSk1T	cycle	0	7	timer:0	0	arm	0	15000	0		0.0	0.0	0.0	0
217912	1Skill_Ev15s_UseSk1T	cycle	0	7	timer:0	1	skill	19828	0	0	MOST_HATED	0.0	0.0	0.0	0
217913	1Skill_Ev15s_UseSk1T	arm	0	7		0	arm	0	15000	0		0.0	0.0	0.0	0
217913	1Skill_Ev15s_UseSk1T	cycle	0	7	timer:0	0	arm	0	15000	0		0.0	0.0	0.0	0
217913	1Skill_Ev15s_UseSk1T	cycle	0	7	timer:0	1	skill	19429	0	0	MOST_HATED	0.0	0.0	0.0	0
217915	1Skill_Ev15s_UseSk1T	arm	0	7		0	arm	0	15000	0		0.0	0.0	0.0	0
217915	1Skill_Ev15s_UseSk1T	cycle	0	7	timer:0	0	arm	0	15000	0		0.0	0.0	0.0	0
217915	1Skill_Ev15s_UseSk1T	cycle	0	7	timer:0	1	skill	19828	0	0	MOST_HATED	0.0	0.0	0.0	0
217920	LDF4a_Mosbear	arm	0	7		0	arm	0	15000	0		0.0	0.0	0.0	0
217920	LDF4a_Mosbear	arm	0	7		1	skill	19853	0	0	ME	0.0	0.0	0.0	0
217920	LDF4a_Mosbear	cycle	0	7	timer:0	0	arm	0	30000	0		0.0	0.0	0.0	0
217920	LDF4a_Mosbear	cycle	0	7	timer:0	1	skill	20128	0	0	ME	0.0	0.0	0.0	0
217921	LDF4a_Mosbear	arm	0	7		0	arm	0	15000	0		0.0	0.0	0.0	0
217921	LDF4a_Mosbear	arm	0	7		1	skill	19853	0	0	ME	0.0	0.0	0.0	0
217921	LDF4a_Mosbear	cycle	0	7	timer:0	0	arm	0	30000	0		0.0	0.0	0.0	0
217921	LDF4a_Mosbear	cycle	0	7	timer:0	1	skill	20128	0	0	ME	0.0	0.0	0.0	0
217922	LDF4a_Mosbear	arm	0	7		0	arm	0	15000	0		0.0	0.0	0.0	0
217922	LDF4a_Mosbear	arm	0	7		1	skill	19853	0	0	ME	0.0	0.0	0.0	0
217922	LDF4a_Mosbear	cycle	0	7	timer:0	0	arm	0	30000	0		0.0	0.0	0.0	0
217922	LDF4a_Mosbear	cycle	0	7	timer:0	1	skill	20128	0	0	ME	0.0	0.0	0.0	0
217929	LDF4a_Mosbear	arm	0	7		0	arm	0	15000	0		0.0	0.0	0.0	0
217929	LDF4a_Mosbear	arm	0	7		1	skill	19853	0	0	ME	0.0	0.0	0.0	0
217929	LDF4a_Mosbear	cycle	0	7	timer:0	0	arm	0	30000	0		0.0	0.0	0.0	0
217929	LDF4a_Mosbear	cycle	0	7	timer:0	1	skill	20129	0	0	ME	0.0	0.0	0.0	0
217930	LDF4a_Mosbear	arm	0	7		0	arm	0	15000	0		0.0	0.0	0.0	0
217930	LDF4a_Mosbear	arm	0	7		1	skill	19853	0	0	ME	0.0	0.0	0.0	0
217930	LDF4a_Mosbear	cycle	0	7	timer:0	0	arm	0	30000	0		0.0	0.0	0.0	0
217930	LDF4a_Mosbear	cycle	0	7	timer:0	1	skill	20129	0	0	ME	0.0	0.0	0.0	0
217933	LDF4a_Owllau_Fighter	arm	0	7		0	say	1500311	0	0		0.0	0.0	0.0	0
217933	LDF4a_Owllau_Fighter	arm	0	7		1	arm	0	5000	0		0.0	0.0	0.0	0
217933	LDF4a_Owllau_Fighter	arm	0	7		2	skill	20077	0	0	ME	0.0	0.0	0.0	0
217933	LDF4a_Owllau_Fighter	cycle	0	7	timer:0	0	arm	0	20000	0		0.0	0.0	0.0	0
217933	LDF4a_Owllau_Fighter	cycle	0	7	timer:0	1	skill	20078	0	0	MOST_HATED	0.0	0.0	0.0	0
217934	LDF4a_Owllau_Assassin	arm	0	7		0	arm	0	5000	0		0.0	0.0	0.0	0
217934	LDF4a_Owllau_Assassin	cycle	0	7	timer:0	0	arm	0	15000	0		0.0	0.0	0.0	0
217934	LDF4a_Owllau_Assassin	cycle	0	7	timer:0	1	skill	20079	0	0	MOST_HATED	0.0	0.0	0.0	0
217935	LDF4a_Owllau_Priest	arm	0	7		0	arm	0	5000	0		0.0	0.0	0.0	0
217935	LDF4a_Owllau_Priest	arm	0	7		1	arm	1	5000	0		0.0	0.0	0.0	0
217935	LDF4a_Owllau_Priest	cycle	0	15	timer:1|hp_below:25	0	say	1500310	0	0		0.0	0.0	0.0	0
217935	LDF4a_Owllau_Priest	cycle	0	15	timer:1|hp_below:25	1	skill	20076	0	0	ME	0.0	0.0	0.0	0
217935	LDF4a_Owllau_Priest	cycle	1	10	timer:0|hp_between:1:49	0	arm	0	30000	0		0.0	0.0	0.0	0
217935	LDF4a_Owllau_Priest	cycle	1	10	timer:0|hp_between:1:49	1	skill	20075	0	0	ME	0.0	0.0	0.0	0
217935	LDF4a_Owllau_Priest	cycle	2	5	timer:0	0	arm	0	5000	0		0.0	0.0	0.0	0
217935	LDF4a_Owllau_Priest	cycle	3	5	timer:1	0	arm	1	5000	0		0.0	0.0	0.0	0
217937	LDF4a_ElementalWater	arm	0	7		0	arm	0	10000	0		0.0	0.0	0.0	0
217937	LDF4a_ElementalWater	cycle	0	7	timer:0	0	arm	0	15000	0		0.0	0.0	0.0	0
217937	LDF4a_ElementalWater	cycle	0	7	timer:0	1	skill	20180	0	0	MOST_HATED	0.0	0.0	0.0	0
217938	LDF4a_Owllau_Fighter	arm	0	7		0	say	1500311	0	0		0.0	0.0	0.0	0
217938	LDF4a_Owllau_Fighter	arm	0	7		1	arm	0	5000	0		0.0	0.0	0.0	0
217938	LDF4a_Owllau_Fighter	arm	0	7		2	skill	20077	0	0	ME	0.0	0.0	0.0	0
217938	LDF4a_Owllau_Fighter	cycle	0	7	timer:0	0	arm	0	20000	0		0.0	0.0	0.0	0
217938	LDF4a_Owllau_Fighter	cycle	0	7	timer:0	1	skill	20078	0	0	MOST_HATED	0.0	0.0	0.0	0
217939	LDF4a_Owllau_Fighter	arm	0	7		0	say	1500311	0	0		0.0	0.0	0.0	0
217939	LDF4a_Owllau_Fighter	arm	0	7		1	arm	0	5000	0		0.0	0.0	0.0	0
217939	LDF4a_Owllau_Fighter	arm	0	7		2	skill	20077	0	0	ME	0.0	0.0	0.0	0
217939	LDF4a_Owllau_Fighter	cycle	0	7	timer:0	0	arm	0	20000	0		0.0	0.0	0.0	0
217939	LDF4a_Owllau_Fighter	cycle	0	7	timer:0	1	skill	20078	0	0	MOST_HATED	0.0	0.0	0.0	0
217940	LDF4a_Owllau_Fighter	arm	0	7		0	say	1500311	0	0		0.0	0.0	0.0	0
217940	LDF4a_Owllau_Fighter	arm	0	7		1	arm	0	5000	0		0.0	0.0	0.0	0
217940	LDF4a_Owllau_Fighter	arm	0	7		2	skill	20077	0	0	ME	0.0	0.0	0.0	0
217940	LDF4a_Owllau_Fighter	cycle	0	7	timer:0	0	arm	0	20000	0		0.0	0.0	0.0	0
217940	LDF4a_Owllau_Fighter	cycle	0	7	timer:0	1	skill	20078	0	0	MOST_HATED	0.0	0.0	0.0	0
217941	LDF4a_Owllau_Fighter	arm	0	7		0	say	1500311	0	0		0.0	0.0	0.0	0
217941	LDF4a_Owllau_Fighter	arm	0	7		1	arm	0	5000	0		0.0	0.0	0.0	0
217941	LDF4a_Owllau_Fighter	arm	0	7		2	skill	20077	0	0	ME	0.0	0.0	0.0	0
217941	LDF4a_Owllau_Fighter	cycle	0	7	timer:0	0	arm	0	20000	0		0.0	0.0	0.0	0
217941	LDF4a_Owllau_Fighter	cycle	0	7	timer:0	1	skill	20078	0	0	MOST_HATED	0.0	0.0	0.0	0
217942	LDF4a_Owllau_Assassin	arm	0	7		0	arm	0	5000	0		0.0	0.0	0.0	0
217942	LDF4a_Owllau_Assassin	cycle	0	7	timer:0	0	arm	0	15000	0		0.0	0.0	0.0	0
217942	LDF4a_Owllau_Assassin	cycle	0	7	timer:0	1	skill	20079	0	0	MOST_HATED	0.0	0.0	0.0	0
217943	LDF4a_Owllau_Assassin	arm	0	7		0	arm	0	5000	0		0.0	0.0	0.0	0
217943	LDF4a_Owllau_Assassin	cycle	0	7	timer:0	0	arm	0	15000	0		0.0	0.0	0.0	0
217943	LDF4a_Owllau_Assassin	cycle	0	7	timer:0	1	skill	20079	0	0	MOST_HATED	0.0	0.0	0.0	0
217944	LDF4a_Owllau_Assassin	arm	0	7		0	arm	0	5000	0		0.0	0.0	0.0	0
217944	LDF4a_Owllau_Assassin	cycle	0	7	timer:0	0	arm	0	15000	0		0.0	0.0	0.0	0
217944	LDF4a_Owllau_Assassin	cycle	0	7	timer:0	1	skill	20079	0	0	MOST_HATED	0.0	0.0	0.0	0
217945	LDF4a_Owllau_Assassin	arm	0	7		0	arm	0	5000	0		0.0	0.0	0.0	0
217945	LDF4a_Owllau_Assassin	cycle	0	7	timer:0	0	arm	0	15000	0		0.0	0.0	0.0	0
217945	LDF4a_Owllau_Assassin	cycle	0	7	timer:0	1	skill	20079	0	0	MOST_HATED	0.0	0.0	0.0	0
217946	LDF4a_Owllau_Assassin	arm	0	7		0	arm	0	5000	0		0.0	0.0	0.0	0
217946	LDF4a_Owllau_Assassin	cycle	0	7	timer:0	0	arm	0	15000	0		0.0	0.0	0.0	0
217946	LDF4a_Owllau_Assassin	cycle	0	7	timer:0	1	skill	20079	0	0	MOST_HATED	0.0	0.0	0.0	0
217947	LDF4a_Owllau_Priest	arm	0	7		0	arm	0	5000	0		0.0	0.0	0.0	0
217947	LDF4a_Owllau_Priest	arm	0	7		1	arm	1	5000	0		0.0	0.0	0.0	0
217947	LDF4a_Owllau_Priest	cycle	0	15	timer:1|hp_below:25	0	say	1500310	0	0		0.0	0.0	0.0	0
217947	LDF4a_Owllau_Priest	cycle	0	15	timer:1|hp_below:25	1	skill	20076	0	0	ME	0.0	0.0	0.0	0
217947	LDF4a_Owllau_Priest	cycle	1	10	timer:0|hp_between:1:49	0	arm	0	30000	0		0.0	0.0	0.0	0
217947	LDF4a_Owllau_Priest	cycle	1	10	timer:0|hp_between:1:49	1	skill	20075	0	0	ME	0.0	0.0	0.0	0
217947	LDF4a_Owllau_Priest	cycle	2	5	timer:0	0	arm	0	5000	0		0.0	0.0	0.0	0
217947	LDF4a_Owllau_Priest	cycle	3	5	timer:1	0	arm	1	5000	0		0.0	0.0	0.0	0
217948	LDF4a_Owllau_Priest	arm	0	7		0	arm	0	5000	0		0.0	0.0	0.0	0
217948	LDF4a_Owllau_Priest	arm	0	7		1	arm	1	5000	0		0.0	0.0	0.0	0
217948	LDF4a_Owllau_Priest	cycle	0	15	timer:1|hp_below:25	0	say	1500310	0	0		0.0	0.0	0.0	0
217948	LDF4a_Owllau_Priest	cycle	0	15	timer:1|hp_below:25	1	skill	20076	0	0	ME	0.0	0.0	0.0	0
217948	LDF4a_Owllau_Priest	cycle	1	10	timer:0|hp_between:1:49	0	arm	0	30000	0		0.0	0.0	0.0	0
217948	LDF4a_Owllau_Priest	cycle	1	10	timer:0|hp_between:1:49	1	skill	20075	0	0	ME	0.0	0.0	0.0	0
217948	LDF4a_Owllau_Priest	cycle	2	5	timer:0	0	arm	0	5000	0		0.0	0.0	0.0	0
217948	LDF4a_Owllau_Priest	cycle	3	5	timer:1	0	arm	1	5000	0		0.0	0.0	0.0	0
217949	LDF4a_Owllau_Priest	arm	0	7		0	arm	0	5000	0		0.0	0.0	0.0	0
217949	LDF4a_Owllau_Priest	arm	0	7		1	arm	1	5000	0		0.0	0.0	0.0	0
217949	LDF4a_Owllau_Priest	cycle	0	15	timer:1|hp_below:25	0	say	1500310	0	0		0.0	0.0	0.0	0
217949	LDF4a_Owllau_Priest	cycle	0	15	timer:1|hp_below:25	1	skill	20076	0	0	ME	0.0	0.0	0.0	0
217949	LDF4a_Owllau_Priest	cycle	1	10	timer:0|hp_between:1:49	0	arm	0	30000	0		0.0	0.0	0.0	0
217949	LDF4a_Owllau_Priest	cycle	1	10	timer:0|hp_between:1:49	1	skill	20075	0	0	ME	0.0	0.0	0.0	0
217949	LDF4a_Owllau_Priest	cycle	2	5	timer:0	0	arm	0	5000	0		0.0	0.0	0.0	0
217949	LDF4a_Owllau_Priest	cycle	3	5	timer:1	0	arm	1	5000	0		0.0	0.0	0.0	0
217950	LDF4a_Owllau_Priest	arm	0	7		0	arm	0	5000	0		0.0	0.0	0.0	0
217950	LDF4a_Owllau_Priest	arm	0	7		1	arm	1	5000	0		0.0	0.0	0.0	0
217950	LDF4a_Owllau_Priest	cycle	0	15	timer:1|hp_below:25	0	say	1500310	0	0		0.0	0.0	0.0	0
217950	LDF4a_Owllau_Priest	cycle	0	15	timer:1|hp_below:25	1	skill	20076	0	0	ME	0.0	0.0	0.0	0
217950	LDF4a_Owllau_Priest	cycle	1	10	timer:0|hp_between:1:49	0	arm	0	30000	0		0.0	0.0	0.0	0
217950	LDF4a_Owllau_Priest	cycle	1	10	timer:0|hp_between:1:49	1	skill	20075	0	0	ME	0.0	0.0	0.0	0
217950	LDF4a_Owllau_Priest	cycle	2	5	timer:0	0	arm	0	5000	0		0.0	0.0	0.0	0
217950	LDF4a_Owllau_Priest	cycle	3	5	timer:1	0	arm	1	5000	0		0.0	0.0	0.0	0
217951	LDF4a_Owllau_Priest	arm	0	7		0	arm	0	5000	0		0.0	0.0	0.0	0
217951	LDF4a_Owllau_Priest	arm	0	7		1	arm	1	5000	0		0.0	0.0	0.0	0
217951	LDF4a_Owllau_Priest	cycle	0	15	timer:1|hp_below:25	0	say	1500310	0	0		0.0	0.0	0.0	0
217951	LDF4a_Owllau_Priest	cycle	0	15	timer:1|hp_below:25	1	skill	20076	0	0	ME	0.0	0.0	0.0	0
217951	LDF4a_Owllau_Priest	cycle	1	10	timer:0|hp_between:1:49	0	arm	0	30000	0		0.0	0.0	0.0	0
217951	LDF4a_Owllau_Priest	cycle	1	10	timer:0|hp_between:1:49	1	skill	20075	0	0	ME	0.0	0.0	0.0	0
217951	LDF4a_Owllau_Priest	cycle	2	5	timer:0	0	arm	0	5000	0		0.0	0.0	0.0	0
217951	LDF4a_Owllau_Priest	cycle	3	5	timer:1	0	arm	1	5000	0		0.0	0.0	0.0	0
217960	LDF4a_Owllau_Fighter	arm	0	7		0	say	1500311	0	0		0.0	0.0	0.0	0
217960	LDF4a_Owllau_Fighter	arm	0	7		1	arm	0	5000	0		0.0	0.0	0.0	0
217960	LDF4a_Owllau_Fighter	arm	0	7		2	skill	20077	0	0	ME	0.0	0.0	0.0	0
217960	LDF4a_Owllau_Fighter	cycle	0	7	timer:0	0	arm	0	20000	0		0.0	0.0	0.0	0
217960	LDF4a_Owllau_Fighter	cycle	0	7	timer:0	1	skill	20078	0	0	MOST_HATED	0.0	0.0	0.0	0
217961	LDF4a_Owllau_Assassin	arm	0	7		0	arm	0	5000	0		0.0	0.0	0.0	0
217961	LDF4a_Owllau_Assassin	cycle	0	7	timer:0	0	arm	0	15000	0		0.0	0.0	0.0	0
217961	LDF4a_Owllau_Assassin	cycle	0	7	timer:0	1	skill	20079	0	0	MOST_HATED	0.0	0.0	0.0	0
217962	LDF4a_Owllau_Priest	arm	0	7		0	arm	0	5000	0		0.0	0.0	0.0	0
217962	LDF4a_Owllau_Priest	arm	0	7		1	arm	1	5000	0		0.0	0.0	0.0	0
217962	LDF4a_Owllau_Priest	cycle	0	15	timer:1|hp_below:25	0	say	1500310	0	0		0.0	0.0	0.0	0
217962	LDF4a_Owllau_Priest	cycle	0	15	timer:1|hp_below:25	1	skill	20076	0	0	ME	0.0	0.0	0.0	0
217962	LDF4a_Owllau_Priest	cycle	1	10	timer:0|hp_between:1:49	0	arm	0	30000	0		0.0	0.0	0.0	0
217962	LDF4a_Owllau_Priest	cycle	1	10	timer:0|hp_between:1:49	1	skill	20075	0	0	ME	0.0	0.0	0.0	0
217962	LDF4a_Owllau_Priest	cycle	2	5	timer:0	0	arm	0	5000	0		0.0	0.0	0.0	0
217962	LDF4a_Owllau_Priest	cycle	3	5	timer:1	0	arm	1	5000	0		0.0	0.0	0.0	0
217967	LDF4a_Fox_Night	arm	0	7		0	arm	0	5000	0		0.0	0.0	0.0	0
217967	LDF4a_Fox_Night	arm	0	7		1	skill	19874	0	0	MOST_HATED	0.0	0.0	0.0	0
217967	LDF4a_Fox_Night	cycle	0	6	timer:0|hp_below:40	0	skill	19853	0	0	ME	0.0	0.0	0.0	0
217967	LDF4a_Fox_Night	cycle	1	5	timer:0	0	arm	0	5000	0		0.0	0.0	0.0	0
217969	LDF4a_Fox_Night	arm	0	7		0	arm	0	5000	0		0.0	0.0	0.0	0
217969	LDF4a_Fox_Night	arm	0	7		1	skill	19874	0	0	MOST_HATED	0.0	0.0	0.0	0
217969	LDF4a_Fox_Night	cycle	0	6	timer:0|hp_below:40	0	skill	19853	0	0	ME	0.0	0.0	0.0	0
217969	LDF4a_Fox_Night	cycle	1	5	timer:0	0	arm	0	5000	0		0.0	0.0	0.0	0
217982	LDF4a_Condor	arm	0	7		0	arm	0	15000	0		0.0	0.0	0.0	0
217982	LDF4a_Condor	arm	0	7		1	skill	19853	0	0	ME	0.0	0.0	0.0	0
217982	LDF4a_Condor	cycle	0	7	timer:0	0	arm	0	25000	0		0.0	0.0	0.0	0
217982	LDF4a_Condor	cycle	0	7	timer:0	1	skill	20126	0	0	ME	0.0	0.0	0.0	0
217983	LDF4a_Condor	arm	0	7		0	arm	0	15000	0		0.0	0.0	0.0	0
217983	LDF4a_Condor	arm	0	7		1	skill	19853	0	0	ME	0.0	0.0	0.0	0
217983	LDF4a_Condor	cycle	0	7	timer:0	0	arm	0	25000	0		0.0	0.0	0.0	0
217983	LDF4a_Condor	cycle	0	7	timer:0	1	skill	20126	0	0	ME	0.0	0.0	0.0	0
217991	LDF4a_Calydon_Fighter	arm	0	7		0	arm	0	5000	0		0.0	0.0	0.0	0
217991	LDF4a_Calydon_Fighter	arm	0	7		1	skill	20081	0	0	ME	0.0	0.0	0.0	0
217991	LDF4a_Calydon_Fighter	cycle	0	7	timer:0	0	arm	0	20000	0		0.0	0.0	0.0	0
217991	LDF4a_Calydon_Fighter	cycle	0	7	timer:0	1	skill	20078	0	0	MOST_HATED	0.0	0.0	0.0	0
217995	LDF4a_Calydon_Fighter	arm	0	7		0	arm	0	5000	0		0.0	0.0	0.0	0
217995	LDF4a_Calydon_Fighter	arm	0	7		1	skill	20081	0	0	ME	0.0	0.0	0.0	0
217995	LDF4a_Calydon_Fighter	cycle	0	7	timer:0	0	arm	0	20000	0		0.0	0.0	0.0	0
217995	LDF4a_Calydon_Fighter	cycle	0	7	timer:0	1	skill	20078	0	0	MOST_HATED	0.0	0.0	0.0	0
217999	LDF4a_Calydon_Priest	arm	0	7		0	arm	0	5000	0		0.0	0.0	0.0	0
217999	LDF4a_Calydon_Priest	arm	0	7		1	arm	1	5000	0		0.0	0.0	0.0	0
217999	LDF4a_Calydon_Priest	cycle	0	15	timer:1|hp_below:25	0	say	1500314	0	0		0.0	0.0	0.0	0
217999	LDF4a_Calydon_Priest	cycle	0	15	timer:1|hp_below:25	1	skill	20076	0	0	ME	0.0	0.0	0.0	0
217999	LDF4a_Calydon_Priest	cycle	1	10	timer:0|hp_between:1:49	0	arm	0	30000	0		0.0	0.0	0.0	0
217999	LDF4a_Calydon_Priest	cycle	1	10	timer:0|hp_between:1:49	1	skill	20075	0	0	ME	0.0	0.0	0.0	0
217999	LDF4a_Calydon_Priest	cycle	2	5	timer:0	0	arm	0	5000	0		0.0	0.0	0.0	0
217999	LDF4a_Calydon_Priest	cycle	3	5	timer:1	0	arm	1	5000	0		0.0	0.0	0.0	0
218000	LDF4a_Calydon_Fighter	arm	0	7		0	arm	0	5000	0		0.0	0.0	0.0	0
218000	LDF4a_Calydon_Fighter	arm	0	7		1	skill	20081	0	0	ME	0.0	0.0	0.0	0
218000	LDF4a_Calydon_Fighter	cycle	0	7	timer:0	0	arm	0	20000	0		0.0	0.0	0.0	0
218000	LDF4a_Calydon_Fighter	cycle	0	7	timer:0	1	skill	20078	0	0	MOST_HATED	0.0	0.0	0.0	0
218004	LDF4a_Calydon_Priest	arm	0	7		0	arm	0	5000	0		0.0	0.0	0.0	0
218004	LDF4a_Calydon_Priest	arm	0	7		1	arm	1	5000	0		0.0	0.0	0.0	0
218004	LDF4a_Calydon_Priest	cycle	0	15	timer:1|hp_below:25	0	say	1500314	0	0		0.0	0.0	0.0	0
218004	LDF4a_Calydon_Priest	cycle	0	15	timer:1|hp_below:25	1	skill	20076	0	0	ME	0.0	0.0	0.0	0
218004	LDF4a_Calydon_Priest	cycle	1	10	timer:0|hp_between:1:49	0	arm	0	30000	0		0.0	0.0	0.0	0
218004	LDF4a_Calydon_Priest	cycle	1	10	timer:0|hp_between:1:49	1	skill	20075	0	0	ME	0.0	0.0	0.0	0
218004	LDF4a_Calydon_Priest	cycle	2	5	timer:0	0	arm	0	5000	0		0.0	0.0	0.0	0
218004	LDF4a_Calydon_Priest	cycle	3	5	timer:1	0	arm	1	5000	0		0.0	0.0	0.0	0
218010	LDF4a_ForestSpider_Ranger	arm	0	7		0	arm	0	5000	0		0.0	0.0	0.0	0
218010	LDF4a_ForestSpider_Ranger	cycle	0	7	timer:0	0	arm	0	25000	0		0.0	0.0	0.0	0
218010	LDF4a_ForestSpider_Ranger	cycle	0	7	timer:0	1	skill	19880	0	0	MOST_HATED	0.0	0.0	0.0	0
218011	LDF4a_ForestSpider_Ranger	arm	0	7		0	arm	0	5000	0		0.0	0.0	0.0	0
218011	LDF4a_ForestSpider_Ranger	cycle	0	7	timer:0	0	arm	0	25000	0		0.0	0.0	0.0	0
218011	LDF4a_ForestSpider_Ranger	cycle	0	7	timer:0	1	skill	19880	0	0	MOST_HATED	0.0	0.0	0.0	0
218012	LDF4a_Mosbear	arm	0	7		0	arm	0	15000	0		0.0	0.0	0.0	0
218012	LDF4a_Mosbear	arm	0	7		1	skill	19853	0	0	ME	0.0	0.0	0.0	0
218012	LDF4a_Mosbear	cycle	0	7	timer:0	0	arm	0	30000	0		0.0	0.0	0.0	0
218012	LDF4a_Mosbear	cycle	0	7	timer:0	1	skill	20129	0	0	ME	0.0	0.0	0.0	0
218013	LDF4a_Mosbear	arm	0	7		0	arm	0	15000	0		0.0	0.0	0.0	0
218013	LDF4a_Mosbear	arm	0	7		1	skill	19853	0	0	ME	0.0	0.0	0.0	0
218013	LDF4a_Mosbear	cycle	0	7	timer:0	0	arm	0	30000	0		0.0	0.0	0.0	0
218013	LDF4a_Mosbear	cycle	0	7	timer:0	1	skill	20129	0	0	ME	0.0	0.0	0.0	0
218018	LDF4a_BrohumM_Fighter	arm	0	7		0	arm	0	10000	0		0.0	0.0	0.0	0
218018	LDF4a_BrohumM_Fighter	cycle	0	7	timer:0	0	arm	0	15000	0		0.0	0.0	0.0	0
218018	LDF4a_BrohumM_Fighter	cycle	0	7	timer:0	1	skill	19882	0	0	MOST_HATED	0.0	0.0	0.0	0
218019	LDF4a_BrohumM_Fighter	arm	0	7		0	arm	0	10000	0		0.0	0.0	0.0	0
218019	LDF4a_BrohumM_Fighter	cycle	0	7	timer:0	0	arm	0	15000	0		0.0	0.0	0.0	0
218019	LDF4a_BrohumM_Fighter	cycle	0	7	timer:0	1	skill	19882	0	0	MOST_HATED	0.0	0.0	0.0	0
218026	LDF4a_Mosbear	arm	0	7		0	arm	0	15000	0		0.0	0.0	0.0	0
218026	LDF4a_Mosbear	arm	0	7		1	skill	19853	0	0	ME	0.0	0.0	0.0	0
218026	LDF4a_Mosbear	cycle	0	7	timer:0	0	arm	0	30000	0		0.0	0.0	0.0	0
218026	LDF4a_Mosbear	cycle	0	7	timer:0	1	skill	20129	0	0	ME	0.0	0.0	0.0	0
218032	LDF4a_Fox_Night	arm	0	7		0	arm	0	5000	0		0.0	0.0	0.0	0
218032	LDF4a_Fox_Night	arm	0	7		1	skill	19874	0	0	MOST_HATED	0.0	0.0	0.0	0
218032	LDF4a_Fox_Night	cycle	0	6	timer:0|hp_below:40	0	skill	19853	0	0	ME	0.0	0.0	0.0	0
218032	LDF4a_Fox_Night	cycle	1	5	timer:0	0	arm	0	5000	0		0.0	0.0	0.0	0
218034	LDF4a_Fox_Night	arm	0	7		0	arm	0	5000	0		0.0	0.0	0.0	0
218034	LDF4a_Fox_Night	arm	0	7		1	skill	19874	0	0	MOST_HATED	0.0	0.0	0.0	0
218034	LDF4a_Fox_Night	cycle	0	6	timer:0|hp_below:40	0	skill	19853	0	0	ME	0.0	0.0	0.0	0
218034	LDF4a_Fox_Night	cycle	1	5	timer:0	0	arm	0	5000	0		0.0	0.0	0.0	0
218037	1Skill_Ev15s_UseSk1T	arm	0	7		0	arm	0	15000	0		0.0	0.0	0.0	0
218037	1Skill_Ev15s_UseSk1T	cycle	0	7	timer:0	0	arm	0	15000	0		0.0	0.0	0.0	0
218037	1Skill_Ev15s_UseSk1T	cycle	0	7	timer:0	1	skill	19834	0	0	MOST_HATED	0.0	0.0	0.0	0
218038	1Skill_Ev15s_UseSk1T	arm	0	7		0	arm	0	15000	0		0.0	0.0	0.0	0
218038	1Skill_Ev15s_UseSk1T	cycle	0	7	timer:0	0	arm	0	15000	0		0.0	0.0	0.0	0
218038	1Skill_Ev15s_UseSk1T	cycle	0	7	timer:0	1	skill	19834	0	0	MOST_HATED	0.0	0.0	0.0	0
218054	Station_Shu_AS	arm	0	6		0	arm	1	6000	0		0.0	0.0	0.0	0
218054	Station_Shu_AS	cycle	0	7	timer:1	0	arm	0	6000	0		0.0	0.0	0.0	0
218054	Station_Shu_AS	cycle	0	7	timer:1	1	say	342337	0	0		0.0	0.0	0.0	0
218054	Station_Shu_AS	cycle	1	5	timer:0	0	arm	0	12000	0		0.0	0.0	0.0	0
218054	Station_Shu_AS	cycle	1	5	timer:0	1	skill	19494	0	0	MOST_HATED	0.0	0.0	0.0	0
218055	LDF4a_Daily_ShulackFi	arm	0	7		0	arm	0	15000	0		0.0	0.0	0.0	0
218055	LDF4a_Daily_ShulackFi	cycle	0	7	timer:0	0	arm	0	15000	0		0.0	0.0	0.0	0
218055	LDF4a_Daily_ShulackFi	cycle	0	7	timer:0	1	skill	19828	0	0	MOST_HATED	0.0	0.0	0.0	0
218056	1Skill_Ev15s_UseSk1T	arm	0	7		0	arm	0	15000	0		0.0	0.0	0.0	0
218056	1Skill_Ev15s_UseSk1T	cycle	0	7	timer:0	0	arm	0	15000	0		0.0	0.0	0.0	0
218056	1Skill_Ev15s_UseSk1T	cycle	0	7	timer:0	1	skill	19828	0	0	MOST_HATED	0.0	0.0	0.0	0
218057	LDF4a_Daily_ShulackRa	arm	0	7		0	arm	0	15000	0		0.0	0.0	0.0	0
218057	LDF4a_Daily_ShulackRa	cycle	0	7	timer:0	0	arm	0	15000	0		0.0	0.0	0.0	0
218057	LDF4a_Daily_ShulackRa	cycle	0	7	timer:0	1	skill	19429	0	0	MOST_HATED	0.0	0.0	0.0	0
218058	1Skill_Ev15s_UseSk1T	arm	0	7		0	arm	0	15000	0		0.0	0.0	0.0	0
218058	1Skill_Ev15s_UseSk1T	cycle	0	7	timer:0	0	arm	0	15000	0		0.0	0.0	0.0	0
218058	1Skill_Ev15s_UseSk1T	cycle	0	7	timer:0	1	skill	19429	0	0	MOST_HATED	0.0	0.0	0.0	0
218061	1Skill_Ev15s_UseSk1T	arm	0	7		0	arm	0	15000	0		0.0	0.0	0.0	0
218061	1Skill_Ev15s_UseSk1T	cycle	0	7	timer:0	0	arm	0	15000	0		0.0	0.0	0.0	0
218061	1Skill_Ev15s_UseSk1T	cycle	0	7	timer:0	1	skill	19835	0	0	MOST_HATED	0.0	0.0	0.0	0
218062	1Skill_Ev15s_UseSk1T	arm	0	7		0	arm	0	15000	0		0.0	0.0	0.0	0
218062	1Skill_Ev15s_UseSk1T	cycle	0	7	timer:0	0	arm	0	15000	0		0.0	0.0	0.0	0
218062	1Skill_Ev15s_UseSk1T	cycle	0	7	timer:0	1	skill	19835	0	0	MOST_HATED	0.0	0.0	0.0	0
218086	LDF4a_Condor	arm	0	7		0	arm	0	15000	0		0.0	0.0	0.0	0
218086	LDF4a_Condor	arm	0	7		1	skill	19853	0	0	ME	0.0	0.0	0.0	0
218086	LDF4a_Condor	cycle	0	7	timer:0	0	arm	0	25000	0		0.0	0.0	0.0	0
218086	LDF4a_Condor	cycle	0	7	timer:0	1	skill	20126	0	0	ME	0.0	0.0	0.0	0
218087	LDF4a_Condor	arm	0	7		0	arm	0	15000	0		0.0	0.0	0.0	0
218087	LDF4a_Condor	arm	0	7		1	skill	19853	0	0	ME	0.0	0.0	0.0	0
218087	LDF4a_Condor	cycle	0	7	timer:0	0	arm	0	25000	0		0.0	0.0	0.0	0
218087	LDF4a_Condor	cycle	0	7	timer:0	1	skill	20126	0	0	ME	0.0	0.0	0.0	0
218098	IDStation_Darkan_1F_P1	arm	0	7		0	skill	19853	0	0	ME	0.0	0.0	0.0	0
218098	IDStation_Darkan_1F_P1	arm	0	7		1	arm	0	10000	0		0.0	0.0	0.0	0
218098	IDStation_Darkan_1F_P1	arm	0	7		2	arm	1	5000	0		0.0	0.0	0.0	0
218098	IDStation_Darkan_1F_P1	cycle	0	7	timer:1|hp_below:30	0	skill	19830	0	0	MOST_HATED	0.0	0.0	0.0	0
218098	IDStation_Darkan_1F_P1	cycle	1	6	timer:1	0	arm	1	5000	0		0.0	0.0	0.0	0
218098	IDStation_Darkan_1F_P1	cycle	2	5	timer:0	0	skill	19828	0	0	MOST_HATED	0.0	0.0	0.0	0
218098	IDStation_Darkan_1F_P1	cycle	2	5	timer:0	1	arm	0	10000	0		0.0	0.0	0.0	0
218099	IDStation_Darkan_1F_P1	arm	0	7		0	skill	19853	0	0	ME	0.0	0.0	0.0	0
218099	IDStation_Darkan_1F_P1	arm	0	7		1	arm	0	10000	0		0.0	0.0	0.0	0
218099	IDStation_Darkan_1F_P1	arm	0	7		2	arm	1	5000	0		0.0	0.0	0.0	0
218099	IDStation_Darkan_1F_P1	cycle	0	7	timer:1|hp_below:30	0	skill	19830	0	0	MOST_HATED	0.0	0.0	0.0	0
218099	IDStation_Darkan_1F_P1	cycle	1	6	timer:1	0	arm	1	5000	0		0.0	0.0	0.0	0
218099	IDStation_Darkan_1F_P1	cycle	2	5	timer:0	0	skill	19828	0	0	MOST_HATED	0.0	0.0	0.0	0
218099	IDStation_Darkan_1F_P1	cycle	2	5	timer:0	1	arm	0	10000	0		0.0	0.0	0.0	0
218100	IDStation_Darkan_1F_P2	arm	0	7		0	skill	19883	0	0	MOST_HATED	0.0	0.0	0.0	0
218100	IDStation_Darkan_1F_P2	arm	0	7		1	arm	0	10000	0		0.0	0.0	0.0	0
218100	IDStation_Darkan_1F_P2	arm	0	7		2	arm	1	5000	0		0.0	0.0	0.0	0
218100	IDStation_Darkan_1F_P2	cycle	0	7	timer:1|hp_below:30	0	skill	19853	0	0	ME	0.0	0.0	0.0	0
218100	IDStation_Darkan_1F_P2	cycle	1	6	timer:1	0	arm	1	5000	0		0.0	0.0	0.0	0
218100	IDStation_Darkan_1F_P2	cycle	2	5	timer:0	0	skill	19429	0	0	MOST_HATED	0.0	0.0	0.0	0
218100	IDStation_Darkan_1F_P2	cycle	2	5	timer:0	1	arm	0	10000	0		0.0	0.0	0.0	0
218101	IDStation_Darkan_1F_P2	arm	0	7		0	skill	19883	0	0	MOST_HATED	0.0	0.0	0.0	0
218101	IDStation_Darkan_1F_P2	arm	0	7		1	arm	0	10000	0		0.0	0.0	0.0	0
218101	IDStation_Darkan_1F_P2	arm	0	7		2	arm	1	5000	0		0.0	0.0	0.0	0
218101	IDStation_Darkan_1F_P2	cycle	0	7	timer:1|hp_below:30	0	skill	19853	0	0	ME	0.0	0.0	0.0	0
218101	IDStation_Darkan_1F_P2	cycle	1	6	timer:1	0	arm	1	5000	0		0.0	0.0	0.0	0
218101	IDStation_Darkan_1F_P2	cycle	2	5	timer:0	0	skill	19429	0	0	MOST_HATED	0.0	0.0	0.0	0
218101	IDStation_Darkan_1F_P2	cycle	2	5	timer:0	1	arm	0	10000	0		0.0	0.0	0.0	0
218104	IDStation_Darkan_1F_P1	arm	0	7		0	skill	19853	0	0	ME	0.0	0.0	0.0	0
218104	IDStation_Darkan_1F_P1	arm	0	7		1	arm	0	10000	0		0.0	0.0	0.0	0
218104	IDStation_Darkan_1F_P1	arm	0	7		2	arm	1	5000	0		0.0	0.0	0.0	0
218104	IDStation_Darkan_1F_P1	cycle	0	7	timer:1|hp_below:30	0	skill	19830	0	0	MOST_HATED	0.0	0.0	0.0	0
218104	IDStation_Darkan_1F_P1	cycle	1	6	timer:1	0	arm	1	5000	0		0.0	0.0	0.0	0
218104	IDStation_Darkan_1F_P1	cycle	2	5	timer:0	0	skill	19828	0	0	MOST_HATED	0.0	0.0	0.0	0
218104	IDStation_Darkan_1F_P1	cycle	2	5	timer:0	1	arm	0	10000	0		0.0	0.0	0.0	0
218105	IDStation_Darkan_1F_P2	arm	0	7		0	skill	19883	0	0	MOST_HATED	0.0	0.0	0.0	0
218105	IDStation_Darkan_1F_P2	arm	0	7		1	arm	0	10000	0		0.0	0.0	0.0	0
218105	IDStation_Darkan_1F_P2	arm	0	7		2	arm	1	5000	0		0.0	0.0	0.0	0
218105	IDStation_Darkan_1F_P2	cycle	0	7	timer:1|hp_below:30	0	skill	19853	0	0	ME	0.0	0.0	0.0	0
218105	IDStation_Darkan_1F_P2	cycle	1	6	timer:1	0	arm	1	5000	0		0.0	0.0	0.0	0
218105	IDStation_Darkan_1F_P2	cycle	2	5	timer:0	0	skill	19429	0	0	MOST_HATED	0.0	0.0	0.0	0
218105	IDStation_Darkan_1F_P2	cycle	2	5	timer:0	1	arm	0	10000	0		0.0	0.0	0.0	0
218116	LDF4a_DrakanWorker_Bomber	arm	0	7		0	arm	0	5000	0		0.0	0.0	0.0	0
218116	LDF4a_DrakanWorker_Bomber	arm	0	7		1	arm	1	10000	0		0.0	0.0	0.0	0
218116	LDF4a_DrakanWorker_Bomber	cycle	0	10	timer:0|hp_below:25	0	say	1500338	0	0		0.0	0.0	0.0	0
218116	LDF4a_DrakanWorker_Bomber	cycle	0	10	timer:0|hp_below:25	1	skill	19836	0	0	ME	0.0	0.0	0.0	0
218116	LDF4a_DrakanWorker_Bomber	cycle	1	7	timer:1	0	arm	1	15000	0		0.0	0.0	0.0	0
218116	LDF4a_DrakanWorker_Bomber	cycle	1	7	timer:1	1	skill	19828	0	0	MOST_HATED	0.0	0.0	0.0	0
218116	LDF4a_DrakanWorker_Bomber	cycle	2	5	timer:0	0	arm	0	5000	0		0.0	0.0	0.0	0
218117	LDF4a_DrakanWorker_Bomber	arm	0	7		0	arm	0	5000	0		0.0	0.0	0.0	0
218117	LDF4a_DrakanWorker_Bomber	arm	0	7		1	arm	1	10000	0		0.0	0.0	0.0	0
218117	LDF4a_DrakanWorker_Bomber	cycle	0	10	timer:0|hp_below:25	0	say	1500338	0	0		0.0	0.0	0.0	0
218117	LDF4a_DrakanWorker_Bomber	cycle	0	10	timer:0|hp_below:25	1	skill	19836	0	0	ME	0.0	0.0	0.0	0
218117	LDF4a_DrakanWorker_Bomber	cycle	1	7	timer:1	0	arm	1	15000	0		0.0	0.0	0.0	0
218117	LDF4a_DrakanWorker_Bomber	cycle	1	7	timer:1	1	skill	19828	0	0	MOST_HATED	0.0	0.0	0.0	0
218117	LDF4a_DrakanWorker_Bomber	cycle	2	5	timer:0	0	arm	0	5000	0		0.0	0.0	0.0	0
218118	IDStation_Darkan_1F_P1	arm	0	7		0	skill	19853	0	0	ME	0.0	0.0	0.0	0
218118	IDStation_Darkan_1F_P1	arm	0	7		1	arm	0	10000	0		0.0	0.0	0.0	0
218118	IDStation_Darkan_1F_P1	arm	0	7		2	arm	1	5000	0		0.0	0.0	0.0	0
218118	IDStation_Darkan_1F_P1	cycle	0	7	timer:1|hp_below:30	0	skill	19830	0	0	MOST_HATED	0.0	0.0	0.0	0
218118	IDStation_Darkan_1F_P1	cycle	1	6	timer:1	0	arm	1	5000	0		0.0	0.0	0.0	0
218118	IDStation_Darkan_1F_P1	cycle	2	5	timer:0	0	skill	19828	0	0	MOST_HATED	0.0	0.0	0.0	0
218118	IDStation_Darkan_1F_P1	cycle	2	5	timer:0	1	arm	0	10000	0		0.0	0.0	0.0	0
218119	IDStation_Darkan_1F_P1	arm	0	7		0	skill	19853	0	0	ME	0.0	0.0	0.0	0
218119	IDStation_Darkan_1F_P1	arm	0	7		1	arm	0	10000	0		0.0	0.0	0.0	0
218119	IDStation_Darkan_1F_P1	arm	0	7		2	arm	1	5000	0		0.0	0.0	0.0	0
218119	IDStation_Darkan_1F_P1	cycle	0	7	timer:1|hp_below:30	0	skill	19830	0	0	MOST_HATED	0.0	0.0	0.0	0
218119	IDStation_Darkan_1F_P1	cycle	1	6	timer:1	0	arm	1	5000	0		0.0	0.0	0.0	0
218119	IDStation_Darkan_1F_P1	cycle	2	5	timer:0	0	skill	19828	0	0	MOST_HATED	0.0	0.0	0.0	0
218119	IDStation_Darkan_1F_P1	cycle	2	5	timer:0	1	arm	0	10000	0		0.0	0.0	0.0	0
218120	IDStation_Darkan_1F_P1	arm	0	7		0	skill	19853	0	0	ME	0.0	0.0	0.0	0
218120	IDStation_Darkan_1F_P1	arm	0	7		1	arm	0	10000	0		0.0	0.0	0.0	0
218120	IDStation_Darkan_1F_P1	arm	0	7		2	arm	1	5000	0		0.0	0.0	0.0	0
218120	IDStation_Darkan_1F_P1	cycle	0	7	timer:1|hp_below:30	0	skill	19830	0	0	MOST_HATED	0.0	0.0	0.0	0
218120	IDStation_Darkan_1F_P1	cycle	1	6	timer:1	0	arm	1	5000	0		0.0	0.0	0.0	0
218120	IDStation_Darkan_1F_P1	cycle	2	5	timer:0	0	skill	19828	0	0	MOST_HATED	0.0	0.0	0.0	0
218120	IDStation_Darkan_1F_P1	cycle	2	5	timer:0	1	arm	0	10000	0		0.0	0.0	0.0	0
218121	IDStation_Darkan_1F_P1	arm	0	7		0	skill	19853	0	0	ME	0.0	0.0	0.0	0
218121	IDStation_Darkan_1F_P1	arm	0	7		1	arm	0	10000	0		0.0	0.0	0.0	0
218121	IDStation_Darkan_1F_P1	arm	0	7		2	arm	1	5000	0		0.0	0.0	0.0	0
218121	IDStation_Darkan_1F_P1	cycle	0	7	timer:1|hp_below:30	0	skill	19830	0	0	MOST_HATED	0.0	0.0	0.0	0
218121	IDStation_Darkan_1F_P1	cycle	1	6	timer:1	0	arm	1	5000	0		0.0	0.0	0.0	0
218121	IDStation_Darkan_1F_P1	cycle	2	5	timer:0	0	skill	19828	0	0	MOST_HATED	0.0	0.0	0.0	0
218121	IDStation_Darkan_1F_P1	cycle	2	5	timer:0	1	arm	0	10000	0		0.0	0.0	0.0	0
218122	IDStation_Darkan_1F_P2	arm	0	7		0	skill	19883	0	0	MOST_HATED	0.0	0.0	0.0	0
218122	IDStation_Darkan_1F_P2	arm	0	7		1	arm	0	10000	0		0.0	0.0	0.0	0
218122	IDStation_Darkan_1F_P2	arm	0	7		2	arm	1	5000	0		0.0	0.0	0.0	0
218122	IDStation_Darkan_1F_P2	cycle	0	7	timer:1|hp_below:30	0	skill	19853	0	0	ME	0.0	0.0	0.0	0
218122	IDStation_Darkan_1F_P2	cycle	1	6	timer:1	0	arm	1	5000	0		0.0	0.0	0.0	0
218122	IDStation_Darkan_1F_P2	cycle	2	5	timer:0	0	skill	19429	0	0	MOST_HATED	0.0	0.0	0.0	0
218122	IDStation_Darkan_1F_P2	cycle	2	5	timer:0	1	arm	0	10000	0		0.0	0.0	0.0	0
218123	IDStation_Darkan_1F_P2	arm	0	7		0	skill	19883	0	0	MOST_HATED	0.0	0.0	0.0	0
218123	IDStation_Darkan_1F_P2	arm	0	7		1	arm	0	10000	0		0.0	0.0	0.0	0
218123	IDStation_Darkan_1F_P2	arm	0	7		2	arm	1	5000	0		0.0	0.0	0.0	0
218123	IDStation_Darkan_1F_P2	cycle	0	7	timer:1|hp_below:30	0	skill	19853	0	0	ME	0.0	0.0	0.0	0
218123	IDStation_Darkan_1F_P2	cycle	1	6	timer:1	0	arm	1	5000	0		0.0	0.0	0.0	0
218123	IDStation_Darkan_1F_P2	cycle	2	5	timer:0	0	skill	19429	0	0	MOST_HATED	0.0	0.0	0.0	0
218123	IDStation_Darkan_1F_P2	cycle	2	5	timer:0	1	arm	0	10000	0		0.0	0.0	0.0	0
218124	IDStation_Darkan_1F_P1	arm	0	7		0	skill	19855	0	0	ME	0.0	0.0	0.0	0
218124	IDStation_Darkan_1F_P1	arm	0	7		1	arm	0	10000	0		0.0	0.0	0.0	0
218124	IDStation_Darkan_1F_P1	arm	0	7		2	arm	1	5000	0		0.0	0.0	0.0	0
218124	IDStation_Darkan_1F_P1	cycle	0	7	timer:1|hp_below:30	0	skill	19834	0	0	MOST_HATED	0.0	0.0	0.0	0
218124	IDStation_Darkan_1F_P1	cycle	1	6	timer:1	0	arm	1	5000	0		0.0	0.0	0.0	0
218124	IDStation_Darkan_1F_P1	cycle	2	5	timer:0	0	skill	19833	0	0	MOST_HATED	0.0	0.0	0.0	0
218124	IDStation_Darkan_1F_P1	cycle	2	5	timer:0	1	arm	0	10000	0		0.0	0.0	0.0	0
218125	IDStation_Darkan_1F_P1	arm	0	7		0	skill	19855	0	0	ME	0.0	0.0	0.0	0
218125	IDStation_Darkan_1F_P1	arm	0	7		1	arm	0	10000	0		0.0	0.0	0.0	0
218125	IDStation_Darkan_1F_P1	arm	0	7		2	arm	1	5000	0		0.0	0.0	0.0	0
218125	IDStation_Darkan_1F_P1	cycle	0	7	timer:1|hp_below:30	0	skill	19834	0	0	MOST_HATED	0.0	0.0	0.0	0
218125	IDStation_Darkan_1F_P1	cycle	1	6	timer:1	0	arm	1	5000	0		0.0	0.0	0.0	0
218125	IDStation_Darkan_1F_P1	cycle	2	5	timer:0	0	skill	19833	0	0	MOST_HATED	0.0	0.0	0.0	0
218125	IDStation_Darkan_1F_P1	cycle	2	5	timer:0	1	arm	0	10000	0		0.0	0.0	0.0	0
218126	LDF4a_Owllau_Priest	arm	0	7		0	arm	0	5000	0		0.0	0.0	0.0	0
218126	LDF4a_Owllau_Priest	arm	0	7		1	arm	1	5000	0		0.0	0.0	0.0	0
218126	LDF4a_Owllau_Priest	cycle	0	15	timer:1|hp_below:25	0	say	1500310	0	0		0.0	0.0	0.0	0
218126	LDF4a_Owllau_Priest	cycle	0	15	timer:1|hp_below:25	1	skill	20076	0	0	ME	0.0	0.0	0.0	0
218126	LDF4a_Owllau_Priest	cycle	1	10	timer:0|hp_between:1:49	0	arm	0	30000	0		0.0	0.0	0.0	0
218126	LDF4a_Owllau_Priest	cycle	1	10	timer:0|hp_between:1:49	1	skill	20075	0	0	ME	0.0	0.0	0.0	0
218126	LDF4a_Owllau_Priest	cycle	2	5	timer:0	0	arm	0	5000	0		0.0	0.0	0.0	0
218126	LDF4a_Owllau_Priest	cycle	3	5	timer:1	0	arm	1	5000	0		0.0	0.0	0.0	0
218127	LDF4a_Owllau_Priest	arm	0	7		0	arm	0	5000	0		0.0	0.0	0.0	0
218127	LDF4a_Owllau_Priest	arm	0	7		1	arm	1	5000	0		0.0	0.0	0.0	0
218127	LDF4a_Owllau_Priest	cycle	0	15	timer:1|hp_below:25	0	say	1500310	0	0		0.0	0.0	0.0	0
218127	LDF4a_Owllau_Priest	cycle	0	15	timer:1|hp_below:25	1	skill	20076	0	0	ME	0.0	0.0	0.0	0
218127	LDF4a_Owllau_Priest	cycle	1	10	timer:0|hp_between:1:49	0	arm	0	30000	0		0.0	0.0	0.0	0
218127	LDF4a_Owllau_Priest	cycle	1	10	timer:0|hp_between:1:49	1	skill	20075	0	0	ME	0.0	0.0	0.0	0
218127	LDF4a_Owllau_Priest	cycle	2	5	timer:0	0	arm	0	5000	0		0.0	0.0	0.0	0
218127	LDF4a_Owllau_Priest	cycle	3	5	timer:1	0	arm	1	5000	0		0.0	0.0	0.0	0
218128	IDStation_Darkan_1F_P1	arm	0	7		0	skill	19853	0	0	ME	0.0	0.0	0.0	0
218128	IDStation_Darkan_1F_P1	arm	0	7		1	arm	0	10000	0		0.0	0.0	0.0	0
218128	IDStation_Darkan_1F_P1	arm	0	7		2	arm	1	5000	0		0.0	0.0	0.0	0
218128	IDStation_Darkan_1F_P1	cycle	0	7	timer:1|hp_below:30	0	skill	19830	0	0	MOST_HATED	0.0	0.0	0.0	0
218128	IDStation_Darkan_1F_P1	cycle	1	6	timer:1	0	arm	1	5000	0		0.0	0.0	0.0	0
218128	IDStation_Darkan_1F_P1	cycle	2	5	timer:0	0	skill	19828	0	0	MOST_HATED	0.0	0.0	0.0	0
218128	IDStation_Darkan_1F_P1	cycle	2	5	timer:0	1	arm	0	10000	0		0.0	0.0	0.0	0
218129	IDStation_Darkan_1F_P1	arm	0	7		0	skill	19853	0	0	ME	0.0	0.0	0.0	0
218129	IDStation_Darkan_1F_P1	arm	0	7		1	arm	0	10000	0		0.0	0.0	0.0	0
218129	IDStation_Darkan_1F_P1	arm	0	7		2	arm	1	5000	0		0.0	0.0	0.0	0
218129	IDStation_Darkan_1F_P1	cycle	0	7	timer:1|hp_below:30	0	skill	19830	0	0	MOST_HATED	0.0	0.0	0.0	0
218129	IDStation_Darkan_1F_P1	cycle	1	6	timer:1	0	arm	1	5000	0		0.0	0.0	0.0	0
218129	IDStation_Darkan_1F_P1	cycle	2	5	timer:0	0	skill	19828	0	0	MOST_HATED	0.0	0.0	0.0	0
218129	IDStation_Darkan_1F_P1	cycle	2	5	timer:0	1	arm	0	10000	0		0.0	0.0	0.0	0
218130	IDStation_Darkan_1F_P1	arm	0	7		0	skill	19853	0	0	ME	0.0	0.0	0.0	0
218130	IDStation_Darkan_1F_P1	arm	0	7		1	arm	0	10000	0		0.0	0.0	0.0	0
218130	IDStation_Darkan_1F_P1	arm	0	7		2	arm	1	5000	0		0.0	0.0	0.0	0
218130	IDStation_Darkan_1F_P1	cycle	0	7	timer:1|hp_below:30	0	skill	19830	0	0	MOST_HATED	0.0	0.0	0.0	0
218130	IDStation_Darkan_1F_P1	cycle	1	6	timer:1	0	arm	1	5000	0		0.0	0.0	0.0	0
218130	IDStation_Darkan_1F_P1	cycle	2	5	timer:0	0	skill	19828	0	0	MOST_HATED	0.0	0.0	0.0	0
218130	IDStation_Darkan_1F_P1	cycle	2	5	timer:0	1	arm	0	10000	0		0.0	0.0	0.0	0
218131	IDStation_Darkan_1F_P1	arm	0	7		0	skill	19853	0	0	ME	0.0	0.0	0.0	0
218131	IDStation_Darkan_1F_P1	arm	0	7		1	arm	0	10000	0		0.0	0.0	0.0	0
218131	IDStation_Darkan_1F_P1	arm	0	7		2	arm	1	5000	0		0.0	0.0	0.0	0
218131	IDStation_Darkan_1F_P1	cycle	0	7	timer:1|hp_below:30	0	skill	19830	0	0	MOST_HATED	0.0	0.0	0.0	0
218131	IDStation_Darkan_1F_P1	cycle	1	6	timer:1	0	arm	1	5000	0		0.0	0.0	0.0	0
218131	IDStation_Darkan_1F_P1	cycle	2	5	timer:0	0	skill	19828	0	0	MOST_HATED	0.0	0.0	0.0	0
218131	IDStation_Darkan_1F_P1	cycle	2	5	timer:0	1	arm	0	10000	0		0.0	0.0	0.0	0
218132	IDStation_Darkan_1F_P2	arm	0	7		0	skill	19883	0	0	MOST_HATED	0.0	0.0	0.0	0
218132	IDStation_Darkan_1F_P2	arm	0	7		1	arm	0	10000	0		0.0	0.0	0.0	0
218132	IDStation_Darkan_1F_P2	arm	0	7		2	arm	1	5000	0		0.0	0.0	0.0	0
218132	IDStation_Darkan_1F_P2	cycle	0	7	timer:1|hp_below:30	0	skill	19853	0	0	ME	0.0	0.0	0.0	0
218132	IDStation_Darkan_1F_P2	cycle	1	6	timer:1	0	arm	1	5000	0		0.0	0.0	0.0	0
218132	IDStation_Darkan_1F_P2	cycle	2	5	timer:0	0	skill	19429	0	0	MOST_HATED	0.0	0.0	0.0	0
218132	IDStation_Darkan_1F_P2	cycle	2	5	timer:0	1	arm	0	10000	0		0.0	0.0	0.0	0
218133	IDStation_Darkan_1F_P2	arm	0	7		0	skill	19883	0	0	MOST_HATED	0.0	0.0	0.0	0
218133	IDStation_Darkan_1F_P2	arm	0	7		1	arm	0	10000	0		0.0	0.0	0.0	0
218133	IDStation_Darkan_1F_P2	arm	0	7		2	arm	1	5000	0		0.0	0.0	0.0	0
218133	IDStation_Darkan_1F_P2	cycle	0	7	timer:1|hp_below:30	0	skill	19853	0	0	ME	0.0	0.0	0.0	0
218133	IDStation_Darkan_1F_P2	cycle	1	6	timer:1	0	arm	1	5000	0		0.0	0.0	0.0	0
218133	IDStation_Darkan_1F_P2	cycle	2	5	timer:0	0	skill	19429	0	0	MOST_HATED	0.0	0.0	0.0	0
218133	IDStation_Darkan_1F_P2	cycle	2	5	timer:0	1	arm	0	10000	0		0.0	0.0	0.0	0
218134	IDStation_Darkan_1F_P1	arm	0	7		0	skill	19855	0	0	ME	0.0	0.0	0.0	0
218134	IDStation_Darkan_1F_P1	arm	0	7		1	arm	0	10000	0		0.0	0.0	0.0	0
218134	IDStation_Darkan_1F_P1	arm	0	7		2	arm	1	5000	0		0.0	0.0	0.0	0
218134	IDStation_Darkan_1F_P1	cycle	0	7	timer:1|hp_below:30	0	skill	19834	0	0	MOST_HATED	0.0	0.0	0.0	0
218134	IDStation_Darkan_1F_P1	cycle	1	6	timer:1	0	arm	1	5000	0		0.0	0.0	0.0	0
218134	IDStation_Darkan_1F_P1	cycle	2	5	timer:0	0	skill	19833	0	0	MOST_HATED	0.0	0.0	0.0	0
218134	IDStation_Darkan_1F_P1	cycle	2	5	timer:0	1	arm	0	10000	0		0.0	0.0	0.0	0
218135	IDStation_Darkan_1F_P1	arm	0	7		0	skill	19855	0	0	ME	0.0	0.0	0.0	0
218135	IDStation_Darkan_1F_P1	arm	0	7		1	arm	0	10000	0		0.0	0.0	0.0	0
218135	IDStation_Darkan_1F_P1	arm	0	7		2	arm	1	5000	0		0.0	0.0	0.0	0
218135	IDStation_Darkan_1F_P1	cycle	0	7	timer:1|hp_below:30	0	skill	19834	0	0	MOST_HATED	0.0	0.0	0.0	0
218135	IDStation_Darkan_1F_P1	cycle	1	6	timer:1	0	arm	1	5000	0		0.0	0.0	0.0	0
218135	IDStation_Darkan_1F_P1	cycle	2	5	timer:0	0	skill	19833	0	0	MOST_HATED	0.0	0.0	0.0	0
218135	IDStation_Darkan_1F_P1	cycle	2	5	timer:0	1	arm	0	10000	0		0.0	0.0	0.0	0
218136	LDF4a_Owllau_Priest	arm	0	7		0	arm	0	5000	0		0.0	0.0	0.0	0
218136	LDF4a_Owllau_Priest	arm	0	7		1	arm	1	5000	0		0.0	0.0	0.0	0
218136	LDF4a_Owllau_Priest	cycle	0	15	timer:1|hp_below:25	0	say	1500310	0	0		0.0	0.0	0.0	0
218136	LDF4a_Owllau_Priest	cycle	0	15	timer:1|hp_below:25	1	skill	20076	0	0	ME	0.0	0.0	0.0	0
218136	LDF4a_Owllau_Priest	cycle	1	10	timer:0|hp_between:1:49	0	arm	0	30000	0		0.0	0.0	0.0	0
218136	LDF4a_Owllau_Priest	cycle	1	10	timer:0|hp_between:1:49	1	skill	20075	0	0	ME	0.0	0.0	0.0	0
218136	LDF4a_Owllau_Priest	cycle	2	5	timer:0	0	arm	0	5000	0		0.0	0.0	0.0	0
218136	LDF4a_Owllau_Priest	cycle	3	5	timer:1	0	arm	1	5000	0		0.0	0.0	0.0	0
218137	LDF4a_Owllau_Priest	arm	0	7		0	arm	0	5000	0		0.0	0.0	0.0	0
218137	LDF4a_Owllau_Priest	arm	0	7		1	arm	1	5000	0		0.0	0.0	0.0	0
218137	LDF4a_Owllau_Priest	cycle	0	15	timer:1|hp_below:25	0	say	1500310	0	0		0.0	0.0	0.0	0
218137	LDF4a_Owllau_Priest	cycle	0	15	timer:1|hp_below:25	1	skill	20076	0	0	ME	0.0	0.0	0.0	0
218137	LDF4a_Owllau_Priest	cycle	1	10	timer:0|hp_between:1:49	0	arm	0	30000	0		0.0	0.0	0.0	0
218137	LDF4a_Owllau_Priest	cycle	1	10	timer:0|hp_between:1:49	1	skill	20075	0	0	ME	0.0	0.0	0.0	0
218137	LDF4a_Owllau_Priest	cycle	2	5	timer:0	0	arm	0	5000	0		0.0	0.0	0.0	0
218137	LDF4a_Owllau_Priest	cycle	3	5	timer:1	0	arm	1	5000	0		0.0	0.0	0.0	0
218140	LDF4A_DrakanScout_UnarmedFighter	arm	0	7		0	arm	0	10000	0		0.0	0.0	0.0	0
218140	LDF4A_DrakanScout_UnarmedFighter	cycle	0	7	timer:0	0	arm	0	10000	0		0.0	0.0	0.0	0
218140	LDF4A_DrakanScout_UnarmedFighter	cycle	0	7	timer:0	1	skill	19828	0	0	MOST_HATED	0.0	0.0	0.0	0
218141	LDF4A_DrakanScout_UnarmedFighter	arm	0	7		0	arm	0	10000	0		0.0	0.0	0.0	0
218141	LDF4A_DrakanScout_UnarmedFighter	cycle	0	7	timer:0	0	arm	0	10000	0		0.0	0.0	0.0	0
218141	LDF4A_DrakanScout_UnarmedFighter	cycle	0	7	timer:0	1	skill	19828	0	0	MOST_HATED	0.0	0.0	0.0	0
218144	1Skill_Ev15s_UseSk1T	arm	0	7		0	arm	0	15000	0		0.0	0.0	0.0	0
218144	1Skill_Ev15s_UseSk1T	cycle	0	7	timer:0	0	arm	0	15000	0		0.0	0.0	0.0	0
218144	1Skill_Ev15s_UseSk1T	cycle	0	7	timer:0	1	skill	19834	0	0	MOST_HATED	0.0	0.0	0.0	0
218145	1Skill_Ev15s_UseSk1T	arm	0	7		0	arm	0	15000	0		0.0	0.0	0.0	0
218145	1Skill_Ev15s_UseSk1T	cycle	0	7	timer:0	0	arm	0	15000	0		0.0	0.0	0.0	0
218145	1Skill_Ev15s_UseSk1T	cycle	0	7	timer:0	1	skill	19834	0	0	MOST_HATED	0.0	0.0	0.0	0
218146	1Skill_Ev15s_UseSk1T	arm	0	7		0	arm	0	15000	0		0.0	0.0	0.0	0
218146	1Skill_Ev15s_UseSk1T	cycle	0	7	timer:0	0	arm	0	15000	0		0.0	0.0	0.0	0
218146	1Skill_Ev15s_UseSk1T	cycle	0	7	timer:0	1	skill	19834	0	0	MOST_HATED	0.0	0.0	0.0	0
218147	LDF4a_DrakanWorker_Bomber	arm	0	7		0	arm	0	5000	0		0.0	0.0	0.0	0
218147	LDF4a_DrakanWorker_Bomber	arm	0	7		1	arm	1	10000	0		0.0	0.0	0.0	0
218147	LDF4a_DrakanWorker_Bomber	cycle	0	10	timer:0|hp_below:25	0	say	1500338	0	0		0.0	0.0	0.0	0
218147	LDF4a_DrakanWorker_Bomber	cycle	0	10	timer:0|hp_below:25	1	skill	19836	0	0	ME	0.0	0.0	0.0	0
218147	LDF4a_DrakanWorker_Bomber	cycle	1	7	timer:1	0	arm	1	15000	0		0.0	0.0	0.0	0
218147	LDF4a_DrakanWorker_Bomber	cycle	1	7	timer:1	1	skill	19828	0	0	MOST_HATED	0.0	0.0	0.0	0
218147	LDF4a_DrakanWorker_Bomber	cycle	2	5	timer:0	0	arm	0	5000	0		0.0	0.0	0.0	0
218154	1Skill_Ev15s_UseSk1T	arm	0	7		0	arm	0	15000	0		0.0	0.0	0.0	0
218154	1Skill_Ev15s_UseSk1T	cycle	0	7	timer:0	0	arm	0	15000	0		0.0	0.0	0.0	0
218154	1Skill_Ev15s_UseSk1T	cycle	0	7	timer:0	1	skill	19834	0	0	MOST_HATED	0.0	0.0	0.0	0
218155	1Skill_Ev15s_UseSk1T	arm	0	7		0	arm	0	15000	0		0.0	0.0	0.0	0
218155	1Skill_Ev15s_UseSk1T	cycle	0	7	timer:0	0	arm	0	15000	0		0.0	0.0	0.0	0
218155	1Skill_Ev15s_UseSk1T	cycle	0	7	timer:0	1	skill	19834	0	0	MOST_HATED	0.0	0.0	0.0	0
218174	IDStation_Darkan_1F_P1	arm	0	7		0	skill	19853	0	0	ME	0.0	0.0	0.0	0
218174	IDStation_Darkan_1F_P1	arm	0	7		1	arm	0	10000	0		0.0	0.0	0.0	0
218174	IDStation_Darkan_1F_P1	arm	0	7		2	arm	1	5000	0		0.0	0.0	0.0	0
218174	IDStation_Darkan_1F_P1	cycle	0	7	timer:1|hp_below:30	0	skill	19830	0	0	MOST_HATED	0.0	0.0	0.0	0
218174	IDStation_Darkan_1F_P1	cycle	1	6	timer:1	0	arm	1	5000	0		0.0	0.0	0.0	0
218174	IDStation_Darkan_1F_P1	cycle	2	5	timer:0	0	skill	19828	0	0	MOST_HATED	0.0	0.0	0.0	0
218174	IDStation_Darkan_1F_P1	cycle	2	5	timer:0	1	arm	0	10000	0		0.0	0.0	0.0	0
218175	IDStation_Darkan_1F_P1	arm	0	7		0	skill	19853	0	0	ME	0.0	0.0	0.0	0
218175	IDStation_Darkan_1F_P1	arm	0	7		1	arm	0	10000	0		0.0	0.0	0.0	0
218175	IDStation_Darkan_1F_P1	arm	0	7		2	arm	1	5000	0		0.0	0.0	0.0	0
218175	IDStation_Darkan_1F_P1	cycle	0	7	timer:1|hp_below:30	0	skill	19830	0	0	MOST_HATED	0.0	0.0	0.0	0
218175	IDStation_Darkan_1F_P1	cycle	1	6	timer:1	0	arm	1	5000	0		0.0	0.0	0.0	0
218175	IDStation_Darkan_1F_P1	cycle	2	5	timer:0	0	skill	19828	0	0	MOST_HATED	0.0	0.0	0.0	0
218175	IDStation_Darkan_1F_P1	cycle	2	5	timer:0	1	arm	0	10000	0		0.0	0.0	0.0	0
218176	IDStation_Darkan_1F_P2	arm	0	7		0	skill	19883	0	0	MOST_HATED	0.0	0.0	0.0	0
218176	IDStation_Darkan_1F_P2	arm	0	7		1	arm	0	10000	0		0.0	0.0	0.0	0
218176	IDStation_Darkan_1F_P2	arm	0	7		2	arm	1	5000	0		0.0	0.0	0.0	0
218176	IDStation_Darkan_1F_P2	cycle	0	7	timer:1|hp_below:30	0	skill	19853	0	0	ME	0.0	0.0	0.0	0
218176	IDStation_Darkan_1F_P2	cycle	1	6	timer:1	0	arm	1	5000	0		0.0	0.0	0.0	0
218176	IDStation_Darkan_1F_P2	cycle	2	5	timer:0	0	skill	19429	0	0	MOST_HATED	0.0	0.0	0.0	0
218176	IDStation_Darkan_1F_P2	cycle	2	5	timer:0	1	arm	0	10000	0		0.0	0.0	0.0	0
218177	IDStation_Darkan_1F_P1	arm	0	7		0	skill	19855	0	0	ME	0.0	0.0	0.0	0
218177	IDStation_Darkan_1F_P1	arm	0	7		1	arm	0	10000	0		0.0	0.0	0.0	0
218177	IDStation_Darkan_1F_P1	arm	0	7		2	arm	1	5000	0		0.0	0.0	0.0	0
218177	IDStation_Darkan_1F_P1	cycle	0	7	timer:1|hp_below:30	0	skill	19834	0	0	MOST_HATED	0.0	0.0	0.0	0
218177	IDStation_Darkan_1F_P1	cycle	1	6	timer:1	0	arm	1	5000	0		0.0	0.0	0.0	0
218177	IDStation_Darkan_1F_P1	cycle	2	5	timer:0	0	skill	19833	0	0	MOST_HATED	0.0	0.0	0.0	0
218177	IDStation_Darkan_1F_P1	cycle	2	5	timer:0	1	arm	0	10000	0		0.0	0.0	0.0	0
218178	LDF4a_Owllau_Priest	arm	0	7		0	arm	0	5000	0		0.0	0.0	0.0	0
218178	LDF4a_Owllau_Priest	arm	0	7		1	arm	1	5000	0		0.0	0.0	0.0	0
218178	LDF4a_Owllau_Priest	cycle	0	15	timer:1|hp_below:25	0	say	1500310	0	0		0.0	0.0	0.0	0
218178	LDF4a_Owllau_Priest	cycle	0	15	timer:1|hp_below:25	1	skill	20076	0	0	ME	0.0	0.0	0.0	0
218178	LDF4a_Owllau_Priest	cycle	1	10	timer:0|hp_between:1:49	0	arm	0	30000	0		0.0	0.0	0.0	0
218178	LDF4a_Owllau_Priest	cycle	1	10	timer:0|hp_between:1:49	1	skill	20075	0	0	ME	0.0	0.0	0.0	0
218178	LDF4a_Owllau_Priest	cycle	2	5	timer:0	0	arm	0	5000	0		0.0	0.0	0.0	0
218178	LDF4a_Owllau_Priest	cycle	3	5	timer:1	0	arm	1	5000	0		0.0	0.0	0.0	0
218182	IDStation_Darkan_1F_P1	arm	0	7		0	skill	19855	0	0	ME	0.0	0.0	0.0	0
218182	IDStation_Darkan_1F_P1	arm	0	7		1	arm	0	10000	0		0.0	0.0	0.0	0
218182	IDStation_Darkan_1F_P1	arm	0	7		2	arm	1	5000	0		0.0	0.0	0.0	0
218182	IDStation_Darkan_1F_P1	cycle	0	7	timer:1|hp_below:30	0	skill	19834	0	0	MOST_HATED	0.0	0.0	0.0	0
218182	IDStation_Darkan_1F_P1	cycle	1	6	timer:1	0	arm	1	5000	0		0.0	0.0	0.0	0
218182	IDStation_Darkan_1F_P1	cycle	2	5	timer:0	0	skill	19833	0	0	MOST_HATED	0.0	0.0	0.0	0
218182	IDStation_Darkan_1F_P1	cycle	2	5	timer:0	1	arm	0	10000	0		0.0	0.0	0.0	0
218188	IDArena_Solo_H1_TempleL_Kn	arm	0	7		0	arm	0	6000	0		0.0	0.0	0.0	0
218188	IDArena_Solo_H1_TempleL_Kn	arm	0	7		1	skill	19575	0	0	MOST_HATED	0.0	0.0	0.0	0
218188	IDArena_Solo_H1_TempleL_Kn	cycle	0	7	timer:0	0	arm	0	6000	0		0.0	0.0	0.0	0
218188	IDArena_Solo_H1_TempleL_Kn	cycle	0	7	timer:0	1	skill	19577	0	0	MOST_HATED	0.0	0.0	0.0	0
218189	IDArena_Solo_H1_TempleL_As	arm	0	7		0	arm	0	6000	0		0.0	0.0	0.0	0
218189	IDArena_Solo_H1_TempleL_As	arm	0	7		1	skill	19579	0	0	MOST_HATED	0.0	0.0	0.0	0
218189	IDArena_Solo_H1_TempleL_As	cycle	0	7	timer:0	0	skill	19578	0	0	MOST_HATED	0.0	0.0	0.0	0
218190	IDArena_Solo_H1_TempleL_Kn	arm	0	7		0	arm	0	6000	0		0.0	0.0	0.0	0
218190	IDArena_Solo_H1_TempleL_Kn	arm	0	7		1	skill	19575	0	0	MOST_HATED	0.0	0.0	0.0	0
218190	IDArena_Solo_H1_TempleL_Kn	cycle	0	7	timer:0	0	arm	0	6000	0		0.0	0.0	0.0	0
218190	IDArena_Solo_H1_TempleL_Kn	cycle	0	7	timer:0	1	skill	19577	0	0	MOST_HATED	0.0	0.0	0.0	0
218191	IDArena_Solo_H1_TempleL_As	arm	0	7		0	arm	0	6000	0		0.0	0.0	0.0	0
218191	IDArena_Solo_H1_TempleL_As	arm	0	7		1	skill	19579	0	0	MOST_HATED	0.0	0.0	0.0	0
218191	IDArena_Solo_H1_TempleL_As	cycle	0	7	timer:0	0	skill	19578	0	0	MOST_HATED	0.0	0.0	0.0	0
218192	IDArena_Solo_H2_TempleL_Fi	arm	0	7		0	arm	0	8000	0		0.0	0.0	0.0	0
218192	IDArena_Solo_H2_TempleL_Fi	arm	0	7		1	skill	19589	0	0	ME	0.0	0.0	0.0	0
218192	IDArena_Solo_H2_TempleL_Fi	cycle	0	7	timer:0|hp_between:26:99	0	arm	0	8000	0		0.0	0.0	0.0	0
218192	IDArena_Solo_H2_TempleL_Fi	cycle	0	7	timer:0|hp_between:26:99	1	skill	19590	0	0	MOST_HATED	0.0	0.0	0.0	0
218192	IDArena_Solo_H2_TempleL_Fi	cycle	0	7	timer:0|hp_between:26:99	2	skill	19591	0	0	MOST_HATED	0.0	0.0	0.0	0
218192	IDArena_Solo_H2_TempleL_Fi	cycle	1	7	timer:0|hp_between:2:23	0	arm	0	8000	0		0.0	0.0	0.0	0
218192	IDArena_Solo_H2_TempleL_Fi	cycle	1	7	timer:0|hp_between:2:23	1	skill	19592	0	0	MOST_HATED	0.0	0.0	0.0	0
218200	IDArena_Solo_H2_TempleD_Fi	arm	0	7		0	arm	0	8000	0		0.0	0.0	0.0	0
218200	IDArena_Solo_H2_TempleD_Fi	arm	0	7		1	skill	19589	0	0	ME	0.0	0.0	0.0	0
218200	IDArena_Solo_H2_TempleD_Fi	cycle	0	7	timer:0|hp_between:26:99	0	arm	0	8000	0		0.0	0.0	0.0	0
218200	IDArena_Solo_H2_TempleD_Fi	cycle	0	7	timer:0|hp_between:26:99	1	skill	19590	0	0	MOST_HATED	0.0	0.0	0.0	0
218200	IDArena_Solo_H2_TempleD_Fi	cycle	0	7	timer:0|hp_between:26:99	2	skill	19591	0	0	MOST_HATED	0.0	0.0	0.0	0
218200	IDArena_Solo_H2_TempleD_Fi	cycle	1	7	timer:0|hp_between:2:23	0	arm	0	8000	0		0.0	0.0	0.0	0
218200	IDArena_Solo_H2_TempleD_Fi	cycle	1	7	timer:0|hp_between:2:23	1	skill	19592	0	0	MOST_HATED	0.0	0.0	0.0	0
218215	LDF4b_T1_Twister_Crack_An	arm	0	2		0	arm	0	8000	0		0.0	0.0	0.0	0
218215	LDF4b_T1_Twister_Crack_An	arm	0	2		1	skill	20238	0	0	MOST_HATED	0.0	0.0	0.0	0
218215	LDF4b_T1_Twister_Crack_An	cycle	0	1	timer:0	0	arm	0	14000	0		0.0	0.0	0.0	0
218215	LDF4b_T1_Twister_Crack_An	cycle	0	1	timer:0	1	skill	20349	0	0	MOST_HATED	0.0	0.0	0.0	0
218216	LDF4b_T1_Slime_Snail_Sand_An	arm	0	2		0	arm	0	8000	0		0.0	0.0	0.0	0
218216	LDF4b_T1_Slime_Snail_Sand_An	arm	0	2		1	skill	20241	0	0	ME	0.0	0.0	0.0	0
218216	LDF4b_T1_Slime_Snail_Sand_An	cycle	0	1	timer:0	0	arm	0	16000	0		0.0	0.0	0.0	0
218216	LDF4b_T1_Slime_Snail_Sand_An	cycle	0	1	timer:0	1	skill	20249	0	0	ME	0.0	0.0	0.0	0
218217	LDF4b_T1_Dionaea_An	arm	0	5		0	arm	0	7000	0		0.0	0.0	0.0	0
218217	LDF4b_T1_Dionaea_An	cycle	0	1	timer:0	0	arm	0	13000	0		0.0	0.0	0.0	0
218217	LDF4b_T1_Dionaea_An	cycle	0	1	timer:0	1	skill	20232	0	0	MOST_HATED	0.0	0.0	0.0	0
218218	LDF4b_T1_Mimic_An	arm	0	2		0	arm	0	8000	0		0.0	0.0	0.0	0
218218	LDF4b_T1_Mimic_An	cycle	0	2	timer:0	0	arm	0	14000	0		0.0	0.0	0.0	0
218218	LDF4b_T1_Mimic_An	cycle	0	2	timer:0	1	skill	20232	0	0	MOST_HATED	0.0	0.0	0.0	0
218219	LDF4b_T1_Flyingeye_An	arm	0	3		0	arm	0	7000	0		0.0	0.0	0.0	0
218219	LDF4b_T1_Flyingeye_An	cycle	0	1	timer:0	0	arm	0	16000	0		0.0	0.0	0.0	0
218219	LDF4b_T1_Flyingeye_An	cycle	0	1	timer:0	1	skill	20349	0	0	MOST_HATED	0.0	0.0	0.0	0
218220	LDF4b_T1_Sandshark_An	arm	0	2		0	arm	0	9000	0		0.0	0.0	0.0	0
218220	LDF4b_T1_Sandshark_An	cycle	0	1	timer:0	0	arm	0	15000	0		0.0	0.0	0.0	0
218220	LDF4b_T1_Sandshark_An	cycle	0	1	timer:0	1	skill	20349	0	0	MOST_HATED	0.0	0.0	0.0	0
218222	LDF4b_T1_Fungy_An	arm	0	2		0	arm	0	7000	0		0.0	0.0	0.0	0
218222	LDF4b_T1_Fungy_An	cycle	0	1	timer:0|hp_below:70	0	arm	0	15000	0		0.0	0.0	0.0	0
218222	LDF4b_T1_Fungy_An	cycle	0	1	timer:0|hp_below:70	1	skill	20250	0	0	ME	0.0	0.0	0.0	0
218223	LDF4b_T1_Cyclops_An	arm	0	2		0	arm	0	8000	0		0.0	0.0	0.0	0
218223	LDF4b_T1_Cyclops_An	cycle	0	1	timer:0	0	arm	0	12000	0		0.0	0.0	0.0	0
218223	LDF4b_T1_Cyclops_An	cycle	0	1	timer:0	1	skill	20232	0	0	MOST_HATED	0.0	0.0	0.0	0
218226	LDF4b_T1_Frillfaimam_An	arm	0	3		0	arm	0	7000	0		0.0	0.0	0.0	0
218226	LDF4b_T1_Frillfaimam_An	arm	0	3		1	skill	20240	0	0	ME	0.0	0.0	0.0	0
218226	LDF4b_T1_Frillfaimam_An	cycle	0	1	timer:0	0	arm	0	16000	0		0.0	0.0	0.0	0
218226	LDF4b_T1_Frillfaimam_An	cycle	0	1	timer:0	1	skill	20232	0	0	MOST_HATED	0.0	0.0	0.0	0
218228	LDF4b_Cavalry_Pagati_NoRide	arm	0	7		0	arm	0	8000	0		0.0	0.0	0.0	0
218228	LDF4b_Cavalry_Pagati_NoRide	cycle	0	5	timer:0	0	arm	0	8000	0		0.0	0.0	0.0	0
218228	LDF4b_Cavalry_Pagati_NoRide	cycle	0	5	timer:0	1	skill	16516	0	0	MOST_HATED	0.0	0.0	0.0	0
218228	LDF4b_Cavalry_Pagati_NoRide	cycle	1	4	timer:0	0	arm	0	3000	0		0.0	0.0	0.0	0
218229	LDF4b_Cavalry_Pagati_Fighter	arm	0	7		0	arm	0	8000	0		0.0	0.0	0.0	0
218229	LDF4b_Cavalry_Pagati_Fighter	arm	0	7		1	skill	19039	0	0	ME	0.0	0.0	0.0	0
218229	LDF4b_Cavalry_Pagati_Fighter	cycle	0	5	timer:0	0	arm	0	8000	0		0.0	0.0	0.0	0
218229	LDF4b_Cavalry_Pagati_Fighter	cycle	0	5	timer:0	1	skill	16516	0	0	MOST_HATED	0.0	0.0	0.0	0
218229	LDF4b_Cavalry_Pagati_Fighter	cycle	1	4	timer:0	0	arm	0	3000	0		0.0	0.0	0.0	0
218230	LDF4b_Cavalry_Pagati_Fighter_58	arm	0	7		0	arm	0	8000	0		0.0	0.0	0.0	0
218230	LDF4b_Cavalry_Pagati_Fighter_58	arm	0	7		1	skill	19039	0	0	ME	0.0	0.0	0.0	0
218230	LDF4b_Cavalry_Pagati_Fighter_58	cycle	0	5	timer:0	0	arm	0	8000	0		0.0	0.0	0.0	0
218230	LDF4b_Cavalry_Pagati_Fighter_58	cycle	0	5	timer:0	1	skill	16516	0	0	MOST_HATED	0.0	0.0	0.0	0
218230	LDF4b_Cavalry_Pagati_Fighter_58	cycle	1	4	timer:0	0	arm	0	3000	0		0.0	0.0	0.0	0
218231	LDF4b_Cavalry_Fallen_Fighter	arm	0	9		0	arm	0	5000	0		0.0	0.0	0.0	0
218231	LDF4b_Cavalry_Fallen_Fighter	arm	0	9		1	skill	17292	0	0	MOST_HATED	0.0	0.0	0.0	0
218231	LDF4b_Cavalry_Fallen_Fighter	cycle	0	8	timer:0	0	arm	0	8000	0		0.0	0.0	0.0	0
218231	LDF4b_Cavalry_Fallen_Fighter	cycle	0	8	timer:0	1	skill	17294	0	0	MOST_HATED	0.0	0.0	0.0	0
218231	LDF4b_Cavalry_Fallen_Fighter	cycle	1	7	timer:0	0	arm	0	3000	0		0.0	0.0	0.0	0
218232	LDF4b_Cavalry_Fallen_Fighter	arm	0	9		0	arm	0	5000	0		0.0	0.0	0.0	0
218232	LDF4b_Cavalry_Fallen_Fighter	arm	0	9		1	skill	17292	0	0	MOST_HATED	0.0	0.0	0.0	0
218232	LDF4b_Cavalry_Fallen_Fighter	cycle	0	8	timer:0	0	arm	0	8000	0		0.0	0.0	0.0	0
218232	LDF4b_Cavalry_Fallen_Fighter	cycle	0	8	timer:0	1	skill	17294	0	0	MOST_HATED	0.0	0.0	0.0	0
218232	LDF4b_Cavalry_Fallen_Fighter	cycle	1	7	timer:0	0	arm	0	3000	0		0.0	0.0	0.0	0
218233	LDF4b_Cavalry_Sikhara_NoRide	arm	0	7		0	arm	0	8000	0		0.0	0.0	0.0	0
218233	LDF4b_Cavalry_Sikhara_NoRide	cycle	0	5	timer:0	0	arm	0	8000	0		0.0	0.0	0.0	0
218233	LDF4b_Cavalry_Sikhara_NoRide	cycle	0	5	timer:0	1	skill	16516	0	0	MOST_HATED	0.0	0.0	0.0	0
218233	LDF4b_Cavalry_Sikhara_NoRide	cycle	1	4	timer:0	0	arm	0	3000	0		0.0	0.0	0.0	0
218234	LDF4b_Cavalry_Sikhara_Scout	arm	0	7		0	arm	0	8000	0		0.0	0.0	0.0	0
218234	LDF4b_Cavalry_Sikhara_Scout	arm	0	7		1	skill	19039	0	0	ME	0.0	0.0	0.0	0
218234	LDF4b_Cavalry_Sikhara_Scout	cycle	0	5	timer:0	0	arm	0	8000	0		0.0	0.0	0.0	0
218234	LDF4b_Cavalry_Sikhara_Scout	cycle	0	5	timer:0	1	skill	16516	0	0	MOST_HATED	0.0	0.0	0.0	0
218234	LDF4b_Cavalry_Sikhara_Scout	cycle	1	4	timer:0	0	arm	0	3000	0		0.0	0.0	0.0	0
218235	LDF4b_Cavalry_Sikhara_Scout_58	arm	0	7		0	arm	0	8000	0		0.0	0.0	0.0	0
218235	LDF4b_Cavalry_Sikhara_Scout_58	arm	0	7		1	skill	19039	0	0	ME	0.0	0.0	0.0	0
218235	LDF4b_Cavalry_Sikhara_Scout_58	cycle	0	5	timer:0	0	arm	0	8000	0		0.0	0.0	0.0	0
218235	LDF4b_Cavalry_Sikhara_Scout_58	cycle	0	5	timer:0	1	skill	16516	0	0	MOST_HATED	0.0	0.0	0.0	0
218235	LDF4b_Cavalry_Sikhara_Scout_58	cycle	1	4	timer:0	0	arm	0	3000	0		0.0	0.0	0.0	0
218236	LDF4b_Cavalry_Fallen_Scout	arm	0	9		0	arm	0	5000	0		0.0	0.0	0.0	0
218236	LDF4b_Cavalry_Fallen_Scout	cycle	0	8	timer:0	0	arm	0	8000	0		0.0	0.0	0.0	0
218236	LDF4b_Cavalry_Fallen_Scout	cycle	0	8	timer:0	1	skill	17313	0	0	MOST_HATED	0.0	0.0	0.0	0
218236	LDF4b_Cavalry_Fallen_Scout	cycle	1	7	timer:0	0	arm	0	3000	0		0.0	0.0	0.0	0
218237	LDF4b_Cavalry_Fallen_Scout	arm	0	9		0	arm	0	5000	0		0.0	0.0	0.0	0
218237	LDF4b_Cavalry_Fallen_Scout	cycle	0	8	timer:0	0	arm	0	8000	0		0.0	0.0	0.0	0
218237	LDF4b_Cavalry_Fallen_Scout	cycle	0	8	timer:0	1	skill	17313	0	0	MOST_HATED	0.0	0.0	0.0	0
218237	LDF4b_Cavalry_Fallen_Scout	cycle	1	7	timer:0	0	arm	0	3000	0		0.0	0.0	0.0	0
218238	LDF4b_TiamatDrakan_Fighter	arm	0	4		0	skill	20241	0	0	ME	0.0	0.0	0.0	0
218238	LDF4b_TiamatDrakan_Fighter	arm	0	4		1	arm	0	4000	0		0.0	0.0	0.0	0
218238	LDF4b_TiamatDrakan_Fighter	arm	0	4		2	arm	1	10000	0		0.0	0.0	0.0	0
218238	LDF4b_TiamatDrakan_Fighter	arm	0	4		3	arm	2	15000	0		0.0	0.0	0.0	0
218238	LDF4b_TiamatDrakan_Fighter	cycle	0	3	timer:0	0	skill	20504	0	0	MOST_HATED	0.0	0.0	0.0	0
218238	LDF4b_TiamatDrakan_Fighter	cycle	0	3	timer:0	1	arm	0	8000	0		0.0	0.0	0.0	0
218238	LDF4b_TiamatDrakan_Fighter	cycle	1	2	timer:1	0	skill	20505	0	0	ME	0.0	0.0	0.0	0
218238	LDF4b_TiamatDrakan_Fighter	cycle	1	2	timer:1	1	skill	20506	0	0	ME	0.0	0.0	0.0	0
218238	LDF4b_TiamatDrakan_Fighter	cycle	1	2	timer:1	2	skill	20507	0	0	ME	0.0	0.0	0.0	0
218238	LDF4b_TiamatDrakan_Fighter	cycle	1	2	timer:1	3	skill	20507	0	0	ME	0.0	0.0	0.0	0
218238	LDF4b_TiamatDrakan_Fighter	cycle	1	2	timer:1	4	arm	1	24000	0		0.0	0.0	0.0	0
218238	LDF4b_TiamatDrakan_Fighter	cycle	2	1	timer:2	0	skill	20247	0	0	ME	0.0	0.0	0.0	0
218238	LDF4b_TiamatDrakan_Fighter	cycle	2	1	timer:2	1	arm	2	25000	0		0.0	0.0	0.0	0
218242	LDF4b_TiamatDrakan_NobleFighter	arm	0	4		0	skill	20241	0	0	ME	0.0	0.0	0.0	0
218242	LDF4b_TiamatDrakan_NobleFighter	arm	0	4		1	arm	0	4000	0		0.0	0.0	0.0	0
218242	LDF4b_TiamatDrakan_NobleFighter	arm	0	4		2	arm	1	10000	0		0.0	0.0	0.0	0
218242	LDF4b_TiamatDrakan_NobleFighter	arm	0	4		3	arm	2	15000	0		0.0	0.0	0.0	0
218242	LDF4b_TiamatDrakan_NobleFighter	cycle	0	3	timer:0	0	skill	20504	0	0	MOST_HATED	0.0	0.0	0.0	0
218242	LDF4b_TiamatDrakan_NobleFighter	cycle	0	3	timer:0	1	arm	0	8000	0		0.0	0.0	0.0	0
218242	LDF4b_TiamatDrakan_NobleFighter	cycle	1	2	timer:1	0	skill	20505	0	0	ME	0.0	0.0	0.0	0
218242	LDF4b_TiamatDrakan_NobleFighter	cycle	1	2	timer:1	1	skill	20506	0	0	ME	0.0	0.0	0.0	0
218242	LDF4b_TiamatDrakan_NobleFighter	cycle	1	2	timer:1	2	skill	20507	0	0	ME	0.0	0.0	0.0	0
218242	LDF4b_TiamatDrakan_NobleFighter	cycle	1	2	timer:1	3	skill	20507	0	0	ME	0.0	0.0	0.0	0
218242	LDF4b_TiamatDrakan_NobleFighter	cycle	1	2	timer:1	4	arm	1	24000	0		0.0	0.0	0.0	0
218242	LDF4b_TiamatDrakan_NobleFighter	cycle	2	1	timer:2	0	skill	20247	0	0	ME	0.0	0.0	0.0	0
218242	LDF4b_TiamatDrakan_NobleFighter	cycle	2	1	timer:2	1	arm	2	25000	0		0.0	0.0	0.0	0
218243	LDF4b_TiamatDrakan_Noblescout	arm	0	4		0	arm	0	4000	0		0.0	0.0	0.0	0
218243	LDF4b_TiamatDrakan_Noblescout	arm	0	4		1	arm	1	6000	0		0.0	0.0	0.0	0
218243	LDF4b_TiamatDrakan_Noblescout	cycle	0	3	timer:0	0	skill	19721	0	0	MOST_HATED	0.0	0.0	0.0	0
218243	LDF4b_TiamatDrakan_Noblescout	cycle	0	3	timer:0	1	skill	19722	0	0	MOST_HATED	0.0	0.0	0.0	0
218243	LDF4b_TiamatDrakan_Noblescout	cycle	0	3	timer:0	2	skill	19723	0	0	MOST_HATED	0.0	0.0	0.0	0
218243	LDF4b_TiamatDrakan_Noblescout	cycle	0	3	timer:0	3	skill	19724	0	0	MOST_HATED	0.0	0.0	0.0	0
218243	LDF4b_TiamatDrakan_Noblescout	cycle	0	3	timer:0	4	skill	19725	0	0	MOST_HATED	0.0	0.0	0.0	0
218243	LDF4b_TiamatDrakan_Noblescout	cycle	0	3	timer:0	5	skill	19726	0	0	MOST_HATED	0.0	0.0	0.0	0
218243	LDF4b_TiamatDrakan_Noblescout	cycle	0	3	timer:0	6	skill	19727	0	0	MOST_HATED	0.0	0.0	0.0	0
218243	LDF4b_TiamatDrakan_Noblescout	cycle	0	3	timer:0	7	skill	19728	0	0	MOST_HATED	0.0	0.0	0.0	0
218243	LDF4b_TiamatDrakan_Noblescout	cycle	0	3	timer:0	8	arm	0	30000	0		0.0	0.0	0.0	0
218243	LDF4b_TiamatDrakan_Noblescout	cycle	1	2	hp_below:30|timer:1	0	skill	19730	0	0	ME	0.0	0.0	0.0	0
218243	LDF4b_TiamatDrakan_Noblescout	cycle	2	1	timer:1	0	arm	1	6000	0		0.0	0.0	0.0	0
218257	LDF4b_T1_DrakanCl_Noble_ItemNamed_58_An	arm	0	3		0	arm	0	6000	0		0.0	0.0	0.0	0
218257	LDF4b_T1_DrakanCl_Noble_ItemNamed_58_An	arm	0	3		1	arm	1	28000	0		0.0	0.0	0.0	0
218257	LDF4b_T1_DrakanCl_Noble_ItemNamed_58_An	cycle	0	2	timer:0	0	skill	20233	0	0	MOST_HATED	0.0	0.0	0.0	0
218257	LDF4b_T1_DrakanCl_Noble_ItemNamed_58_An	cycle	0	2	timer:0	1	arm	0	15000	0		0.0	0.0	0.0	0
218257	LDF4b_T1_DrakanCl_Noble_ItemNamed_58_An	cycle	1	1	timer:1	0	skill	20417	0	0	ME	0.0	0.0	0.0	0
218257	LDF4b_T1_DrakanCl_Noble_ItemNamed_58_An	cycle	1	1	timer:1	1	arm	1	15000	0		0.0	0.0	0.0	0
218258	LDF4b_T1_DrakanSc_Sikara_ItemNamed_58_An	arm	0	3		0	arm	0	15000	0		0.0	0.0	0.0	0
218258	LDF4b_T1_DrakanSc_Sikara_ItemNamed_58_An	arm	0	3		1	arm	1	4000	0		0.0	0.0	0.0	0
218258	LDF4b_T1_DrakanSc_Sikara_ItemNamed_58_An	cycle	0	2	timer:0	0	skill	20233	0	0	MOST_HATED	0.0	0.0	0.0	0
218258	LDF4b_T1_DrakanSc_Sikara_ItemNamed_58_An	cycle	0	2	timer:0	1	arm	0	25000	0		0.0	0.0	0.0	0
218258	LDF4b_T1_DrakanSc_Sikara_ItemNamed_58_An	cycle	1	1	timer:1	0	skill	19657	0	0	ME	0.0	0.0	0.0	0
218258	LDF4b_T1_DrakanSc_Sikara_ItemNamed_58_An	cycle	1	1	timer:1	1	arm	1	6000	0		0.0	0.0	0.0	0
218264	LDF4b_T2_Millipede_An	arm	0	1		0	arm	0	8000	0		0.0	0.0	0.0	0
218264	LDF4b_T2_Millipede_An	cycle	0	1	timer:0	0	arm	0	14000	0		0.0	0.0	0.0	0
218264	LDF4b_T2_Millipede_An	cycle	0	1	timer:0	1	skill	20349	0	0	MOST_HATED	0.0	0.0	0.0	0
218265	LDF4b_T2_Millipede_An	arm	0	1		0	arm	0	8000	0		0.0	0.0	0.0	0
218265	LDF4b_T2_Millipede_An	cycle	0	1	timer:0	0	arm	0	14000	0		0.0	0.0	0.0	0
218265	LDF4b_T2_Millipede_An	cycle	0	1	timer:0	1	skill	20349	0	0	MOST_HATED	0.0	0.0	0.0	0
218268	LDF4b_T2_Guardian_An	arm	0	2		0	arm	0	8000	0		0.0	0.0	0.0	0
218268	LDF4b_T2_Guardian_An	cycle	0	1	timer:0	0	arm	0	11000	0		0.0	0.0	0.0	0
218268	LDF4b_T2_Guardian_An	cycle	0	1	timer:0	1	skill	20232	0	0	MOST_HATED	0.0	0.0	0.0	0
218269	LDF4b_T2_Guardian_An	arm	0	2		0	arm	0	8000	0		0.0	0.0	0.0	0
218269	LDF4b_T2_Guardian_An	cycle	0	1	timer:0	0	arm	0	11000	0		0.0	0.0	0.0	0
218269	LDF4b_T2_Guardian_An	cycle	0	1	timer:0	1	skill	20232	0	0	MOST_HATED	0.0	0.0	0.0	0
218270	LDF4b_T2_Kuillus_An	arm	0	2		0	arm	0	7000	0		0.0	0.0	0.0	0
218270	LDF4b_T2_Kuillus_An	arm	0	2		1	skill	20349	0	0	MOST_HATED	0.0	0.0	0.0	0
218270	LDF4b_T2_Kuillus_An	cycle	0	1	timer:0	0	arm	0	11000	0		0.0	0.0	0.0	0
218270	LDF4b_T2_Kuillus_An	cycle	0	1	timer:0	1	skill	20349	0	0	MOST_HATED	0.0	0.0	0.0	0
218271	LDF4b_T2_Kuillus_An	arm	0	2		0	arm	0	7000	0		0.0	0.0	0.0	0
218271	LDF4b_T2_Kuillus_An	arm	0	2		1	skill	20349	0	0	MOST_HATED	0.0	0.0	0.0	0
218271	LDF4b_T2_Kuillus_An	cycle	0	1	timer:0	0	arm	0	11000	0		0.0	0.0	0.0	0
218271	LDF4b_T2_Kuillus_An	cycle	0	1	timer:0	1	skill	20349	0	0	MOST_HATED	0.0	0.0	0.0	0
218276	LDF4b_T2_NagaGaurdAs_An	arm	0	2		0	arm	0	8000	0		0.0	0.0	0.0	0
218276	LDF4b_T2_NagaGaurdAs_An	arm	0	2		1	skill	20240	0	0	ME	0.0	0.0	0.0	0
218276	LDF4b_T2_NagaGaurdAs_An	cycle	0	1	timer:0	0	arm	0	12000	0		0.0	0.0	0.0	0
218276	LDF4b_T2_NagaGaurdAs_An	cycle	0	1	timer:0	1	skill	20350	0	0	MOST_HATED	0.0	0.0	0.0	0
218278	LDF4b_T2_Rottentree_An	arm	0	2		0	arm	0	8000	0		0.0	0.0	0.0	0
218278	LDF4b_T2_Rottentree_An	arm	0	2		1	skill	20241	0	0	ME	0.0	0.0	0.0	0
218278	LDF4b_T2_Rottentree_An	cycle	0	1	timer:0	0	arm	0	12000	0		0.0	0.0	0.0	0
218278	LDF4b_T2_Rottentree_An	cycle	0	1	timer:0	1	skill	20232	0	0	MOST_HATED	0.0	0.0	0.0	0
218279	LDF4b_T2_Rottentree_An	arm	0	2		0	arm	0	8000	0		0.0	0.0	0.0	0
218279	LDF4b_T2_Rottentree_An	arm	0	2		1	skill	20241	0	0	ME	0.0	0.0	0.0	0
218279	LDF4b_T2_Rottentree_An	cycle	0	1	timer:0	0	arm	0	12000	0		0.0	0.0	0.0	0
218279	LDF4b_T2_Rottentree_An	cycle	0	1	timer:0	1	skill	20232	0	0	MOST_HATED	0.0	0.0	0.0	0
218280	LDF4b_T2_Rottentree_Flower_An	arm	0	2		0	arm	0	8000	0		0.0	0.0	0.0	0
218280	LDF4b_T2_Rottentree_Flower_An	arm	0	2		1	skill	20242	0	0	ME	0.0	0.0	0.0	0
218280	LDF4b_T2_Rottentree_Flower_An	cycle	0	1	timer:0	0	arm	0	15000	0		0.0	0.0	0.0	0
218280	LDF4b_T2_Rottentree_Flower_An	cycle	0	1	timer:0	1	skill	20239	0	0	MOST_HATED	0.0	0.0	0.0	0
218281	LDF4b_T2_Rottentree_Flower_An	arm	0	2		0	arm	0	8000	0		0.0	0.0	0.0	0
218281	LDF4b_T2_Rottentree_Flower_An	arm	0	2		1	skill	20242	0	0	ME	0.0	0.0	0.0	0
218281	LDF4b_T2_Rottentree_Flower_An	cycle	0	1	timer:0	0	arm	0	15000	0		0.0	0.0	0.0	0
218281	LDF4b_T2_Rottentree_Flower_An	cycle	0	1	timer:0	1	skill	20239	0	0	MOST_HATED	0.0	0.0	0.0	0
218296	LDF4b_T2_Spider_Leaf_An	arm	0	2		0	arm	0	7000	0		0.0	0.0	0.0	0
218296	LDF4b_T2_Spider_Leaf_An	cycle	0	1	timer:0	0	arm	0	11000	0		0.0	0.0	0.0	0
218296	LDF4b_T2_Spider_Leaf_An	cycle	0	1	timer:0	1	skill	20350	0	0	MOST_HATED	0.0	0.0	0.0	0
218297	LDF4b_T2_Spider_Leaf_An	arm	0	2		0	arm	0	7000	0		0.0	0.0	0.0	0
218297	LDF4b_T2_Spider_Leaf_An	cycle	0	1	timer:0	0	arm	0	11000	0		0.0	0.0	0.0	0
218297	LDF4b_T2_Spider_Leaf_An	cycle	0	1	timer:0	1	skill	20350	0	0	MOST_HATED	0.0	0.0	0.0	0
218299	LDF4b_TiamatDrakan_Fighter	arm	0	4		0	skill	20241	0	0	ME	0.0	0.0	0.0	0
218299	LDF4b_TiamatDrakan_Fighter	arm	0	4		1	arm	0	4000	0		0.0	0.0	0.0	0
218299	LDF4b_TiamatDrakan_Fighter	arm	0	4		2	arm	1	10000	0		0.0	0.0	0.0	0
218299	LDF4b_TiamatDrakan_Fighter	arm	0	4		3	arm	2	15000	0		0.0	0.0	0.0	0
218299	LDF4b_TiamatDrakan_Fighter	cycle	0	3	timer:0	0	skill	20504	0	0	MOST_HATED	0.0	0.0	0.0	0
218299	LDF4b_TiamatDrakan_Fighter	cycle	0	3	timer:0	1	arm	0	8000	0		0.0	0.0	0.0	0
218299	LDF4b_TiamatDrakan_Fighter	cycle	1	2	timer:1	0	skill	20505	0	0	ME	0.0	0.0	0.0	0
218299	LDF4b_TiamatDrakan_Fighter	cycle	1	2	timer:1	1	skill	20506	0	0	ME	0.0	0.0	0.0	0
218299	LDF4b_TiamatDrakan_Fighter	cycle	1	2	timer:1	2	skill	20507	0	0	ME	0.0	0.0	0.0	0
218299	LDF4b_TiamatDrakan_Fighter	cycle	1	2	timer:1	3	skill	20507	0	0	ME	0.0	0.0	0.0	0
218299	LDF4b_TiamatDrakan_Fighter	cycle	1	2	timer:1	4	arm	1	24000	0		0.0	0.0	0.0	0
218299	LDF4b_TiamatDrakan_Fighter	cycle	2	1	timer:2	0	skill	20247	0	0	ME	0.0	0.0	0.0	0
218299	LDF4b_TiamatDrakan_Fighter	cycle	2	1	timer:2	1	arm	2	25000	0		0.0	0.0	0.0	0
218303	LDF4b_TiamatDrakan_NobleFighter	arm	0	4		0	skill	20241	0	0	ME	0.0	0.0	0.0	0
218303	LDF4b_TiamatDrakan_NobleFighter	arm	0	4		1	arm	0	4000	0		0.0	0.0	0.0	0
218303	LDF4b_TiamatDrakan_NobleFighter	arm	0	4		2	arm	1	10000	0		0.0	0.0	0.0	0
218303	LDF4b_TiamatDrakan_NobleFighter	arm	0	4		3	arm	2	15000	0		0.0	0.0	0.0	0
218303	LDF4b_TiamatDrakan_NobleFighter	cycle	0	3	timer:0	0	skill	20504	0	0	MOST_HATED	0.0	0.0	0.0	0
218303	LDF4b_TiamatDrakan_NobleFighter	cycle	0	3	timer:0	1	arm	0	8000	0		0.0	0.0	0.0	0
218303	LDF4b_TiamatDrakan_NobleFighter	cycle	1	2	timer:1	0	skill	20505	0	0	ME	0.0	0.0	0.0	0
218303	LDF4b_TiamatDrakan_NobleFighter	cycle	1	2	timer:1	1	skill	20506	0	0	ME	0.0	0.0	0.0	0
218303	LDF4b_TiamatDrakan_NobleFighter	cycle	1	2	timer:1	2	skill	20507	0	0	ME	0.0	0.0	0.0	0
218303	LDF4b_TiamatDrakan_NobleFighter	cycle	1	2	timer:1	3	skill	20507	0	0	ME	0.0	0.0	0.0	0
218303	LDF4b_TiamatDrakan_NobleFighter	cycle	1	2	timer:1	4	arm	1	24000	0		0.0	0.0	0.0	0
218303	LDF4b_TiamatDrakan_NobleFighter	cycle	2	1	timer:2	0	skill	20247	0	0	ME	0.0	0.0	0.0	0
218303	LDF4b_TiamatDrakan_NobleFighter	cycle	2	1	timer:2	1	arm	2	25000	0		0.0	0.0	0.0	0
218304	LDF4b_TiamatDrakan_Noblescout	arm	0	4		0	arm	0	4000	0		0.0	0.0	0.0	0
218304	LDF4b_TiamatDrakan_Noblescout	arm	0	4		1	arm	1	6000	0		0.0	0.0	0.0	0
218304	LDF4b_TiamatDrakan_Noblescout	cycle	0	3	timer:0	0	skill	19721	0	0	MOST_HATED	0.0	0.0	0.0	0
218304	LDF4b_TiamatDrakan_Noblescout	cycle	0	3	timer:0	1	skill	19722	0	0	MOST_HATED	0.0	0.0	0.0	0
218304	LDF4b_TiamatDrakan_Noblescout	cycle	0	3	timer:0	2	skill	19723	0	0	MOST_HATED	0.0	0.0	0.0	0
218304	LDF4b_TiamatDrakan_Noblescout	cycle	0	3	timer:0	3	skill	19724	0	0	MOST_HATED	0.0	0.0	0.0	0
218304	LDF4b_TiamatDrakan_Noblescout	cycle	0	3	timer:0	4	skill	19725	0	0	MOST_HATED	0.0	0.0	0.0	0
218304	LDF4b_TiamatDrakan_Noblescout	cycle	0	3	timer:0	5	skill	19726	0	0	MOST_HATED	0.0	0.0	0.0	0
218304	LDF4b_TiamatDrakan_Noblescout	cycle	0	3	timer:0	6	skill	19727	0	0	MOST_HATED	0.0	0.0	0.0	0
218304	LDF4b_TiamatDrakan_Noblescout	cycle	0	3	timer:0	7	skill	19728	0	0	MOST_HATED	0.0	0.0	0.0	0
218304	LDF4b_TiamatDrakan_Noblescout	cycle	0	3	timer:0	8	arm	0	30000	0		0.0	0.0	0.0	0
218304	LDF4b_TiamatDrakan_Noblescout	cycle	1	2	hp_below:30|timer:1	0	skill	19730	0	0	ME	0.0	0.0	0.0	0
218304	LDF4b_TiamatDrakan_Noblescout	cycle	2	1	timer:1	0	arm	1	6000	0		0.0	0.0	0.0	0
218307	LDF4b_Yun_Fighter	arm	0	4		0	skill	20243	0	0	ME	0.0	0.0	0.0	0
218307	LDF4b_Yun_Fighter	arm	0	4		1	arm	0	5000	0		0.0	0.0	0.0	0
218307	LDF4b_Yun_Fighter	arm	0	4		2	arm	1	10000	0		0.0	0.0	0.0	0
218307	LDF4b_Yun_Fighter	arm	0	4		3	arm	2	3000	0		0.0	0.0	0.0	0
218307	LDF4b_Yun_Fighter	cycle	0	3	timer:0	0	skill	20232	0	0	MOST_HATED	0.0	0.0	0.0	0
218307	LDF4b_Yun_Fighter	cycle	0	3	timer:0	1	arm	0	6000	0		0.0	0.0	0.0	0
218307	LDF4b_Yun_Fighter	cycle	1	2	timer:1	0	skill	20240	0	0	ME	0.0	0.0	0.0	0
218307	LDF4b_Yun_Fighter	cycle	1	2	timer:1	1	arm	1	15000	0		0.0	0.0	0.0	0
218308	LDF4b_Yun_Fighter	arm	0	4		0	skill	20243	0	0	ME	0.0	0.0	0.0	0
218308	LDF4b_Yun_Fighter	arm	0	4		1	arm	0	5000	0		0.0	0.0	0.0	0
218308	LDF4b_Yun_Fighter	arm	0	4		2	arm	1	10000	0		0.0	0.0	0.0	0
218308	LDF4b_Yun_Fighter	arm	0	4		3	arm	2	3000	0		0.0	0.0	0.0	0
218308	LDF4b_Yun_Fighter	cycle	0	3	timer:0	0	skill	20232	0	0	MOST_HATED	0.0	0.0	0.0	0
218308	LDF4b_Yun_Fighter	cycle	0	3	timer:0	1	arm	0	6000	0		0.0	0.0	0.0	0
218308	LDF4b_Yun_Fighter	cycle	1	2	timer:1	0	skill	20240	0	0	ME	0.0	0.0	0.0	0
218308	LDF4b_Yun_Fighter	cycle	1	2	timer:1	1	arm	1	15000	0		0.0	0.0	0.0	0
218311	LDF4b_Yun_Scout	arm	0	6		0	spawn	282465	1	5	self	0.0	0.0	0.0	1
218311	LDF4b_Yun_Scout	arm	0	6		1	arm	0	8000	0		0.0	0.0	0.0	0
218311	LDF4b_Yun_Scout	arm	0	6		2	arm	1	15000	0		0.0	0.0	0.0	0
218311	LDF4b_Yun_Scout	cycle	0	5	timer:0	0	skill	20246	0	0	ME	0.0	0.0	0.0	0
218311	LDF4b_Yun_Scout	cycle	0	5	timer:0	1	arm	0	12000	0		0.0	0.0	0.0	0
218311	LDF4b_Yun_Scout	cycle	1	4	timer:1	0	skill	20234	0	0	MOST_HATED	0.0	0.0	0.0	0
218311	LDF4b_Yun_Scout	cycle	1	4	timer:1	1	arm	1	7000	0		0.0	0.0	0.0	0
218312	LDF4b_Yun_Scout	arm	0	6		0	spawn	282465	1	5	self	0.0	0.0	0.0	1
218312	LDF4b_Yun_Scout	arm	0	6		1	arm	0	8000	0		0.0	0.0	0.0	0
218312	LDF4b_Yun_Scout	arm	0	6		2	arm	1	15000	0		0.0	0.0	0.0	0
218312	LDF4b_Yun_Scout	cycle	0	5	timer:0	0	skill	20246	0	0	ME	0.0	0.0	0.0	0
218312	LDF4b_Yun_Scout	cycle	0	5	timer:0	1	arm	0	12000	0		0.0	0.0	0.0	0
218312	LDF4b_Yun_Scout	cycle	1	4	timer:1	0	skill	20234	0	0	MOST_HATED	0.0	0.0	0.0	0
218312	LDF4b_Yun_Scout	cycle	1	4	timer:1	1	arm	1	7000	0		0.0	0.0	0.0	0
218313	LDF4b_Yun_Wizard	arm	0	6		0	arm	0	3000	0		0.0	0.0	0.0	0
218313	LDF4b_Yun_Wizard	arm	0	6		1	arm	1	7000	0		0.0	0.0	0.0	0
218313	LDF4b_Yun_Wizard	arm	0	6		2	arm	2	6000	0		0.0	0.0	0.0	0
218313	LDF4b_Yun_Wizard	arm	0	6		3	arm	3	15000	0		0.0	0.0	0.0	0
218313	LDF4b_Yun_Wizard	cycle	0	5	timer:0	0	skill	20236	0	0	MOST_HATED	0.0	0.0	0.0	0
218313	LDF4b_Yun_Wizard	cycle	0	5	timer:0	1	arm	0	10000	0		0.0	0.0	0.0	0
218313	LDF4b_Yun_Wizard	cycle	1	4	timer:1	0	skill	20353	0	0	ME	0.0	0.0	0.0	0
218313	LDF4b_Yun_Wizard	cycle	1	4	timer:1	1	skill	20354	0	0	ME	0.0	0.0	0.0	0
218313	LDF4b_Yun_Wizard	cycle	1	4	timer:1	2	skill	20354	0	0	ME	0.0	0.0	0.0	0
218313	LDF4b_Yun_Wizard	cycle	1	4	timer:1	3	skill	20354	0	0	ME	0.0	0.0	0.0	0
218313	LDF4b_Yun_Wizard	cycle	1	4	timer:1	4	arm	1	10000	0		0.0	0.0	0.0	0
218313	LDF4b_Yun_Wizard	cycle	2	3	hp_below:50|timer:2	0	skill	20239	0	0	MOST_HATED	0.0	0.0	0.0	0
218313	LDF4b_Yun_Wizard	cycle	2	3	hp_below:50|timer:2	1	arm	2	20000	0		0.0	0.0	0.0	0
218313	LDF4b_Yun_Wizard	cycle	3	2	timer:2	0	arm	2	6000	0		0.0	0.0	0.0	0
218313	LDF4b_Yun_Wizard	cycle	4	1	timer:3	0	skill	20244	0	0	MOST_HATED	0.0	0.0	0.0	0
218313	LDF4b_Yun_Wizard	cycle	4	1	timer:3	1	arm	3	25000	0		0.0	0.0	0.0	0
218314	LDF4b_Yun_Wizard	arm	0	6		0	arm	0	3000	0		0.0	0.0	0.0	0
218314	LDF4b_Yun_Wizard	arm	0	6		1	arm	1	7000	0		0.0	0.0	0.0	0
218314	LDF4b_Yun_Wizard	arm	0	6		2	arm	2	6000	0		0.0	0.0	0.0	0
218314	LDF4b_Yun_Wizard	arm	0	6		3	arm	3	15000	0		0.0	0.0	0.0	0
218314	LDF4b_Yun_Wizard	cycle	0	5	timer:0	0	skill	20236	0	0	MOST_HATED	0.0	0.0	0.0	0
218314	LDF4b_Yun_Wizard	cycle	0	5	timer:0	1	arm	0	10000	0		0.0	0.0	0.0	0
218314	LDF4b_Yun_Wizard	cycle	1	4	timer:1	0	skill	20353	0	0	ME	0.0	0.0	0.0	0
218314	LDF4b_Yun_Wizard	cycle	1	4	timer:1	1	skill	20354	0	0	ME	0.0	0.0	0.0	0
218314	LDF4b_Yun_Wizard	cycle	1	4	timer:1	2	skill	20354	0	0	ME	0.0	0.0	0.0	0
218314	LDF4b_Yun_Wizard	cycle	1	4	timer:1	3	skill	20354	0	0	ME	0.0	0.0	0.0	0
218314	LDF4b_Yun_Wizard	cycle	1	4	timer:1	4	arm	1	10000	0		0.0	0.0	0.0	0
218314	LDF4b_Yun_Wizard	cycle	2	3	hp_below:50|timer:2	0	skill	20239	0	0	MOST_HATED	0.0	0.0	0.0	0
218314	LDF4b_Yun_Wizard	cycle	2	3	hp_below:50|timer:2	1	arm	2	20000	0		0.0	0.0	0.0	0
218314	LDF4b_Yun_Wizard	cycle	3	2	timer:2	0	arm	2	6000	0		0.0	0.0	0.0	0
218314	LDF4b_Yun_Wizard	cycle	4	1	timer:3	0	skill	20244	0	0	MOST_HATED	0.0	0.0	0.0	0
218314	LDF4b_Yun_Wizard	cycle	4	1	timer:3	1	arm	3	25000	0		0.0	0.0	0.0	0
218317	TDown_DrakanFi_Tiamat_60_Ae	arm	0	4		0	skill	20241	0	0	ME	0.0	0.0	0.0	0
218317	TDown_DrakanFi_Tiamat_60_Ae	arm	0	4		1	arm	0	4000	0		0.0	0.0	0.0	0
218317	TDown_DrakanFi_Tiamat_60_Ae	arm	0	4		2	arm	1	10000	0		0.0	0.0	0.0	0
218317	TDown_DrakanFi_Tiamat_60_Ae	arm	0	4		3	arm	2	15000	0		0.0	0.0	0.0	0
218317	TDown_DrakanFi_Tiamat_60_Ae	cycle	0	3	timer:0	0	skill	20504	0	0	MOST_HATED	0.0	0.0	0.0	0
218317	TDown_DrakanFi_Tiamat_60_Ae	cycle	0	3	timer:0	1	arm	0	8000	0		0.0	0.0	0.0	0
218317	TDown_DrakanFi_Tiamat_60_Ae	cycle	1	2	timer:1	0	skill	20505	0	0	ME	0.0	0.0	0.0	0
218317	TDown_DrakanFi_Tiamat_60_Ae	cycle	1	2	timer:1	1	skill	20506	0	0	ME	0.0	0.0	0.0	0
218317	TDown_DrakanFi_Tiamat_60_Ae	cycle	1	2	timer:1	2	skill	20507	0	0	ME	0.0	0.0	0.0	0
218317	TDown_DrakanFi_Tiamat_60_Ae	cycle	1	2	timer:1	3	skill	20507	0	0	ME	0.0	0.0	0.0	0
218317	TDown_DrakanFi_Tiamat_60_Ae	cycle	1	2	timer:1	4	arm	1	24000	0		0.0	0.0	0.0	0
218317	TDown_DrakanFi_Tiamat_60_Ae	cycle	2	1	timer:2	0	skill	20247	0	0	ME	0.0	0.0	0.0	0
218317	TDown_DrakanFi_Tiamat_60_Ae	cycle	2	1	timer:2	1	arm	2	25000	0		0.0	0.0	0.0	0
218321	TDown_DrakanFi_Noble_60_Ae	arm	0	4		0	skill	20241	0	0	ME	0.0	0.0	0.0	0
218321	TDown_DrakanFi_Noble_60_Ae	arm	0	4		1	arm	0	4000	0		0.0	0.0	0.0	0
218321	TDown_DrakanFi_Noble_60_Ae	arm	0	4		2	arm	1	10000	0		0.0	0.0	0.0	0
218321	TDown_DrakanFi_Noble_60_Ae	arm	0	4		3	arm	2	15000	0		0.0	0.0	0.0	0
218321	TDown_DrakanFi_Noble_60_Ae	cycle	0	3	timer:0	0	skill	20504	0	0	MOST_HATED	0.0	0.0	0.0	0
218321	TDown_DrakanFi_Noble_60_Ae	cycle	0	3	timer:0	1	arm	0	8000	0		0.0	0.0	0.0	0
218321	TDown_DrakanFi_Noble_60_Ae	cycle	1	2	timer:1	0	skill	20505	0	0	ME	0.0	0.0	0.0	0
218321	TDown_DrakanFi_Noble_60_Ae	cycle	1	2	timer:1	1	skill	20506	0	0	ME	0.0	0.0	0.0	0
218321	TDown_DrakanFi_Noble_60_Ae	cycle	1	2	timer:1	2	skill	20507	0	0	ME	0.0	0.0	0.0	0
218321	TDown_DrakanFi_Noble_60_Ae	cycle	1	2	timer:1	3	arm	1	24000	0		0.0	0.0	0.0	0
218321	TDown_DrakanFi_Noble_60_Ae	cycle	2	1	timer:2	0	skill	20247	0	0	ME	0.0	0.0	0.0	0
218321	TDown_DrakanFi_Noble_60_Ae	cycle	2	1	timer:2	1	arm	2	25000	0		0.0	0.0	0.0	0
218322	TDown_DrakanSc_Noble_60_Ae	arm	0	4		0	arm	0	4000	0		0.0	0.0	0.0	0
218322	TDown_DrakanSc_Noble_60_Ae	arm	0	4		1	arm	1	6000	0		0.0	0.0	0.0	0
218322	TDown_DrakanSc_Noble_60_Ae	cycle	0	3	timer:0	0	skill	19721	0	0	MOST_HATED	0.0	0.0	0.0	0
218322	TDown_DrakanSc_Noble_60_Ae	cycle	0	3	timer:0	1	skill	19722	0	0	MOST_HATED	0.0	0.0	0.0	0
218322	TDown_DrakanSc_Noble_60_Ae	cycle	0	3	timer:0	2	skill	19723	0	0	MOST_HATED	0.0	0.0	0.0	0
218322	TDown_DrakanSc_Noble_60_Ae	cycle	0	3	timer:0	3	skill	19724	0	0	MOST_HATED	0.0	0.0	0.0	0
218322	TDown_DrakanSc_Noble_60_Ae	cycle	0	3	timer:0	4	skill	19725	0	0	MOST_HATED	0.0	0.0	0.0	0
218322	TDown_DrakanSc_Noble_60_Ae	cycle	0	3	timer:0	5	skill	19726	0	0	MOST_HATED	0.0	0.0	0.0	0
218322	TDown_DrakanSc_Noble_60_Ae	cycle	0	3	timer:0	6	skill	19727	0	0	MOST_HATED	0.0	0.0	0.0	0
218322	TDown_DrakanSc_Noble_60_Ae	cycle	0	3	timer:0	7	skill	19728	0	0	MOST_HATED	0.0	0.0	0.0	0
218322	TDown_DrakanSc_Noble_60_Ae	cycle	0	3	timer:0	8	arm	0	30000	0		0.0	0.0	0.0	0
218322	TDown_DrakanSc_Noble_60_Ae	cycle	1	2	hp_below:30|timer:1	0	skill	19730	0	0	ME	0.0	0.0	0.0	0
218322	TDown_DrakanSc_Noble_60_Ae	cycle	2	1	timer:1	0	arm	1	6000	0		0.0	0.0	0.0	0
218332	LDF4b_T2_YunAs_Named_58_An	arm	0	5		0	arm	0	4000	0		0.0	0.0	0.0	0
218332	LDF4b_T2_YunAs_Named_58_An	arm	0	5		1	arm	1	10000	0		0.0	0.0	0.0	0
218332	LDF4b_T2_YunAs_Named_58_An	arm	0	5		2	arm	2	15000	0		0.0	0.0	0.0	0
218332	LDF4b_T2_YunAs_Named_58_An	arm	0	5		3	arm	3	25000	0		0.0	0.0	0.0	0
218332	LDF4b_T2_YunAs_Named_58_An	arm	0	5		4	skill	20415	0	0	ME	0.0	0.0	0.0	0
218332	LDF4b_T2_YunAs_Named_58_An	cycle	0	4	timer:0	0	skill	20232	0	0	MOST_HATED	0.0	0.0	0.0	0
218332	LDF4b_T2_YunAs_Named_58_An	cycle	0	4	timer:0	1	arm	0	7000	0		0.0	0.0	0.0	0
218332	LDF4b_T2_YunAs_Named_58_An	cycle	1	3	timer:1	0	skill	20416	0	0	ME	0.0	0.0	0.0	0
218332	LDF4b_T2_YunAs_Named_58_An	cycle	1	3	timer:1	1	arm	1	10000	0		0.0	0.0	0.0	0
218332	LDF4b_T2_YunAs_Named_58_An	cycle	2	2	timer:2	0	skill	20415	0	0	ME	0.0	0.0	0.0	0
218332	LDF4b_T2_YunAs_Named_58_An	cycle	2	2	timer:2	1	arm	2	15000	0		0.0	0.0	0.0	0
218333	LDF4b_T2_Yun_Named_59_An	arm	0	5		0	arm	0	4000	0		0.0	0.0	0.0	0
218333	LDF4b_T2_Yun_Named_59_An	arm	0	5		1	arm	1	10000	0		0.0	0.0	0.0	0
218333	LDF4b_T2_Yun_Named_59_An	arm	0	5		2	arm	2	15000	0		0.0	0.0	0.0	0
218333	LDF4b_T2_Yun_Named_59_An	arm	0	5		3	arm	3	25000	0		0.0	0.0	0.0	0
218333	LDF4b_T2_Yun_Named_59_An	arm	0	5		4	skill	20415	0	0	ME	0.0	0.0	0.0	0
218333	LDF4b_T2_Yun_Named_59_An	cycle	0	4	timer:0	0	skill	20232	0	0	MOST_HATED	0.0	0.0	0.0	0
218333	LDF4b_T2_Yun_Named_59_An	cycle	0	4	timer:0	1	arm	0	7000	0		0.0	0.0	0.0	0
218333	LDF4b_T2_Yun_Named_59_An	cycle	1	3	timer:1	0	skill	20416	0	0	ME	0.0	0.0	0.0	0
218333	LDF4b_T2_Yun_Named_59_An	cycle	1	3	timer:1	1	arm	1	10000	0		0.0	0.0	0.0	0
218333	LDF4b_T2_Yun_Named_59_An	cycle	2	2	timer:2	0	skill	20415	0	0	ME	0.0	0.0	0.0	0
218333	LDF4b_T2_Yun_Named_59_An	cycle	2	2	timer:2	1	arm	2	15000	0		0.0	0.0	0.0	0
218334	LDF4b_T2_Yun_ItemNamed_59_An	arm	0	5		0	arm	0	4000	0		0.0	0.0	0.0	0
218334	LDF4b_T2_Yun_ItemNamed_59_An	arm	0	5		1	arm	1	10000	0		0.0	0.0	0.0	0
218334	LDF4b_T2_Yun_ItemNamed_59_An	arm	0	5		2	arm	2	15000	0		0.0	0.0	0.0	0
218334	LDF4b_T2_Yun_ItemNamed_59_An	arm	0	5		3	arm	3	25000	0		0.0	0.0	0.0	0
218334	LDF4b_T2_Yun_ItemNamed_59_An	arm	0	5		4	skill	20415	0	0	ME	0.0	0.0	0.0	0
218334	LDF4b_T2_Yun_ItemNamed_59_An	cycle	0	4	timer:0	0	skill	20232	0	0	MOST_HATED	0.0	0.0	0.0	0
218334	LDF4b_T2_Yun_ItemNamed_59_An	cycle	0	4	timer:0	1	arm	0	7000	0		0.0	0.0	0.0	0
218334	LDF4b_T2_Yun_ItemNamed_59_An	cycle	1	3	timer:1	0	skill	20416	0	0	ME	0.0	0.0	0.0	0
218334	LDF4b_T2_Yun_ItemNamed_59_An	cycle	1	3	timer:1	1	arm	1	10000	0		0.0	0.0	0.0	0
218334	LDF4b_T2_Yun_ItemNamed_59_An	cycle	2	2	timer:2	0	skill	20415	0	0	ME	0.0	0.0	0.0	0
218334	LDF4b_T2_Yun_ItemNamed_59_An	cycle	2	2	timer:2	1	arm	2	15000	0		0.0	0.0	0.0	0
218338	LDF4b_T3_Mudthorn_An	arm	0	2		0	arm	0	7000	0		0.0	0.0	0.0	0
218338	LDF4b_T3_Mudthorn_An	cycle	0	1	timer:0	0	arm	0	16000	0		0.0	0.0	0.0	0
218338	LDF4b_T3_Mudthorn_An	cycle	0	1	timer:0	1	skill	16641	0	0	ME	0.0	0.0	0.0	0
218339	LDF4b_T3_Mudthorn_An	arm	0	2		0	arm	0	7000	0		0.0	0.0	0.0	0
218339	LDF4b_T3_Mudthorn_An	cycle	0	1	timer:0	0	arm	0	16000	0		0.0	0.0	0.0	0
218339	LDF4b_T3_Mudthorn_An	cycle	0	1	timer:0	1	skill	16641	0	0	ME	0.0	0.0	0.0	0
218342	LDF4b_T3_Cyclops_An	arm	0	2		0	arm	0	7000	0		0.0	0.0	0.0	0
218342	LDF4b_T3_Cyclops_An	cycle	0	2	timer:0	0	arm	0	12000	0		0.0	0.0	0.0	0
218342	LDF4b_T3_Cyclops_An	cycle	0	2	timer:0	1	skill	20232	0	0	MOST_HATED	0.0	0.0	0.0	0
218343	LDF4b_T3_Cyclops_An	arm	0	2		0	arm	0	7000	0		0.0	0.0	0.0	0
218343	LDF4b_T3_Cyclops_An	cycle	0	2	timer:0	0	arm	0	12000	0		0.0	0.0	0.0	0
218343	LDF4b_T3_Cyclops_An	cycle	0	2	timer:0	1	skill	20232	0	0	MOST_HATED	0.0	0.0	0.0	0
218346	LDF4b_T3_ElementalFire1_An	arm	0	2		0	arm	0	7000	0		0.0	0.0	0.0	0
218346	LDF4b_T3_ElementalFire1_An	cycle	0	1	timer:0	0	arm	0	16000	0		0.0	0.0	0.0	0
218346	LDF4b_T3_ElementalFire1_An	cycle	0	1	timer:0	1	skill	20236	0	0	MOST_HATED	0.0	0.0	0.0	0
218347	LDF4b_T3_ElementalFire1_An	arm	0	2		0	arm	0	7000	0		0.0	0.0	0.0	0
218347	LDF4b_T3_ElementalFire1_An	cycle	0	1	timer:0	0	arm	0	16000	0		0.0	0.0	0.0	0
218347	LDF4b_T3_ElementalFire1_An	cycle	0	1	timer:0	1	skill	20236	0	0	MOST_HATED	0.0	0.0	0.0	0
218348	LDF4b_T3_ElementalFire2_An	arm	0	2		0	arm	0	7000	0		0.0	0.0	0.0	0
218348	LDF4b_T3_ElementalFire2_An	arm	0	2		1	arm	1	9000	0		0.0	0.0	0.0	0
218348	LDF4b_T3_ElementalFire2_An	arm	0	2		2	skill	20236	0	0	MOST_HATED	0.0	0.0	0.0	0
218348	LDF4b_T3_ElementalFire2_An	cycle	0	2	timer:1	0	arm	1	12000	0		0.0	0.0	0.0	0
218348	LDF4b_T3_ElementalFire2_An	cycle	0	2	timer:1	1	skill	16589	0	0	MOST_HATED	0.0	0.0	0.0	0
218348	LDF4b_T3_ElementalFire2_An	cycle	1	1	timer:0	0	arm	0	13000	0		0.0	0.0	0.0	0
218348	LDF4b_T3_ElementalFire2_An	cycle	1	1	timer:0	1	skill	20236	0	0	MOST_HATED	0.0	0.0	0.0	0
218349	LDF4b_T3_ElementalFire2_An	arm	0	2		0	arm	0	7000	0		0.0	0.0	0.0	0
218349	LDF4b_T3_ElementalFire2_An	arm	0	2		1	arm	1	9000	0		0.0	0.0	0.0	0
218349	LDF4b_T3_ElementalFire2_An	arm	0	2		2	skill	20236	0	0	MOST_HATED	0.0	0.0	0.0	0
218349	LDF4b_T3_ElementalFire2_An	cycle	0	2	timer:1	0	arm	1	12000	0		0.0	0.0	0.0	0
218349	LDF4b_T3_ElementalFire2_An	cycle	0	2	timer:1	1	skill	16589	0	0	MOST_HATED	0.0	0.0	0.0	0
218349	LDF4b_T3_ElementalFire2_An	cycle	1	1	timer:0	0	arm	0	13000	0		0.0	0.0	0.0	0
218349	LDF4b_T3_ElementalFire2_An	cycle	1	1	timer:0	1	skill	20236	0	0	MOST_HATED	0.0	0.0	0.0	0
218356	LDF4b_T3_Cherubim_An	arm	0	2		0	arm	0	8000	0		0.0	0.0	0.0	0
218356	LDF4b_T3_Cherubim_An	arm	0	2		1	skill	20240	0	0	ME	0.0	0.0	0.0	0
218356	LDF4b_T3_Cherubim_An	cycle	0	1	timer:0	0	arm	0	12000	0		0.0	0.0	0.0	0
218356	LDF4b_T3_Cherubim_An	cycle	0	1	timer:0	1	skill	20232	0	0	MOST_HATED	0.0	0.0	0.0	0
218357	LDF4b_T3_Cherubim_An	arm	0	2		0	arm	0	8000	0		0.0	0.0	0.0	0
218357	LDF4b_T3_Cherubim_An	arm	0	2		1	skill	20240	0	0	ME	0.0	0.0	0.0	0
218357	LDF4b_T3_Cherubim_An	cycle	0	1	timer:0	0	arm	0	12000	0		0.0	0.0	0.0	0
218357	LDF4b_T3_Cherubim_An	cycle	0	1	timer:0	1	skill	20232	0	0	MOST_HATED	0.0	0.0	0.0	0
218366	LDF4b_T3_Agrint_Burn_An	arm	0	2		0	arm	0	7000	0		0.0	0.0	0.0	0
218366	LDF4b_T3_Agrint_Burn_An	cycle	0	1	timer:0	0	arm	0	14000	0		0.0	0.0	0.0	0
218366	LDF4b_T3_Agrint_Burn_An	cycle	0	1	timer:0	1	skill	20236	0	0	MOST_HATED	0.0	0.0	0.0	0
218367	LDF4b_T3_Agrint_Burn_An	arm	0	2		0	arm	0	7000	0		0.0	0.0	0.0	0
218367	LDF4b_T3_Agrint_Burn_An	cycle	0	1	timer:0	0	arm	0	14000	0		0.0	0.0	0.0	0
218367	LDF4b_T3_Agrint_Burn_An	cycle	0	1	timer:0	1	skill	20236	0	0	MOST_HATED	0.0	0.0	0.0	0
218368	LDF4b_T3_Corn_Spring_An	arm	0	2		0	arm	0	7000	0		0.0	0.0	0.0	0
218368	LDF4b_T3_Corn_Spring_An	arm	0	2		1	skill	20238	0	0	MOST_HATED	0.0	0.0	0.0	0
218368	LDF4b_T3_Corn_Spring_An	cycle	0	1	timer:0	0	arm	0	14000	0		0.0	0.0	0.0	0
218368	LDF4b_T3_Corn_Spring_An	cycle	0	1	timer:0	1	skill	20350	0	0	MOST_HATED	0.0	0.0	0.0	0
218369	LDF4b_T3_Corn_Spring_An	arm	0	2		0	arm	0	7000	0		0.0	0.0	0.0	0
218369	LDF4b_T3_Corn_Spring_An	arm	0	2		1	skill	20238	0	0	MOST_HATED	0.0	0.0	0.0	0
218369	LDF4b_T3_Corn_Spring_An	cycle	0	1	timer:0	0	arm	0	14000	0		0.0	0.0	0.0	0
218369	LDF4b_T3_Corn_Spring_An	cycle	0	1	timer:0	1	skill	20350	0	0	MOST_HATED	0.0	0.0	0.0	0
218372	LDF4b_T3_StarturtleBaby_An	arm	0	2		0	arm	0	8000	0		0.0	0.0	0.0	0
218372	LDF4b_T3_StarturtleBaby_An	cycle	0	1	timer:0	0	arm	0	14000	0		0.0	0.0	0.0	0
218372	LDF4b_T3_StarturtleBaby_An	cycle	0	1	timer:0	1	skill	20232	0	0	MOST_HATED	0.0	0.0	0.0	0
218379	LDF4b_TiamatDrakan_Fighter	arm	0	4		0	skill	20241	0	0	ME	0.0	0.0	0.0	0
218379	LDF4b_TiamatDrakan_Fighter	arm	0	4		1	arm	0	4000	0		0.0	0.0	0.0	0
218379	LDF4b_TiamatDrakan_Fighter	arm	0	4		2	arm	1	10000	0		0.0	0.0	0.0	0
218379	LDF4b_TiamatDrakan_Fighter	arm	0	4		3	arm	2	15000	0		0.0	0.0	0.0	0
218379	LDF4b_TiamatDrakan_Fighter	cycle	0	3	timer:0	0	skill	20504	0	0	MOST_HATED	0.0	0.0	0.0	0
218379	LDF4b_TiamatDrakan_Fighter	cycle	0	3	timer:0	1	arm	0	8000	0		0.0	0.0	0.0	0
218379	LDF4b_TiamatDrakan_Fighter	cycle	1	2	timer:1	0	skill	20505	0	0	ME	0.0	0.0	0.0	0
218379	LDF4b_TiamatDrakan_Fighter	cycle	1	2	timer:1	1	skill	20506	0	0	ME	0.0	0.0	0.0	0
218379	LDF4b_TiamatDrakan_Fighter	cycle	1	2	timer:1	2	skill	20507	0	0	ME	0.0	0.0	0.0	0
218379	LDF4b_TiamatDrakan_Fighter	cycle	1	2	timer:1	3	skill	20507	0	0	ME	0.0	0.0	0.0	0
218379	LDF4b_TiamatDrakan_Fighter	cycle	1	2	timer:1	4	arm	1	24000	0		0.0	0.0	0.0	0
218379	LDF4b_TiamatDrakan_Fighter	cycle	2	1	timer:2	0	skill	20247	0	0	ME	0.0	0.0	0.0	0
218379	LDF4b_TiamatDrakan_Fighter	cycle	2	1	timer:2	1	arm	2	25000	0		0.0	0.0	0.0	0
218383	LDF4b_TiamatDrakan_NobleFighter	arm	0	4		0	skill	20241	0	0	ME	0.0	0.0	0.0	0
218383	LDF4b_TiamatDrakan_NobleFighter	arm	0	4		1	arm	0	4000	0		0.0	0.0	0.0	0
218383	LDF4b_TiamatDrakan_NobleFighter	arm	0	4		2	arm	1	10000	0		0.0	0.0	0.0	0
218383	LDF4b_TiamatDrakan_NobleFighter	arm	0	4		3	arm	2	15000	0		0.0	0.0	0.0	0
218383	LDF4b_TiamatDrakan_NobleFighter	cycle	0	3	timer:0	0	skill	20504	0	0	MOST_HATED	0.0	0.0	0.0	0
218383	LDF4b_TiamatDrakan_NobleFighter	cycle	0	3	timer:0	1	arm	0	8000	0		0.0	0.0	0.0	0
218383	LDF4b_TiamatDrakan_NobleFighter	cycle	1	2	timer:1	0	skill	20505	0	0	ME	0.0	0.0	0.0	0
218383	LDF4b_TiamatDrakan_NobleFighter	cycle	1	2	timer:1	1	skill	20506	0	0	ME	0.0	0.0	0.0	0
218383	LDF4b_TiamatDrakan_NobleFighter	cycle	1	2	timer:1	2	skill	20507	0	0	ME	0.0	0.0	0.0	0
218383	LDF4b_TiamatDrakan_NobleFighter	cycle	1	2	timer:1	3	skill	20507	0	0	ME	0.0	0.0	0.0	0
218383	LDF4b_TiamatDrakan_NobleFighter	cycle	1	2	timer:1	4	arm	1	24000	0		0.0	0.0	0.0	0
218383	LDF4b_TiamatDrakan_NobleFighter	cycle	2	1	timer:2	0	skill	20247	0	0	ME	0.0	0.0	0.0	0
218383	LDF4b_TiamatDrakan_NobleFighter	cycle	2	1	timer:2	1	arm	2	25000	0		0.0	0.0	0.0	0
218384	LDF4b_TiamatDrakan_Noblescout	arm	0	4		0	arm	0	4000	0		0.0	0.0	0.0	0
218384	LDF4b_TiamatDrakan_Noblescout	arm	0	4		1	arm	1	6000	0		0.0	0.0	0.0	0
218384	LDF4b_TiamatDrakan_Noblescout	cycle	0	3	timer:0	0	skill	19721	0	0	MOST_HATED	0.0	0.0	0.0	0
218384	LDF4b_TiamatDrakan_Noblescout	cycle	0	3	timer:0	1	skill	19722	0	0	MOST_HATED	0.0	0.0	0.0	0
218384	LDF4b_TiamatDrakan_Noblescout	cycle	0	3	timer:0	2	skill	19723	0	0	MOST_HATED	0.0	0.0	0.0	0
218384	LDF4b_TiamatDrakan_Noblescout	cycle	0	3	timer:0	3	skill	19724	0	0	MOST_HATED	0.0	0.0	0.0	0
218384	LDF4b_TiamatDrakan_Noblescout	cycle	0	3	timer:0	4	skill	19725	0	0	MOST_HATED	0.0	0.0	0.0	0
218384	LDF4b_TiamatDrakan_Noblescout	cycle	0	3	timer:0	5	skill	19726	0	0	MOST_HATED	0.0	0.0	0.0	0
218384	LDF4b_TiamatDrakan_Noblescout	cycle	0	3	timer:0	6	skill	19727	0	0	MOST_HATED	0.0	0.0	0.0	0
218384	LDF4b_TiamatDrakan_Noblescout	cycle	0	3	timer:0	7	skill	19728	0	0	MOST_HATED	0.0	0.0	0.0	0
218384	LDF4b_TiamatDrakan_Noblescout	cycle	0	3	timer:0	8	arm	0	30000	0		0.0	0.0	0.0	0
218384	LDF4b_TiamatDrakan_Noblescout	cycle	1	2	hp_below:30|timer:1	0	skill	19730	0	0	ME	0.0	0.0	0.0	0
218384	LDF4b_TiamatDrakan_Noblescout	cycle	2	1	timer:1	0	arm	1	6000	0		0.0	0.0	0.0	0
218387	LDF4b_Fanatic_Fighter	arm	0	4		0	skill	20240	0	0	ME	0.0	0.0	0.0	0
218387	LDF4b_Fanatic_Fighter	arm	0	4		1	arm	0	5000	0		0.0	0.0	0.0	0
218387	LDF4b_Fanatic_Fighter	arm	0	4		2	arm	1	10000	0		0.0	0.0	0.0	0
218387	LDF4b_Fanatic_Fighter	cycle	0	3	timer:0	0	skill	20232	0	0	MOST_HATED	0.0	0.0	0.0	0
218387	LDF4b_Fanatic_Fighter	cycle	0	3	timer:0	1	arm	0	6000	0		0.0	0.0	0.0	0
218387	LDF4b_Fanatic_Fighter	cycle	1	2	timer:1	0	skill	20240	0	0	ME	0.0	0.0	0.0	0
218387	LDF4b_Fanatic_Fighter	cycle	1	2	timer:1	1	arm	1	15000	0		0.0	0.0	0.0	0
218388	LDF4b_Fanatic_Fighter	arm	0	4		0	skill	20240	0	0	ME	0.0	0.0	0.0	0
218388	LDF4b_Fanatic_Fighter	arm	0	4		1	arm	0	5000	0		0.0	0.0	0.0	0
218388	LDF4b_Fanatic_Fighter	arm	0	4		2	arm	1	10000	0		0.0	0.0	0.0	0
218388	LDF4b_Fanatic_Fighter	cycle	0	3	timer:0	0	skill	20232	0	0	MOST_HATED	0.0	0.0	0.0	0
218388	LDF4b_Fanatic_Fighter	cycle	0	3	timer:0	1	arm	0	6000	0		0.0	0.0	0.0	0
218388	LDF4b_Fanatic_Fighter	cycle	1	2	timer:1	0	skill	20240	0	0	ME	0.0	0.0	0.0	0
218388	LDF4b_Fanatic_Fighter	cycle	1	2	timer:1	1	arm	1	15000	0		0.0	0.0	0.0	0
218391	LDF4b_Fanatic_Scout	arm	0	6		0	spawn	282465	1	5	self	0.0	0.0	0.0	1
218391	LDF4b_Fanatic_Scout	arm	0	6		1	arm	0	8000	0		0.0	0.0	0.0	0
218391	LDF4b_Fanatic_Scout	arm	0	6		2	arm	1	15000	0		0.0	0.0	0.0	0
218391	LDF4b_Fanatic_Scout	cycle	0	5	timer:0	0	skill	20246	0	0	ME	0.0	0.0	0.0	0
218391	LDF4b_Fanatic_Scout	cycle	0	5	timer:0	1	arm	0	12000	0		0.0	0.0	0.0	0
218391	LDF4b_Fanatic_Scout	cycle	1	4	timer:1	0	skill	20234	0	0	MOST_HATED	0.0	0.0	0.0	0
218391	LDF4b_Fanatic_Scout	cycle	1	4	timer:1	1	arm	1	7000	0		0.0	0.0	0.0	0
218392	LDF4b_Fanatic_Scout	arm	0	6		0	spawn	282465	1	5	self	0.0	0.0	0.0	1
218392	LDF4b_Fanatic_Scout	arm	0	6		1	arm	0	8000	0		0.0	0.0	0.0	0
218392	LDF4b_Fanatic_Scout	arm	0	6		2	arm	1	15000	0		0.0	0.0	0.0	0
218392	LDF4b_Fanatic_Scout	cycle	0	5	timer:0	0	skill	20246	0	0	ME	0.0	0.0	0.0	0
218392	LDF4b_Fanatic_Scout	cycle	0	5	timer:0	1	arm	0	12000	0		0.0	0.0	0.0	0
218392	LDF4b_Fanatic_Scout	cycle	1	4	timer:1	0	skill	20234	0	0	MOST_HATED	0.0	0.0	0.0	0
218392	LDF4b_Fanatic_Scout	cycle	1	4	timer:1	1	arm	1	7000	0		0.0	0.0	0.0	0
218395	LDF4b_Fanatic_Elementalist	arm	0	6		0	arm	0	3000	0		0.0	0.0	0.0	0
218395	LDF4b_Fanatic_Elementalist	arm	0	6		1	arm	1	7000	0		0.0	0.0	0.0	0
218395	LDF4b_Fanatic_Elementalist	arm	0	6		2	arm	2	6000	0		0.0	0.0	0.0	0
218395	LDF4b_Fanatic_Elementalist	arm	0	6		3	arm	3	15000	0		0.0	0.0	0.0	0
218395	LDF4b_Fanatic_Elementalist	cycle	0	5	timer:0	0	skill	20236	0	0	MOST_HATED	0.0	0.0	0.0	0
218395	LDF4b_Fanatic_Elementalist	cycle	0	5	timer:0	1	arm	0	10000	0		0.0	0.0	0.0	0
218395	LDF4b_Fanatic_Elementalist	cycle	1	4	timer:1	0	skill	20353	0	0	ME	0.0	0.0	0.0	0
218395	LDF4b_Fanatic_Elementalist	cycle	1	4	timer:1	1	skill	20354	0	0	ME	0.0	0.0	0.0	0
218395	LDF4b_Fanatic_Elementalist	cycle	1	4	timer:1	2	skill	20354	0	0	ME	0.0	0.0	0.0	0
218395	LDF4b_Fanatic_Elementalist	cycle	1	4	timer:1	3	skill	20354	0	0	ME	0.0	0.0	0.0	0
218395	LDF4b_Fanatic_Elementalist	cycle	1	4	timer:1	4	arm	1	10000	0		0.0	0.0	0.0	0
218395	LDF4b_Fanatic_Elementalist	cycle	2	3	hp_below:50|timer:2	0	skill	20239	0	0	MOST_HATED	0.0	0.0	0.0	0
218395	LDF4b_Fanatic_Elementalist	cycle	2	3	hp_below:50|timer:2	1	arm	2	20000	0		0.0	0.0	0.0	0
218395	LDF4b_Fanatic_Elementalist	cycle	3	2	timer:2	0	arm	2	6000	0		0.0	0.0	0.0	0
218395	LDF4b_Fanatic_Elementalist	cycle	4	1	timer:3	0	skill	20244	0	0	MOST_HATED	0.0	0.0	0.0	0
218395	LDF4b_Fanatic_Elementalist	cycle	4	1	timer:3	1	arm	3	25000	0		0.0	0.0	0.0	0
218396	LDF4b_Fanatic_Elementalist	arm	0	6		0	arm	0	3000	0		0.0	0.0	0.0	0
218396	LDF4b_Fanatic_Elementalist	arm	0	6		1	arm	1	7000	0		0.0	0.0	0.0	0
218396	LDF4b_Fanatic_Elementalist	arm	0	6		2	arm	2	6000	0		0.0	0.0	0.0	0
218396	LDF4b_Fanatic_Elementalist	arm	0	6		3	arm	3	15000	0		0.0	0.0	0.0	0
218396	LDF4b_Fanatic_Elementalist	cycle	0	5	timer:0	0	skill	20236	0	0	MOST_HATED	0.0	0.0	0.0	0
218396	LDF4b_Fanatic_Elementalist	cycle	0	5	timer:0	1	arm	0	10000	0		0.0	0.0	0.0	0
218396	LDF4b_Fanatic_Elementalist	cycle	1	4	timer:1	0	skill	20353	0	0	ME	0.0	0.0	0.0	0
218396	LDF4b_Fanatic_Elementalist	cycle	1	4	timer:1	1	skill	20354	0	0	ME	0.0	0.0	0.0	0
218396	LDF4b_Fanatic_Elementalist	cycle	1	4	timer:1	2	skill	20354	0	0	ME	0.0	0.0	0.0	0
218396	LDF4b_Fanatic_Elementalist	cycle	1	4	timer:1	3	skill	20354	0	0	ME	0.0	0.0	0.0	0
218396	LDF4b_Fanatic_Elementalist	cycle	1	4	timer:1	4	arm	1	10000	0		0.0	0.0	0.0	0
218396	LDF4b_Fanatic_Elementalist	cycle	2	3	hp_below:50|timer:2	0	skill	20239	0	0	MOST_HATED	0.0	0.0	0.0	0
218396	LDF4b_Fanatic_Elementalist	cycle	2	3	hp_below:50|timer:2	1	arm	2	20000	0		0.0	0.0	0.0	0
218396	LDF4b_Fanatic_Elementalist	cycle	3	2	timer:2	0	arm	2	6000	0		0.0	0.0	0.0	0
218396	LDF4b_Fanatic_Elementalist	cycle	4	1	timer:3	0	skill	20244	0	0	MOST_HATED	0.0	0.0	0.0	0
218396	LDF4b_Fanatic_Elementalist	cycle	4	1	timer:3	1	arm	3	25000	0		0.0	0.0	0.0	0
218397	LDF4b_Fanatic_Wizard	arm	0	6		0	arm	0	3000	0		0.0	0.0	0.0	0
218397	LDF4b_Fanatic_Wizard	arm	0	6		1	arm	1	7000	0		0.0	0.0	0.0	0
218397	LDF4b_Fanatic_Wizard	arm	0	6		2	arm	2	6000	0		0.0	0.0	0.0	0
218397	LDF4b_Fanatic_Wizard	arm	0	6		3	arm	3	15000	0		0.0	0.0	0.0	0
218397	LDF4b_Fanatic_Wizard	cycle	0	5	timer:0	0	skill	20236	0	0	MOST_HATED	0.0	0.0	0.0	0
218397	LDF4b_Fanatic_Wizard	cycle	0	5	timer:0	1	arm	0	10000	0		0.0	0.0	0.0	0
218397	LDF4b_Fanatic_Wizard	cycle	1	4	timer:1	0	skill	20353	0	0	ME	0.0	0.0	0.0	0
218397	LDF4b_Fanatic_Wizard	cycle	1	4	timer:1	1	skill	20354	0	0	ME	0.0	0.0	0.0	0
218397	LDF4b_Fanatic_Wizard	cycle	1	4	timer:1	2	skill	20354	0	0	ME	0.0	0.0	0.0	0
218397	LDF4b_Fanatic_Wizard	cycle	1	4	timer:1	3	skill	20354	0	0	ME	0.0	0.0	0.0	0
218397	LDF4b_Fanatic_Wizard	cycle	1	4	timer:1	4	arm	1	10000	0		0.0	0.0	0.0	0
218397	LDF4b_Fanatic_Wizard	cycle	2	3	hp_below:50|timer:2	0	skill	20239	0	0	MOST_HATED	0.0	0.0	0.0	0
218397	LDF4b_Fanatic_Wizard	cycle	2	3	hp_below:50|timer:2	1	arm	2	20000	0		0.0	0.0	0.0	0
218397	LDF4b_Fanatic_Wizard	cycle	3	2	timer:2	0	arm	2	6000	0		0.0	0.0	0.0	0
218397	LDF4b_Fanatic_Wizard	cycle	4	1	timer:3	0	skill	20244	0	0	MOST_HATED	0.0	0.0	0.0	0
218397	LDF4b_Fanatic_Wizard	cycle	4	1	timer:3	1	arm	3	25000	0		0.0	0.0	0.0	0
218398	LDF4b_Fanatic_Wizard	arm	0	6		0	arm	0	3000	0		0.0	0.0	0.0	0
218398	LDF4b_Fanatic_Wizard	arm	0	6		1	arm	1	7000	0		0.0	0.0	0.0	0
218398	LDF4b_Fanatic_Wizard	arm	0	6		2	arm	2	6000	0		0.0	0.0	0.0	0
218398	LDF4b_Fanatic_Wizard	arm	0	6		3	arm	3	15000	0		0.0	0.0	0.0	0
218398	LDF4b_Fanatic_Wizard	cycle	0	5	timer:0	0	skill	20236	0	0	MOST_HATED	0.0	0.0	0.0	0
218398	LDF4b_Fanatic_Wizard	cycle	0	5	timer:0	1	arm	0	10000	0		0.0	0.0	0.0	0
218398	LDF4b_Fanatic_Wizard	cycle	1	4	timer:1	0	skill	20353	0	0	ME	0.0	0.0	0.0	0
218398	LDF4b_Fanatic_Wizard	cycle	1	4	timer:1	1	skill	20354	0	0	ME	0.0	0.0	0.0	0
218398	LDF4b_Fanatic_Wizard	cycle	1	4	timer:1	2	skill	20354	0	0	ME	0.0	0.0	0.0	0
218398	LDF4b_Fanatic_Wizard	cycle	1	4	timer:1	3	skill	20354	0	0	ME	0.0	0.0	0.0	0
218398	LDF4b_Fanatic_Wizard	cycle	1	4	timer:1	4	arm	1	10000	0		0.0	0.0	0.0	0
218398	LDF4b_Fanatic_Wizard	cycle	2	3	hp_below:50|timer:2	0	skill	20239	0	0	MOST_HATED	0.0	0.0	0.0	0
218398	LDF4b_Fanatic_Wizard	cycle	2	3	hp_below:50|timer:2	1	arm	2	20000	0		0.0	0.0	0.0	0
218398	LDF4b_Fanatic_Wizard	cycle	3	2	timer:2	0	arm	2	6000	0		0.0	0.0	0.0	0
218398	LDF4b_Fanatic_Wizard	cycle	4	1	timer:3	0	skill	20244	0	0	MOST_HATED	0.0	0.0	0.0	0
218398	LDF4b_Fanatic_Wizard	cycle	4	1	timer:3	1	arm	3	25000	0		0.0	0.0	0.0	0
218403	LDF4b_Fanatic_Pet	arm	0	2		0	arm	0	9000	0		0.0	0.0	0.0	0
218403	LDF4b_Fanatic_Pet	arm	0	2		1	skill	20232	0	0	MOST_HATED	0.0	0.0	0.0	0
218403	LDF4b_Fanatic_Pet	cycle	0	1	timer:0	0	skill	20246	0	0	ME	0.0	0.0	0.0	0
218404	TDown_DrakanFi_Tiamat_60_Ae	arm	0	4		0	skill	20241	0	0	ME	0.0	0.0	0.0	0
218404	TDown_DrakanFi_Tiamat_60_Ae	arm	0	4		1	arm	0	4000	0		0.0	0.0	0.0	0
218404	TDown_DrakanFi_Tiamat_60_Ae	arm	0	4		2	arm	1	10000	0		0.0	0.0	0.0	0
218404	TDown_DrakanFi_Tiamat_60_Ae	arm	0	4		3	arm	2	15000	0		0.0	0.0	0.0	0
218404	TDown_DrakanFi_Tiamat_60_Ae	cycle	0	3	timer:0	0	skill	20504	0	0	MOST_HATED	0.0	0.0	0.0	0
218404	TDown_DrakanFi_Tiamat_60_Ae	cycle	0	3	timer:0	1	arm	0	8000	0		0.0	0.0	0.0	0
218404	TDown_DrakanFi_Tiamat_60_Ae	cycle	1	2	timer:1	0	skill	20505	0	0	ME	0.0	0.0	0.0	0
218404	TDown_DrakanFi_Tiamat_60_Ae	cycle	1	2	timer:1	1	skill	20506	0	0	ME	0.0	0.0	0.0	0
218404	TDown_DrakanFi_Tiamat_60_Ae	cycle	1	2	timer:1	2	skill	20507	0	0	ME	0.0	0.0	0.0	0
218404	TDown_DrakanFi_Tiamat_60_Ae	cycle	1	2	timer:1	3	skill	20507	0	0	ME	0.0	0.0	0.0	0
218404	TDown_DrakanFi_Tiamat_60_Ae	cycle	1	2	timer:1	4	arm	1	24000	0		0.0	0.0	0.0	0
218404	TDown_DrakanFi_Tiamat_60_Ae	cycle	2	1	timer:2	0	skill	20247	0	0	ME	0.0	0.0	0.0	0
218404	TDown_DrakanFi_Tiamat_60_Ae	cycle	2	1	timer:2	1	arm	2	25000	0		0.0	0.0	0.0	0
218408	TDown_DrakanFi_Noble_60_Ae	arm	0	4		0	skill	20241	0	0	ME	0.0	0.0	0.0	0
218408	TDown_DrakanFi_Noble_60_Ae	arm	0	4		1	arm	0	4000	0		0.0	0.0	0.0	0
218408	TDown_DrakanFi_Noble_60_Ae	arm	0	4		2	arm	1	10000	0		0.0	0.0	0.0	0
218408	TDown_DrakanFi_Noble_60_Ae	arm	0	4		3	arm	2	15000	0		0.0	0.0	0.0	0
218408	TDown_DrakanFi_Noble_60_Ae	cycle	0	3	timer:0	0	skill	20504	0	0	MOST_HATED	0.0	0.0	0.0	0
218408	TDown_DrakanFi_Noble_60_Ae	cycle	0	3	timer:0	1	arm	0	8000	0		0.0	0.0	0.0	0
218408	TDown_DrakanFi_Noble_60_Ae	cycle	1	2	timer:1	0	skill	20505	0	0	ME	0.0	0.0	0.0	0
218408	TDown_DrakanFi_Noble_60_Ae	cycle	1	2	timer:1	1	skill	20506	0	0	ME	0.0	0.0	0.0	0
218408	TDown_DrakanFi_Noble_60_Ae	cycle	1	2	timer:1	2	skill	20507	0	0	ME	0.0	0.0	0.0	0
218408	TDown_DrakanFi_Noble_60_Ae	cycle	1	2	timer:1	3	arm	1	24000	0		0.0	0.0	0.0	0
218408	TDown_DrakanFi_Noble_60_Ae	cycle	2	1	timer:2	0	skill	20247	0	0	ME	0.0	0.0	0.0	0
218408	TDown_DrakanFi_Noble_60_Ae	cycle	2	1	timer:2	1	arm	2	25000	0		0.0	0.0	0.0	0
218409	TDown_DrakanSc_Noble_60_Ae	arm	0	4		0	arm	0	4000	0		0.0	0.0	0.0	0
218409	TDown_DrakanSc_Noble_60_Ae	arm	0	4		1	arm	1	6000	0		0.0	0.0	0.0	0
218409	TDown_DrakanSc_Noble_60_Ae	cycle	0	3	timer:0	0	skill	19721	0	0	MOST_HATED	0.0	0.0	0.0	0
218409	TDown_DrakanSc_Noble_60_Ae	cycle	0	3	timer:0	1	skill	19722	0	0	MOST_HATED	0.0	0.0	0.0	0
218409	TDown_DrakanSc_Noble_60_Ae	cycle	0	3	timer:0	2	skill	19723	0	0	MOST_HATED	0.0	0.0	0.0	0
218409	TDown_DrakanSc_Noble_60_Ae	cycle	0	3	timer:0	3	skill	19724	0	0	MOST_HATED	0.0	0.0	0.0	0
218409	TDown_DrakanSc_Noble_60_Ae	cycle	0	3	timer:0	4	skill	19725	0	0	MOST_HATED	0.0	0.0	0.0	0
218409	TDown_DrakanSc_Noble_60_Ae	cycle	0	3	timer:0	5	skill	19726	0	0	MOST_HATED	0.0	0.0	0.0	0
218409	TDown_DrakanSc_Noble_60_Ae	cycle	0	3	timer:0	6	skill	19727	0	0	MOST_HATED	0.0	0.0	0.0	0
218409	TDown_DrakanSc_Noble_60_Ae	cycle	0	3	timer:0	7	skill	19728	0	0	MOST_HATED	0.0	0.0	0.0	0
218409	TDown_DrakanSc_Noble_60_Ae	cycle	0	3	timer:0	8	arm	0	30000	0		0.0	0.0	0.0	0
218409	TDown_DrakanSc_Noble_60_Ae	cycle	1	2	hp_below:30|timer:1	0	skill	19730	0	0	ME	0.0	0.0	0.0	0
218409	TDown_DrakanSc_Noble_60_Ae	cycle	2	1	timer:1	0	arm	1	6000	0		0.0	0.0	0.0	0
218432	LDF4b_T4_Cyclops_An	arm	0	2		0	arm	0	7000	0		0.0	0.0	0.0	0
218432	LDF4b_T4_Cyclops_An	arm	0	2		1	skill	20238	0	0	MOST_HATED	0.0	0.0	0.0	0
218432	LDF4b_T4_Cyclops_An	cycle	0	1	timer:0	0	arm	0	12000	0		0.0	0.0	0.0	0
218432	LDF4b_T4_Cyclops_An	cycle	0	1	timer:0	1	skill	20232	0	0	MOST_HATED	0.0	0.0	0.0	0
218436	LDF4b_T4_Twister_Aurora_An	arm	0	3		0	arm	0	7000	0		0.0	0.0	0.0	0
218436	LDF4b_T4_Twister_Aurora_An	arm	0	3		1	skill	20238	0	0	MOST_HATED	0.0	0.0	0.0	0
218436	LDF4b_T4_Twister_Aurora_An	cycle	0	1	timer:0	0	arm	0	14000	0		0.0	0.0	0.0	0
218436	LDF4b_T4_Twister_Aurora_An	cycle	0	1	timer:0	1	skill	20349	0	0	MOST_HATED	0.0	0.0	0.0	0
218441	LDF4b_TiamatDrakan_Fighter	arm	0	4		0	skill	20241	0	0	ME	0.0	0.0	0.0	0
218441	LDF4b_TiamatDrakan_Fighter	arm	0	4		1	arm	0	4000	0		0.0	0.0	0.0	0
218441	LDF4b_TiamatDrakan_Fighter	arm	0	4		2	arm	1	10000	0		0.0	0.0	0.0	0
218441	LDF4b_TiamatDrakan_Fighter	arm	0	4		3	arm	2	15000	0		0.0	0.0	0.0	0
218441	LDF4b_TiamatDrakan_Fighter	cycle	0	3	timer:0	0	skill	20504	0	0	MOST_HATED	0.0	0.0	0.0	0
218441	LDF4b_TiamatDrakan_Fighter	cycle	0	3	timer:0	1	arm	0	8000	0		0.0	0.0	0.0	0
218441	LDF4b_TiamatDrakan_Fighter	cycle	1	2	timer:1	0	skill	20505	0	0	ME	0.0	0.0	0.0	0
218441	LDF4b_TiamatDrakan_Fighter	cycle	1	2	timer:1	1	skill	20506	0	0	ME	0.0	0.0	0.0	0
218441	LDF4b_TiamatDrakan_Fighter	cycle	1	2	timer:1	2	skill	20507	0	0	ME	0.0	0.0	0.0	0
218441	LDF4b_TiamatDrakan_Fighter	cycle	1	2	timer:1	3	skill	20507	0	0	ME	0.0	0.0	0.0	0
218441	LDF4b_TiamatDrakan_Fighter	cycle	1	2	timer:1	4	arm	1	24000	0		0.0	0.0	0.0	0
218441	LDF4b_TiamatDrakan_Fighter	cycle	2	1	timer:2	0	skill	20247	0	0	ME	0.0	0.0	0.0	0
218441	LDF4b_TiamatDrakan_Fighter	cycle	2	1	timer:2	1	arm	2	25000	0		0.0	0.0	0.0	0
218445	LDF4b_TiamatDrakan_NobleFighter	arm	0	4		0	skill	20241	0	0	ME	0.0	0.0	0.0	0
218445	LDF4b_TiamatDrakan_NobleFighter	arm	0	4		1	arm	0	4000	0		0.0	0.0	0.0	0
218445	LDF4b_TiamatDrakan_NobleFighter	arm	0	4		2	arm	1	10000	0		0.0	0.0	0.0	0
218445	LDF4b_TiamatDrakan_NobleFighter	arm	0	4		3	arm	2	15000	0		0.0	0.0	0.0	0
218445	LDF4b_TiamatDrakan_NobleFighter	cycle	0	3	timer:0	0	skill	20504	0	0	MOST_HATED	0.0	0.0	0.0	0
218445	LDF4b_TiamatDrakan_NobleFighter	cycle	0	3	timer:0	1	arm	0	8000	0		0.0	0.0	0.0	0
218445	LDF4b_TiamatDrakan_NobleFighter	cycle	1	2	timer:1	0	skill	20505	0	0	ME	0.0	0.0	0.0	0
218445	LDF4b_TiamatDrakan_NobleFighter	cycle	1	2	timer:1	1	skill	20506	0	0	ME	0.0	0.0	0.0	0
218445	LDF4b_TiamatDrakan_NobleFighter	cycle	1	2	timer:1	2	skill	20507	0	0	ME	0.0	0.0	0.0	0
218445	LDF4b_TiamatDrakan_NobleFighter	cycle	1	2	timer:1	3	skill	20507	0	0	ME	0.0	0.0	0.0	0
218445	LDF4b_TiamatDrakan_NobleFighter	cycle	1	2	timer:1	4	arm	1	24000	0		0.0	0.0	0.0	0
218445	LDF4b_TiamatDrakan_NobleFighter	cycle	2	1	timer:2	0	skill	20247	0	0	ME	0.0	0.0	0.0	0
218445	LDF4b_TiamatDrakan_NobleFighter	cycle	2	1	timer:2	1	arm	2	25000	0		0.0	0.0	0.0	0
218446	LDF4b_TiamatDrakan_Noblescout	arm	0	4		0	arm	0	4000	0		0.0	0.0	0.0	0
218446	LDF4b_TiamatDrakan_Noblescout	arm	0	4		1	arm	1	6000	0		0.0	0.0	0.0	0
218446	LDF4b_TiamatDrakan_Noblescout	cycle	0	3	timer:0	0	skill	19721	0	0	MOST_HATED	0.0	0.0	0.0	0
218446	LDF4b_TiamatDrakan_Noblescout	cycle	0	3	timer:0	1	skill	19722	0	0	MOST_HATED	0.0	0.0	0.0	0
218446	LDF4b_TiamatDrakan_Noblescout	cycle	0	3	timer:0	2	skill	19723	0	0	MOST_HATED	0.0	0.0	0.0	0
218446	LDF4b_TiamatDrakan_Noblescout	cycle	0	3	timer:0	3	skill	19724	0	0	MOST_HATED	0.0	0.0	0.0	0
218446	LDF4b_TiamatDrakan_Noblescout	cycle	0	3	timer:0	4	skill	19725	0	0	MOST_HATED	0.0	0.0	0.0	0
218446	LDF4b_TiamatDrakan_Noblescout	cycle	0	3	timer:0	5	skill	19726	0	0	MOST_HATED	0.0	0.0	0.0	0
218446	LDF4b_TiamatDrakan_Noblescout	cycle	0	3	timer:0	6	skill	19727	0	0	MOST_HATED	0.0	0.0	0.0	0
218446	LDF4b_TiamatDrakan_Noblescout	cycle	0	3	timer:0	7	skill	19728	0	0	MOST_HATED	0.0	0.0	0.0	0
218446	LDF4b_TiamatDrakan_Noblescout	cycle	0	3	timer:0	8	arm	0	30000	0		0.0	0.0	0.0	0
218446	LDF4b_TiamatDrakan_Noblescout	cycle	1	2	hp_below:30|timer:1	0	skill	19730	0	0	ME	0.0	0.0	0.0	0
218446	LDF4b_TiamatDrakan_Noblescout	cycle	2	1	timer:1	0	arm	1	6000	0		0.0	0.0	0.0	0
218449	TDown_DrakanFi_Tiamat_60_Ae	arm	0	4		0	skill	20241	0	0	ME	0.0	0.0	0.0	0
218449	TDown_DrakanFi_Tiamat_60_Ae	arm	0	4		1	arm	0	4000	0		0.0	0.0	0.0	0
218449	TDown_DrakanFi_Tiamat_60_Ae	arm	0	4		2	arm	1	10000	0		0.0	0.0	0.0	0
218449	TDown_DrakanFi_Tiamat_60_Ae	arm	0	4		3	arm	2	15000	0		0.0	0.0	0.0	0
218449	TDown_DrakanFi_Tiamat_60_Ae	cycle	0	3	timer:0	0	skill	20504	0	0	MOST_HATED	0.0	0.0	0.0	0
218449	TDown_DrakanFi_Tiamat_60_Ae	cycle	0	3	timer:0	1	arm	0	8000	0		0.0	0.0	0.0	0
218449	TDown_DrakanFi_Tiamat_60_Ae	cycle	1	2	timer:1	0	skill	20505	0	0	ME	0.0	0.0	0.0	0
218449	TDown_DrakanFi_Tiamat_60_Ae	cycle	1	2	timer:1	1	skill	20506	0	0	ME	0.0	0.0	0.0	0
218449	TDown_DrakanFi_Tiamat_60_Ae	cycle	1	2	timer:1	2	skill	20507	0	0	ME	0.0	0.0	0.0	0
218449	TDown_DrakanFi_Tiamat_60_Ae	cycle	1	2	timer:1	3	skill	20507	0	0	ME	0.0	0.0	0.0	0
218449	TDown_DrakanFi_Tiamat_60_Ae	cycle	1	2	timer:1	4	arm	1	24000	0		0.0	0.0	0.0	0
218449	TDown_DrakanFi_Tiamat_60_Ae	cycle	2	1	timer:2	0	skill	20247	0	0	ME	0.0	0.0	0.0	0
218449	TDown_DrakanFi_Tiamat_60_Ae	cycle	2	1	timer:2	1	arm	2	25000	0		0.0	0.0	0.0	0
218453	TDown_DrakanFi_Noble_60_Ae	arm	0	4		0	skill	20241	0	0	ME	0.0	0.0	0.0	0
218453	TDown_DrakanFi_Noble_60_Ae	arm	0	4		1	arm	0	4000	0		0.0	0.0	0.0	0
218453	TDown_DrakanFi_Noble_60_Ae	arm	0	4		2	arm	1	10000	0		0.0	0.0	0.0	0
218453	TDown_DrakanFi_Noble_60_Ae	arm	0	4		3	arm	2	15000	0		0.0	0.0	0.0	0
218453	TDown_DrakanFi_Noble_60_Ae	cycle	0	3	timer:0	0	skill	20504	0	0	MOST_HATED	0.0	0.0	0.0	0
218453	TDown_DrakanFi_Noble_60_Ae	cycle	0	3	timer:0	1	arm	0	8000	0		0.0	0.0	0.0	0
218453	TDown_DrakanFi_Noble_60_Ae	cycle	1	2	timer:1	0	skill	20505	0	0	ME	0.0	0.0	0.0	0
218453	TDown_DrakanFi_Noble_60_Ae	cycle	1	2	timer:1	1	skill	20506	0	0	ME	0.0	0.0	0.0	0
218453	TDown_DrakanFi_Noble_60_Ae	cycle	1	2	timer:1	2	skill	20507	0	0	ME	0.0	0.0	0.0	0
218453	TDown_DrakanFi_Noble_60_Ae	cycle	1	2	timer:1	3	arm	1	24000	0		0.0	0.0	0.0	0
218453	TDown_DrakanFi_Noble_60_Ae	cycle	2	1	timer:2	0	skill	20247	0	0	ME	0.0	0.0	0.0	0
218453	TDown_DrakanFi_Noble_60_Ae	cycle	2	1	timer:2	1	arm	2	25000	0		0.0	0.0	0.0	0
218454	TDown_DrakanSc_Noble_60_Ae	arm	0	4		0	arm	0	4000	0		0.0	0.0	0.0	0
218454	TDown_DrakanSc_Noble_60_Ae	arm	0	4		1	arm	1	6000	0		0.0	0.0	0.0	0
218454	TDown_DrakanSc_Noble_60_Ae	cycle	0	3	timer:0	0	skill	19721	0	0	MOST_HATED	0.0	0.0	0.0	0
218454	TDown_DrakanSc_Noble_60_Ae	cycle	0	3	timer:0	1	skill	19722	0	0	MOST_HATED	0.0	0.0	0.0	0
218454	TDown_DrakanSc_Noble_60_Ae	cycle	0	3	timer:0	2	skill	19723	0	0	MOST_HATED	0.0	0.0	0.0	0
218454	TDown_DrakanSc_Noble_60_Ae	cycle	0	3	timer:0	3	skill	19724	0	0	MOST_HATED	0.0	0.0	0.0	0
218454	TDown_DrakanSc_Noble_60_Ae	cycle	0	3	timer:0	4	skill	19725	0	0	MOST_HATED	0.0	0.0	0.0	0
218454	TDown_DrakanSc_Noble_60_Ae	cycle	0	3	timer:0	5	skill	19726	0	0	MOST_HATED	0.0	0.0	0.0	0
218454	TDown_DrakanSc_Noble_60_Ae	cycle	0	3	timer:0	6	skill	19727	0	0	MOST_HATED	0.0	0.0	0.0	0
218454	TDown_DrakanSc_Noble_60_Ae	cycle	0	3	timer:0	7	skill	19728	0	0	MOST_HATED	0.0	0.0	0.0	0
218454	TDown_DrakanSc_Noble_60_Ae	cycle	0	3	timer:0	8	arm	0	30000	0		0.0	0.0	0.0	0
218454	TDown_DrakanSc_Noble_60_Ae	cycle	1	2	hp_below:30|timer:1	0	skill	19730	0	0	ME	0.0	0.0	0.0	0
218454	TDown_DrakanSc_Noble_60_Ae	cycle	2	1	timer:1	0	arm	1	6000	0		0.0	0.0	0.0	0
218464	LDF4b_T4_Yun_Ghost_Named_60_An	arm	0	3		0	arm	0	6000	0		0.0	0.0	0.0	0
218464	LDF4b_T4_Yun_Ghost_Named_60_An	arm	0	3		1	arm	1	17000	0		0.0	0.0	0.0	0
218464	LDF4b_T4_Yun_Ghost_Named_60_An	cycle	0	2	timer:0	0	skill	20353	0	0	ME	0.0	0.0	0.0	0
218464	LDF4b_T4_Yun_Ghost_Named_60_An	cycle	0	2	timer:0	1	skill	20354	0	0	ME	0.0	0.0	0.0	0
218464	LDF4b_T4_Yun_Ghost_Named_60_An	cycle	0	2	timer:0	2	skill	20354	0	0	ME	0.0	0.0	0.0	0
218464	LDF4b_T4_Yun_Ghost_Named_60_An	cycle	0	2	timer:0	3	arm	0	15000	0		0.0	0.0	0.0	0
218464	LDF4b_T4_Yun_Ghost_Named_60_An	cycle	1	1	timer:1	0	skill	20253	0	0	MOST_HATED	0.0	0.0	0.0	0
218465	LDF4b_T4_Yun_Ghost_ItemNamed_60_An	arm	0	3		0	arm	0	6000	0		0.0	0.0	0.0	0
218465	LDF4b_T4_Yun_Ghost_ItemNamed_60_An	arm	0	3		1	arm	1	17000	0		0.0	0.0	0.0	0
218465	LDF4b_T4_Yun_Ghost_ItemNamed_60_An	cycle	0	2	timer:0	0	skill	20353	0	0	ME	0.0	0.0	0.0	0
218465	LDF4b_T4_Yun_Ghost_ItemNamed_60_An	cycle	0	2	timer:0	1	skill	20354	0	0	ME	0.0	0.0	0.0	0
218465	LDF4b_T4_Yun_Ghost_ItemNamed_60_An	cycle	0	2	timer:0	2	skill	20354	0	0	ME	0.0	0.0	0.0	0
218465	LDF4b_T4_Yun_Ghost_ItemNamed_60_An	cycle	0	2	timer:0	3	arm	0	15000	0		0.0	0.0	0.0	0
218465	LDF4b_T4_Yun_Ghost_ItemNamed_60_An	cycle	1	1	timer:1	0	skill	20253	0	0	MOST_HATED	0.0	0.0	0.0	0
218466	LDF4b_T4_Bookie_ItemNamed_60_An	arm	0	2		0	arm	0	7000	0		0.0	0.0	0.0	0
218466	LDF4b_T4_Bookie_ItemNamed_60_An	arm	0	2		1	skill	20441	0	0	MOST_HATED	0.0	0.0	0.0	0
218466	LDF4b_T4_Bookie_ItemNamed_60_An	cycle	0	1	timer:0	0	arm	0	14000	0		0.0	0.0	0.0	0
218466	LDF4b_T4_Bookie_ItemNamed_60_An	cycle	0	1	timer:0	1	skill	19060	0	0	MOST_HATED	0.0	0.0	0.0	0
218470	LDF4b_C1_Mimic_An	arm	0	2		0	arm	0	8000	0		0.0	0.0	0.0	0
218470	LDF4b_C1_Mimic_An	arm	0	2		1	skill	20349	0	0	MOST_HATED	0.0	0.0	0.0	0
218470	LDF4b_C1_Mimic_An	cycle	0	1	timer:0	0	arm	0	12000	0		0.0	0.0	0.0	0
218470	LDF4b_C1_Mimic_An	cycle	0	1	timer:0	1	skill	20232	0	0	MOST_HATED	0.0	0.0	0.0	0
218471	LDF4b_C1_Mimic_An	arm	0	2		0	arm	0	8000	0		0.0	0.0	0.0	0
218471	LDF4b_C1_Mimic_An	arm	0	2		1	skill	20349	0	0	MOST_HATED	0.0	0.0	0.0	0
218471	LDF4b_C1_Mimic_An	cycle	0	1	timer:0	0	arm	0	12000	0		0.0	0.0	0.0	0
218471	LDF4b_C1_Mimic_An	cycle	0	1	timer:0	1	skill	20232	0	0	MOST_HATED	0.0	0.0	0.0	0
218472	LDF4b_C1_Mandurit_Leaf_An	arm	0	2		0	arm	0	7000	0		0.0	0.0	0.0	0
218472	LDF4b_C1_Mandurit_Leaf_An	cycle	0	1	timer:0	0	arm	0	12000	0		0.0	0.0	0.0	0
218472	LDF4b_C1_Mandurit_Leaf_An	cycle	0	1	timer:0	1	skill	20234	0	0	MOST_HATED	0.0	0.0	0.0	0
218473	LDF4b_C1_Mandurit_Leaf_An	arm	0	2		0	arm	0	7000	0		0.0	0.0	0.0	0
218473	LDF4b_C1_Mandurit_Leaf_An	cycle	0	1	timer:0	0	arm	0	12000	0		0.0	0.0	0.0	0
218473	LDF4b_C1_Mandurit_Leaf_An	cycle	0	1	timer:0	1	skill	20234	0	0	MOST_HATED	0.0	0.0	0.0	0
218474	LDF4b_C1_Xipeto_An	arm	0	2		0	arm	0	8000	0		0.0	0.0	0.0	0
218474	LDF4b_C1_Xipeto_An	arm	0	2		1	skill	20238	0	0	MOST_HATED	0.0	0.0	0.0	0
218474	LDF4b_C1_Xipeto_An	cycle	0	1	timer:0	0	arm	0	14000	0		0.0	0.0	0.0	0
218474	LDF4b_C1_Xipeto_An	cycle	0	1	timer:0	1	skill	20350	0	0	MOST_HATED	0.0	0.0	0.0	0
218475	LDF4b_C1_Xipeto_An	arm	0	2		0	arm	0	8000	0		0.0	0.0	0.0	0
218475	LDF4b_C1_Xipeto_An	arm	0	2		1	skill	20238	0	0	MOST_HATED	0.0	0.0	0.0	0
218475	LDF4b_C1_Xipeto_An	cycle	0	1	timer:0	0	arm	0	14000	0		0.0	0.0	0.0	0
218475	LDF4b_C1_Xipeto_An	cycle	0	1	timer:0	1	skill	20350	0	0	MOST_HATED	0.0	0.0	0.0	0
218476	LDF4b_C1_Brax_An	arm	0	2		0	arm	0	8000	0		0.0	0.0	0.0	0
218476	LDF4b_C1_Brax_An	arm	0	2		1	skill	20241	0	0	ME	0.0	0.0	0.0	0
218476	LDF4b_C1_Brax_An	cycle	0	1	timer:0	0	arm	0	12000	0		0.0	0.0	0.0	0
218476	LDF4b_C1_Brax_An	cycle	0	1	timer:0	1	skill	20232	0	0	MOST_HATED	0.0	0.0	0.0	0
218477	LDF4b_C1_Brax_An	arm	0	2		0	arm	0	8000	0		0.0	0.0	0.0	0
218477	LDF4b_C1_Brax_An	arm	0	2		1	skill	20241	0	0	ME	0.0	0.0	0.0	0
218477	LDF4b_C1_Brax_An	cycle	0	1	timer:0	0	arm	0	12000	0		0.0	0.0	0.0	0
218477	LDF4b_C1_Brax_An	cycle	0	1	timer:0	1	skill	20232	0	0	MOST_HATED	0.0	0.0	0.0	0
218478	LDF4b_C1_Slime_Snail_An	arm	0	2		0	arm	0	7000	0		0.0	0.0	0.0	0
218478	LDF4b_C1_Slime_Snail_An	cycle	0	1	timer:0	0	arm	0	12000	0		0.0	0.0	0.0	0
218478	LDF4b_C1_Slime_Snail_An	cycle	0	1	timer:0	1	skill	20238	0	0	MOST_HATED	0.0	0.0	0.0	0
218493	LDF4b_C1_Cellatu_Named_58_Ae	arm	0	4		0	arm	0	10000	0		0.0	0.0	0.0	0
218493	LDF4b_C1_Cellatu_Named_58_Ae	arm	0	4		1	arm	1	5000	0		0.0	0.0	0.0	0
218493	LDF4b_C1_Cellatu_Named_58_Ae	arm	0	4		2	arm	2	6000	0		0.0	0.0	0.0	0
218493	LDF4b_C1_Cellatu_Named_58_Ae	cycle	0	3	timer:0	0	skill	20426	0	0	ME	0.0	0.0	0.0	0
218493	LDF4b_C1_Cellatu_Named_58_Ae	cycle	0	3	timer:0	1	arm	0	15000	0		0.0	0.0	0.0	0
218493	LDF4b_C1_Cellatu_Named_58_Ae	cycle	1	2	timer:1	0	skill	20427	0	0	ME	0.0	0.0	0.0	0
218493	LDF4b_C1_Cellatu_Named_58_Ae	cycle	1	2	timer:1	1	arm	1	10000	0		0.0	0.0	0.0	0
218493	LDF4b_C1_Cellatu_Named_58_Ae	cycle	2	1	timer:2	0	skill	20428	0	0	MOST_HATED	0.0	0.0	0.0	0
218493	LDF4b_C1_Cellatu_Named_58_Ae	cycle	2	1	timer:2	1	arm	2	12000	0		0.0	0.0	0.0	0
218514	LDF4b_C2_Souledstone_Ae	arm	0	3		0	arm	0	7000	0		0.0	0.0	0.0	0
218514	LDF4b_C2_Souledstone_Ae	arm	0	3		1	arm	1	9000	0		0.0	0.0	0.0	0
218514	LDF4b_C2_Souledstone_Ae	arm	0	3		2	skill	16885	0	0	MOST_HATED	0.0	0.0	0.0	0
218514	LDF4b_C2_Souledstone_Ae	cycle	0	4	timer:1	0	arm	1	20000	0		0.0	0.0	0.0	0
218514	LDF4b_C2_Souledstone_Ae	cycle	0	4	timer:1	1	skill	20243	0	0	ME	0.0	0.0	0.0	0
218514	LDF4b_C2_Souledstone_Ae	cycle	1	3	timer:0	0	arm	0	18000	0		0.0	0.0	0.0	0
218514	LDF4b_C2_Souledstone_Ae	cycle	1	3	timer:0	1	skill	20234	0	0	MOST_HATED	0.0	0.0	0.0	0
218515	LDF4b_C2_Souledstone_Ae	arm	0	3		0	arm	0	7000	0		0.0	0.0	0.0	0
218515	LDF4b_C2_Souledstone_Ae	arm	0	3		1	arm	1	9000	0		0.0	0.0	0.0	0
218515	LDF4b_C2_Souledstone_Ae	arm	0	3		2	skill	16885	0	0	MOST_HATED	0.0	0.0	0.0	0
218515	LDF4b_C2_Souledstone_Ae	cycle	0	4	timer:1	0	arm	1	20000	0		0.0	0.0	0.0	0
218515	LDF4b_C2_Souledstone_Ae	cycle	0	4	timer:1	1	skill	20243	0	0	ME	0.0	0.0	0.0	0
218515	LDF4b_C2_Souledstone_Ae	cycle	1	3	timer:0	0	arm	0	18000	0		0.0	0.0	0.0	0
218515	LDF4b_C2_Souledstone_Ae	cycle	1	3	timer:0	1	skill	20234	0	0	MOST_HATED	0.0	0.0	0.0	0
218522	LDF4b_C2_Mammoth_Named_60_Ae	arm	0	4		0	arm	0	8000	0		0.0	0.0	0.0	0
218522	LDF4b_C2_Mammoth_Named_60_Ae	arm	0	4		1	arm	1	8000	0		0.0	0.0	0.0	0
218522	LDF4b_C2_Mammoth_Named_60_Ae	arm	0	4		2	skill	16523	0	0	MOST_HATED	0.0	0.0	0.0	0
218522	LDF4b_C2_Mammoth_Named_60_Ae	cycle	0	4	timer:1|hp_below:49	0	arm	1	14000	0		0.0	0.0	0.0	0
218522	LDF4b_C2_Mammoth_Named_60_Ae	cycle	0	4	timer:1|hp_below:49	1	skill	20235	0	0	MOST_HATED	0.0	0.0	0.0	0
218522	LDF4b_C2_Mammoth_Named_60_Ae	cycle	1	3	timer:1|hp_between:51:99	0	arm	1	14000	0		0.0	0.0	0.0	0
218522	LDF4b_C2_Mammoth_Named_60_Ae	cycle	1	3	timer:1|hp_between:51:99	1	skill	20349	0	0	MOST_HATED	0.0	0.0	0.0	0
218522	LDF4b_C2_Mammoth_Named_60_Ae	cycle	2	2	timer:0	0	arm	0	20000	0		0.0	0.0	0.0	0
218522	LDF4b_C2_Mammoth_Named_60_Ae	cycle	2	2	timer:0	1	skill	20241	0	0	ME	0.0	0.0	0.0	0
218522	LDF4b_C2_Mammoth_Named_60_Ae	cycle	3	1	timer:1	0	arm	1	14000	0		0.0	0.0	0.0	0
218523	TDown_DrakanFi_Tiamat_60_Ae	arm	0	4		0	skill	20241	0	0	ME	0.0	0.0	0.0	0
218523	TDown_DrakanFi_Tiamat_60_Ae	arm	0	4		1	arm	0	4000	0		0.0	0.0	0.0	0
218523	TDown_DrakanFi_Tiamat_60_Ae	arm	0	4		2	arm	1	10000	0		0.0	0.0	0.0	0
218523	TDown_DrakanFi_Tiamat_60_Ae	arm	0	4		3	arm	2	15000	0		0.0	0.0	0.0	0
218523	TDown_DrakanFi_Tiamat_60_Ae	cycle	0	3	timer:0	0	skill	20504	0	0	MOST_HATED	0.0	0.0	0.0	0
218523	TDown_DrakanFi_Tiamat_60_Ae	cycle	0	3	timer:0	1	arm	0	8000	0		0.0	0.0	0.0	0
218523	TDown_DrakanFi_Tiamat_60_Ae	cycle	1	2	timer:1	0	skill	20505	0	0	ME	0.0	0.0	0.0	0
218523	TDown_DrakanFi_Tiamat_60_Ae	cycle	1	2	timer:1	1	skill	20506	0	0	ME	0.0	0.0	0.0	0
218523	TDown_DrakanFi_Tiamat_60_Ae	cycle	1	2	timer:1	2	skill	20507	0	0	ME	0.0	0.0	0.0	0
218523	TDown_DrakanFi_Tiamat_60_Ae	cycle	1	2	timer:1	3	skill	20507	0	0	ME	0.0	0.0	0.0	0
218523	TDown_DrakanFi_Tiamat_60_Ae	cycle	1	2	timer:1	4	arm	1	24000	0		0.0	0.0	0.0	0
218523	TDown_DrakanFi_Tiamat_60_Ae	cycle	2	1	timer:2	0	skill	20247	0	0	ME	0.0	0.0	0.0	0
218523	TDown_DrakanFi_Tiamat_60_Ae	cycle	2	1	timer:2	1	arm	2	25000	0		0.0	0.0	0.0	0
218527	TDown_DrakanFi_Tiamat_60_Ae	arm	0	4		0	skill	20241	0	0	ME	0.0	0.0	0.0	0
218527	TDown_DrakanFi_Tiamat_60_Ae	arm	0	4		1	arm	0	4000	0		0.0	0.0	0.0	0
218527	TDown_DrakanFi_Tiamat_60_Ae	arm	0	4		2	arm	1	10000	0		0.0	0.0	0.0	0
218527	TDown_DrakanFi_Tiamat_60_Ae	arm	0	4		3	arm	2	15000	0		0.0	0.0	0.0	0
218527	TDown_DrakanFi_Tiamat_60_Ae	cycle	0	3	timer:0	0	skill	20504	0	0	MOST_HATED	0.0	0.0	0.0	0
218527	TDown_DrakanFi_Tiamat_60_Ae	cycle	0	3	timer:0	1	arm	0	8000	0		0.0	0.0	0.0	0
218527	TDown_DrakanFi_Tiamat_60_Ae	cycle	1	2	timer:1	0	skill	20505	0	0	ME	0.0	0.0	0.0	0
218527	TDown_DrakanFi_Tiamat_60_Ae	cycle	1	2	timer:1	1	skill	20506	0	0	ME	0.0	0.0	0.0	0
218527	TDown_DrakanFi_Tiamat_60_Ae	cycle	1	2	timer:1	2	skill	20507	0	0	ME	0.0	0.0	0.0	0
218527	TDown_DrakanFi_Tiamat_60_Ae	cycle	1	2	timer:1	3	skill	20507	0	0	ME	0.0	0.0	0.0	0
218527	TDown_DrakanFi_Tiamat_60_Ae	cycle	1	2	timer:1	4	arm	1	24000	0		0.0	0.0	0.0	0
218527	TDown_DrakanFi_Tiamat_60_Ae	cycle	2	1	timer:2	0	skill	20247	0	0	ME	0.0	0.0	0.0	0
218527	TDown_DrakanFi_Tiamat_60_Ae	cycle	2	1	timer:2	1	arm	2	25000	0		0.0	0.0	0.0	0
218531	TDown_DrakanFi_Noble_60_Ae	arm	0	4		0	skill	20241	0	0	ME	0.0	0.0	0.0	0
218531	TDown_DrakanFi_Noble_60_Ae	arm	0	4		1	arm	0	4000	0		0.0	0.0	0.0	0
218531	TDown_DrakanFi_Noble_60_Ae	arm	0	4		2	arm	1	10000	0		0.0	0.0	0.0	0
218531	TDown_DrakanFi_Noble_60_Ae	arm	0	4		3	arm	2	15000	0		0.0	0.0	0.0	0
218531	TDown_DrakanFi_Noble_60_Ae	cycle	0	3	timer:0	0	skill	20504	0	0	MOST_HATED	0.0	0.0	0.0	0
218531	TDown_DrakanFi_Noble_60_Ae	cycle	0	3	timer:0	1	arm	0	8000	0		0.0	0.0	0.0	0
218531	TDown_DrakanFi_Noble_60_Ae	cycle	1	2	timer:1	0	skill	20505	0	0	ME	0.0	0.0	0.0	0
218531	TDown_DrakanFi_Noble_60_Ae	cycle	1	2	timer:1	1	skill	20506	0	0	ME	0.0	0.0	0.0	0
218531	TDown_DrakanFi_Noble_60_Ae	cycle	1	2	timer:1	2	skill	20507	0	0	ME	0.0	0.0	0.0	0
218531	TDown_DrakanFi_Noble_60_Ae	cycle	1	2	timer:1	3	arm	1	24000	0		0.0	0.0	0.0	0
218531	TDown_DrakanFi_Noble_60_Ae	cycle	2	1	timer:2	0	skill	20247	0	0	ME	0.0	0.0	0.0	0
218531	TDown_DrakanFi_Noble_60_Ae	cycle	2	1	timer:2	1	arm	2	25000	0		0.0	0.0	0.0	0
218532	TDown_DrakanSc_Noble_60_Ae	arm	0	4		0	arm	0	4000	0		0.0	0.0	0.0	0
218532	TDown_DrakanSc_Noble_60_Ae	arm	0	4		1	arm	1	6000	0		0.0	0.0	0.0	0
218532	TDown_DrakanSc_Noble_60_Ae	cycle	0	3	timer:0	0	skill	19721	0	0	MOST_HATED	0.0	0.0	0.0	0
218532	TDown_DrakanSc_Noble_60_Ae	cycle	0	3	timer:0	1	skill	19722	0	0	MOST_HATED	0.0	0.0	0.0	0
218532	TDown_DrakanSc_Noble_60_Ae	cycle	0	3	timer:0	2	skill	19723	0	0	MOST_HATED	0.0	0.0	0.0	0
218532	TDown_DrakanSc_Noble_60_Ae	cycle	0	3	timer:0	3	skill	19724	0	0	MOST_HATED	0.0	0.0	0.0	0
218532	TDown_DrakanSc_Noble_60_Ae	cycle	0	3	timer:0	4	skill	19725	0	0	MOST_HATED	0.0	0.0	0.0	0
218532	TDown_DrakanSc_Noble_60_Ae	cycle	0	3	timer:0	5	skill	19726	0	0	MOST_HATED	0.0	0.0	0.0	0
218532	TDown_DrakanSc_Noble_60_Ae	cycle	0	3	timer:0	6	skill	19727	0	0	MOST_HATED	0.0	0.0	0.0	0
218532	TDown_DrakanSc_Noble_60_Ae	cycle	0	3	timer:0	7	skill	19728	0	0	MOST_HATED	0.0	0.0	0.0	0
218532	TDown_DrakanSc_Noble_60_Ae	cycle	0	3	timer:0	8	arm	0	30000	0		0.0	0.0	0.0	0
218532	TDown_DrakanSc_Noble_60_Ae	cycle	1	2	hp_below:30|timer:1	0	skill	19730	0	0	ME	0.0	0.0	0.0	0
218532	TDown_DrakanSc_Noble_60_Ae	cycle	2	1	timer:1	0	arm	1	6000	0		0.0	0.0	0.0	0
218557	LDF4b_T1_DrakanSc_Sikara_ItemNamed_58_An	arm	0	3		0	arm	0	15000	0		0.0	0.0	0.0	0
218557	LDF4b_T1_DrakanSc_Sikara_ItemNamed_58_An	arm	0	3		1	arm	1	4000	0		0.0	0.0	0.0	0
218557	LDF4b_T1_DrakanSc_Sikara_ItemNamed_58_An	cycle	0	2	timer:0	0	skill	20233	0	0	MOST_HATED	0.0	0.0	0.0	0
218557	LDF4b_T1_DrakanSc_Sikara_ItemNamed_58_An	cycle	0	2	timer:0	1	arm	0	25000	0		0.0	0.0	0.0	0
218557	LDF4b_T1_DrakanSc_Sikara_ItemNamed_58_An	cycle	1	1	timer:1	0	skill	19657	0	0	ME	0.0	0.0	0.0	0
218557	LDF4b_T1_DrakanSc_Sikara_ItemNamed_58_An	cycle	1	1	timer:1	1	arm	1	6000	0		0.0	0.0	0.0	0
218559	LDF4b_T1_DrakanCl_Noble_ItemNamed_58_An	arm	0	3		0	arm	0	6000	0		0.0	0.0	0.0	0
218559	LDF4b_T1_DrakanCl_Noble_ItemNamed_58_An	arm	0	3		1	arm	1	28000	0		0.0	0.0	0.0	0
218559	LDF4b_T1_DrakanCl_Noble_ItemNamed_58_An	cycle	0	2	timer:0	0	skill	20233	0	0	MOST_HATED	0.0	0.0	0.0	0
218559	LDF4b_T1_DrakanCl_Noble_ItemNamed_58_An	cycle	0	2	timer:0	1	arm	0	15000	0		0.0	0.0	0.0	0
218559	LDF4b_T1_DrakanCl_Noble_ItemNamed_58_An	cycle	1	1	timer:1	0	skill	20417	0	0	ME	0.0	0.0	0.0	0
218559	LDF4b_T1_DrakanCl_Noble_ItemNamed_58_An	cycle	1	1	timer:1	1	arm	1	15000	0		0.0	0.0	0.0	0
218566	IDStation_Darkan_1F_P1	arm	0	7		0	skill	19853	0	0	ME	0.0	0.0	0.0	0
218566	IDStation_Darkan_1F_P1	arm	0	7		1	arm	0	10000	0		0.0	0.0	0.0	0
218566	IDStation_Darkan_1F_P1	arm	0	7		2	arm	1	5000	0		0.0	0.0	0.0	0
218566	IDStation_Darkan_1F_P1	cycle	0	7	timer:1|hp_below:30	0	skill	19830	0	0	MOST_HATED	0.0	0.0	0.0	0
218566	IDStation_Darkan_1F_P1	cycle	1	6	timer:1	0	arm	1	5000	0		0.0	0.0	0.0	0
218566	IDStation_Darkan_1F_P1	cycle	2	5	timer:0	0	skill	19828	0	0	MOST_HATED	0.0	0.0	0.0	0
218566	IDStation_Darkan_1F_P1	cycle	2	5	timer:0	1	arm	0	10000	0		0.0	0.0	0.0	0
218567	IDStation_Darkan_1F_P1	arm	0	7		0	skill	19853	0	0	ME	0.0	0.0	0.0	0
218567	IDStation_Darkan_1F_P1	arm	0	7		1	arm	0	10000	0		0.0	0.0	0.0	0
218567	IDStation_Darkan_1F_P1	arm	0	7		2	arm	1	5000	0		0.0	0.0	0.0	0
218567	IDStation_Darkan_1F_P1	cycle	0	7	timer:1|hp_below:30	0	skill	19830	0	0	MOST_HATED	0.0	0.0	0.0	0
218567	IDStation_Darkan_1F_P1	cycle	1	6	timer:1	0	arm	1	5000	0		0.0	0.0	0.0	0
218567	IDStation_Darkan_1F_P1	cycle	2	5	timer:0	0	skill	19828	0	0	MOST_HATED	0.0	0.0	0.0	0
218567	IDStation_Darkan_1F_P1	cycle	2	5	timer:0	1	arm	0	10000	0		0.0	0.0	0.0	0
218568	IDStation_Darkan_1F_P2	arm	0	7		0	skill	19883	0	0	MOST_HATED	0.0	0.0	0.0	0
218568	IDStation_Darkan_1F_P2	arm	0	7		1	arm	0	10000	0		0.0	0.0	0.0	0
218568	IDStation_Darkan_1F_P2	arm	0	7		2	arm	1	5000	0		0.0	0.0	0.0	0
218568	IDStation_Darkan_1F_P2	cycle	0	7	timer:1|hp_below:30	0	skill	19853	0	0	ME	0.0	0.0	0.0	0
218568	IDStation_Darkan_1F_P2	cycle	1	6	timer:1	0	arm	1	5000	0		0.0	0.0	0.0	0
218568	IDStation_Darkan_1F_P2	cycle	2	5	timer:0	0	skill	19829	0	0	MOST_HATED	0.0	0.0	0.0	0
218568	IDStation_Darkan_1F_P2	cycle	2	5	timer:0	1	arm	0	10000	0		0.0	0.0	0.0	0
218569	IDStation_Darkan_1F_P1	arm	0	7		0	skill	19855	0	0	ME	0.0	0.0	0.0	0
218569	IDStation_Darkan_1F_P1	arm	0	7		1	arm	0	10000	0		0.0	0.0	0.0	0
218569	IDStation_Darkan_1F_P1	arm	0	7		2	arm	1	5000	0		0.0	0.0	0.0	0
218569	IDStation_Darkan_1F_P1	cycle	0	7	timer:1|hp_below:30	0	skill	19834	0	0	MOST_HATED	0.0	0.0	0.0	0
218569	IDStation_Darkan_1F_P1	cycle	1	6	timer:1	0	arm	1	5000	0		0.0	0.0	0.0	0
218569	IDStation_Darkan_1F_P1	cycle	2	5	timer:0	0	skill	19833	0	0	MOST_HATED	0.0	0.0	0.0	0
218569	IDStation_Darkan_1F_P1	cycle	2	5	timer:0	1	arm	0	10000	0		0.0	0.0	0.0	0
218573	IDStation_Darkan_3F_Room3_P1	arm	0	7		0	skill	19855	0	0	ME	0.0	0.0	0.0	0
218573	IDStation_Darkan_3F_Room3_P1	arm	0	7		1	arm	0	10000	0		0.0	0.0	0.0	0
218573	IDStation_Darkan_3F_Room3_P1	arm	0	7		2	arm	1	5000	0		0.0	0.0	0.0	0
218573	IDStation_Darkan_3F_Room3_P1	cycle	0	7	timer:1|hp_below:30	0	skill	19834	0	0	MOST_HATED	0.0	0.0	0.0	0
218573	IDStation_Darkan_3F_Room3_P1	cycle	1	6	timer:1	0	arm	1	5000	0		0.0	0.0	0.0	0
218573	IDStation_Darkan_3F_Room3_P1	cycle	2	5	timer:0	0	skill	19833	0	0	MOST_HATED	0.0	0.0	0.0	0
218573	IDStation_Darkan_3F_Room3_P1	cycle	2	5	timer:0	1	arm	0	10000	0		0.0	0.0	0.0	0
218574	IDStation_Darkan_3F_Room3_P1	arm	0	7		0	skill	19853	0	0	ME	0.0	0.0	0.0	0
218574	IDStation_Darkan_3F_Room3_P1	arm	0	7		1	arm	0	10000	0		0.0	0.0	0.0	0
218574	IDStation_Darkan_3F_Room3_P1	arm	0	7		2	arm	1	5000	0		0.0	0.0	0.0	0
218574	IDStation_Darkan_3F_Room3_P1	cycle	0	7	timer:1|hp_below:30	0	skill	19830	0	0	MOST_HATED	0.0	0.0	0.0	0
218574	IDStation_Darkan_3F_Room3_P1	cycle	1	6	timer:1	0	arm	1	5000	0		0.0	0.0	0.0	0
218574	IDStation_Darkan_3F_Room3_P1	cycle	2	5	timer:0	0	skill	19828	0	0	MOST_HATED	0.0	0.0	0.0	0
218574	IDStation_Darkan_3F_Room3_P1	cycle	2	5	timer:0	1	arm	0	10000	0		0.0	0.0	0.0	0
218575	IDStation_Darkan_3F_Room3_P1	arm	0	7		0	skill	19853	0	0	ME	0.0	0.0	0.0	0
218575	IDStation_Darkan_3F_Room3_P1	arm	0	7		1	arm	0	10000	0		0.0	0.0	0.0	0
218575	IDStation_Darkan_3F_Room3_P1	arm	0	7		2	arm	1	5000	0		0.0	0.0	0.0	0
218575	IDStation_Darkan_3F_Room3_P1	cycle	0	7	timer:1|hp_below:30	0	skill	19830	0	0	MOST_HATED	0.0	0.0	0.0	0
218575	IDStation_Darkan_3F_Room3_P1	cycle	1	6	timer:1	0	arm	1	5000	0		0.0	0.0	0.0	0
218575	IDStation_Darkan_3F_Room3_P1	cycle	2	5	timer:0	0	skill	19828	0	0	MOST_HATED	0.0	0.0	0.0	0
218575	IDStation_Darkan_3F_Room3_P1	cycle	2	5	timer:0	1	arm	0	10000	0		0.0	0.0	0.0	0
218576	IDStation_Darkan_3F_Room3_P2	arm	0	7		0	skill	19883	0	0	MOST_HATED	0.0	0.0	0.0	0
218576	IDStation_Darkan_3F_Room3_P2	arm	0	7		1	arm	0	10000	0		0.0	0.0	0.0	0
218576	IDStation_Darkan_3F_Room3_P2	arm	0	7		2	arm	1	5000	0		0.0	0.0	0.0	0
218576	IDStation_Darkan_3F_Room3_P2	cycle	0	7	timer:1|hp_below:30	0	skill	19853	0	0	ME	0.0	0.0	0.0	0
218576	IDStation_Darkan_3F_Room3_P2	cycle	1	6	timer:1	0	arm	1	5000	0		0.0	0.0	0.0	0
218576	IDStation_Darkan_3F_Room3_P2	cycle	2	5	timer:0	0	skill	19829	0	0	MOST_HATED	0.0	0.0	0.0	0
218576	IDStation_Darkan_3F_Room3_P2	cycle	2	5	timer:0	1	arm	0	10000	0		0.0	0.0	0.0	0
218577	IDStation_IronGolem_Named	arm	0	7		0	arm	0	10000	0		0.0	0.0	0.0	0
218577	IDStation_IronGolem_Named	arm	0	7		1	skill	19887	0	0	MOST_HATED	0.0	0.0	0.0	0
218577	IDStation_IronGolem_Named	cycle	0	8	timer:0	0	skill	19888	0	0	MOST_HATED	0.0	0.0	0.0	0
218577	IDStation_IronGolem_Named	cycle	0	8	timer:0	1	arm	0	10000	0		0.0	0.0	0.0	0
218578	IDStation_Darkan_1F_P1	arm	0	7		0	skill	19853	0	0	ME	0.0	0.0	0.0	0
218578	IDStation_Darkan_1F_P1	arm	0	7		1	arm	0	10000	0		0.0	0.0	0.0	0
218578	IDStation_Darkan_1F_P1	arm	0	7		2	arm	1	5000	0		0.0	0.0	0.0	0
218578	IDStation_Darkan_1F_P1	cycle	0	7	timer:1|hp_below:30	0	skill	19830	0	0	MOST_HATED	0.0	0.0	0.0	0
218578	IDStation_Darkan_1F_P1	cycle	1	6	timer:1	0	arm	1	5000	0		0.0	0.0	0.0	0
218578	IDStation_Darkan_1F_P1	cycle	2	5	timer:0	0	skill	19828	0	0	MOST_HATED	0.0	0.0	0.0	0
218578	IDStation_Darkan_1F_P1	cycle	2	5	timer:0	1	arm	0	10000	0		0.0	0.0	0.0	0
218582	LDF4a_Calydon_Fighter	arm	0	7		0	arm	0	5000	0		0.0	0.0	0.0	0
218582	LDF4a_Calydon_Fighter	arm	0	7		1	skill	20081	0	0	ME	0.0	0.0	0.0	0
218582	LDF4a_Calydon_Fighter	cycle	0	7	timer:0	0	arm	0	20000	0		0.0	0.0	0.0	0
218582	LDF4a_Calydon_Fighter	cycle	0	7	timer:0	1	skill	20078	0	0	MOST_HATED	0.0	0.0	0.0	0
218583	LDF4a_Calydon_Fighter	arm	0	7		0	arm	0	5000	0		0.0	0.0	0.0	0
218583	LDF4a_Calydon_Fighter	arm	0	7		1	skill	20081	0	0	ME	0.0	0.0	0.0	0
218583	LDF4a_Calydon_Fighter	cycle	0	7	timer:0	0	arm	0	20000	0		0.0	0.0	0.0	0
218583	LDF4a_Calydon_Fighter	cycle	0	7	timer:0	1	skill	20078	0	0	MOST_HATED	0.0	0.0	0.0	0
218584	LDF4a_Calydon_Fighter	arm	0	7		0	arm	0	5000	0		0.0	0.0	0.0	0
218584	LDF4a_Calydon_Fighter	arm	0	7		1	skill	20081	0	0	ME	0.0	0.0	0.0	0
218584	LDF4a_Calydon_Fighter	cycle	0	7	timer:0	0	arm	0	20000	0		0.0	0.0	0.0	0
218584	LDF4a_Calydon_Fighter	cycle	0	7	timer:0	1	skill	20078	0	0	MOST_HATED	0.0	0.0	0.0	0
218594	LDF4a_Calydon_Priest	arm	0	7		0	arm	0	5000	0		0.0	0.0	0.0	0
218594	LDF4a_Calydon_Priest	arm	0	7		1	arm	1	5000	0		0.0	0.0	0.0	0
218594	LDF4a_Calydon_Priest	cycle	0	15	timer:1|hp_below:25	0	say	1500314	0	0		0.0	0.0	0.0	0
218594	LDF4a_Calydon_Priest	cycle	0	15	timer:1|hp_below:25	1	skill	20076	0	0	ME	0.0	0.0	0.0	0
218594	LDF4a_Calydon_Priest	cycle	1	10	timer:0|hp_between:1:49	0	arm	0	30000	0		0.0	0.0	0.0	0
218594	LDF4a_Calydon_Priest	cycle	1	10	timer:0|hp_between:1:49	1	skill	20075	0	0	ME	0.0	0.0	0.0	0
218594	LDF4a_Calydon_Priest	cycle	2	5	timer:0	0	arm	0	5000	0		0.0	0.0	0.0	0
218594	LDF4a_Calydon_Priest	cycle	3	5	timer:1	0	arm	1	5000	0		0.0	0.0	0.0	0
218595	LDF4a_Calydon_Priest	arm	0	7		0	arm	0	5000	0		0.0	0.0	0.0	0
218595	LDF4a_Calydon_Priest	arm	0	7		1	arm	1	5000	0		0.0	0.0	0.0	0
218595	LDF4a_Calydon_Priest	cycle	0	15	timer:1|hp_below:25	0	say	1500314	0	0		0.0	0.0	0.0	0
218595	LDF4a_Calydon_Priest	cycle	0	15	timer:1|hp_below:25	1	skill	20076	0	0	ME	0.0	0.0	0.0	0
218595	LDF4a_Calydon_Priest	cycle	1	10	timer:0|hp_between:1:49	0	arm	0	30000	0		0.0	0.0	0.0	0
218595	LDF4a_Calydon_Priest	cycle	1	10	timer:0|hp_between:1:49	1	skill	20075	0	0	ME	0.0	0.0	0.0	0
218595	LDF4a_Calydon_Priest	cycle	2	5	timer:0	0	arm	0	5000	0		0.0	0.0	0.0	0
218595	LDF4a_Calydon_Priest	cycle	3	5	timer:1	0	arm	1	5000	0		0.0	0.0	0.0	0
218596	LDF4a_Calydon_Priest	arm	0	7		0	arm	0	5000	0		0.0	0.0	0.0	0
218596	LDF4a_Calydon_Priest	arm	0	7		1	arm	1	5000	0		0.0	0.0	0.0	0
218596	LDF4a_Calydon_Priest	cycle	0	15	timer:1|hp_below:25	0	say	1500314	0	0		0.0	0.0	0.0	0
218596	LDF4a_Calydon_Priest	cycle	0	15	timer:1|hp_below:25	1	skill	20076	0	0	ME	0.0	0.0	0.0	0
218596	LDF4a_Calydon_Priest	cycle	1	10	timer:0|hp_between:1:49	0	arm	0	30000	0		0.0	0.0	0.0	0
218596	LDF4a_Calydon_Priest	cycle	1	10	timer:0|hp_between:1:49	1	skill	20075	0	0	ME	0.0	0.0	0.0	0
218596	LDF4a_Calydon_Priest	cycle	2	5	timer:0	0	arm	0	5000	0		0.0	0.0	0.0	0
218596	LDF4a_Calydon_Priest	cycle	3	5	timer:1	0	arm	1	5000	0		0.0	0.0	0.0	0
218597	LDF4a_Mosbear	arm	0	7		0	arm	0	15000	0		0.0	0.0	0.0	0
218597	LDF4a_Mosbear	arm	0	7		1	skill	19884	0	0	ME	0.0	0.0	0.0	0
218597	LDF4a_Mosbear	cycle	0	7	timer:0	0	arm	0	30000	0		0.0	0.0	0.0	0
218597	LDF4a_Mosbear	cycle	0	7	timer:0	1	skill	20129	0	0	ME	0.0	0.0	0.0	0
218598	LDF4a_Mosbear	arm	0	7		0	arm	0	15000	0		0.0	0.0	0.0	0
218598	LDF4a_Mosbear	arm	0	7		1	skill	19884	0	0	ME	0.0	0.0	0.0	0
218598	LDF4a_Mosbear	cycle	0	7	timer:0	0	arm	0	30000	0		0.0	0.0	0.0	0
218598	LDF4a_Mosbear	cycle	0	7	timer:0	1	skill	20129	0	0	ME	0.0	0.0	0.0	0
218603	IDStation_Darkan_1F_P1	arm	0	7		0	skill	19853	0	0	ME	0.0	0.0	0.0	0
218603	IDStation_Darkan_1F_P1	arm	0	7		1	arm	0	10000	0		0.0	0.0	0.0	0
218603	IDStation_Darkan_1F_P1	arm	0	7		2	arm	1	5000	0		0.0	0.0	0.0	0
218603	IDStation_Darkan_1F_P1	cycle	0	7	timer:1|hp_below:30	0	skill	19830	0	0	MOST_HATED	0.0	0.0	0.0	0
218603	IDStation_Darkan_1F_P1	cycle	1	6	timer:1	0	arm	1	5000	0		0.0	0.0	0.0	0
218603	IDStation_Darkan_1F_P1	cycle	2	5	timer:0	0	skill	19828	0	0	MOST_HATED	0.0	0.0	0.0	0
218603	IDStation_Darkan_1F_P1	cycle	2	5	timer:0	1	arm	0	10000	0		0.0	0.0	0.0	0
218604	IDStation_Darkan_1F_P1	arm	0	7		0	skill	19853	0	0	ME	0.0	0.0	0.0	0
218604	IDStation_Darkan_1F_P1	arm	0	7		1	arm	0	10000	0		0.0	0.0	0.0	0
218604	IDStation_Darkan_1F_P1	arm	0	7		2	arm	1	5000	0		0.0	0.0	0.0	0
218604	IDStation_Darkan_1F_P1	cycle	0	7	timer:1|hp_below:30	0	skill	19830	0	0	MOST_HATED	0.0	0.0	0.0	0
218604	IDStation_Darkan_1F_P1	cycle	1	6	timer:1	0	arm	1	5000	0		0.0	0.0	0.0	0
218604	IDStation_Darkan_1F_P1	cycle	2	5	timer:0	0	skill	19828	0	0	MOST_HATED	0.0	0.0	0.0	0
218604	IDStation_Darkan_1F_P1	cycle	2	5	timer:0	1	arm	0	10000	0		0.0	0.0	0.0	0
218605	IDStation_Darkan_1F_P1	arm	0	7		0	skill	19855	0	0	ME	0.0	0.0	0.0	0
218605	IDStation_Darkan_1F_P1	arm	0	7		1	arm	0	10000	0		0.0	0.0	0.0	0
218605	IDStation_Darkan_1F_P1	arm	0	7		2	arm	1	5000	0		0.0	0.0	0.0	0
218605	IDStation_Darkan_1F_P1	cycle	0	7	timer:1|hp_below:30	0	skill	19834	0	0	MOST_HATED	0.0	0.0	0.0	0
218605	IDStation_Darkan_1F_P1	cycle	1	6	timer:1	0	arm	1	5000	0		0.0	0.0	0.0	0
218605	IDStation_Darkan_1F_P1	cycle	2	5	timer:0	0	skill	19833	0	0	MOST_HATED	0.0	0.0	0.0	0
218605	IDStation_Darkan_1F_P1	cycle	2	5	timer:0	1	arm	0	10000	0		0.0	0.0	0.0	0
218622	IDAbRe_Core_Summon9	arm	0	20		0	arm	0	10000	0		0.0	0.0	0.0	0
218622	IDAbRe_Core_Summon9	cycle	0	10	timer:0	0	arm	0	15000	0		0.0	0.0	0.0	0
218622	IDAbRe_Core_Summon9	cycle	0	10	timer:0	1	skill	19088	0	0	MOST_HATED	0.0	0.0	0.0	0
218623	IDAbRe_Core_Summon10	arm	0	20		0	arm	0	10000	0		0.0	0.0	0.0	0
218623	IDAbRe_Core_Summon10	cycle	0	10	timer:0	0	arm	0	15000	0		0.0	0.0	0.0	0
218623	IDAbRe_Core_Summon10	cycle	0	10	timer:0	1	skill	19086	0	0	MOST_HATED	0.0	0.0	0.0	0
218626	LDF4b_Fanatic_Pet	arm	0	2		0	arm	0	9000	0		0.0	0.0	0.0	0
218626	LDF4b_Fanatic_Pet	arm	0	2		1	skill	20232	0	0	MOST_HATED	0.0	0.0	0.0	0
218626	LDF4b_Fanatic_Pet	cycle	0	1	timer:0	0	skill	20246	0	0	ME	0.0	0.0	0.0	0
218633	1Skill_Ev15s_UseSk1T	arm	0	7		0	arm	0	15000	0		0.0	0.0	0.0	0
218633	1Skill_Ev15s_UseSk1T	cycle	0	7	timer:0	0	arm	0	15000	0		0.0	0.0	0.0	0
218633	1Skill_Ev15s_UseSk1T	cycle	0	7	timer:0	1	skill	19835	0	0	MOST_HATED	0.0	0.0	0.0	0
218634	1Skill_Ev15s_UseSk1T	arm	0	7		0	arm	0	15000	0		0.0	0.0	0.0	0
218634	1Skill_Ev15s_UseSk1T	cycle	0	7	timer:0	0	arm	0	15000	0		0.0	0.0	0.0	0
218634	1Skill_Ev15s_UseSk1T	cycle	0	7	timer:0	1	skill	19835	0	0	MOST_HATED	0.0	0.0	0.0	0
218643	1Skill_Ev15s_UseSk1T	arm	0	7		0	arm	0	15000	0		0.0	0.0	0.0	0
218643	1Skill_Ev15s_UseSk1T	cycle	0	7	timer:0	0	arm	0	15000	0		0.0	0.0	0.0	0
218643	1Skill_Ev15s_UseSk1T	cycle	0	7	timer:0	1	skill	19829	0	0	MOST_HATED	0.0	0.0	0.0	0
218644	1Skill_Ev15s_UseSk1T	arm	0	7		0	arm	0	15000	0		0.0	0.0	0.0	0
218644	1Skill_Ev15s_UseSk1T	cycle	0	7	timer:0	0	arm	0	15000	0		0.0	0.0	0.0	0
218644	1Skill_Ev15s_UseSk1T	cycle	0	7	timer:0	1	skill	19829	0	0	MOST_HATED	0.0	0.0	0.0	0
218645	1Skill_Ev15s_UseSk1T	arm	0	7		0	arm	0	15000	0		0.0	0.0	0.0	0
218645	1Skill_Ev15s_UseSk1T	cycle	0	7	timer:0	0	arm	0	15000	0		0.0	0.0	0.0	0
218645	1Skill_Ev15s_UseSk1T	cycle	0	7	timer:0	1	skill	19828	0	0	MOST_HATED	0.0	0.0	0.0	0
218646	1Skill_Ev15s_UseSk1T	arm	0	7		0	arm	0	15000	0		0.0	0.0	0.0	0
218646	1Skill_Ev15s_UseSk1T	cycle	0	7	timer:0	0	arm	0	15000	0		0.0	0.0	0.0	0
218646	1Skill_Ev15s_UseSk1T	cycle	0	7	timer:0	1	skill	19828	0	0	MOST_HATED	0.0	0.0	0.0	0
218647	1Skill_Ev15s_UseSk1T	arm	0	7		0	arm	0	15000	0		0.0	0.0	0.0	0
218647	1Skill_Ev15s_UseSk1T	cycle	0	7	timer:0	0	arm	0	15000	0		0.0	0.0	0.0	0
218647	1Skill_Ev15s_UseSk1T	cycle	0	7	timer:0	1	skill	19835	0	0	MOST_HATED	0.0	0.0	0.0	0
218648	1Skill_Ev15s_UseSk1T	arm	0	7		0	arm	0	15000	0		0.0	0.0	0.0	0
218648	1Skill_Ev15s_UseSk1T	cycle	0	7	timer:0	0	arm	0	15000	0		0.0	0.0	0.0	0
218648	1Skill_Ev15s_UseSk1T	cycle	0	7	timer:0	1	skill	19835	0	0	MOST_HATED	0.0	0.0	0.0	0
218649	LDF4a_Owllau_Assassin	arm	0	7		0	arm	0	5000	0		0.0	0.0	0.0	0
218649	LDF4a_Owllau_Assassin	cycle	0	7	timer:0	0	arm	0	15000	0		0.0	0.0	0.0	0
218649	LDF4a_Owllau_Assassin	cycle	0	7	timer:0	1	skill	20079	0	0	MOST_HATED	0.0	0.0	0.0	0
218650	LDF4a_Owllau_Fighter	arm	0	7		0	say	1500311	0	0		0.0	0.0	0.0	0
218650	LDF4a_Owllau_Fighter	arm	0	7		1	arm	0	5000	0		0.0	0.0	0.0	0
218650	LDF4a_Owllau_Fighter	arm	0	7		2	skill	20077	0	0	ME	0.0	0.0	0.0	0
218650	LDF4a_Owllau_Fighter	cycle	0	7	timer:0	0	arm	0	20000	0		0.0	0.0	0.0	0
218650	LDF4a_Owllau_Fighter	cycle	0	7	timer:0	1	skill	20078	0	0	MOST_HATED	0.0	0.0	0.0	0
218651	LDF4a_Calydon_Priest	arm	0	7		0	arm	0	5000	0		0.0	0.0	0.0	0
218651	LDF4a_Calydon_Priest	arm	0	7		1	arm	1	5000	0		0.0	0.0	0.0	0
218651	LDF4a_Calydon_Priest	cycle	0	15	timer:1|hp_below:25	0	say	1500314	0	0		0.0	0.0	0.0	0
218651	LDF4a_Calydon_Priest	cycle	0	15	timer:1|hp_below:25	1	skill	20076	0	0	ME	0.0	0.0	0.0	0
218651	LDF4a_Calydon_Priest	cycle	1	10	timer:0|hp_between:1:49	0	arm	0	30000	0		0.0	0.0	0.0	0
218651	LDF4a_Calydon_Priest	cycle	1	10	timer:0|hp_between:1:49	1	skill	20075	0	0	ME	0.0	0.0	0.0	0
218651	LDF4a_Calydon_Priest	cycle	2	5	timer:0	0	arm	0	5000	0		0.0	0.0	0.0	0
218651	LDF4a_Calydon_Priest	cycle	3	5	timer:1	0	arm	1	5000	0		0.0	0.0	0.0	0
218653	1Skill_Ev15s_UseSk1T	arm	0	7		0	arm	0	15000	0		0.0	0.0	0.0	0
218653	1Skill_Ev15s_UseSk1T	cycle	0	7	timer:0	0	arm	0	15000	0		0.0	0.0	0.0	0
218653	1Skill_Ev15s_UseSk1T	cycle	0	7	timer:0	1	skill	19828	0	0	MOST_HATED	0.0	0.0	0.0	0
218654	1Skill_Ev15s_UseSk1T	arm	0	7		0	arm	0	15000	0		0.0	0.0	0.0	0
218654	1Skill_Ev15s_UseSk1T	cycle	0	7	timer:0	0	arm	0	15000	0		0.0	0.0	0.0	0
218654	1Skill_Ev15s_UseSk1T	cycle	0	7	timer:0	1	skill	19429	0	0	MOST_HATED	0.0	0.0	0.0	0
218656	1Skill_Ev15s_UseSk1T	arm	0	7		0	arm	0	15000	0		0.0	0.0	0.0	0
218656	1Skill_Ev15s_UseSk1T	cycle	0	7	timer:0	0	arm	0	15000	0		0.0	0.0	0.0	0
218656	1Skill_Ev15s_UseSk1T	cycle	0	7	timer:0	1	skill	19828	0	0	MOST_HATED	0.0	0.0	0.0	0
218657	1Skill_Ev15s_UseSk1T	arm	0	7		0	arm	0	15000	0		0.0	0.0	0.0	0
218657	1Skill_Ev15s_UseSk1T	cycle	0	7	timer:0	0	arm	0	15000	0		0.0	0.0	0.0	0
218657	1Skill_Ev15s_UseSk1T	cycle	0	7	timer:0	1	skill	19828	0	0	MOST_HATED	0.0	0.0	0.0	0
218658	1Skill_Ev15s_UseSk1T	arm	0	7		0	arm	0	15000	0		0.0	0.0	0.0	0
218658	1Skill_Ev15s_UseSk1T	cycle	0	7	timer:0	0	arm	0	15000	0		0.0	0.0	0.0	0
218658	1Skill_Ev15s_UseSk1T	cycle	0	7	timer:0	1	skill	19828	0	0	MOST_HATED	0.0	0.0	0.0	0
218659	Station_Shu_AS	arm	0	6		0	arm	1	6000	0		0.0	0.0	0.0	0
218659	Station_Shu_AS	cycle	0	7	timer:1	0	arm	0	6000	0		0.0	0.0	0.0	0
218659	Station_Shu_AS	cycle	0	7	timer:1	1	say	342337	0	0		0.0	0.0	0.0	0
218659	Station_Shu_AS	cycle	1	5	timer:0	0	arm	0	12000	0		0.0	0.0	0.0	0
218659	Station_Shu_AS	cycle	1	5	timer:0	1	skill	19494	0	0	MOST_HATED	0.0	0.0	0.0	0
218661	IDStation_Darkan_1F_P1	arm	0	7		0	skill	19853	0	0	ME	0.0	0.0	0.0	0
218661	IDStation_Darkan_1F_P1	arm	0	7		1	arm	0	10000	0		0.0	0.0	0.0	0
218661	IDStation_Darkan_1F_P1	arm	0	7		2	arm	1	5000	0		0.0	0.0	0.0	0
218661	IDStation_Darkan_1F_P1	cycle	0	7	timer:1|hp_below:30	0	skill	19830	0	0	MOST_HATED	0.0	0.0	0.0	0
218661	IDStation_Darkan_1F_P1	cycle	1	6	timer:1	0	arm	1	5000	0		0.0	0.0	0.0	0
218661	IDStation_Darkan_1F_P1	cycle	2	5	timer:0	0	skill	19828	0	0	MOST_HATED	0.0	0.0	0.0	0
218661	IDStation_Darkan_1F_P1	cycle	2	5	timer:0	1	arm	0	10000	0		0.0	0.0	0.0	0
218663	1Skill_Ev15s_UseSk1T	arm	0	7		0	arm	0	15000	0		0.0	0.0	0.0	0
218663	1Skill_Ev15s_UseSk1T	cycle	0	7	timer:0	0	arm	0	15000	0		0.0	0.0	0.0	0
218663	1Skill_Ev15s_UseSk1T	cycle	0	7	timer:0	1	skill	19828	0	0	MOST_HATED	0.0	0.0	0.0	0
218665	1Skill_Ev15s_UseSk1T	arm	0	7		0	arm	0	15000	0		0.0	0.0	0.0	0
218665	1Skill_Ev15s_UseSk1T	cycle	0	7	timer:0	0	arm	0	15000	0		0.0	0.0	0.0	0
218665	1Skill_Ev15s_UseSk1T	cycle	0	7	timer:0	1	skill	19828	0	0	MOST_HATED	0.0	0.0	0.0	0
218666	1Skill_Ev15s_UseSk1T	arm	0	7		0	arm	0	15000	0		0.0	0.0	0.0	0
218666	1Skill_Ev15s_UseSk1T	cycle	0	7	timer:0	0	arm	0	15000	0		0.0	0.0	0.0	0
218666	1Skill_Ev15s_UseSk1T	cycle	0	7	timer:0	1	skill	19828	0	0	MOST_HATED	0.0	0.0	0.0	0
218683	IDArena_pvp01_S3_LycanWarriorS_01	arm	0	7		0	arm	0	10000	0		0.0	0.0	0.0	0
218683	IDArena_pvp01_S3_LycanWarriorS_01	arm	0	7		1	skill	16516	0	0	MOST_HATED	0.0	0.0	0.0	0
218683	IDArena_pvp01_S3_LycanWarriorS_01	cycle	0	7		0	arm	0	10000	0		0.0	0.0	0.0	0
218683	IDArena_pvp01_S3_LycanWarriorS_01	cycle	0	7		1	skill	16516	0	0	MOST_HATED	0.0	0.0	0.0	0
218688	IDArena_pvp01_S5_Butler_01	arm	0	7		0	arm	0	10000	0		0.0	0.0	0.0	0
218688	IDArena_pvp01_S5_Butler_01	arm	0	7		1	skill	16570	0	0	MOST_HATED	0.0	0.0	0.0	0
218688	IDArena_pvp01_S5_Butler_01	cycle	0	7		0	arm	0	10000	0		0.0	0.0	0.0	0
218688	IDArena_pvp01_S5_Butler_01	cycle	0	7		1	skill	16570	0	0	MOST_HATED	0.0	0.0	0.0	0
218689	IDArena_pvp01_S5_Lich_01	arm	0	7		0	arm	0	5000	0		0.0	0.0	0.0	0
218689	IDArena_pvp01_S5_Lich_01	arm	0	7		1	skill	16574	0	0	MOST_HATED	0.0	0.0	0.0	0
218689	IDArena_pvp01_S5_Lich_01	cycle	0	10	timer:0|hp_below:50	0	arm	0	5000	0		0.0	0.0	0.0	0
218689	IDArena_pvp01_S5_Lich_01	cycle	0	10	timer:0|hp_below:50	1	skill	16699	0	0	ME	0.0	0.0	0.0	0
218689	IDArena_pvp01_S5_Lich_01	cycle	1	7	timer:0	0	arm	0	5000	0		0.0	0.0	0.0	0
218690	IDArena_pvp01_S5_PricessNamed_01	arm	0	7		0	arm	0	5000	0		0.0	0.0	0.0	0
218690	IDArena_pvp01_S5_PricessNamed_01	arm	0	7		1	skill	18643	0	0	ME	0.0	0.0	0.0	0
218690	IDArena_pvp01_S5_PricessNamed_01	cycle	0	10	timer:0|hp_between:2:29	0	skill	16698	0	0	MOST_HATED	0.0	0.0	0.0	0
218690	IDArena_pvp01_S5_PricessNamed_01	cycle	0	10	timer:0|hp_between:2:29	1	arm	0	5000	0		0.0	0.0	0.0	0
218690	IDArena_pvp01_S5_PricessNamed_01	cycle	1	7	timer:0	0	arm	0	5000	0		0.0	0.0	0.0	0
218696	IDArena_pvp01_S3_LycanWarriorS_02	arm	0	7		0	arm	0	10000	0		0.0	0.0	0.0	0
218696	IDArena_pvp01_S3_LycanWarriorS_02	arm	0	7		1	skill	16516	0	0	MOST_HATED	0.0	0.0	0.0	0
218696	IDArena_pvp01_S3_LycanWarriorS_02	cycle	0	7		0	arm	0	10000	0		0.0	0.0	0.0	0
218696	IDArena_pvp01_S3_LycanWarriorS_02	cycle	0	7		1	skill	16516	0	0	MOST_HATED	0.0	0.0	0.0	0
218701	IDArena_pvp01_S5_Butler_02	arm	0	7		0	arm	0	10000	0		0.0	0.0	0.0	0
218701	IDArena_pvp01_S5_Butler_02	arm	0	7		1	skill	16570	0	0	MOST_HATED	0.0	0.0	0.0	0
218701	IDArena_pvp01_S5_Butler_02	cycle	0	7		0	arm	0	10000	0		0.0	0.0	0.0	0
218701	IDArena_pvp01_S5_Butler_02	cycle	0	7		1	skill	16570	0	0	MOST_HATED	0.0	0.0	0.0	0
218702	IDArena_pvp01_S5_Lich_01	arm	0	7		0	arm	0	5000	0		0.0	0.0	0.0	0
218702	IDArena_pvp01_S5_Lich_01	arm	0	7		1	skill	16574	0	0	MOST_HATED	0.0	0.0	0.0	0
218702	IDArena_pvp01_S5_Lich_01	cycle	0	10	timer:0|hp_below:50	0	arm	0	5000	0		0.0	0.0	0.0	0
218702	IDArena_pvp01_S5_Lich_01	cycle	0	10	timer:0|hp_below:50	1	skill	16699	0	0	ME	0.0	0.0	0.0	0
218702	IDArena_pvp01_S5_Lich_01	cycle	1	7	timer:0	0	arm	0	5000	0		0.0	0.0	0.0	0
218703	IDArena_pvp01_S5_PricessNamed_02	arm	0	7		0	arm	0	5000	0		0.0	0.0	0.0	0
218703	IDArena_pvp01_S5_PricessNamed_02	arm	0	7		1	skill	18643	0	0	ME	0.0	0.0	0.0	0
218703	IDArena_pvp01_S5_PricessNamed_02	cycle	0	10	timer:0|hp_between:2:29	0	skill	16698	0	0	MOST_HATED	0.0	0.0	0.0	0
218703	IDArena_pvp01_S5_PricessNamed_02	cycle	0	10	timer:0|hp_between:2:29	1	arm	0	5000	0		0.0	0.0	0.0	0
218703	IDArena_pvp01_S5_PricessNamed_02	cycle	1	7	timer:0	0	arm	0	5000	0		0.0	0.0	0.0	0
218709	IDArena_pvp01_S3_LycanWarriorS_03	arm	0	7		0	arm	0	10000	0		0.0	0.0	0.0	0
218709	IDArena_pvp01_S3_LycanWarriorS_03	arm	0	7		1	skill	16516	0	0	MOST_HATED	0.0	0.0	0.0	0
218709	IDArena_pvp01_S3_LycanWarriorS_03	cycle	0	7		0	arm	0	10000	0		0.0	0.0	0.0	0
218709	IDArena_pvp01_S3_LycanWarriorS_03	cycle	0	7		1	skill	16516	0	0	MOST_HATED	0.0	0.0	0.0	0
218714	IDArena_pvp01_S5_Butler_03	arm	0	7		0	arm	0	10000	0		0.0	0.0	0.0	0
218714	IDArena_pvp01_S5_Butler_03	arm	0	7		1	skill	16570	0	0	MOST_HATED	0.0	0.0	0.0	0
218714	IDArena_pvp01_S5_Butler_03	cycle	0	7		0	arm	0	10000	0		0.0	0.0	0.0	0
218714	IDArena_pvp01_S5_Butler_03	cycle	0	7		1	skill	16570	0	0	MOST_HATED	0.0	0.0	0.0	0
218715	IDArena_pvp01_S5_Lich_01	arm	0	7		0	arm	0	5000	0		0.0	0.0	0.0	0
218715	IDArena_pvp01_S5_Lich_01	arm	0	7		1	skill	16574	0	0	MOST_HATED	0.0	0.0	0.0	0
218715	IDArena_pvp01_S5_Lich_01	cycle	0	10	timer:0|hp_below:50	0	arm	0	5000	0		0.0	0.0	0.0	0
218715	IDArena_pvp01_S5_Lich_01	cycle	0	10	timer:0|hp_below:50	1	skill	16699	0	0	ME	0.0	0.0	0.0	0
218715	IDArena_pvp01_S5_Lich_01	cycle	1	7	timer:0	0	arm	0	5000	0		0.0	0.0	0.0	0
218716	IDArena_pvp01_S5_PricessNamed_03	arm	0	7		0	arm	0	5000	0		0.0	0.0	0.0	0
218716	IDArena_pvp01_S5_PricessNamed_03	arm	0	7		1	skill	18643	0	0	ME	0.0	0.0	0.0	0
218716	IDArena_pvp01_S5_PricessNamed_03	cycle	0	10	timer:0|hp_between:2:29	0	skill	16698	0	0	MOST_HATED	0.0	0.0	0.0	0
218716	IDArena_pvp01_S5_PricessNamed_03	cycle	0	10	timer:0|hp_between:2:29	1	arm	0	5000	0		0.0	0.0	0.0	0
218716	IDArena_pvp01_S5_PricessNamed_03	cycle	1	7	timer:0	0	arm	0	5000	0		0.0	0.0	0.0	0
218721	TDown_DrakanFi_Tiamat_60_Ae	arm	0	4		0	skill	20241	0	0	ME	0.0	0.0	0.0	0
218721	TDown_DrakanFi_Tiamat_60_Ae	arm	0	4		1	arm	0	4000	0		0.0	0.0	0.0	0
218721	TDown_DrakanFi_Tiamat_60_Ae	arm	0	4		2	arm	1	10000	0		0.0	0.0	0.0	0
218721	TDown_DrakanFi_Tiamat_60_Ae	arm	0	4		3	arm	2	15000	0		0.0	0.0	0.0	0
218721	TDown_DrakanFi_Tiamat_60_Ae	cycle	0	3	timer:0	0	skill	20504	0	0	MOST_HATED	0.0	0.0	0.0	0
218721	TDown_DrakanFi_Tiamat_60_Ae	cycle	0	3	timer:0	1	arm	0	8000	0		0.0	0.0	0.0	0
218721	TDown_DrakanFi_Tiamat_60_Ae	cycle	1	2	timer:1	0	skill	20505	0	0	ME	0.0	0.0	0.0	0
218721	TDown_DrakanFi_Tiamat_60_Ae	cycle	1	2	timer:1	1	skill	20506	0	0	ME	0.0	0.0	0.0	0
218721	TDown_DrakanFi_Tiamat_60_Ae	cycle	1	2	timer:1	2	skill	20507	0	0	ME	0.0	0.0	0.0	0
218721	TDown_DrakanFi_Tiamat_60_Ae	cycle	1	2	timer:1	3	skill	20507	0	0	ME	0.0	0.0	0.0	0
218721	TDown_DrakanFi_Tiamat_60_Ae	cycle	1	2	timer:1	4	arm	1	24000	0		0.0	0.0	0.0	0
218721	TDown_DrakanFi_Tiamat_60_Ae	cycle	2	1	timer:2	0	skill	20247	0	0	ME	0.0	0.0	0.0	0
218721	TDown_DrakanFi_Tiamat_60_Ae	cycle	2	1	timer:2	1	arm	2	25000	0		0.0	0.0	0.0	0
218725	LDF4b_Yun_Fighter	arm	0	4		0	skill	20243	0	0	ME	0.0	0.0	0.0	0
218725	LDF4b_Yun_Fighter	arm	0	4		1	arm	0	5000	0		0.0	0.0	0.0	0
218725	LDF4b_Yun_Fighter	arm	0	4		2	arm	1	10000	0		0.0	0.0	0.0	0
218725	LDF4b_Yun_Fighter	arm	0	4		3	arm	2	3000	0		0.0	0.0	0.0	0
218725	LDF4b_Yun_Fighter	cycle	0	3	timer:0	0	skill	20232	0	0	MOST_HATED	0.0	0.0	0.0	0
218725	LDF4b_Yun_Fighter	cycle	0	3	timer:0	1	arm	0	6000	0		0.0	0.0	0.0	0
218725	LDF4b_Yun_Fighter	cycle	1	2	timer:1	0	skill	20240	0	0	ME	0.0	0.0	0.0	0
218725	LDF4b_Yun_Fighter	cycle	1	2	timer:1	1	arm	1	15000	0		0.0	0.0	0.0	0
218728	LDF4b_T1_MutantBeast_Undead_An	arm	0	3		0	arm	0	8000	0		0.0	0.0	0.0	0
218728	LDF4b_T1_MutantBeast_Undead_An	arm	0	3		1	skill	20256	0	0	ME	0.0	0.0	0.0	0
218728	LDF4b_T1_MutantBeast_Undead_An	cycle	0	1	timer:0	0	arm	0	13000	0		0.0	0.0	0.0	0
218728	LDF4b_T1_MutantBeast_Undead_An	cycle	0	1	timer:0	1	skill	20232	0	0	MOST_HATED	0.0	0.0	0.0	0
218731	LDF4b_T2_SouledStone_An	arm	0	2		0	arm	0	7000	0		0.0	0.0	0.0	0
218731	LDF4b_T2_SouledStone_An	cycle	0	1	timer:0	0	arm	0	14000	0		0.0	0.0	0.0	0
218731	LDF4b_T2_SouledStone_An	cycle	0	1	timer:0	1	skill	20232	0	0	MOST_HATED	0.0	0.0	0.0	0
218732	LDF4b_T2_SouledStone_An	arm	0	2		0	arm	0	7000	0		0.0	0.0	0.0	0
218732	LDF4b_T2_SouledStone_An	cycle	0	1	timer:0	0	arm	0	14000	0		0.0	0.0	0.0	0
218732	LDF4b_T2_SouledStone_An	cycle	0	1	timer:0	1	skill	20232	0	0	MOST_HATED	0.0	0.0	0.0	0
218733	LDF4b_T2_Neutfly_Gravity_An	arm	0	2		0	arm	0	8000	0		0.0	0.0	0.0	0
218733	LDF4b_T2_Neutfly_Gravity_An	cycle	0	1	timer:0	0	arm	0	15000	0		0.0	0.0	0.0	0
218733	LDF4b_T2_Neutfly_Gravity_An	cycle	0	1	timer:0	1	skill	20349	0	0	MOST_HATED	0.0	0.0	0.0	0
218734	LDF4b_T2_Neutfly_Gravity_An	arm	0	2		0	arm	0	8000	0		0.0	0.0	0.0	0
218734	LDF4b_T2_Neutfly_Gravity_An	cycle	0	1	timer:0	0	arm	0	15000	0		0.0	0.0	0.0	0
218734	LDF4b_T2_Neutfly_Gravity_An	cycle	0	1	timer:0	1	skill	20349	0	0	MOST_HATED	0.0	0.0	0.0	0
218737	LDF4b_T3_Xipeto_Rage_An	arm	0	2		0	arm	0	7000	0		0.0	0.0	0.0	0
218737	LDF4b_T3_Xipeto_Rage_An	arm	0	2		1	skill	20242	0	0	ME	0.0	0.0	0.0	0
218737	LDF4b_T3_Xipeto_Rage_An	cycle	0	1	timer:0	0	arm	0	18000	0		0.0	0.0	0.0	0
218737	LDF4b_T3_Xipeto_Rage_An	cycle	0	1	timer:0	1	skill	20236	0	0	MOST_HATED	0.0	0.0	0.0	0
218738	LDF4b_T3_Xipeto_Rage_An	arm	0	2		0	arm	0	7000	0		0.0	0.0	0.0	0
218738	LDF4b_T3_Xipeto_Rage_An	arm	0	2		1	skill	20242	0	0	ME	0.0	0.0	0.0	0
218738	LDF4b_T3_Xipeto_Rage_An	cycle	0	1	timer:0	0	arm	0	18000	0		0.0	0.0	0.0	0
218738	LDF4b_T3_Xipeto_Rage_An	cycle	0	1	timer:0	1	skill	20236	0	0	MOST_HATED	0.0	0.0	0.0	0
218739	LDF4b_T3_Displacerbeast_Rage_An	arm	0	3		0	arm	0	8000	0		0.0	0.0	0.0	0
218739	LDF4b_T3_Displacerbeast_Rage_An	arm	0	3		1	skill	20240	0	0	ME	0.0	0.0	0.0	0
218739	LDF4b_T3_Displacerbeast_Rage_An	cycle	0	1	timer:0	0	arm	0	12000	0		0.0	0.0	0.0	0
218739	LDF4b_T3_Displacerbeast_Rage_An	cycle	0	1	timer:0	1	skill	20232	0	0	MOST_HATED	0.0	0.0	0.0	0
218740	LDF4b_T3_Displacerbeast_Rage_An	arm	0	3		0	arm	0	8000	0		0.0	0.0	0.0	0
218740	LDF4b_T3_Displacerbeast_Rage_An	arm	0	3		1	skill	20240	0	0	ME	0.0	0.0	0.0	0
218740	LDF4b_T3_Displacerbeast_Rage_An	cycle	0	1	timer:0	0	arm	0	12000	0		0.0	0.0	0.0	0
218740	LDF4b_T3_Displacerbeast_Rage_An	cycle	0	1	timer:0	1	skill	20232	0	0	MOST_HATED	0.0	0.0	0.0	0
218750	LDF4b_T4_Neut2_Crystal_An	arm	0	3		0	arm	0	7000	0		0.0	0.0	0.0	0
218750	LDF4b_T4_Neut2_Crystal_An	arm	0	3		1	skill	20240	0	0	ME	0.0	0.0	0.0	0
218750	LDF4b_T4_Neut2_Crystal_An	cycle	0	1	timer:0	0	arm	0	14000	0		0.0	0.0	0.0	0
218750	LDF4b_T4_Neut2_Crystal_An	cycle	0	1	timer:0	1	skill	20232	0	0	MOST_HATED	0.0	0.0	0.0	0
218751	LDF4b_T4_Neut1_An	arm	0	2		0	arm	0	5000	0		0.0	0.0	0.0	0
218751	LDF4b_T4_Neut1_An	arm	0	2		1	skill	20241	0	0	ME	0.0	0.0	0.0	0
218751	LDF4b_T4_Neut1_An	cycle	0	2	timer:0	0	arm	0	16000	0		0.0	0.0	0.0	0
218751	LDF4b_T4_Neut1_An	cycle	0	2	timer:0	1	skill	20349	0	0	MOST_HATED	0.0	0.0	0.0	0
218766	LDF4b_T3_Cyclops_An	arm	0	2		0	arm	0	7000	0		0.0	0.0	0.0	0
218766	LDF4b_T3_Cyclops_An	cycle	0	2	timer:0	0	arm	0	12000	0		0.0	0.0	0.0	0
218766	LDF4b_T3_Cyclops_An	cycle	0	2	timer:0	1	skill	20232	0	0	MOST_HATED	0.0	0.0	0.0	0
218767	LDF4b_T2_Guardian_An	arm	0	2		0	arm	0	8000	0		0.0	0.0	0.0	0
218767	LDF4b_T2_Guardian_An	cycle	0	1	timer:0	0	arm	0	11000	0		0.0	0.0	0.0	0
218767	LDF4b_T2_Guardian_An	cycle	0	1	timer:0	1	skill	20232	0	0	MOST_HATED	0.0	0.0	0.0	0
218770	TDown_DrakanFi_Tiamat_60_Ae	arm	0	4		0	skill	20241	0	0	ME	0.0	0.0	0.0	0
218770	TDown_DrakanFi_Tiamat_60_Ae	arm	0	4		1	arm	0	4000	0		0.0	0.0	0.0	0
218770	TDown_DrakanFi_Tiamat_60_Ae	arm	0	4		2	arm	1	10000	0		0.0	0.0	0.0	0
218770	TDown_DrakanFi_Tiamat_60_Ae	arm	0	4		3	arm	2	15000	0		0.0	0.0	0.0	0
218770	TDown_DrakanFi_Tiamat_60_Ae	cycle	0	3	timer:0	0	skill	20504	0	0	MOST_HATED	0.0	0.0	0.0	0
218770	TDown_DrakanFi_Tiamat_60_Ae	cycle	0	3	timer:0	1	arm	0	8000	0		0.0	0.0	0.0	0
218770	TDown_DrakanFi_Tiamat_60_Ae	cycle	1	2	timer:1	0	skill	20505	0	0	ME	0.0	0.0	0.0	0
218770	TDown_DrakanFi_Tiamat_60_Ae	cycle	1	2	timer:1	1	skill	20506	0	0	ME	0.0	0.0	0.0	0
218770	TDown_DrakanFi_Tiamat_60_Ae	cycle	1	2	timer:1	2	skill	20507	0	0	ME	0.0	0.0	0.0	0
218770	TDown_DrakanFi_Tiamat_60_Ae	cycle	1	2	timer:1	3	skill	20507	0	0	ME	0.0	0.0	0.0	0
218770	TDown_DrakanFi_Tiamat_60_Ae	cycle	1	2	timer:1	4	arm	1	24000	0		0.0	0.0	0.0	0
218770	TDown_DrakanFi_Tiamat_60_Ae	cycle	2	1	timer:2	0	skill	20247	0	0	ME	0.0	0.0	0.0	0
218770	TDown_DrakanFi_Tiamat_60_Ae	cycle	2	1	timer:2	1	arm	2	25000	0		0.0	0.0	0.0	0
218773	TDown_DrakanFi_Tiamat_60_Ae	arm	0	4		0	skill	20241	0	0	ME	0.0	0.0	0.0	0
218773	TDown_DrakanFi_Tiamat_60_Ae	arm	0	4		1	arm	0	4000	0		0.0	0.0	0.0	0
218773	TDown_DrakanFi_Tiamat_60_Ae	arm	0	4		2	arm	1	10000	0		0.0	0.0	0.0	0
218773	TDown_DrakanFi_Tiamat_60_Ae	arm	0	4		3	arm	2	15000	0		0.0	0.0	0.0	0
218773	TDown_DrakanFi_Tiamat_60_Ae	cycle	0	3	timer:0	0	skill	20504	0	0	MOST_HATED	0.0	0.0	0.0	0
218773	TDown_DrakanFi_Tiamat_60_Ae	cycle	0	3	timer:0	1	arm	0	8000	0		0.0	0.0	0.0	0
218773	TDown_DrakanFi_Tiamat_60_Ae	cycle	1	2	timer:1	0	skill	20505	0	0	ME	0.0	0.0	0.0	0
218773	TDown_DrakanFi_Tiamat_60_Ae	cycle	1	2	timer:1	1	skill	20506	0	0	ME	0.0	0.0	0.0	0
218773	TDown_DrakanFi_Tiamat_60_Ae	cycle	1	2	timer:1	2	skill	20507	0	0	ME	0.0	0.0	0.0	0
218773	TDown_DrakanFi_Tiamat_60_Ae	cycle	1	2	timer:1	3	skill	20507	0	0	ME	0.0	0.0	0.0	0
218773	TDown_DrakanFi_Tiamat_60_Ae	cycle	1	2	timer:1	4	arm	1	24000	0		0.0	0.0	0.0	0
218773	TDown_DrakanFi_Tiamat_60_Ae	cycle	2	1	timer:2	0	skill	20247	0	0	ME	0.0	0.0	0.0	0
218773	TDown_DrakanFi_Tiamat_60_Ae	cycle	2	1	timer:2	1	arm	2	25000	0		0.0	0.0	0.0	0
218779	LDF4b_Fanatic_Pet	arm	0	2		0	arm	0	9000	0		0.0	0.0	0.0	0
218779	LDF4b_Fanatic_Pet	arm	0	2		1	skill	20232	0	0	MOST_HATED	0.0	0.0	0.0	0
218779	LDF4b_Fanatic_Pet	cycle	0	1	timer:0	0	skill	20246	0	0	ME	0.0	0.0	0.0	0
218780	LDF4b_Fanatic_Pet	arm	0	2		0	arm	0	9000	0		0.0	0.0	0.0	0
218780	LDF4b_Fanatic_Pet	arm	0	2		1	skill	20232	0	0	MOST_HATED	0.0	0.0	0.0	0
218780	LDF4b_Fanatic_Pet	cycle	0	1	timer:0	0	skill	20246	0	0	ME	0.0	0.0	0.0	0
218819	LDF4b_T1_Dionaea_An	arm	0	5		0	arm	0	7000	0		0.0	0.0	0.0	0
218819	LDF4b_T1_Dionaea_An	cycle	0	1	timer:0	0	arm	0	13000	0		0.0	0.0	0.0	0
218819	LDF4b_T1_Dionaea_An	cycle	0	1	timer:0	1	skill	20238	0	0	MOST_HATED	0.0	0.0	0.0	0
218820	LDF4b_T1_Flyingeye_An	arm	0	3		0	arm	0	7000	0		0.0	0.0	0.0	0
218820	LDF4b_T1_Flyingeye_An	cycle	0	1	timer:0	0	arm	0	16000	0		0.0	0.0	0.0	0
218820	LDF4b_T1_Flyingeye_An	cycle	0	1	timer:0	1	skill	20349	0	0	MOST_HATED	0.0	0.0	0.0	0
218821	LDF4b_TiamatDrakan_Fighter	arm	0	4		0	skill	20241	0	0	ME	0.0	0.0	0.0	0
218821	LDF4b_TiamatDrakan_Fighter	arm	0	4		1	arm	0	4000	0		0.0	0.0	0.0	0
218821	LDF4b_TiamatDrakan_Fighter	arm	0	4		2	arm	1	10000	0		0.0	0.0	0.0	0
218821	LDF4b_TiamatDrakan_Fighter	arm	0	4		3	arm	2	15000	0		0.0	0.0	0.0	0
218821	LDF4b_TiamatDrakan_Fighter	cycle	0	3	timer:0	0	skill	20504	0	0	MOST_HATED	0.0	0.0	0.0	0
218821	LDF4b_TiamatDrakan_Fighter	cycle	0	3	timer:0	1	arm	0	8000	0		0.0	0.0	0.0	0
218821	LDF4b_TiamatDrakan_Fighter	cycle	1	2	timer:1	0	skill	20505	0	0	ME	0.0	0.0	0.0	0
218821	LDF4b_TiamatDrakan_Fighter	cycle	1	2	timer:1	1	skill	20506	0	0	ME	0.0	0.0	0.0	0
218821	LDF4b_TiamatDrakan_Fighter	cycle	1	2	timer:1	2	skill	20507	0	0	ME	0.0	0.0	0.0	0
218821	LDF4b_TiamatDrakan_Fighter	cycle	1	2	timer:1	3	skill	20507	0	0	ME	0.0	0.0	0.0	0
218821	LDF4b_TiamatDrakan_Fighter	cycle	1	2	timer:1	4	arm	1	24000	0		0.0	0.0	0.0	0
218821	LDF4b_TiamatDrakan_Fighter	cycle	2	1	timer:2	0	skill	20247	0	0	ME	0.0	0.0	0.0	0
218821	LDF4b_TiamatDrakan_Fighter	cycle	2	1	timer:2	1	arm	2	25000	0		0.0	0.0	0.0	0
218822	LDF4b_TiamatDrakan_Fighter	arm	0	4		0	skill	20241	0	0	ME	0.0	0.0	0.0	0
218822	LDF4b_TiamatDrakan_Fighter	arm	0	4		1	arm	0	4000	0		0.0	0.0	0.0	0
218822	LDF4b_TiamatDrakan_Fighter	arm	0	4		2	arm	1	10000	0		0.0	0.0	0.0	0
218822	LDF4b_TiamatDrakan_Fighter	arm	0	4		3	arm	2	15000	0		0.0	0.0	0.0	0
218822	LDF4b_TiamatDrakan_Fighter	cycle	0	3	timer:0	0	skill	20504	0	0	MOST_HATED	0.0	0.0	0.0	0
218822	LDF4b_TiamatDrakan_Fighter	cycle	0	3	timer:0	1	arm	0	8000	0		0.0	0.0	0.0	0
218822	LDF4b_TiamatDrakan_Fighter	cycle	1	2	timer:1	0	skill	20505	0	0	ME	0.0	0.0	0.0	0
218822	LDF4b_TiamatDrakan_Fighter	cycle	1	2	timer:1	1	skill	20506	0	0	ME	0.0	0.0	0.0	0
218822	LDF4b_TiamatDrakan_Fighter	cycle	1	2	timer:1	2	skill	20507	0	0	ME	0.0	0.0	0.0	0
218822	LDF4b_TiamatDrakan_Fighter	cycle	1	2	timer:1	3	skill	20507	0	0	ME	0.0	0.0	0.0	0
218822	LDF4b_TiamatDrakan_Fighter	cycle	1	2	timer:1	4	arm	1	24000	0		0.0	0.0	0.0	0
218822	LDF4b_TiamatDrakan_Fighter	cycle	2	1	timer:2	0	skill	20247	0	0	ME	0.0	0.0	0.0	0
218822	LDF4b_TiamatDrakan_Fighter	cycle	2	1	timer:2	1	arm	2	25000	0		0.0	0.0	0.0	0
218823	TDown_DrakanFi_Noble_60_Ae	arm	0	4		0	skill	20241	0	0	ME	0.0	0.0	0.0	0
218823	TDown_DrakanFi_Noble_60_Ae	arm	0	4		1	arm	0	4000	0		0.0	0.0	0.0	0
218823	TDown_DrakanFi_Noble_60_Ae	arm	0	4		2	arm	1	10000	0		0.0	0.0	0.0	0
218823	TDown_DrakanFi_Noble_60_Ae	arm	0	4		3	arm	2	15000	0		0.0	0.0	0.0	0
218823	TDown_DrakanFi_Noble_60_Ae	cycle	0	3	timer:0	0	skill	20504	0	0	MOST_HATED	0.0	0.0	0.0	0
218823	TDown_DrakanFi_Noble_60_Ae	cycle	0	3	timer:0	1	arm	0	8000	0		0.0	0.0	0.0	0
218823	TDown_DrakanFi_Noble_60_Ae	cycle	1	2	timer:1	0	skill	20505	0	0	ME	0.0	0.0	0.0	0
218823	TDown_DrakanFi_Noble_60_Ae	cycle	1	2	timer:1	1	skill	20506	0	0	ME	0.0	0.0	0.0	0
218823	TDown_DrakanFi_Noble_60_Ae	cycle	1	2	timer:1	2	skill	20507	0	0	ME	0.0	0.0	0.0	0
218823	TDown_DrakanFi_Noble_60_Ae	cycle	1	2	timer:1	3	arm	1	24000	0		0.0	0.0	0.0	0
218823	TDown_DrakanFi_Noble_60_Ae	cycle	2	1	timer:2	0	skill	20247	0	0	ME	0.0	0.0	0.0	0
218823	TDown_DrakanFi_Noble_60_Ae	cycle	2	1	timer:2	1	arm	2	25000	0		0.0	0.0	0.0	0
218891	IDYun_Temp_21	arm	0	2		0	arm	0	3000	0		0.0	0.0	0.0	0
218891	IDYun_Temp_21	cycle	0	1	timer:0	0	skill	19913	0	0	ME	0.0	0.0	0.0	0
218891	IDYun_Temp_21	cycle	0	1	timer:0	1	arm	0	3000	0		0.0	0.0	0.0	0
218892	IDYun_Drakan_ND4	arm	0	3		0	arm	0	6000	0		0.0	0.0	0.0	0
218892	IDYun_Drakan_ND4	arm	0	3		1	arm	1	15000	0		0.0	0.0	0.0	0
218892	IDYun_Drakan_ND4	cycle	0	2	timer:0	0	skill	19912	0	0	ME	0.0	0.0	0.0	0
218892	IDYun_Drakan_ND4	cycle	0	2	timer:0	1	arm	0	8000	0		0.0	0.0	0.0	0
218892	IDYun_Drakan_ND4	cycle	1	1	timer:1	0	skill	19914	0	0	ME	0.0	0.0	0.0	0
218892	IDYun_Drakan_ND4	cycle	1	1	timer:1	1	arm	1	25000	0		0.0	0.0	0.0	0
218905	LDF4b_Portal_DrakanFighter	arm	0	3		0	skill	20243	0	0	ME	0.0	0.0	0.0	0
218905	LDF4b_Portal_DrakanFighter	arm	0	3		1	arm	0	3000	0		0.0	0.0	0.0	0
218905	LDF4b_Portal_DrakanFighter	arm	0	3		2	arm	1	5000	0		0.0	0.0	0.0	0
218905	LDF4b_Portal_DrakanFighter	cycle	0	2	timer:0	0	arm	0	7000	0		0.0	0.0	0.0	0
218905	LDF4b_Portal_DrakanFighter	cycle	0	2	timer:0	1	skill	20232	0	0	MOST_HATED	0.0	0.0	0.0	0
218905	LDF4b_Portal_DrakanFighter	cycle	1	1	timer:1	0	arm	1	12000	0		0.0	0.0	0.0	0
218905	LDF4b_Portal_DrakanFighter	cycle	1	1	timer:1	1	skill	20241	0	0	ME	0.0	0.0	0.0	0
218906	LDF4b_Portal_DrakanSiegeWeapon	arm	0	2		0	broadcast	1000	100	0		0.0	0.0	0.0	0
218906	LDF4b_Portal_DrakanSiegeWeapon	arm	0	2		1	skill	20241	0	0	ME	0.0	0.0	0.0	0
218906	LDF4b_Portal_DrakanSiegeWeapon	arm	0	2		2	arm	0	3000	0		0.0	0.0	0.0	0
218906	LDF4b_Portal_DrakanSiegeWeapon	cycle	0	1	timer:0	0	arm	0	3000	0		0.0	0.0	0.0	0
218906	LDF4b_Portal_DrakanSiegeWeapon	cycle	0	1	timer:0	1	skill	20241	0	0	ME	0.0	0.0	0.0	0
218907	LDF4b_Portal_DrakanStrider	arm	0	2		0	skill	20241	0	0	ME	0.0	0.0	0.0	0
218907	LDF4b_Portal_DrakanStrider	arm	0	2		1	arm	0	8000	0		0.0	0.0	0.0	0
218907	LDF4b_Portal_DrakanStrider	cycle	0	1	timer:0	0	arm	0	9000	0		0.0	0.0	0.0	0
218907	LDF4b_Portal_DrakanStrider	cycle	0	1	timer:0	1	skill	20233	0	0	MOST_HATED	0.0	0.0	0.0	0
218908	LDF4b_Portal_DrakanFallOff	arm	0	2		0	arm	0	7000	0		0.0	0.0	0.0	0
218908	LDF4b_Portal_DrakanFallOff	cycle	0	1	timer:0	0	skill	20246	0	0	ME	0.0	0.0	0.0	0
218908	LDF4b_Portal_DrakanFallOff	cycle	0	1	timer:0	1	arm	0	8000	0		0.0	0.0	0.0	0
218909	LDF4b_Portal_DrakanWhip	arm	0	2		0	arm	0	8000	0		0.0	0.0	0.0	0
218909	LDF4b_Portal_DrakanWhip	cycle	0	1	timer:0	0	skill	20246	0	0	ME	0.0	0.0	0.0	0
218910	LDF4b_Portal_DrakanWhip	arm	0	2		0	arm	0	8000	0		0.0	0.0	0.0	0
218910	LDF4b_Portal_DrakanWhip	cycle	0	1	timer:0	0	skill	20246	0	0	ME	0.0	0.0	0.0	0
218911	LDF4b_Portal_DrakanGiant	arm	0	2		0	broadcast	1000	100	0		0.0	0.0	0.0	0
218911	LDF4b_Portal_DrakanGiant	arm	0	2		1	skill	20247	0	0	ME	0.0	0.0	0.0	0
218911	LDF4b_Portal_DrakanGiant	arm	0	2		2	arm	0	7000	0		0.0	0.0	0.0	0
218911	LDF4b_Portal_DrakanGiant	cycle	0	1	timer:0	0	skill	20233	0	0	MOST_HATED	0.0	0.0	0.0	0
218911	LDF4b_Portal_DrakanGiant	cycle	0	1	timer:0	1	arm	0	15000	0		0.0	0.0	0.0	0
218912	LDF4b_Portal_DrakanBomber	arm	0	5		0	broadcast	1000	100	0		0.0	0.0	0.0	0
218912	LDF4b_Portal_DrakanBomber	arm	0	5		1	arm	0	3000	0		0.0	0.0	0.0	0
218912	LDF4b_Portal_DrakanBomber	arm	0	5		2	arm	1	5000	0		0.0	0.0	0.0	0
218912	LDF4b_Portal_DrakanBomber	cycle	0	4	timer:0|hp_below:50	0	skill	20248	0	0	ME	0.0	0.0	0.0	0
218912	LDF4b_Portal_DrakanBomber	cycle	1	3	timer:0	0	arm	0	3000	0		0.0	0.0	0.0	0
218912	LDF4b_Portal_DrakanBomber	cycle	2	2	timer:1|hp_below:20	0	skill	20237	0	0	MOST_HATED	0.0	0.0	0.0	0
218912	LDF4b_Portal_DrakanBomber	cycle	3	1	timer:1	0	arm	1	3000	0		0.0	0.0	0.0	0
218923	TDown_DrakanFi_Tiamat_60_Ae	arm	0	4		0	skill	20241	0	0	ME	0.0	0.0	0.0	0
218923	TDown_DrakanFi_Tiamat_60_Ae	arm	0	4		1	arm	0	4000	0		0.0	0.0	0.0	0
218923	TDown_DrakanFi_Tiamat_60_Ae	arm	0	4		2	arm	1	10000	0		0.0	0.0	0.0	0
218923	TDown_DrakanFi_Tiamat_60_Ae	arm	0	4		3	arm	2	15000	0		0.0	0.0	0.0	0
218923	TDown_DrakanFi_Tiamat_60_Ae	cycle	0	3	timer:0	0	skill	20504	0	0	MOST_HATED	0.0	0.0	0.0	0
218923	TDown_DrakanFi_Tiamat_60_Ae	cycle	0	3	timer:0	1	arm	0	8000	0		0.0	0.0	0.0	0
218923	TDown_DrakanFi_Tiamat_60_Ae	cycle	1	2	timer:1	0	skill	20505	0	0	ME	0.0	0.0	0.0	0
218923	TDown_DrakanFi_Tiamat_60_Ae	cycle	1	2	timer:1	1	skill	20506	0	0	ME	0.0	0.0	0.0	0
218923	TDown_DrakanFi_Tiamat_60_Ae	cycle	1	2	timer:1	2	skill	20507	0	0	ME	0.0	0.0	0.0	0
218923	TDown_DrakanFi_Tiamat_60_Ae	cycle	1	2	timer:1	3	skill	20507	0	0	ME	0.0	0.0	0.0	0
218923	TDown_DrakanFi_Tiamat_60_Ae	cycle	1	2	timer:1	4	arm	1	24000	0		0.0	0.0	0.0	0
218923	TDown_DrakanFi_Tiamat_60_Ae	cycle	2	1	timer:2	0	skill	20247	0	0	ME	0.0	0.0	0.0	0
218923	TDown_DrakanFi_Tiamat_60_Ae	cycle	2	1	timer:2	1	arm	2	25000	0		0.0	0.0	0.0	0
218928	LDF4b_TiamatDrakan_NobleFighter	arm	0	4		0	skill	20241	0	0	ME	0.0	0.0	0.0	0
218928	LDF4b_TiamatDrakan_NobleFighter	arm	0	4		1	arm	0	4000	0		0.0	0.0	0.0	0
218928	LDF4b_TiamatDrakan_NobleFighter	arm	0	4		2	arm	1	10000	0		0.0	0.0	0.0	0
218928	LDF4b_TiamatDrakan_NobleFighter	arm	0	4		3	arm	2	15000	0		0.0	0.0	0.0	0
218928	LDF4b_TiamatDrakan_NobleFighter	cycle	0	3	timer:0	0	skill	20504	0	0	MOST_HATED	0.0	0.0	0.0	0
218928	LDF4b_TiamatDrakan_NobleFighter	cycle	0	3	timer:0	1	arm	0	8000	0		0.0	0.0	0.0	0
218928	LDF4b_TiamatDrakan_NobleFighter	cycle	1	2	timer:1	0	skill	20505	0	0	ME	0.0	0.0	0.0	0
218928	LDF4b_TiamatDrakan_NobleFighter	cycle	1	2	timer:1	1	skill	20506	0	0	ME	0.0	0.0	0.0	0
218928	LDF4b_TiamatDrakan_NobleFighter	cycle	1	2	timer:1	2	skill	20507	0	0	ME	0.0	0.0	0.0	0
218928	LDF4b_TiamatDrakan_NobleFighter	cycle	1	2	timer:1	3	skill	20507	0	0	ME	0.0	0.0	0.0	0
218928	LDF4b_TiamatDrakan_NobleFighter	cycle	1	2	timer:1	4	arm	1	24000	0		0.0	0.0	0.0	0
218928	LDF4b_TiamatDrakan_NobleFighter	cycle	2	1	timer:2	0	skill	20247	0	0	ME	0.0	0.0	0.0	0
218928	LDF4b_TiamatDrakan_NobleFighter	cycle	2	1	timer:2	1	arm	2	25000	0		0.0	0.0	0.0	0
218931	LDF4b_TiamatDrakan_NobleFighter	arm	0	4		0	skill	20241	0	0	ME	0.0	0.0	0.0	0
218931	LDF4b_TiamatDrakan_NobleFighter	arm	0	4		1	arm	0	4000	0		0.0	0.0	0.0	0
218931	LDF4b_TiamatDrakan_NobleFighter	arm	0	4		2	arm	1	10000	0		0.0	0.0	0.0	0
218931	LDF4b_TiamatDrakan_NobleFighter	arm	0	4		3	arm	2	15000	0		0.0	0.0	0.0	0
218931	LDF4b_TiamatDrakan_NobleFighter	cycle	0	3	timer:0	0	skill	20504	0	0	MOST_HATED	0.0	0.0	0.0	0
218931	LDF4b_TiamatDrakan_NobleFighter	cycle	0	3	timer:0	1	arm	0	8000	0		0.0	0.0	0.0	0
218931	LDF4b_TiamatDrakan_NobleFighter	cycle	1	2	timer:1	0	skill	20505	0	0	ME	0.0	0.0	0.0	0
218931	LDF4b_TiamatDrakan_NobleFighter	cycle	1	2	timer:1	1	skill	20506	0	0	ME	0.0	0.0	0.0	0
218931	LDF4b_TiamatDrakan_NobleFighter	cycle	1	2	timer:1	2	skill	20507	0	0	ME	0.0	0.0	0.0	0
218931	LDF4b_TiamatDrakan_NobleFighter	cycle	1	2	timer:1	3	skill	20507	0	0	ME	0.0	0.0	0.0	0
218931	LDF4b_TiamatDrakan_NobleFighter	cycle	1	2	timer:1	4	arm	1	24000	0		0.0	0.0	0.0	0
218931	LDF4b_TiamatDrakan_NobleFighter	cycle	2	1	timer:2	0	skill	20247	0	0	ME	0.0	0.0	0.0	0
218931	LDF4b_TiamatDrakan_NobleFighter	cycle	2	1	timer:2	1	arm	2	25000	0		0.0	0.0	0.0	0
218936	LDF4b_TiamatDrakan_NobleFighter	arm	0	4		0	skill	20241	0	0	ME	0.0	0.0	0.0	0
218936	LDF4b_TiamatDrakan_NobleFighter	arm	0	4		1	arm	0	4000	0		0.0	0.0	0.0	0
218936	LDF4b_TiamatDrakan_NobleFighter	arm	0	4		2	arm	1	10000	0		0.0	0.0	0.0	0
218936	LDF4b_TiamatDrakan_NobleFighter	arm	0	4		3	arm	2	15000	0		0.0	0.0	0.0	0
218936	LDF4b_TiamatDrakan_NobleFighter	cycle	0	3	timer:0	0	skill	20504	0	0	MOST_HATED	0.0	0.0	0.0	0
218936	LDF4b_TiamatDrakan_NobleFighter	cycle	0	3	timer:0	1	arm	0	8000	0		0.0	0.0	0.0	0
218936	LDF4b_TiamatDrakan_NobleFighter	cycle	1	2	timer:1	0	skill	20505	0	0	ME	0.0	0.0	0.0	0
218936	LDF4b_TiamatDrakan_NobleFighter	cycle	1	2	timer:1	1	skill	20506	0	0	ME	0.0	0.0	0.0	0
218936	LDF4b_TiamatDrakan_NobleFighter	cycle	1	2	timer:1	2	skill	20507	0	0	ME	0.0	0.0	0.0	0
218936	LDF4b_TiamatDrakan_NobleFighter	cycle	1	2	timer:1	3	skill	20507	0	0	ME	0.0	0.0	0.0	0
218936	LDF4b_TiamatDrakan_NobleFighter	cycle	1	2	timer:1	4	arm	1	24000	0		0.0	0.0	0.0	0
218936	LDF4b_TiamatDrakan_NobleFighter	cycle	2	1	timer:2	0	skill	20247	0	0	ME	0.0	0.0	0.0	0
218936	LDF4b_TiamatDrakan_NobleFighter	cycle	2	1	timer:2	1	arm	2	25000	0		0.0	0.0	0.0	0
218937	LDF4b_TiamatDrakan_Noblescout	arm	0	4		0	arm	0	4000	0		0.0	0.0	0.0	0
218937	LDF4b_TiamatDrakan_Noblescout	arm	0	4		1	arm	1	6000	0		0.0	0.0	0.0	0
218937	LDF4b_TiamatDrakan_Noblescout	cycle	0	3	timer:0	0	skill	19721	0	0	MOST_HATED	0.0	0.0	0.0	0
218937	LDF4b_TiamatDrakan_Noblescout	cycle	0	3	timer:0	1	skill	19722	0	0	MOST_HATED	0.0	0.0	0.0	0
218937	LDF4b_TiamatDrakan_Noblescout	cycle	0	3	timer:0	2	skill	19723	0	0	MOST_HATED	0.0	0.0	0.0	0
218937	LDF4b_TiamatDrakan_Noblescout	cycle	0	3	timer:0	3	skill	19724	0	0	MOST_HATED	0.0	0.0	0.0	0
218937	LDF4b_TiamatDrakan_Noblescout	cycle	0	3	timer:0	4	skill	19725	0	0	MOST_HATED	0.0	0.0	0.0	0
218937	LDF4b_TiamatDrakan_Noblescout	cycle	0	3	timer:0	5	skill	19726	0	0	MOST_HATED	0.0	0.0	0.0	0
218937	LDF4b_TiamatDrakan_Noblescout	cycle	0	3	timer:0	6	skill	19727	0	0	MOST_HATED	0.0	0.0	0.0	0
218937	LDF4b_TiamatDrakan_Noblescout	cycle	0	3	timer:0	7	skill	19728	0	0	MOST_HATED	0.0	0.0	0.0	0
218937	LDF4b_TiamatDrakan_Noblescout	cycle	0	3	timer:0	8	arm	0	30000	0		0.0	0.0	0.0	0
218937	LDF4b_TiamatDrakan_Noblescout	cycle	1	2	hp_below:30|timer:1	0	skill	19730	0	0	ME	0.0	0.0	0.0	0
218937	LDF4b_TiamatDrakan_Noblescout	cycle	2	1	timer:1	0	arm	1	6000	0		0.0	0.0	0.0	0
218943	AD2_Wss0BT15st1	arm	0	3		0	arm	0	15000	0		0.0	0.0	0.0	0
218943	AD2_Wss0BT15st1	cycle	0	2	timer:0	0	arm	0	15000	0		0.0	0.0	0.0	0
218943	AD2_Wss0BT15st1	cycle	0	2	timer:0	1	skill	17416	0	0	MOST_HATED	0.0	0.0	0.0	0
218943	AD2_Wss0BT15st1	cycle	1	1	timer:0	0	arm	0	3000	0		0.0	0.0	0.0	0
218944	AD2_Wss0BT15st1	arm	0	3		0	arm	0	15000	0		0.0	0.0	0.0	0
218944	AD2_Wss0BT15st1	cycle	0	2	timer:0	0	arm	0	15000	0		0.0	0.0	0.0	0
218944	AD2_Wss0BT15st1	cycle	0	2	timer:0	1	skill	17416	0	0	MOST_HATED	0.0	0.0	0.0	0
218944	AD2_Wss0BT15st1	cycle	1	1	timer:0	0	arm	0	3000	0		0.0	0.0	0.0	0
218972	Shulack_KeA_SOLO	arm	0	1		0	arm	1	25000	0		0.0	0.0	0.0	0
218972	Shulack_KeA_SOLO	cycle	0	4	timer:1|hp_below:30	0	arm	1	25000	0		0.0	0.0	0.0	0
218972	Shulack_KeA_SOLO	cycle	0	4	timer:1|hp_below:30	1	skill	16722	0	0	MOST_HATED	0.0	0.0	0.0	0
218972	Shulack_KeA_SOLO	cycle	0	4	timer:1|hp_below:30	2	skill	16673	0	0	ME	0.0	0.0	0.0	0
218972	Shulack_KeA_SOLO	cycle	1	3	timer:1|hp_between:32:74	0	arm	1	25000	0		0.0	0.0	0.0	0
218972	Shulack_KeA_SOLO	cycle	1	3	timer:1|hp_between:32:74	1	skill	16673	0	0	ME	0.0	0.0	0.0	0
218972	Shulack_KeA_SOLO	cycle	2	2	timer:1|hp_between:77:99	0	arm	1	25000	0		0.0	0.0	0.0	0
218972	Shulack_KeA_SOLO	cycle	2	2	timer:1|hp_between:77:99	1	skill	16519	0	0	MOST_HATED	0.0	0.0	0.0	0
218973	Shulack_KeA_SOLO	arm	0	1		0	arm	1	25000	0		0.0	0.0	0.0	0
218973	Shulack_KeA_SOLO	cycle	0	4	timer:1|hp_below:30	0	arm	1	25000	0		0.0	0.0	0.0	0
218973	Shulack_KeA_SOLO	cycle	0	4	timer:1|hp_below:30	1	skill	16722	0	0	MOST_HATED	0.0	0.0	0.0	0
218973	Shulack_KeA_SOLO	cycle	0	4	timer:1|hp_below:30	2	skill	16673	0	0	ME	0.0	0.0	0.0	0
218973	Shulack_KeA_SOLO	cycle	1	3	timer:1|hp_between:32:74	0	arm	1	25000	0		0.0	0.0	0.0	0
218973	Shulack_KeA_SOLO	cycle	1	3	timer:1|hp_between:32:74	1	skill	16673	0	0	ME	0.0	0.0	0.0	0
218973	Shulack_KeA_SOLO	cycle	2	2	timer:1|hp_between:77:99	0	arm	1	25000	0		0.0	0.0	0.0	0
218973	Shulack_KeA_SOLO	cycle	2	2	timer:1|hp_between:77:99	1	skill	16519	0	0	MOST_HATED	0.0	0.0	0.0	0
218974	Shulack_KeA_SOLO	arm	0	1		0	arm	1	25000	0		0.0	0.0	0.0	0
218974	Shulack_KeA_SOLO	cycle	0	4	timer:1|hp_below:30	0	arm	1	25000	0		0.0	0.0	0.0	0
218974	Shulack_KeA_SOLO	cycle	0	4	timer:1|hp_below:30	1	skill	16722	0	0	MOST_HATED	0.0	0.0	0.0	0
218974	Shulack_KeA_SOLO	cycle	0	4	timer:1|hp_below:30	2	skill	16673	0	0	ME	0.0	0.0	0.0	0
218974	Shulack_KeA_SOLO	cycle	1	3	timer:1|hp_between:32:74	0	arm	1	25000	0		0.0	0.0	0.0	0
218974	Shulack_KeA_SOLO	cycle	1	3	timer:1|hp_between:32:74	1	skill	16673	0	0	ME	0.0	0.0	0.0	0
218974	Shulack_KeA_SOLO	cycle	2	2	timer:1|hp_between:77:99	0	arm	1	25000	0		0.0	0.0	0.0	0
218974	Shulack_KeA_SOLO	cycle	2	2	timer:1|hp_between:77:99	1	skill	16519	0	0	MOST_HATED	0.0	0.0	0.0	0
218975	Shulack_KeA_SOLO	arm	0	1		0	arm	1	25000	0		0.0	0.0	0.0	0
218975	Shulack_KeA_SOLO	cycle	0	4	timer:1|hp_below:30	0	arm	1	25000	0		0.0	0.0	0.0	0
218975	Shulack_KeA_SOLO	cycle	0	4	timer:1|hp_below:30	1	skill	16722	0	0	MOST_HATED	0.0	0.0	0.0	0
218975	Shulack_KeA_SOLO	cycle	0	4	timer:1|hp_below:30	2	skill	16673	0	0	ME	0.0	0.0	0.0	0
218975	Shulack_KeA_SOLO	cycle	1	3	timer:1|hp_between:32:74	0	arm	1	25000	0		0.0	0.0	0.0	0
218975	Shulack_KeA_SOLO	cycle	1	3	timer:1|hp_between:32:74	1	skill	16673	0	0	ME	0.0	0.0	0.0	0
218975	Shulack_KeA_SOLO	cycle	2	2	timer:1|hp_between:77:99	0	arm	1	25000	0		0.0	0.0	0.0	0
218975	Shulack_KeA_SOLO	cycle	2	2	timer:1|hp_between:77:99	1	skill	16519	0	0	MOST_HATED	0.0	0.0	0.0	0
218976	Shulack_KeA_SOLO	arm	0	1		0	arm	1	25000	0		0.0	0.0	0.0	0
218976	Shulack_KeA_SOLO	cycle	0	4	timer:1|hp_below:30	0	arm	1	25000	0		0.0	0.0	0.0	0
218976	Shulack_KeA_SOLO	cycle	0	4	timer:1|hp_below:30	1	skill	16722	0	0	MOST_HATED	0.0	0.0	0.0	0
218976	Shulack_KeA_SOLO	cycle	0	4	timer:1|hp_below:30	2	skill	16673	0	0	ME	0.0	0.0	0.0	0
218976	Shulack_KeA_SOLO	cycle	1	3	timer:1|hp_between:32:74	0	arm	1	25000	0		0.0	0.0	0.0	0
218976	Shulack_KeA_SOLO	cycle	1	3	timer:1|hp_between:32:74	1	skill	16673	0	0	ME	0.0	0.0	0.0	0
218976	Shulack_KeA_SOLO	cycle	2	2	timer:1|hp_between:77:99	0	arm	1	25000	0		0.0	0.0	0.0	0
218976	Shulack_KeA_SOLO	cycle	2	2	timer:1|hp_between:77:99	1	skill	16519	0	0	MOST_HATED	0.0	0.0	0.0	0
218977	Shulack_KeA_SOLO	arm	0	1		0	arm	1	25000	0		0.0	0.0	0.0	0
218977	Shulack_KeA_SOLO	cycle	0	4	timer:1|hp_below:30	0	arm	1	25000	0		0.0	0.0	0.0	0
218977	Shulack_KeA_SOLO	cycle	0	4	timer:1|hp_below:30	1	skill	16722	0	0	MOST_HATED	0.0	0.0	0.0	0
218977	Shulack_KeA_SOLO	cycle	0	4	timer:1|hp_below:30	2	skill	16673	0	0	ME	0.0	0.0	0.0	0
218977	Shulack_KeA_SOLO	cycle	1	3	timer:1|hp_between:32:74	0	arm	1	25000	0		0.0	0.0	0.0	0
218977	Shulack_KeA_SOLO	cycle	1	3	timer:1|hp_between:32:74	1	skill	16673	0	0	ME	0.0	0.0	0.0	0
218977	Shulack_KeA_SOLO	cycle	2	2	timer:1|hp_between:77:99	0	arm	1	25000	0		0.0	0.0	0.0	0
218977	Shulack_KeA_SOLO	cycle	2	2	timer:1|hp_between:77:99	1	skill	16519	0	0	MOST_HATED	0.0	0.0	0.0	0
218978	Shulack_KeA_SOLO	arm	0	1		0	arm	1	25000	0		0.0	0.0	0.0	0
218978	Shulack_KeA_SOLO	cycle	0	4	timer:1|hp_below:30	0	arm	1	25000	0		0.0	0.0	0.0	0
218978	Shulack_KeA_SOLO	cycle	0	4	timer:1|hp_below:30	1	skill	16722	0	0	MOST_HATED	0.0	0.0	0.0	0
218978	Shulack_KeA_SOLO	cycle	0	4	timer:1|hp_below:30	2	skill	16673	0	0	ME	0.0	0.0	0.0	0
218978	Shulack_KeA_SOLO	cycle	1	3	timer:1|hp_between:32:74	0	arm	1	25000	0		0.0	0.0	0.0	0
218978	Shulack_KeA_SOLO	cycle	1	3	timer:1|hp_between:32:74	1	skill	16673	0	0	ME	0.0	0.0	0.0	0
218978	Shulack_KeA_SOLO	cycle	2	2	timer:1|hp_between:77:99	0	arm	1	25000	0		0.0	0.0	0.0	0
218978	Shulack_KeA_SOLO	cycle	2	2	timer:1|hp_between:77:99	1	skill	16519	0	0	MOST_HATED	0.0	0.0	0.0	0
218979	Shulack_KeA_SOLO	arm	0	1		0	arm	1	25000	0		0.0	0.0	0.0	0
218979	Shulack_KeA_SOLO	cycle	0	4	timer:1|hp_below:30	0	arm	1	25000	0		0.0	0.0	0.0	0
218979	Shulack_KeA_SOLO	cycle	0	4	timer:1|hp_below:30	1	skill	16722	0	0	MOST_HATED	0.0	0.0	0.0	0
218979	Shulack_KeA_SOLO	cycle	0	4	timer:1|hp_below:30	2	skill	16673	0	0	ME	0.0	0.0	0.0	0
218979	Shulack_KeA_SOLO	cycle	1	3	timer:1|hp_between:32:74	0	arm	1	25000	0		0.0	0.0	0.0	0
218979	Shulack_KeA_SOLO	cycle	1	3	timer:1|hp_between:32:74	1	skill	16673	0	0	ME	0.0	0.0	0.0	0
218979	Shulack_KeA_SOLO	cycle	2	2	timer:1|hp_between:77:99	0	arm	1	25000	0		0.0	0.0	0.0	0
218979	Shulack_KeA_SOLO	cycle	2	2	timer:1|hp_between:77:99	1	skill	16519	0	0	MOST_HATED	0.0	0.0	0.0	0
219012	Shulack_Brownie	arm	0	7		0	arm	0	20000	0		0.0	0.0	0.0	0
219012	Shulack_Brownie	cycle	0	1	timer:0	0	arm	0	20000	0		0.0	0.0	0.0	0
219012	Shulack_Brownie	cycle	0	1	timer:0	1	skill	16536	0	0	ME	0.0	0.0	0.0	0
219012	Shulack_Brownie	cycle	0	1	timer:0	2	skill	16519	0	0	MOST_HATED	0.0	0.0	0.0	0
219013	Shulack_Brownie	arm	0	7		0	arm	0	20000	0		0.0	0.0	0.0	0
219013	Shulack_Brownie	cycle	0	1	timer:0	0	arm	0	20000	0		0.0	0.0	0.0	0
219013	Shulack_Brownie	cycle	0	1	timer:0	1	skill	16536	0	0	ME	0.0	0.0	0.0	0
219013	Shulack_Brownie	cycle	0	1	timer:0	2	skill	16519	0	0	MOST_HATED	0.0	0.0	0.0	0
219014	Shulack_Brownie	arm	0	7		0	arm	0	20000	0		0.0	0.0	0.0	0
219014	Shulack_Brownie	cycle	0	1	timer:0	0	arm	0	20000	0		0.0	0.0	0.0	0
219014	Shulack_Brownie	cycle	0	1	timer:0	1	skill	16536	0	0	ME	0.0	0.0	0.0	0
219014	Shulack_Brownie	cycle	0	1	timer:0	2	skill	16519	0	0	MOST_HATED	0.0	0.0	0.0	0
219038	Shulack_Brownie	arm	0	7		0	arm	0	20000	0		0.0	0.0	0.0	0
219038	Shulack_Brownie	cycle	0	1	timer:0	0	arm	0	20000	0		0.0	0.0	0.0	0
219038	Shulack_Brownie	cycle	0	1	timer:0	1	skill	16536	0	0	ME	0.0	0.0	0.0	0
219038	Shulack_Brownie	cycle	0	1	timer:0	2	skill	16708	0	0	MOST_HATED	0.0	0.0	0.0	0
219047	NKrall_WeA_Solo	arm	0	7		0	arm	0	10000	0		0.0	0.0	0.0	0
219047	NKrall_WeA_Solo	arm	0	7		1	skill	16641	0	0	MOST_HATED	0.0	0.0	0.0	0
219047	NKrall_WeA_Solo	cycle	0	7	timer:0	0	arm	0	10000	0		0.0	0.0	0.0	0
219047	NKrall_WeA_Solo	cycle	0	7	timer:0	1	skill	16797	0	0	MOST_HATED	0.0	0.0	0.0	0
219048	NKrall_PeA_Solo	arm	0	7		0	arm	0	4000	0		0.0	0.0	0.0	0
219048	NKrall_PeA_Solo	cycle	0	7	timer:0	0	arm	1	10000	0		0.0	0.0	0.0	0
219048	NKrall_PeA_Solo	cycle	0	7	timer:0	1	arm	2	4000	0		0.0	0.0	0.0	0
219048	NKrall_PeA_Solo	cycle	0	7	timer:0	2	skill	16628	0	0	MOST_HATED	0.0	0.0	0.0	0
219048	NKrall_PeA_Solo	cycle	1	6	timer:1|hp_between:41:99	0	arm	1	10000	0		0.0	0.0	0.0	0
219048	NKrall_PeA_Solo	cycle	1	6	timer:1|hp_between:41:99	1	skill	16628	0	0	MOST_HATED	0.0	0.0	0.0	0
219048	NKrall_PeA_Solo	cycle	2	3	timer:2|hp_between:2:19	0	skill	16565	0	0	ME	0.0	0.0	0.0	0
219048	NKrall_PeA_Solo	cycle	3	2	timer:2	0	arm	2	4000	0		0.0	0.0	0.0	0
219048	NKrall_PeA_Solo	cycle	4	1	timer:0	0	arm	0	4000	0		0.0	0.0	0.0	0
219052	NKrall_KeB_Solo	arm	0	7		0	arm	0	8000	0		0.0	0.0	0.0	0
219052	NKrall_KeB_Solo	arm	0	7		1	skill	16743	0	0	ME	0.0	0.0	0.0	0
219052	NKrall_KeB_Solo	cycle	0	7	timer:0	0	arm	0	8000	0		0.0	0.0	0.0	0
219052	NKrall_KeB_Solo	cycle	0	7	timer:0	1	skill	16605	0	0	MOST_HATED	0.0	0.0	0.0	0
219053	NKrall_KeB_Solo	arm	0	7		0	arm	0	8000	0		0.0	0.0	0.0	0
219053	NKrall_KeB_Solo	arm	0	7		1	skill	16743	0	0	ME	0.0	0.0	0.0	0
219053	NKrall_KeB_Solo	cycle	0	7	timer:0	0	arm	0	8000	0		0.0	0.0	0.0	0
219053	NKrall_KeB_Solo	cycle	0	7	timer:0	1	skill	16605	0	0	MOST_HATED	0.0	0.0	0.0	0
219054	NKrall_KeB_Solo	arm	0	7		0	arm	0	8000	0		0.0	0.0	0.0	0
219054	NKrall_KeB_Solo	arm	0	7		1	skill	16743	0	0	ME	0.0	0.0	0.0	0
219054	NKrall_KeB_Solo	cycle	0	7	timer:0	0	arm	0	8000	0		0.0	0.0	0.0	0
219054	NKrall_KeB_Solo	cycle	0	7	timer:0	1	skill	16605	0	0	MOST_HATED	0.0	0.0	0.0	0
219059	NKrall_WeA_Solo	arm	0	7		0	arm	0	10000	0		0.0	0.0	0.0	0
219059	NKrall_WeA_Solo	arm	0	7		1	skill	16641	0	0	MOST_HATED	0.0	0.0	0.0	0
219059	NKrall_WeA_Solo	cycle	0	7	timer:0	0	arm	0	10000	0		0.0	0.0	0.0	0
219059	NKrall_WeA_Solo	cycle	0	7	timer:0	1	skill	16797	0	0	MOST_HATED	0.0	0.0	0.0	0
219060	NKrall_PeA_Solo	arm	0	7		0	arm	0	4000	0		0.0	0.0	0.0	0
219060	NKrall_PeA_Solo	cycle	0	7	timer:0	0	arm	1	10000	0		0.0	0.0	0.0	0
219060	NKrall_PeA_Solo	cycle	0	7	timer:0	1	arm	2	4000	0		0.0	0.0	0.0	0
219060	NKrall_PeA_Solo	cycle	0	7	timer:0	2	skill	16628	0	0	MOST_HATED	0.0	0.0	0.0	0
219060	NKrall_PeA_Solo	cycle	1	6	timer:1|hp_between:41:99	0	arm	1	10000	0		0.0	0.0	0.0	0
219060	NKrall_PeA_Solo	cycle	1	6	timer:1|hp_between:41:99	1	skill	16628	0	0	MOST_HATED	0.0	0.0	0.0	0
219060	NKrall_PeA_Solo	cycle	2	3	timer:2|hp_between:2:19	0	skill	16565	0	0	ME	0.0	0.0	0.0	0
219060	NKrall_PeA_Solo	cycle	3	2	timer:2	0	arm	2	4000	0		0.0	0.0	0.0	0
219060	NKrall_PeA_Solo	cycle	4	1	timer:0	0	arm	0	4000	0		0.0	0.0	0.0	0
219062	NKrall_KeC_Solo	arm	0	7		0	arm	0	10000	0		0.0	0.0	0.0	0
219062	NKrall_KeC_Solo	arm	0	7		1	arm	1	4000	0		0.0	0.0	0.0	0
219062	NKrall_KeC_Solo	cycle	0	7	timer:0	0	arm	0	10000	0		0.0	0.0	0.0	0
219062	NKrall_KeC_Solo	cycle	0	7	timer:0	1	skill	16605	0	0	MOST_HATED	0.0	0.0	0.0	0
219062	NKrall_KeC_Solo	cycle	1	6	timer:1|hp_between:2:39	0	skill	16604	0	0	ME	0.0	0.0	0.0	0
219062	NKrall_KeC_Solo	cycle	2	5	timer:1	0	arm	1	4000	0		0.0	0.0	0.0	0
219064	NKrall_PeA_Solo	arm	0	7		0	arm	0	4000	0		0.0	0.0	0.0	0
219064	NKrall_PeA_Solo	cycle	0	7	timer:0	0	arm	1	10000	0		0.0	0.0	0.0	0
219064	NKrall_PeA_Solo	cycle	0	7	timer:0	1	arm	2	4000	0		0.0	0.0	0.0	0
219064	NKrall_PeA_Solo	cycle	0	7	timer:0	2	skill	16628	0	0	MOST_HATED	0.0	0.0	0.0	0
219064	NKrall_PeA_Solo	cycle	1	6	timer:1|hp_between:41:99	0	arm	1	10000	0		0.0	0.0	0.0	0
219064	NKrall_PeA_Solo	cycle	1	6	timer:1|hp_between:41:99	1	skill	16628	0	0	MOST_HATED	0.0	0.0	0.0	0
219064	NKrall_PeA_Solo	cycle	2	3	timer:2|hp_between:2:19	0	skill	16565	0	0	ME	0.0	0.0	0.0	0
219064	NKrall_PeA_Solo	cycle	3	2	timer:2	0	arm	2	4000	0		0.0	0.0	0.0	0
219064	NKrall_PeA_Solo	cycle	4	1	timer:0	0	arm	0	4000	0		0.0	0.0	0.0	0
219073	NKrall_WeA_Solo	arm	0	7		0	arm	0	10000	0		0.0	0.0	0.0	0
219073	NKrall_WeA_Solo	arm	0	7		1	skill	16641	0	0	MOST_HATED	0.0	0.0	0.0	0
219073	NKrall_WeA_Solo	cycle	0	7	timer:0	0	arm	0	10000	0		0.0	0.0	0.0	0
219073	NKrall_WeA_Solo	cycle	0	7	timer:0	1	skill	16797	0	0	MOST_HATED	0.0	0.0	0.0	0
219074	NKrall_PeA_Solo	arm	0	7		0	arm	0	4000	0		0.0	0.0	0.0	0
219074	NKrall_PeA_Solo	cycle	0	7	timer:0	0	arm	1	10000	0		0.0	0.0	0.0	0
219074	NKrall_PeA_Solo	cycle	0	7	timer:0	1	arm	2	4000	0		0.0	0.0	0.0	0
219074	NKrall_PeA_Solo	cycle	0	7	timer:0	2	skill	16628	0	0	MOST_HATED	0.0	0.0	0.0	0
219074	NKrall_PeA_Solo	cycle	1	6	timer:1|hp_between:41:99	0	arm	1	10000	0		0.0	0.0	0.0	0
219074	NKrall_PeA_Solo	cycle	1	6	timer:1|hp_between:41:99	1	skill	16628	0	0	MOST_HATED	0.0	0.0	0.0	0
219074	NKrall_PeA_Solo	cycle	2	3	timer:2|hp_between:2:19	0	skill	16565	0	0	ME	0.0	0.0	0.0	0
219074	NKrall_PeA_Solo	cycle	3	2	timer:2	0	arm	2	4000	0		0.0	0.0	0.0	0
219074	NKrall_PeA_Solo	cycle	4	1	timer:0	0	arm	0	4000	0		0.0	0.0	0.0	0
219075	NKrall_FeB_Solo	arm	0	7		0	arm	0	4000	0		0.0	0.0	0.0	0
219075	NKrall_FeB_Solo	arm	0	7		1	skill	16614	0	0	MOST_HATED	0.0	0.0	0.0	0
219075	NKrall_FeB_Solo	cycle	0	7	timer:0|hp_between:2:39	0	say	340419	0	0		0.0	0.0	0.0	0
219075	NKrall_FeB_Solo	cycle	0	7	timer:0|hp_between:2:39	1	skill	16735	0	0	MOST_HATED	0.0	0.0	0.0	0
219075	NKrall_FeB_Solo	cycle	0	7	timer:0|hp_between:2:39	2	skill	16605	0	0	MOST_HATED	0.0	0.0	0.0	0
219075	NKrall_FeB_Solo	cycle	1	6	timer:0	0	arm	0	4000	0		0.0	0.0	0.0	0
219076	NKrall_FeB_Solo	arm	0	7		0	arm	0	4000	0		0.0	0.0	0.0	0
219076	NKrall_FeB_Solo	arm	0	7		1	skill	16614	0	0	MOST_HATED	0.0	0.0	0.0	0
219076	NKrall_FeB_Solo	cycle	0	7	timer:0|hp_between:2:39	0	say	340419	0	0		0.0	0.0	0.0	0
219076	NKrall_FeB_Solo	cycle	0	7	timer:0|hp_between:2:39	1	skill	16735	0	0	MOST_HATED	0.0	0.0	0.0	0
219076	NKrall_FeB_Solo	cycle	0	7	timer:0|hp_between:2:39	2	skill	16605	0	0	MOST_HATED	0.0	0.0	0.0	0
219076	NKrall_FeB_Solo	cycle	1	6	timer:0	0	arm	0	4000	0		0.0	0.0	0.0	0
219079	NKrall_KeC_Solo	arm	0	7		0	arm	0	10000	0		0.0	0.0	0.0	0
219079	NKrall_KeC_Solo	arm	0	7		1	arm	1	4000	0		0.0	0.0	0.0	0
219079	NKrall_KeC_Solo	cycle	0	7	timer:0	0	arm	0	10000	0		0.0	0.0	0.0	0
219079	NKrall_KeC_Solo	cycle	0	7	timer:0	1	skill	16605	0	0	MOST_HATED	0.0	0.0	0.0	0
219079	NKrall_KeC_Solo	cycle	1	6	timer:1|hp_between:2:39	0	skill	16604	0	0	ME	0.0	0.0	0.0	0
219079	NKrall_KeC_Solo	cycle	2	5	timer:1	0	arm	1	4000	0		0.0	0.0	0.0	0
219080	NKrall_KeC_Solo	arm	0	7		0	arm	0	10000	0		0.0	0.0	0.0	0
219080	NKrall_KeC_Solo	arm	0	7		1	arm	1	4000	0		0.0	0.0	0.0	0
219080	NKrall_KeC_Solo	cycle	0	7	timer:0	0	arm	0	10000	0		0.0	0.0	0.0	0
219080	NKrall_KeC_Solo	cycle	0	7	timer:0	1	skill	16605	0	0	MOST_HATED	0.0	0.0	0.0	0
219080	NKrall_KeC_Solo	cycle	1	6	timer:1|hp_between:2:39	0	skill	16604	0	0	ME	0.0	0.0	0.0	0
219080	NKrall_KeC_Solo	cycle	2	5	timer:1	0	arm	1	4000	0		0.0	0.0	0.0	0
219081	NKrall_KeC_Solo	arm	0	7		0	arm	0	10000	0		0.0	0.0	0.0	0
219081	NKrall_KeC_Solo	arm	0	7		1	arm	1	4000	0		0.0	0.0	0.0	0
219081	NKrall_KeC_Solo	cycle	0	7	timer:0	0	arm	0	10000	0		0.0	0.0	0.0	0
219081	NKrall_KeC_Solo	cycle	0	7	timer:0	1	skill	16605	0	0	MOST_HATED	0.0	0.0	0.0	0
219081	NKrall_KeC_Solo	cycle	1	6	timer:1|hp_between:2:39	0	skill	16604	0	0	ME	0.0	0.0	0.0	0
219081	NKrall_KeC_Solo	cycle	2	5	timer:1	0	arm	1	4000	0		0.0	0.0	0.0	0
219085	NKrall_WeA_Solo	arm	0	7		0	arm	0	10000	0		0.0	0.0	0.0	0
219085	NKrall_WeA_Solo	arm	0	7		1	skill	16641	0	0	MOST_HATED	0.0	0.0	0.0	0
219085	NKrall_WeA_Solo	cycle	0	7	timer:0	0	arm	0	10000	0		0.0	0.0	0.0	0
219085	NKrall_WeA_Solo	cycle	0	7	timer:0	1	skill	16797	0	0	MOST_HATED	0.0	0.0	0.0	0
219090	NKrall_PeA_Solo	arm	0	7		0	arm	0	4000	0		0.0	0.0	0.0	0
219090	NKrall_PeA_Solo	cycle	0	7	timer:0	0	arm	1	10000	0		0.0	0.0	0.0	0
219090	NKrall_PeA_Solo	cycle	0	7	timer:0	1	arm	2	4000	0		0.0	0.0	0.0	0
219090	NKrall_PeA_Solo	cycle	0	7	timer:0	2	skill	16628	0	0	MOST_HATED	0.0	0.0	0.0	0
219090	NKrall_PeA_Solo	cycle	1	6	timer:1|hp_between:41:99	0	arm	1	10000	0		0.0	0.0	0.0	0
219090	NKrall_PeA_Solo	cycle	1	6	timer:1|hp_between:41:99	1	skill	16628	0	0	MOST_HATED	0.0	0.0	0.0	0
219090	NKrall_PeA_Solo	cycle	2	3	timer:2|hp_between:2:19	0	skill	16565	0	0	ME	0.0	0.0	0.0	0
219090	NKrall_PeA_Solo	cycle	3	2	timer:2	0	arm	2	4000	0		0.0	0.0	0.0	0
219090	NKrall_PeA_Solo	cycle	4	1	timer:0	0	arm	0	4000	0		0.0	0.0	0.0	0
219093	NKrall_KeC_Solo	arm	0	7		0	arm	0	10000	0		0.0	0.0	0.0	0
219093	NKrall_KeC_Solo	arm	0	7		1	arm	1	4000	0		0.0	0.0	0.0	0
219093	NKrall_KeC_Solo	cycle	0	7	timer:0	0	arm	0	10000	0		0.0	0.0	0.0	0
219093	NKrall_KeC_Solo	cycle	0	7	timer:0	1	skill	16605	0	0	MOST_HATED	0.0	0.0	0.0	0
219093	NKrall_KeC_Solo	cycle	1	6	timer:1|hp_between:2:39	0	skill	16604	0	0	ME	0.0	0.0	0.0	0
219093	NKrall_KeC_Solo	cycle	2	5	timer:1	0	arm	1	4000	0		0.0	0.0	0.0	0
219094	NKrall_KeC_Solo	arm	0	7		0	arm	0	10000	0		0.0	0.0	0.0	0
219094	NKrall_KeC_Solo	arm	0	7		1	arm	1	4000	0		0.0	0.0	0.0	0
219094	NKrall_KeC_Solo	cycle	0	7	timer:0	0	arm	0	10000	0		0.0	0.0	0.0	0
219094	NKrall_KeC_Solo	cycle	0	7	timer:0	1	skill	16605	0	0	MOST_HATED	0.0	0.0	0.0	0
219094	NKrall_KeC_Solo	cycle	1	6	timer:1|hp_between:2:39	0	skill	16604	0	0	ME	0.0	0.0	0.0	0
219094	NKrall_KeC_Solo	cycle	2	5	timer:1	0	arm	1	4000	0		0.0	0.0	0.0	0
219098	NKrall_PeA_Solo	arm	0	7		0	arm	0	4000	0		0.0	0.0	0.0	0
219098	NKrall_PeA_Solo	cycle	0	7	timer:0	0	arm	1	10000	0		0.0	0.0	0.0	0
219098	NKrall_PeA_Solo	cycle	0	7	timer:0	1	arm	2	4000	0		0.0	0.0	0.0	0
219098	NKrall_PeA_Solo	cycle	0	7	timer:0	2	skill	16628	0	0	MOST_HATED	0.0	0.0	0.0	0
219098	NKrall_PeA_Solo	cycle	1	6	timer:1|hp_between:41:99	0	arm	1	10000	0		0.0	0.0	0.0	0
219098	NKrall_PeA_Solo	cycle	1	6	timer:1|hp_between:41:99	1	skill	16628	0	0	MOST_HATED	0.0	0.0	0.0	0
219098	NKrall_PeA_Solo	cycle	2	3	timer:2|hp_between:2:19	0	skill	16565	0	0	ME	0.0	0.0	0.0	0
219098	NKrall_PeA_Solo	cycle	3	2	timer:2	0	arm	2	4000	0		0.0	0.0	0.0	0
219098	NKrall_PeA_Solo	cycle	4	1	timer:0	0	arm	0	4000	0		0.0	0.0	0.0	0
219111	AD2_Wss0BT15st1	arm	0	3		0	arm	0	15000	0		0.0	0.0	0.0	0
219111	AD2_Wss0BT15st1	cycle	0	2	timer:0	0	arm	0	15000	0		0.0	0.0	0.0	0
219111	AD2_Wss0BT15st1	cycle	0	2	timer:0	1	skill	17416	0	0	MOST_HATED	0.0	0.0	0.0	0
219111	AD2_Wss0BT15st1	cycle	1	1	timer:0	0	arm	0	3000	0		0.0	0.0	0.0	0
219112	AD2_BT10st0	arm	0	1		0	arm	0	10000	0		0.0	0.0	0.0	0
219112	AD2_BT10st0	cycle	0	2	timer:0	0	arm	0	10000	0		0.0	0.0	0.0	0
219112	AD2_BT10st0	cycle	0	2	timer:0	1	skill	17413	0	0	MOST_HATED	0.0	0.0	0.0	0
219139	AD2_BT10st0	arm	0	1		0	arm	0	10000	0		0.0	0.0	0.0	0
219139	AD2_BT10st0	cycle	0	2	timer:0	0	arm	0	10000	0		0.0	0.0	0.0	0
219139	AD2_BT10st0	cycle	0	2	timer:0	1	skill	17413	0	0	MOST_HATED	0.0	0.0	0.0	0
219181	IDYun_Temp_62	arm	0	2		0	broadcast	450	25	0		0.0	0.0	0.0	0
219181	IDYun_Temp_62	arm	0	2		1	arm	0	3000	0		0.0	0.0	0.0	0
219181	IDYun_Temp_62	cycle	0	1	timer:0	0	arm	0	3000	0		0.0	0.0	0.0	0
219181	IDYun_Temp_62	cycle	0	1	timer:0	1	broadcast	450	25	0		0.0	0.0	0.0	0
219182	IDYun_Temp_62	arm	0	2		0	broadcast	450	25	0		0.0	0.0	0.0	0
219182	IDYun_Temp_62	arm	0	2		1	arm	0	3000	0		0.0	0.0	0.0	0
219182	IDYun_Temp_62	cycle	0	1	timer:0	0	arm	0	3000	0		0.0	0.0	0.0	0
219182	IDYun_Temp_62	cycle	0	1	timer:0	1	broadcast	450	25	0		0.0	0.0	0.0	0
219185	1Skill_Ev15s_UseSk1T	arm	0	7		0	arm	0	15000	0		0.0	0.0	0.0	0
219185	1Skill_Ev15s_UseSk1T	cycle	0	7	timer:0	0	arm	0	15000	0		0.0	0.0	0.0	0
219185	1Skill_Ev15s_UseSk1T	cycle	0	7	timer:0	1	skill	19828	0	0	MOST_HATED	0.0	0.0	0.0	0
219199	TDown_DrakanSc_Noble_60_Ae_Link	arm	0	4		0	arm	0	4000	0		0.0	0.0	0.0	0
219199	TDown_DrakanSc_Noble_60_Ae_Link	arm	0	4		1	arm	1	6000	0		0.0	0.0	0.0	0
219199	TDown_DrakanSc_Noble_60_Ae_Link	cycle	0	3	timer:0	0	skill	19721	0	0	MOST_HATED	0.0	0.0	0.0	0
219199	TDown_DrakanSc_Noble_60_Ae_Link	cycle	0	3	timer:0	1	skill	19722	0	0	MOST_HATED	0.0	0.0	0.0	0
219199	TDown_DrakanSc_Noble_60_Ae_Link	cycle	0	3	timer:0	2	skill	19723	0	0	MOST_HATED	0.0	0.0	0.0	0
219199	TDown_DrakanSc_Noble_60_Ae_Link	cycle	0	3	timer:0	3	skill	19724	0	0	MOST_HATED	0.0	0.0	0.0	0
219199	TDown_DrakanSc_Noble_60_Ae_Link	cycle	0	3	timer:0	4	skill	19725	0	0	MOST_HATED	0.0	0.0	0.0	0
219199	TDown_DrakanSc_Noble_60_Ae_Link	cycle	0	3	timer:0	5	skill	19726	0	0	MOST_HATED	0.0	0.0	0.0	0
219199	TDown_DrakanSc_Noble_60_Ae_Link	cycle	0	3	timer:0	6	skill	19727	0	0	MOST_HATED	0.0	0.0	0.0	0
219199	TDown_DrakanSc_Noble_60_Ae_Link	cycle	0	3	timer:0	7	skill	19728	0	0	MOST_HATED	0.0	0.0	0.0	0
219199	TDown_DrakanSc_Noble_60_Ae_Link	cycle	0	3	timer:0	8	arm	0	30000	0		0.0	0.0	0.0	0
219199	TDown_DrakanSc_Noble_60_Ae_Link	cycle	1	2	hp_below:30|timer:1	0	skill	19730	0	0	ME	0.0	0.0	0.0	0
219199	TDown_DrakanSc_Noble_60_Ae_Link	cycle	2	1	timer:1	0	arm	1	6000	0		0.0	0.0	0.0	0
219202	Tdown_DrakanGiant_Fighter	arm	0	7		0	arm	0	7000	0		0.0	0.0	0.0	0
219202	Tdown_DrakanGiant_Fighter	arm	0	7		1	arm	1	23000	0		0.0	0.0	0.0	0
219202	Tdown_DrakanGiant_Fighter	arm	0	7		2	arm	2	6000	0		0.0	0.0	0.0	0
219202	Tdown_DrakanGiant_Fighter	arm	0	7		3	arm	3	6000	0		0.0	0.0	0.0	0
219202	Tdown_DrakanGiant_Fighter	cycle	0	6	timer:0	0	skill	20545	0	0	ME	0.0	0.0	0.0	0
219202	Tdown_DrakanGiant_Fighter	cycle	0	6	timer:0	1	skill	20546	0	0	ME	0.0	0.0	0.0	0
219202	Tdown_DrakanGiant_Fighter	cycle	0	6	timer:0	2	arm	0	18000	0		0.0	0.0	0.0	0
219202	Tdown_DrakanGiant_Fighter	cycle	1	5	timer:1	0	skill	20547	0	0	ME	0.0	0.0	0.0	0
219202	Tdown_DrakanGiant_Fighter	cycle	1	5	timer:1	1	arm	1	26000	0		0.0	0.0	0.0	0
219202	Tdown_DrakanGiant_Fighter	cycle	2	4	hp_below:50|timer:2	0	skill	20544	0	0	ME	0.0	0.0	0.0	0
219202	Tdown_DrakanGiant_Fighter	cycle	3	3	timer:2	0	arm	2	6000	0		0.0	0.0	0.0	0
219202	Tdown_DrakanGiant_Fighter	cycle	4	2	hp_below:25|timer:3	0	skill	20543	0	0	ME	0.0	0.0	0.0	0
219202	Tdown_DrakanGiant_Fighter	cycle	5	1	timer:3	0	arm	3	6000	0		0.0	0.0	0.0	0
219205	Tdown_DrakanGiant_Invincible	arm	0	5		0	arm	0	5000	0		0.0	0.0	0.0	0
219205	Tdown_DrakanGiant_Invincible	cycle	0	4	timer:0	0	skill	20421	0	0	ME	0.0	0.0	0.0	0
219205	Tdown_DrakanGiant_Invincible	cycle	0	4	timer:0	1	arm	1	8000	0		0.0	0.0	0.0	0
219205	Tdown_DrakanGiant_Invincible	cycle	1	3	timer:1	0	skill	20420	0	0	ME	0.0	0.0	0.0	0
219205	Tdown_DrakanGiant_Invincible	cycle	1	3	timer:1	1	arm	0	15000	0		0.0	0.0	0.0	0
219209	IDYun_Temp_21	arm	0	2		0	arm	0	3000	0		0.0	0.0	0.0	0
219209	IDYun_Temp_21	cycle	0	1	timer:0	0	skill	19913	0	0	ME	0.0	0.0	0.0	0
219209	IDYun_Temp_21	cycle	0	1	timer:0	1	arm	0	3000	0		0.0	0.0	0.0	0
219210	4BReward_Named_FinalEX_SkillNPC	arm	0	30		0	arm	0	2000	0		0.0	0.0	0.0	0
219210	4BReward_Named_FinalEX_SkillNPC	arm	0	30		1	arm	1	35000	0		0.0	0.0	0.0	0
219210	4BReward_Named_FinalEX_SkillNPC	arm	0	30		2	skill	20579	0	0	ME	0.0	0.0	0.0	0
219210	4BReward_Named_FinalEX_SkillNPC	cycle	0	20	timer:0	0	arm	0	2000	0		0.0	0.0	0.0	0
219210	4BReward_Named_FinalEX_SkillNPC	cycle	0	20	timer:0	1	skill	20579	0	0	ME	0.0	0.0	0.0	0
219210	4BReward_Named_FinalEX_SkillNPC	cycle	1	10	timer:1	0	despawn_self	0	0	0		0.0	0.0	0.0	0
219216	1Skill_Ev15s_UseSk1T	arm	0	7		0	arm	0	15000	0		0.0	0.0	0.0	0
219216	1Skill_Ev15s_UseSk1T	cycle	0	7	timer:0	0	arm	0	15000	0		0.0	0.0	0.0	0
219216	1Skill_Ev15s_UseSk1T	cycle	0	7	timer:0	1	skill	19835	0	0	MOST_HATED	0.0	0.0	0.0	0
219245	IDDreadgion_03_DrakanFi_Noble_60_Ae	arm	0	4		0	skill	20241	0	0	ME	0.0	0.0	0.0	0
219245	IDDreadgion_03_DrakanFi_Noble_60_Ae	arm	0	4		1	arm	0	4000	0		0.0	0.0	0.0	0
219245	IDDreadgion_03_DrakanFi_Noble_60_Ae	arm	0	4		2	arm	1	10000	0		0.0	0.0	0.0	0
219245	IDDreadgion_03_DrakanFi_Noble_60_Ae	arm	0	4		3	arm	2	15000	0		0.0	0.0	0.0	0
219245	IDDreadgion_03_DrakanFi_Noble_60_Ae	cycle	0	3	timer:0	0	skill	20504	0	0	MOST_HATED	0.0	0.0	0.0	0
219245	IDDreadgion_03_DrakanFi_Noble_60_Ae	cycle	0	3	timer:0	1	arm	0	8000	0		0.0	0.0	0.0	0
219245	IDDreadgion_03_DrakanFi_Noble_60_Ae	cycle	1	2	timer:1	0	skill	20505	0	0	ME	0.0	0.0	0.0	0
219245	IDDreadgion_03_DrakanFi_Noble_60_Ae	cycle	1	2	timer:1	1	skill	20506	0	0	ME	0.0	0.0	0.0	0
219245	IDDreadgion_03_DrakanFi_Noble_60_Ae	cycle	1	2	timer:1	2	skill	20507	0	0	ME	0.0	0.0	0.0	0
219245	IDDreadgion_03_DrakanFi_Noble_60_Ae	cycle	1	2	timer:1	3	arm	1	24000	0		0.0	0.0	0.0	0
219245	IDDreadgion_03_DrakanFi_Noble_60_Ae	cycle	2	1	timer:2	0	skill	20247	0	0	ME	0.0	0.0	0.0	0
219245	IDDreadgion_03_DrakanFi_Noble_60_Ae	cycle	2	1	timer:2	1	arm	2	25000	0		0.0	0.0	0.0	0
219246	IDDreadgion_03_DrakanSc_Noble_60_Ae	arm	0	4		0	arm	0	4000	0		0.0	0.0	0.0	0
219246	IDDreadgion_03_DrakanSc_Noble_60_Ae	arm	0	4		1	arm	1	6000	0		0.0	0.0	0.0	0
219246	IDDreadgion_03_DrakanSc_Noble_60_Ae	cycle	0	3	timer:0	0	skill	19721	0	0	MOST_HATED	0.0	0.0	0.0	0
219246	IDDreadgion_03_DrakanSc_Noble_60_Ae	cycle	0	3	timer:0	1	skill	19722	0	0	MOST_HATED	0.0	0.0	0.0	0
219246	IDDreadgion_03_DrakanSc_Noble_60_Ae	cycle	0	3	timer:0	2	skill	19723	0	0	MOST_HATED	0.0	0.0	0.0	0
219246	IDDreadgion_03_DrakanSc_Noble_60_Ae	cycle	0	3	timer:0	3	skill	19724	0	0	MOST_HATED	0.0	0.0	0.0	0
219246	IDDreadgion_03_DrakanSc_Noble_60_Ae	cycle	0	3	timer:0	4	skill	19725	0	0	MOST_HATED	0.0	0.0	0.0	0
219246	IDDreadgion_03_DrakanSc_Noble_60_Ae	cycle	0	3	timer:0	5	skill	19726	0	0	MOST_HATED	0.0	0.0	0.0	0
219246	IDDreadgion_03_DrakanSc_Noble_60_Ae	cycle	0	3	timer:0	6	skill	19727	0	0	MOST_HATED	0.0	0.0	0.0	0
219246	IDDreadgion_03_DrakanSc_Noble_60_Ae	cycle	0	3	timer:0	7	skill	19728	0	0	MOST_HATED	0.0	0.0	0.0	0
219246	IDDreadgion_03_DrakanSc_Noble_60_Ae	cycle	0	3	timer:0	8	arm	0	30000	0		0.0	0.0	0.0	0
219246	IDDreadgion_03_DrakanSc_Noble_60_Ae	cycle	1	2	hp_below:30|timer:1	0	skill	19730	0	0	ME	0.0	0.0	0.0	0
219246	IDDreadgion_03_DrakanSc_Noble_60_Ae	cycle	2	1	timer:1	0	arm	1	6000	0		0.0	0.0	0.0	0
219249	IDDreadgion_03_DrakanFi_Tiamat_60_Ae	arm	0	4		0	skill	20241	0	0	ME	0.0	0.0	0.0	0
219249	IDDreadgion_03_DrakanFi_Tiamat_60_Ae	arm	0	4		1	arm	0	4000	0		0.0	0.0	0.0	0
219249	IDDreadgion_03_DrakanFi_Tiamat_60_Ae	arm	0	4		2	arm	1	10000	0		0.0	0.0	0.0	0
219249	IDDreadgion_03_DrakanFi_Tiamat_60_Ae	arm	0	4		3	arm	2	15000	0		0.0	0.0	0.0	0
219249	IDDreadgion_03_DrakanFi_Tiamat_60_Ae	cycle	0	3	timer:0	0	skill	20504	0	0	MOST_HATED	0.0	0.0	0.0	0
219249	IDDreadgion_03_DrakanFi_Tiamat_60_Ae	cycle	0	3	timer:0	1	arm	0	8000	0		0.0	0.0	0.0	0
219249	IDDreadgion_03_DrakanFi_Tiamat_60_Ae	cycle	1	2	timer:1	0	skill	20505	0	0	ME	0.0	0.0	0.0	0
219249	IDDreadgion_03_DrakanFi_Tiamat_60_Ae	cycle	1	2	timer:1	1	skill	20506	0	0	ME	0.0	0.0	0.0	0
219249	IDDreadgion_03_DrakanFi_Tiamat_60_Ae	cycle	1	2	timer:1	2	skill	20507	0	0	ME	0.0	0.0	0.0	0
219249	IDDreadgion_03_DrakanFi_Tiamat_60_Ae	cycle	1	2	timer:1	3	skill	20507	0	0	ME	0.0	0.0	0.0	0
219249	IDDreadgion_03_DrakanFi_Tiamat_60_Ae	cycle	1	2	timer:1	4	arm	1	24000	0		0.0	0.0	0.0	0
219249	IDDreadgion_03_DrakanFi_Tiamat_60_Ae	cycle	2	1	timer:2	0	skill	20247	0	0	ME	0.0	0.0	0.0	0
219249	IDDreadgion_03_DrakanFi_Tiamat_60_Ae	cycle	2	1	timer:2	1	arm	2	25000	0		0.0	0.0	0.0	0
219255	IDDreadgion_03_DrakanRa_QuestNamed_60_Ae	arm	0	4		0	arm	0	4000	0		0.0	0.0	0.0	0
219255	IDDreadgion_03_DrakanRa_QuestNamed_60_Ae	arm	0	4		1	arm	1	6000	0		0.0	0.0	0.0	0
219255	IDDreadgion_03_DrakanRa_QuestNamed_60_Ae	cycle	0	3	timer:0	0	skill	20251	0	0	MOST_HATED	0.0	0.0	0.0	0
219255	IDDreadgion_03_DrakanRa_QuestNamed_60_Ae	cycle	0	3	timer:0	1	skill	20415	0	0	MOST_HATED	0.0	0.0	0.0	0
219255	IDDreadgion_03_DrakanRa_QuestNamed_60_Ae	cycle	0	3	timer:0	2	skill	20416	0	0	MOST_HATED	0.0	0.0	0.0	0
219255	IDDreadgion_03_DrakanRa_QuestNamed_60_Ae	cycle	0	3	timer:0	3	skill	20522	0	0	MOST_HATED	0.0	0.0	0.0	0
219255	IDDreadgion_03_DrakanRa_QuestNamed_60_Ae	cycle	0	3	timer:0	4	skill	20523	0	0	MOST_HATED	0.0	0.0	0.0	0
219255	IDDreadgion_03_DrakanRa_QuestNamed_60_Ae	cycle	0	3	timer:0	5	skill	20524	0	0	MOST_HATED	0.0	0.0	0.0	0
219255	IDDreadgion_03_DrakanRa_QuestNamed_60_Ae	cycle	0	3	timer:0	6	skill	20525	0	0	MOST_HATED	0.0	0.0	0.0	0
219255	IDDreadgion_03_DrakanRa_QuestNamed_60_Ae	cycle	0	3	timer:0	7	skill	20526	0	0	MOST_HATED	0.0	0.0	0.0	0
219255	IDDreadgion_03_DrakanRa_QuestNamed_60_Ae	cycle	0	3	timer:0	8	arm	0	30000	0		0.0	0.0	0.0	0
219255	IDDreadgion_03_DrakanRa_QuestNamed_60_Ae	cycle	1	2	hp_below:30|timer:1	0	skill	20527	0	0	ME	0.0	0.0	0.0	0
219255	IDDreadgion_03_DrakanRa_QuestNamed_60_Ae	cycle	2	1	timer:1	0	arm	1	6000	0		0.0	0.0	0.0	0
219256	IDDreadgion_03_DrakanFiNamedAA_60_Ae	arm	0	4		0	skill	20241	0	0	ME	0.0	0.0	0.0	0
219256	IDDreadgion_03_DrakanFiNamedAA_60_Ae	arm	0	4		1	arm	0	4000	0		0.0	0.0	0.0	0
219256	IDDreadgion_03_DrakanFiNamedAA_60_Ae	arm	0	4		2	arm	1	10000	0		0.0	0.0	0.0	0
219256	IDDreadgion_03_DrakanFiNamedAA_60_Ae	arm	0	4		3	arm	2	15000	0		0.0	0.0	0.0	0
219256	IDDreadgion_03_DrakanFiNamedAA_60_Ae	cycle	0	3	timer:0	0	skill	20504	0	0	MOST_HATED	0.0	0.0	0.0	0
219256	IDDreadgion_03_DrakanFiNamedAA_60_Ae	cycle	0	3	timer:0	1	arm	0	8000	0		0.0	0.0	0.0	0
219256	IDDreadgion_03_DrakanFiNamedAA_60_Ae	cycle	1	2	timer:1	0	skill	20505	0	0	ME	0.0	0.0	0.0	0
219256	IDDreadgion_03_DrakanFiNamedAA_60_Ae	cycle	1	2	timer:1	1	skill	20506	0	0	ME	0.0	0.0	0.0	0
219256	IDDreadgion_03_DrakanFiNamedAA_60_Ae	cycle	1	2	timer:1	2	skill	20507	0	0	ME	0.0	0.0	0.0	0
219256	IDDreadgion_03_DrakanFiNamedAA_60_Ae	cycle	1	2	timer:1	3	skill	20507	0	0	ME	0.0	0.0	0.0	0
219256	IDDreadgion_03_DrakanFiNamedAA_60_Ae	cycle	1	2	timer:1	4	arm	1	24000	0		0.0	0.0	0.0	0
219256	IDDreadgion_03_DrakanFiNamedAA_60_Ae	cycle	2	1	timer:2	0	skill	20247	0	0	ME	0.0	0.0	0.0	0
219256	IDDreadgion_03_DrakanFiNamedAA_60_Ae	cycle	2	1	timer:2	1	arm	2	25000	0		0.0	0.0	0.0	0
219257	IDDreadgion_03_DrakanFiNamedAB_60_Ae	arm	0	4		0	skill	20241	0	0	ME	0.0	0.0	0.0	0
219257	IDDreadgion_03_DrakanFiNamedAB_60_Ae	arm	0	4		1	arm	0	4000	0		0.0	0.0	0.0	0
219257	IDDreadgion_03_DrakanFiNamedAB_60_Ae	arm	0	4		2	arm	1	10000	0		0.0	0.0	0.0	0
219257	IDDreadgion_03_DrakanFiNamedAB_60_Ae	arm	0	4		3	arm	2	15000	0		0.0	0.0	0.0	0
219257	IDDreadgion_03_DrakanFiNamedAB_60_Ae	cycle	0	3	timer:0	0	skill	20504	0	0	MOST_HATED	0.0	0.0	0.0	0
219257	IDDreadgion_03_DrakanFiNamedAB_60_Ae	cycle	0	3	timer:0	1	arm	0	8000	0		0.0	0.0	0.0	0
219257	IDDreadgion_03_DrakanFiNamedAB_60_Ae	cycle	1	2	timer:1	0	skill	20505	0	0	ME	0.0	0.0	0.0	0
219257	IDDreadgion_03_DrakanFiNamedAB_60_Ae	cycle	1	2	timer:1	1	skill	20506	0	0	ME	0.0	0.0	0.0	0
219257	IDDreadgion_03_DrakanFiNamedAB_60_Ae	cycle	1	2	timer:1	2	skill	20507	0	0	ME	0.0	0.0	0.0	0
219257	IDDreadgion_03_DrakanFiNamedAB_60_Ae	cycle	1	2	timer:1	3	skill	20507	0	0	ME	0.0	0.0	0.0	0
219257	IDDreadgion_03_DrakanFiNamedAB_60_Ae	cycle	1	2	timer:1	4	arm	1	24000	0		0.0	0.0	0.0	0
219257	IDDreadgion_03_DrakanFiNamedAB_60_Ae	cycle	2	1	timer:2	0	skill	20247	0	0	ME	0.0	0.0	0.0	0
219257	IDDreadgion_03_DrakanFiNamedAB_60_Ae	cycle	2	1	timer:2	1	arm	2	25000	0		0.0	0.0	0.0	0
219258	IDDreadgion_03_DrakanRaNamedBA_60_Ae	arm	0	4		0	arm	0	4000	0		0.0	0.0	0.0	0
219258	IDDreadgion_03_DrakanRaNamedBA_60_Ae	arm	0	4		1	arm	1	6000	0		0.0	0.0	0.0	0
219258	IDDreadgion_03_DrakanRaNamedBA_60_Ae	cycle	0	3	timer:0	0	skill	20251	0	0	MOST_HATED	0.0	0.0	0.0	0
219258	IDDreadgion_03_DrakanRaNamedBA_60_Ae	cycle	0	3	timer:0	1	skill	20415	0	0	MOST_HATED	0.0	0.0	0.0	0
219258	IDDreadgion_03_DrakanRaNamedBA_60_Ae	cycle	0	3	timer:0	2	skill	20416	0	0	MOST_HATED	0.0	0.0	0.0	0
219258	IDDreadgion_03_DrakanRaNamedBA_60_Ae	cycle	0	3	timer:0	3	skill	20522	0	0	MOST_HATED	0.0	0.0	0.0	0
219258	IDDreadgion_03_DrakanRaNamedBA_60_Ae	cycle	0	3	timer:0	4	skill	20523	0	0	MOST_HATED	0.0	0.0	0.0	0
219258	IDDreadgion_03_DrakanRaNamedBA_60_Ae	cycle	0	3	timer:0	5	skill	20524	0	0	MOST_HATED	0.0	0.0	0.0	0
219258	IDDreadgion_03_DrakanRaNamedBA_60_Ae	cycle	0	3	timer:0	6	skill	20525	0	0	MOST_HATED	0.0	0.0	0.0	0
219258	IDDreadgion_03_DrakanRaNamedBA_60_Ae	cycle	0	3	timer:0	7	skill	20526	0	0	MOST_HATED	0.0	0.0	0.0	0
219258	IDDreadgion_03_DrakanRaNamedBA_60_Ae	cycle	0	3	timer:0	8	arm	0	30000	0		0.0	0.0	0.0	0
219258	IDDreadgion_03_DrakanRaNamedBA_60_Ae	cycle	1	2	hp_below:30|timer:1	0	skill	20527	0	0	ME	0.0	0.0	0.0	0
219258	IDDreadgion_03_DrakanRaNamedBA_60_Ae	cycle	2	1	timer:1	0	arm	1	6000	0		0.0	0.0	0.0	0
219259	IDDreadgion_03_DrakanRaNamedBB_60_Ae	arm	0	4		0	arm	0	4000	0		0.0	0.0	0.0	0
219259	IDDreadgion_03_DrakanRaNamedBB_60_Ae	arm	0	4		1	arm	1	6000	0		0.0	0.0	0.0	0
219259	IDDreadgion_03_DrakanRaNamedBB_60_Ae	cycle	0	3	timer:0	0	skill	20251	0	0	MOST_HATED	0.0	0.0	0.0	0
219259	IDDreadgion_03_DrakanRaNamedBB_60_Ae	cycle	0	3	timer:0	1	skill	20415	0	0	MOST_HATED	0.0	0.0	0.0	0
219259	IDDreadgion_03_DrakanRaNamedBB_60_Ae	cycle	0	3	timer:0	2	skill	20416	0	0	MOST_HATED	0.0	0.0	0.0	0
219259	IDDreadgion_03_DrakanRaNamedBB_60_Ae	cycle	0	3	timer:0	3	skill	20522	0	0	MOST_HATED	0.0	0.0	0.0	0
219259	IDDreadgion_03_DrakanRaNamedBB_60_Ae	cycle	0	3	timer:0	4	skill	20523	0	0	MOST_HATED	0.0	0.0	0.0	0
219259	IDDreadgion_03_DrakanRaNamedBB_60_Ae	cycle	0	3	timer:0	5	skill	20524	0	0	MOST_HATED	0.0	0.0	0.0	0
219259	IDDreadgion_03_DrakanRaNamedBB_60_Ae	cycle	0	3	timer:0	6	skill	20525	0	0	MOST_HATED	0.0	0.0	0.0	0
219259	IDDreadgion_03_DrakanRaNamedBB_60_Ae	cycle	0	3	timer:0	7	skill	20526	0	0	MOST_HATED	0.0	0.0	0.0	0
219259	IDDreadgion_03_DrakanRaNamedBB_60_Ae	cycle	0	3	timer:0	8	arm	0	30000	0		0.0	0.0	0.0	0
219259	IDDreadgion_03_DrakanRaNamedBB_60_Ae	cycle	1	2	hp_below:30|timer:1	0	skill	20527	0	0	ME	0.0	0.0	0.0	0
219259	IDDreadgion_03_DrakanRaNamedBB_60_Ae	cycle	2	1	timer:1	0	arm	1	6000	0		0.0	0.0	0.0	0
219267	IDDreadgion_03_DrakanFiNamedFA_60_Ae	arm	0	4		0	skill	20241	0	0	ME	0.0	0.0	0.0	0
219267	IDDreadgion_03_DrakanFiNamedFA_60_Ae	arm	0	4		1	arm	0	4000	0		0.0	0.0	0.0	0
219267	IDDreadgion_03_DrakanFiNamedFA_60_Ae	arm	0	4		2	arm	1	10000	0		0.0	0.0	0.0	0
219267	IDDreadgion_03_DrakanFiNamedFA_60_Ae	arm	0	4		3	arm	2	15000	0		0.0	0.0	0.0	0
219267	IDDreadgion_03_DrakanFiNamedFA_60_Ae	cycle	0	3	timer:0	0	skill	20504	0	0	MOST_HATED	0.0	0.0	0.0	0
219267	IDDreadgion_03_DrakanFiNamedFA_60_Ae	cycle	0	3	timer:0	1	arm	0	8000	0		0.0	0.0	0.0	0
219267	IDDreadgion_03_DrakanFiNamedFA_60_Ae	cycle	1	2	timer:1	0	skill	20505	0	0	ME	0.0	0.0	0.0	0
219267	IDDreadgion_03_DrakanFiNamedFA_60_Ae	cycle	1	2	timer:1	1	skill	20506	0	0	ME	0.0	0.0	0.0	0
219267	IDDreadgion_03_DrakanFiNamedFA_60_Ae	cycle	1	2	timer:1	2	skill	20507	0	0	ME	0.0	0.0	0.0	0
219267	IDDreadgion_03_DrakanFiNamedFA_60_Ae	cycle	1	2	timer:1	3	skill	20507	0	0	ME	0.0	0.0	0.0	0
219267	IDDreadgion_03_DrakanFiNamedFA_60_Ae	cycle	1	2	timer:1	4	arm	1	24000	0		0.0	0.0	0.0	0
219267	IDDreadgion_03_DrakanFiNamedFA_60_Ae	cycle	2	1	timer:2	0	skill	20247	0	0	ME	0.0	0.0	0.0	0
219267	IDDreadgion_03_DrakanFiNamedFA_60_Ae	cycle	2	1	timer:2	1	arm	2	25000	0		0.0	0.0	0.0	0
219268	IDDreadgion_03_DrakanFiNamedFB_60_Ae	arm	0	4		0	skill	20241	0	0	ME	0.0	0.0	0.0	0
219268	IDDreadgion_03_DrakanFiNamedFB_60_Ae	arm	0	4		1	arm	0	4000	0		0.0	0.0	0.0	0
219268	IDDreadgion_03_DrakanFiNamedFB_60_Ae	arm	0	4		2	arm	1	10000	0		0.0	0.0	0.0	0
219268	IDDreadgion_03_DrakanFiNamedFB_60_Ae	arm	0	4		3	arm	2	15000	0		0.0	0.0	0.0	0
219268	IDDreadgion_03_DrakanFiNamedFB_60_Ae	cycle	0	3	timer:0	0	skill	20504	0	0	MOST_HATED	0.0	0.0	0.0	0
219268	IDDreadgion_03_DrakanFiNamedFB_60_Ae	cycle	0	3	timer:0	1	arm	0	8000	0		0.0	0.0	0.0	0
219268	IDDreadgion_03_DrakanFiNamedFB_60_Ae	cycle	1	2	timer:1	0	skill	20505	0	0	ME	0.0	0.0	0.0	0
219268	IDDreadgion_03_DrakanFiNamedFB_60_Ae	cycle	1	2	timer:1	1	skill	20506	0	0	ME	0.0	0.0	0.0	0
219268	IDDreadgion_03_DrakanFiNamedFB_60_Ae	cycle	1	2	timer:1	2	skill	20507	0	0	ME	0.0	0.0	0.0	0
219268	IDDreadgion_03_DrakanFiNamedFB_60_Ae	cycle	1	2	timer:1	3	skill	20507	0	0	ME	0.0	0.0	0.0	0
219268	IDDreadgion_03_DrakanFiNamedFB_60_Ae	cycle	1	2	timer:1	4	arm	1	24000	0		0.0	0.0	0.0	0
219268	IDDreadgion_03_DrakanFiNamedFB_60_Ae	cycle	2	1	timer:2	0	skill	20247	0	0	ME	0.0	0.0	0.0	0
219268	IDDreadgion_03_DrakanFiNamedFB_60_Ae	cycle	2	1	timer:2	1	arm	2	25000	0		0.0	0.0	0.0	0
219269	IDDreadgion_03_DrakanGi_NamedA_60_Ae	arm	0	7		0	arm	0	7000	0		0.0	0.0	0.0	0
219269	IDDreadgion_03_DrakanGi_NamedA_60_Ae	arm	0	7		1	arm	1	23000	0		0.0	0.0	0.0	0
219269	IDDreadgion_03_DrakanGi_NamedA_60_Ae	arm	0	7		2	arm	2	6000	0		0.0	0.0	0.0	0
219269	IDDreadgion_03_DrakanGi_NamedA_60_Ae	arm	0	7		3	arm	3	6000	0		0.0	0.0	0.0	0
219269	IDDreadgion_03_DrakanGi_NamedA_60_Ae	cycle	0	6	timer:0	0	skill	20545	0	0	ME	0.0	0.0	0.0	0
219269	IDDreadgion_03_DrakanGi_NamedA_60_Ae	cycle	0	6	timer:0	1	skill	20546	0	0	ME	0.0	0.0	0.0	0
219269	IDDreadgion_03_DrakanGi_NamedA_60_Ae	cycle	0	6	timer:0	2	skill	20546	0	0	ME	0.0	0.0	0.0	0
219269	IDDreadgion_03_DrakanGi_NamedA_60_Ae	cycle	0	6	timer:0	3	arm	0	18000	0		0.0	0.0	0.0	0
219269	IDDreadgion_03_DrakanGi_NamedA_60_Ae	cycle	1	5	timer:1	0	skill	20547	0	0	ME	0.0	0.0	0.0	0
219269	IDDreadgion_03_DrakanGi_NamedA_60_Ae	cycle	1	5	timer:1	1	arm	1	26000	0		0.0	0.0	0.0	0
219269	IDDreadgion_03_DrakanGi_NamedA_60_Ae	cycle	2	4	hp_below:50|timer:2	0	skill	20544	0	0	ME	0.0	0.0	0.0	0
219269	IDDreadgion_03_DrakanGi_NamedA_60_Ae	cycle	3	3	timer:2	0	arm	2	6000	0		0.0	0.0	0.0	0
219269	IDDreadgion_03_DrakanGi_NamedA_60_Ae	cycle	4	2	hp_below:25|timer:3	0	skill	20543	0	0	ME	0.0	0.0	0.0	0
219269	IDDreadgion_03_DrakanGi_NamedA_60_Ae	cycle	5	1	timer:3	0	arm	3	6000	0		0.0	0.0	0.0	0
219270	IDDreadgion_03_DrakanGi_NamedB_60_Ae	arm	0	7		0	arm	0	7000	0		0.0	0.0	0.0	0
219270	IDDreadgion_03_DrakanGi_NamedB_60_Ae	arm	0	7		1	arm	1	23000	0		0.0	0.0	0.0	0
219270	IDDreadgion_03_DrakanGi_NamedB_60_Ae	arm	0	7		2	arm	2	6000	0		0.0	0.0	0.0	0
219270	IDDreadgion_03_DrakanGi_NamedB_60_Ae	arm	0	7		3	arm	3	6000	0		0.0	0.0	0.0	0
219270	IDDreadgion_03_DrakanGi_NamedB_60_Ae	cycle	0	6	timer:0	0	skill	20545	0	0	ME	0.0	0.0	0.0	0
219270	IDDreadgion_03_DrakanGi_NamedB_60_Ae	cycle	0	6	timer:0	1	skill	20546	0	0	ME	0.0	0.0	0.0	0
219270	IDDreadgion_03_DrakanGi_NamedB_60_Ae	cycle	0	6	timer:0	2	skill	20546	0	0	ME	0.0	0.0	0.0	0
219270	IDDreadgion_03_DrakanGi_NamedB_60_Ae	cycle	0	6	timer:0	3	arm	0	18000	0		0.0	0.0	0.0	0
219270	IDDreadgion_03_DrakanGi_NamedB_60_Ae	cycle	1	5	timer:1	0	skill	20547	0	0	ME	0.0	0.0	0.0	0
219270	IDDreadgion_03_DrakanGi_NamedB_60_Ae	cycle	1	5	timer:1	1	arm	1	26000	0		0.0	0.0	0.0	0
219270	IDDreadgion_03_DrakanGi_NamedB_60_Ae	cycle	2	4	hp_below:50|timer:2	0	skill	20544	0	0	ME	0.0	0.0	0.0	0
219270	IDDreadgion_03_DrakanGi_NamedB_60_Ae	cycle	3	3	timer:2	0	arm	2	6000	0		0.0	0.0	0.0	0
219270	IDDreadgion_03_DrakanGi_NamedB_60_Ae	cycle	4	2	hp_below:25|timer:3	0	skill	20543	0	0	ME	0.0	0.0	0.0	0
219270	IDDreadgion_03_DrakanGi_NamedB_60_Ae	cycle	5	1	timer:3	0	arm	3	6000	0		0.0	0.0	0.0	0
219271	IDDreadgion_03_DrakanGi_NamedC_60_Ae	arm	0	7		0	arm	0	7000	0		0.0	0.0	0.0	0
219271	IDDreadgion_03_DrakanGi_NamedC_60_Ae	arm	0	7		1	arm	1	23000	0		0.0	0.0	0.0	0
219271	IDDreadgion_03_DrakanGi_NamedC_60_Ae	arm	0	7		2	arm	2	6000	0		0.0	0.0	0.0	0
219271	IDDreadgion_03_DrakanGi_NamedC_60_Ae	arm	0	7		3	arm	3	6000	0		0.0	0.0	0.0	0
219271	IDDreadgion_03_DrakanGi_NamedC_60_Ae	cycle	0	6	timer:0	0	skill	20545	0	0	ME	0.0	0.0	0.0	0
219271	IDDreadgion_03_DrakanGi_NamedC_60_Ae	cycle	0	6	timer:0	1	skill	20546	0	0	ME	0.0	0.0	0.0	0
219271	IDDreadgion_03_DrakanGi_NamedC_60_Ae	cycle	0	6	timer:0	2	skill	20546	0	0	ME	0.0	0.0	0.0	0
219271	IDDreadgion_03_DrakanGi_NamedC_60_Ae	cycle	0	6	timer:0	3	arm	0	18000	0		0.0	0.0	0.0	0
219271	IDDreadgion_03_DrakanGi_NamedC_60_Ae	cycle	1	5	timer:1	0	skill	20547	0	0	ME	0.0	0.0	0.0	0
219271	IDDreadgion_03_DrakanGi_NamedC_60_Ae	cycle	1	5	timer:1	1	arm	1	26000	0		0.0	0.0	0.0	0
219271	IDDreadgion_03_DrakanGi_NamedC_60_Ae	cycle	2	4	hp_below:50|timer:2	0	skill	20544	0	0	ME	0.0	0.0	0.0	0
219271	IDDreadgion_03_DrakanGi_NamedC_60_Ae	cycle	3	3	timer:2	0	arm	2	6000	0		0.0	0.0	0.0	0
219271	IDDreadgion_03_DrakanGi_NamedC_60_Ae	cycle	4	2	hp_below:25|timer:3	0	skill	20543	0	0	ME	0.0	0.0	0.0	0
219271	IDDreadgion_03_DrakanGi_NamedC_60_Ae	cycle	5	1	timer:3	0	arm	3	6000	0		0.0	0.0	0.0	0
219286	IDDreadgion_03_DrakanGi_NamedA_60_Ae	arm	0	7		0	arm	0	7000	0		0.0	0.0	0.0	0
219286	IDDreadgion_03_DrakanGi_NamedA_60_Ae	arm	0	7		1	arm	1	23000	0		0.0	0.0	0.0	0
219286	IDDreadgion_03_DrakanGi_NamedA_60_Ae	arm	0	7		2	arm	2	6000	0		0.0	0.0	0.0	0
219286	IDDreadgion_03_DrakanGi_NamedA_60_Ae	arm	0	7		3	arm	3	6000	0		0.0	0.0	0.0	0
219286	IDDreadgion_03_DrakanGi_NamedA_60_Ae	cycle	0	6	timer:0	0	skill	20545	0	0	ME	0.0	0.0	0.0	0
219286	IDDreadgion_03_DrakanGi_NamedA_60_Ae	cycle	0	6	timer:0	1	skill	20546	0	0	ME	0.0	0.0	0.0	0
219286	IDDreadgion_03_DrakanGi_NamedA_60_Ae	cycle	0	6	timer:0	2	skill	20546	0	0	ME	0.0	0.0	0.0	0
219286	IDDreadgion_03_DrakanGi_NamedA_60_Ae	cycle	0	6	timer:0	3	arm	0	18000	0		0.0	0.0	0.0	0
219286	IDDreadgion_03_DrakanGi_NamedA_60_Ae	cycle	1	5	timer:1	0	skill	20547	0	0	ME	0.0	0.0	0.0	0
219286	IDDreadgion_03_DrakanGi_NamedA_60_Ae	cycle	1	5	timer:1	1	arm	1	26000	0		0.0	0.0	0.0	0
219286	IDDreadgion_03_DrakanGi_NamedA_60_Ae	cycle	2	4	hp_below:50|timer:2	0	skill	20544	0	0	ME	0.0	0.0	0.0	0
219286	IDDreadgion_03_DrakanGi_NamedA_60_Ae	cycle	3	3	timer:2	0	arm	2	6000	0		0.0	0.0	0.0	0
219286	IDDreadgion_03_DrakanGi_NamedA_60_Ae	cycle	4	2	hp_below:25|timer:3	0	skill	20543	0	0	ME	0.0	0.0	0.0	0
219286	IDDreadgion_03_DrakanGi_NamedA_60_Ae	cycle	5	1	timer:3	0	arm	3	6000	0		0.0	0.0	0.0	0
219302	4BReward_Drakan_Wa	arm	0	4		0	skill	20241	0	0	ME	0.0	0.0	0.0	0
219302	4BReward_Drakan_Wa	arm	0	4		1	arm	0	4000	0		0.0	0.0	0.0	0
219302	4BReward_Drakan_Wa	arm	0	4		2	arm	1	10000	0		0.0	0.0	0.0	0
219302	4BReward_Drakan_Wa	arm	0	4		3	arm	2	15000	0		0.0	0.0	0.0	0
219302	4BReward_Drakan_Wa	cycle	0	3	timer:0	0	skill	20504	0	0	MOST_HATED	0.0	0.0	0.0	0
219302	4BReward_Drakan_Wa	cycle	0	3	timer:0	1	arm	0	8000	0		0.0	0.0	0.0	0
219302	4BReward_Drakan_Wa	cycle	1	2	timer:1	0	skill	20505	0	0	ME	0.0	0.0	0.0	0
219302	4BReward_Drakan_Wa	cycle	1	2	timer:1	1	skill	20506	0	0	ME	0.0	0.0	0.0	0
219302	4BReward_Drakan_Wa	cycle	1	2	timer:1	2	skill	20507	0	0	ME	0.0	0.0	0.0	0
219302	4BReward_Drakan_Wa	cycle	1	2	timer:1	3	arm	1	24000	0		0.0	0.0	0.0	0
219302	4BReward_Drakan_Wa	cycle	2	1	timer:2	0	skill	20247	0	0	ME	0.0	0.0	0.0	0
219302	4BReward_Drakan_Wa	cycle	2	1	timer:2	1	arm	2	25000	0		0.0	0.0	0.0	0
219303	4BReward_Drakan_Wa	arm	0	4		0	skill	20241	0	0	ME	0.0	0.0	0.0	0
219303	4BReward_Drakan_Wa	arm	0	4		1	arm	0	4000	0		0.0	0.0	0.0	0
219303	4BReward_Drakan_Wa	arm	0	4		2	arm	1	10000	0		0.0	0.0	0.0	0
219303	4BReward_Drakan_Wa	arm	0	4		3	arm	2	15000	0		0.0	0.0	0.0	0
219303	4BReward_Drakan_Wa	cycle	0	3	timer:0	0	skill	20504	0	0	MOST_HATED	0.0	0.0	0.0	0
219303	4BReward_Drakan_Wa	cycle	0	3	timer:0	1	arm	0	8000	0		0.0	0.0	0.0	0
219303	4BReward_Drakan_Wa	cycle	1	2	timer:1	0	skill	20505	0	0	ME	0.0	0.0	0.0	0
219303	4BReward_Drakan_Wa	cycle	1	2	timer:1	1	skill	20506	0	0	ME	0.0	0.0	0.0	0
219303	4BReward_Drakan_Wa	cycle	1	2	timer:1	2	skill	20507	0	0	ME	0.0	0.0	0.0	0
219303	4BReward_Drakan_Wa	cycle	1	2	timer:1	3	arm	1	24000	0		0.0	0.0	0.0	0
219303	4BReward_Drakan_Wa	cycle	2	1	timer:2	0	skill	20247	0	0	ME	0.0	0.0	0.0	0
219303	4BReward_Drakan_Wa	cycle	2	1	timer:2	1	arm	2	25000	0		0.0	0.0	0.0	0
219304	4BReward_Drakan_RA	arm	0	4		0	arm	0	4000	0		0.0	0.0	0.0	0
219304	4BReward_Drakan_RA	arm	0	4		1	arm	1	6000	0		0.0	0.0	0.0	0
219304	4BReward_Drakan_RA	cycle	0	3	timer:0	0	skill	19721	0	0	MOST_HATED	0.0	0.0	0.0	0
219304	4BReward_Drakan_RA	cycle	0	3	timer:0	1	skill	19722	0	0	MOST_HATED	0.0	0.0	0.0	0
219304	4BReward_Drakan_RA	cycle	0	3	timer:0	2	skill	19723	0	0	MOST_HATED	0.0	0.0	0.0	0
219304	4BReward_Drakan_RA	cycle	0	3	timer:0	3	skill	19724	0	0	MOST_HATED	0.0	0.0	0.0	0
219304	4BReward_Drakan_RA	cycle	0	3	timer:0	4	skill	19725	0	0	MOST_HATED	0.0	0.0	0.0	0
219304	4BReward_Drakan_RA	cycle	0	3	timer:0	5	skill	19726	0	0	MOST_HATED	0.0	0.0	0.0	0
219304	4BReward_Drakan_RA	cycle	0	3	timer:0	6	skill	19727	0	0	MOST_HATED	0.0	0.0	0.0	0
219304	4BReward_Drakan_RA	cycle	0	3	timer:0	7	skill	19728	0	0	MOST_HATED	0.0	0.0	0.0	0
219304	4BReward_Drakan_RA	cycle	0	3	timer:0	8	arm	0	30000	0		0.0	0.0	0.0	0
219304	4BReward_Drakan_RA	cycle	1	2	hp_below:30|timer:1	0	skill	19730	0	0	ME	0.0	0.0	0.0	0
219304	4BReward_Drakan_RA	cycle	2	1	timer:1	0	arm	1	6000	0		0.0	0.0	0.0	0
219305	4BReward_Drakan_RA	arm	0	4		0	arm	0	4000	0		0.0	0.0	0.0	0
219305	4BReward_Drakan_RA	arm	0	4		1	arm	1	6000	0		0.0	0.0	0.0	0
219305	4BReward_Drakan_RA	cycle	0	3	timer:0	0	skill	19721	0	0	MOST_HATED	0.0	0.0	0.0	0
219305	4BReward_Drakan_RA	cycle	0	3	timer:0	1	skill	19722	0	0	MOST_HATED	0.0	0.0	0.0	0
219305	4BReward_Drakan_RA	cycle	0	3	timer:0	2	skill	19723	0	0	MOST_HATED	0.0	0.0	0.0	0
219305	4BReward_Drakan_RA	cycle	0	3	timer:0	3	skill	19724	0	0	MOST_HATED	0.0	0.0	0.0	0
219305	4BReward_Drakan_RA	cycle	0	3	timer:0	4	skill	19725	0	0	MOST_HATED	0.0	0.0	0.0	0
219305	4BReward_Drakan_RA	cycle	0	3	timer:0	5	skill	19726	0	0	MOST_HATED	0.0	0.0	0.0	0
219305	4BReward_Drakan_RA	cycle	0	3	timer:0	6	skill	19727	0	0	MOST_HATED	0.0	0.0	0.0	0
219305	4BReward_Drakan_RA	cycle	0	3	timer:0	7	skill	19728	0	0	MOST_HATED	0.0	0.0	0.0	0
219305	4BReward_Drakan_RA	cycle	0	3	timer:0	8	arm	0	30000	0		0.0	0.0	0.0	0
219305	4BReward_Drakan_RA	cycle	1	2	hp_below:30|timer:1	0	skill	19730	0	0	ME	0.0	0.0	0.0	0
219305	4BReward_Drakan_RA	cycle	2	1	timer:1	0	arm	1	6000	0		0.0	0.0	0.0	0
219311	TiamatDown_TiamatAgent	arm	0	3		0	sysmsg	1401459	0	0		0.0	0.0	0.0	0
219311	TiamatDown_TiamatAgent	arm	0	3		1	skill	20651	0	0	ME	0.0	0.0	0.0	0
219311	TiamatDown_TiamatAgent	arm	0	3		2	arm	0	25000	0		0.0	0.0	0.0	0
219311	TiamatDown_TiamatAgent	arm	0	3		3	arm	1	11000	0		0.0	0.0	0.0	0
219311	TiamatDown_TiamatAgent	cycle	0	2	timer:0	0	arm	0	25000	0		0.0	0.0	0.0	0
219311	TiamatDown_TiamatAgent	cycle	0	2	timer:0	1	skill	20649	0	0	ME	0.0	0.0	0.0	0
219311	TiamatDown_TiamatAgent	cycle	1	1	timer:1	0	arm	1	15000	0		0.0	0.0	0.0	0
219311	TiamatDown_TiamatAgent	cycle	1	1	timer:1	1	skill	20650	0	0	ME	0.0	0.0	0.0	0
219312	TiamatDown_TiamatAgent	arm	0	3		0	sysmsg	1401459	0	0		0.0	0.0	0.0	0
219312	TiamatDown_TiamatAgent	arm	0	3		1	skill	20651	0	0	ME	0.0	0.0	0.0	0
219312	TiamatDown_TiamatAgent	arm	0	3		2	arm	0	25000	0		0.0	0.0	0.0	0
219312	TiamatDown_TiamatAgent	arm	0	3		3	arm	1	11000	0		0.0	0.0	0.0	0
219312	TiamatDown_TiamatAgent	cycle	0	2	timer:0	0	arm	0	25000	0		0.0	0.0	0.0	0
219312	TiamatDown_TiamatAgent	cycle	0	2	timer:0	1	skill	20649	0	0	ME	0.0	0.0	0.0	0
219312	TiamatDown_TiamatAgent	cycle	1	1	timer:1	0	arm	1	15000	0		0.0	0.0	0.0	0
219312	TiamatDown_TiamatAgent	cycle	1	1	timer:1	1	skill	20650	0	0	ME	0.0	0.0	0.0	0
219374	IDTiamat_S1_NobleDrakanFi_60_Ae	arm	0	3		0	arm	0	6000	0		0.0	0.0	0.0	0
219374	IDTiamat_S1_NobleDrakanFi_60_Ae	arm	0	3		1	arm	1	15000	0		0.0	0.0	0.0	0
219374	IDTiamat_S1_NobleDrakanFi_60_Ae	arm	0	3		2	skill	20897	0	0	ME	0.0	0.0	0.0	0
219374	IDTiamat_S1_NobleDrakanFi_60_Ae	cycle	0	2	timer:0	0	arm	0	15000	0		0.0	0.0	0.0	0
219374	IDTiamat_S1_NobleDrakanFi_60_Ae	cycle	0	2	timer:0	1	skill	20504	0	0	MOST_HATED	0.0	0.0	0.0	0
219374	IDTiamat_S1_NobleDrakanFi_60_Ae	cycle	0	2	timer:0	2	skill	20898	0	0	ME	0.0	0.0	0.0	0
219374	IDTiamat_S1_NobleDrakanFi_60_Ae	cycle	1	1	timer:1	0	arm	1	25000	0		0.0	0.0	0.0	0
219374	IDTiamat_S1_NobleDrakanFi_60_Ae	cycle	1	1	timer:1	1	skill	20505	0	0	ME	0.0	0.0	0.0	0
219374	IDTiamat_S1_NobleDrakanFi_60_Ae	cycle	1	1	timer:1	2	skill	20506	0	0	ME	0.0	0.0	0.0	0
219374	IDTiamat_S1_NobleDrakanFi_60_Ae	cycle	1	1	timer:1	3	skill	20507	0	0	ME	0.0	0.0	0.0	0
219374	IDTiamat_S1_NobleDrakanFi_60_Ae	cycle	1	1	timer:1	4	skill	20507	0	0	ME	0.0	0.0	0.0	0
219379	IDTiamat_S2_DrakanGolem_60_Ae	arm	0	2		0	arm	0	8000	0		0.0	0.0	0.0	0
219379	IDTiamat_S2_DrakanGolem_60_Ae	cycle	0	1	timer:0	0	arm	0	12000	0		0.0	0.0	0.0	0
219379	IDTiamat_S2_DrakanGolem_60_Ae	cycle	0	1	timer:0	1	skill	20893	0	0	ME	0.0	0.0	0.0	0
219379	IDTiamat_S2_DrakanGolem_60_Ae	cycle	0	1	timer:0	2	skill	20894	0	0	ME	0.0	0.0	0.0	0
219379	IDTiamat_S2_DrakanGolem_60_Ae	cycle	0	1	timer:0	3	skill	20894	0	0	ME	0.0	0.0	0.0	0
219385	IDTiamat_S3_SardhaDrakanFi_60_Ae	arm	0	3		0	arm	0	6000	0		0.0	0.0	0.0	0
219385	IDTiamat_S3_SardhaDrakanFi_60_Ae	arm	0	3		1	arm	1	15000	0		0.0	0.0	0.0	0
219385	IDTiamat_S3_SardhaDrakanFi_60_Ae	arm	0	3		2	skill	20897	0	0	ME	0.0	0.0	0.0	0
219385	IDTiamat_S3_SardhaDrakanFi_60_Ae	cycle	0	2	timer:0	0	arm	0	15000	0		0.0	0.0	0.0	0
219385	IDTiamat_S3_SardhaDrakanFi_60_Ae	cycle	0	2	timer:0	1	skill	20504	0	0	MOST_HATED	0.0	0.0	0.0	0
219385	IDTiamat_S3_SardhaDrakanFi_60_Ae	cycle	0	2	timer:0	2	skill	20898	0	0	ME	0.0	0.0	0.0	0
219385	IDTiamat_S3_SardhaDrakanFi_60_Ae	cycle	1	1	timer:1	0	arm	1	25000	0		0.0	0.0	0.0	0
219385	IDTiamat_S3_SardhaDrakanFi_60_Ae	cycle	1	1	timer:1	1	skill	20505	0	0	ME	0.0	0.0	0.0	0
219385	IDTiamat_S3_SardhaDrakanFi_60_Ae	cycle	1	1	timer:1	2	skill	20506	0	0	ME	0.0	0.0	0.0	0
219385	IDTiamat_S3_SardhaDrakanFi_60_Ae	cycle	1	1	timer:1	3	skill	20507	0	0	ME	0.0	0.0	0.0	0
219385	IDTiamat_S3_SardhaDrakanFi_60_Ae	cycle	1	1	timer:1	4	skill	20507	0	0	ME	0.0	0.0	0.0	0
219390	IDTiamat_S4_Evileye_60_Ae	arm	0	2		0	say	342310	0	0		0.0	0.0	0.0	0
219390	IDTiamat_S4_Evileye_60_Ae	arm	0	2		1	arm	0	2000	0		0.0	0.0	0.0	0
219390	IDTiamat_S4_Evileye_60_Ae	cycle	0	1	timer:0	0	skill	20592	0	0	ME	0.0	0.0	0.0	0
219390	IDTiamat_S4_Evileye_60_Ae	cycle	0	1	timer:0	1	spawn	219411	2	60	self	0.0	0.0	0.0	1
219390	IDTiamat_S4_Evileye_60_Ae	cycle	0	1	timer:0	2	despawn_self	0	0	0		0.0	0.0	0.0	0
219478	LDF4b_T4_Twister_Aurora_An	arm	0	3		0	arm	0	7000	0		0.0	0.0	0.0	0
219478	LDF4b_T4_Twister_Aurora_An	arm	0	3		1	skill	20238	0	0	MOST_HATED	0.0	0.0	0.0	0
219478	LDF4b_T4_Twister_Aurora_An	cycle	0	1	timer:0	0	arm	0	14000	0		0.0	0.0	0.0	0
219478	LDF4b_T4_Twister_Aurora_An	cycle	0	1	timer:0	1	skill	20349	0	0	MOST_HATED	0.0	0.0	0.0	0
219546	IDAbRe_Core_Souled	arm	0	2		0	arm	0	3000	0		0.0	0.0	0.0	0
219546	IDAbRe_Core_Souled	cycle	0	1	timer:0	0	skill	19138	0	0	MOST_HATED	0.0	0.0	0.0	0
219546	IDAbRe_Core_Souled	cycle	0	1	timer:0	1	arm	0	24000	0		0.0	0.0	0.0	0
219549	IDAbRe_Core_FlyingWorm_02	arm	0	2		0	arm	0	10000	0		0.0	0.0	0.0	0
219549	IDAbRe_Core_FlyingWorm_02	cycle	0	1	timer:0	0	spawn	283215	1	60	self	0.0	0.0	0.0	1
219549	IDAbRe_Core_FlyingWorm_02	cycle	0	1	timer:0	1	spawn	283215	1	60	self	0.0	0.0	0.0	1
219549	IDAbRe_Core_FlyingWorm_02	cycle	0	1	timer:0	2	spawn	283216	1	60	self	0.0	0.0	0.0	1
219549	IDAbRe_Core_FlyingWorm_02	cycle	0	1	timer:0	3	arm	0	15000	0		0.0	0.0	0.0	0
219557	IDAbRe_Core_Cannon_02	arm	0	2		0	arm	0	10000	0		0.0	0.0	0.0	0
219557	IDAbRe_Core_Cannon_02	cycle	0	1	timer:0	0	skill	19139	0	0	ME	0.0	0.0	0.0	0
219557	IDAbRe_Core_Cannon_02	cycle	0	1	timer:0	1	arm	0	10000	0		0.0	0.0	0.0	0
219558	IDAbRe_Core_Souled	arm	0	2		0	arm	0	3000	0		0.0	0.0	0.0	0
219558	IDAbRe_Core_Souled	cycle	0	1	timer:0	0	skill	19138	0	0	MOST_HATED	0.0	0.0	0.0	0
219558	IDAbRe_Core_Souled	cycle	0	1	timer:0	1	arm	0	24000	0		0.0	0.0	0.0	0
219559	IDAbRe_Core_Souled	arm	0	2		0	arm	0	3000	0		0.0	0.0	0.0	0
219559	IDAbRe_Core_Souled	cycle	0	1	timer:0	0	skill	19138	0	0	MOST_HATED	0.0	0.0	0.0	0
219559	IDAbRe_Core_Souled	cycle	0	1	timer:0	1	arm	0	24000	0		0.0	0.0	0.0	0
219560	IDAbRe_Core_FlyingWorm_02	arm	0	2		0	arm	0	10000	0		0.0	0.0	0.0	0
219560	IDAbRe_Core_FlyingWorm_02	cycle	0	1	timer:0	0	spawn	283215	1	60	self	0.0	0.0	0.0	1
219560	IDAbRe_Core_FlyingWorm_02	cycle	0	1	timer:0	1	spawn	283215	1	60	self	0.0	0.0	0.0	1
219560	IDAbRe_Core_FlyingWorm_02	cycle	0	1	timer:0	2	spawn	283216	1	60	self	0.0	0.0	0.0	1
219560	IDAbRe_Core_FlyingWorm_02	cycle	0	1	timer:0	3	arm	0	15000	0		0.0	0.0	0.0	0
219572	IDAbRe_Core_Summon9	arm	0	20		0	arm	0	10000	0		0.0	0.0	0.0	0
219572	IDAbRe_Core_Summon9	cycle	0	10	timer:0	0	arm	0	15000	0		0.0	0.0	0.0	0
219572	IDAbRe_Core_Summon9	cycle	0	10	timer:0	1	skill	19088	0	0	MOST_HATED	0.0	0.0	0.0	0
219573	IDAbRe_Core_Summon10	arm	0	20		0	arm	0	10000	0		0.0	0.0	0.0	0
219573	IDAbRe_Core_Summon10	cycle	0	10	timer:0	0	arm	0	15000	0		0.0	0.0	0.0	0
219573	IDAbRe_Core_Summon10	cycle	0	10	timer:0	1	skill	19086	0	0	MOST_HATED	0.0	0.0	0.0	0
219577	IDAbRe_Core_Decoration3	arm	0	2		0	arm	0	5000	0		0.0	0.0	0.0	0
219577	IDAbRe_Core_Decoration3	cycle	0	1	timer:0	0	skill	19090	0	0	ME	0.0	0.0	0.0	0
219577	IDAbRe_Core_Decoration3	cycle	0	1	timer:0	1	broadcast	11110	50	0		0.0	0.0	0.0	0
219577	IDAbRe_Core_Decoration3	cycle	0	1	timer:0	2	spawn	281920	1	0	absolute	644.71	148.5	447.43	1
219577	IDAbRe_Core_Decoration3	cycle	0	1	timer:0	3	arm	0	20000	0		0.0	0.0	0.0	0
219584	IDAbRe_Core_Summon9	arm	0	20		0	arm	0	10000	0		0.0	0.0	0.0	0
219584	IDAbRe_Core_Summon9	cycle	0	10	timer:0	0	arm	0	15000	0		0.0	0.0	0.0	0
219584	IDAbRe_Core_Summon9	cycle	0	10	timer:0	1	skill	19088	0	0	MOST_HATED	0.0	0.0	0.0	0
219611	IDUnderpassRe_Lizard_As_Hide	arm	0	4		0	arm	0	2000	0		0.0	0.0	0.0	0
219611	IDUnderpassRe_Lizard_As_Hide	cycle	0	3	timer:0	0	arm	1	3000	0		0.0	0.0	0.0	0
219611	IDUnderpassRe_Lizard_As_Hide	cycle	0	3	timer:0	1	skill	17494	0	0	MOST_HATED	0.0	0.0	0.0	0
219611	IDUnderpassRe_Lizard_As_Hide	cycle	1	2	timer:1	0	arm	2	3000	0		0.0	0.0	0.0	0
219611	IDUnderpassRe_Lizard_As_Hide	cycle	1	2	timer:1	1	skill	17420	0	0	MOST_HATED	0.0	0.0	0.0	0
219611	IDUnderpassRe_Lizard_As_Hide	cycle	2	1	timer:2	0	arm	1	5000	0		0.0	0.0	0.0	0
219611	IDUnderpassRe_Lizard_As_Hide	cycle	2	1	timer:2	1	skill	17445	0	0	MOST_HATED	0.0	0.0	0.0	0
219620	GM_Event_TiamatDown_TiamatAgent	arm	0	3		0	sysmsg	1401459	0	0		0.0	0.0	0.0	0
219620	GM_Event_TiamatDown_TiamatAgent	arm	0	3		1	skill	20651	0	0	ME	0.0	0.0	0.0	0
219620	GM_Event_TiamatDown_TiamatAgent	arm	0	3		2	arm	0	25000	0		0.0	0.0	0.0	0
219620	GM_Event_TiamatDown_TiamatAgent	arm	0	3		3	arm	1	11000	0		0.0	0.0	0.0	0
219620	GM_Event_TiamatDown_TiamatAgent	cycle	0	2	timer:0	0	arm	0	25000	0		0.0	0.0	0.0	0
219620	GM_Event_TiamatDown_TiamatAgent	cycle	0	2	timer:0	1	skill	20649	0	0	ME	0.0	0.0	0.0	0
219620	GM_Event_TiamatDown_TiamatAgent	cycle	1	1	timer:1	0	arm	1	15000	0		0.0	0.0	0.0	0
219620	GM_Event_TiamatDown_TiamatAgent	cycle	1	1	timer:1	1	skill	20650	0	0	ME	0.0	0.0	0.0	0
219627	TiamatDown_TiamatAgent	arm	0	3		0	sysmsg	1401459	0	0		0.0	0.0	0.0	0
219627	TiamatDown_TiamatAgent	arm	0	3		1	skill	20651	0	0	ME	0.0	0.0	0.0	0
219627	TiamatDown_TiamatAgent	arm	0	3		2	arm	0	25000	0		0.0	0.0	0.0	0
219627	TiamatDown_TiamatAgent	arm	0	3		3	arm	1	11000	0		0.0	0.0	0.0	0
219627	TiamatDown_TiamatAgent	cycle	0	2	timer:0	0	arm	0	25000	0		0.0	0.0	0.0	0
219627	TiamatDown_TiamatAgent	cycle	0	2	timer:0	1	skill	20649	0	0	ME	0.0	0.0	0.0	0
219627	TiamatDown_TiamatAgent	cycle	1	1	timer:1	0	arm	1	15000	0		0.0	0.0	0.0	0
219627	TiamatDown_TiamatAgent	cycle	1	1	timer:1	1	skill	20650	0	0	ME	0.0	0.0	0.0	0
219641	IDDF2Flying_event01_D_Towermonster07	arm	0	20		0	broadcast	29200	50	0		0.0	0.0	0.0	0
219641	IDDF2Flying_event01_D_Towermonster07	arm	0	20		1	arm	1	15000	0		0.0	0.0	0.0	0
219641	IDDF2Flying_event01_D_Towermonster07	cycle	0	14	timer:1	0	say	344095	0	0		0.0	0.0	0.0	0
219641	IDDF2Flying_event01_D_Towermonster07	cycle	0	14	timer:1	1	skill	17554	0	0	ME	0.0	0.0	0.0	0
219641	IDDF2Flying_event01_D_Towermonster07	cycle	0	14	timer:1	2	arm	1	15000	0		0.0	0.0	0.0	0
219642	IDDF2Flying_event01_D_RatmanWarriorM_55_Ae	arm	0	20		0	broadcast	29201	50	0		0.0	0.0	0.0	0
219642	IDDF2Flying_event01_D_RatmanWarriorM_55_Ae	arm	0	20		1	arm	1	15000	0		0.0	0.0	0.0	0
219642	IDDF2Flying_event01_D_RatmanWarriorM_55_Ae	cycle	0	14	timer:1	0	say	344099	0	0		0.0	0.0	0.0	0
219642	IDDF2Flying_event01_D_RatmanWarriorM_55_Ae	cycle	0	14	timer:1	1	skill	17554	0	0	ME	0.0	0.0	0.0	0
219642	IDDF2Flying_event01_D_RatmanWarriorM_55_Ae	cycle	0	14	timer:1	2	arm	1	15000	0		0.0	0.0	0.0	0
219827	LF5_NewSpecies_Sum_KJS	arm	0	90		0	arm	0	7000	0		0.0	0.0	0.0	0
219827	LF5_NewSpecies_Sum_KJS	cycle	0	20	timer:0	0	arm	0	7000	0		0.0	0.0	0.0	0
219827	LF5_NewSpecies_Sum_KJS	cycle	0	20	timer:0	1	skill	21300	0	0	MOST_HATED	0.0	0.0	0.0	0
219828	LF5_NewSpecies_Sum_KJS	arm	0	90		0	arm	0	7000	0		0.0	0.0	0.0	0
219828	LF5_NewSpecies_Sum_KJS	cycle	0	20	timer:0	0	arm	0	7000	0		0.0	0.0	0.0	0
219828	LF5_NewSpecies_Sum_KJS	cycle	0	20	timer:0	1	skill	21300	0	0	MOST_HATED	0.0	0.0	0.0	0
219980	IDF5_Mini_01_C_Killer_Fi	arm	0	7		0	arm	0	7000	0		0.0	0.0	0.0	0
219980	IDF5_Mini_01_C_Killer_Fi	arm	0	7		1	skill	20648	0	0	MOST_HATED	0.0	0.0	0.0	0
219980	IDF5_Mini_01_C_Killer_Fi	cycle	0	100	timer:0	0	arm	1	22000	0		0.0	0.0	0.0	0
219980	IDF5_Mini_01_C_Killer_Fi	cycle	0	100	timer:0	1	skill	21294	0	0	MOST_HATED	0.0	0.0	0.0	0
219980	IDF5_Mini_01_C_Killer_Fi	cycle	0	100	timer:0	2	skill	21297	0	0	MOST_HATED	0.0	0.0	0.0	0
219980	IDF5_Mini_01_C_Killer_Fi	cycle	1	99	timer:1	0	arm	2	10000	0		0.0	0.0	0.0	0
219980	IDF5_Mini_01_C_Killer_Fi	cycle	1	99	timer:1	1	skill	20648	0	0	MOST_HATED	0.0	0.0	0.0	0
219980	IDF5_Mini_01_C_Killer_Fi	cycle	2	98	timer:2	0	arm	3	13000	0		0.0	0.0	0.0	0
219980	IDF5_Mini_01_C_Killer_Fi	cycle	2	98	timer:2	1	skill	20704	0	0	MOST_HATED	0.0	0.0	0.0	0
219980	IDF5_Mini_01_C_Killer_Fi	cycle	3	97	timer:3	0	arm	4	10000	0		0.0	0.0	0.0	0
219980	IDF5_Mini_01_C_Killer_Fi	cycle	3	97	timer:3	1	skill	20648	0	0	MOST_HATED	0.0	0.0	0.0	0
219980	IDF5_Mini_01_C_Killer_Fi	cycle	4	96	timer:4	0	arm	0	7000	0		0.0	0.0	0.0	0
219980	IDF5_Mini_01_C_Killer_Fi	cycle	4	96	timer:4	1	skill	20704	0	0	MOST_HATED	0.0	0.0	0.0	0
220020	TiamatDown_TiamatAgent	arm	0	3		0	sysmsg	1401459	0	0		0.0	0.0	0.0	0
220020	TiamatDown_TiamatAgent	arm	0	3		1	skill	20651	0	0	ME	0.0	0.0	0.0	0
220020	TiamatDown_TiamatAgent	arm	0	3		2	arm	0	25000	0		0.0	0.0	0.0	0
220020	TiamatDown_TiamatAgent	arm	0	3		3	arm	1	11000	0		0.0	0.0	0.0	0
220020	TiamatDown_TiamatAgent	cycle	0	2	timer:0	0	arm	0	25000	0		0.0	0.0	0.0	0
220020	TiamatDown_TiamatAgent	cycle	0	2	timer:0	1	skill	20649	0	0	ME	0.0	0.0	0.0	0
220020	TiamatDown_TiamatAgent	cycle	1	1	timer:1	0	arm	1	15000	0		0.0	0.0	0.0	0
220020	TiamatDown_TiamatAgent	cycle	1	1	timer:1	1	skill	20650	0	0	ME	0.0	0.0	0.0	0
220105	IDF5_U1_Vri_Def_Ba_65_Ae	arm	0	7		0	arm	0	10000	0		0.0	0.0	0.0	0
220105	IDF5_U1_Vri_Def_Ba_65_Ae	arm	0	7		1	skill	20960	0	0	MOST_HATED	0.0	0.0	0.0	0
220105	IDF5_U1_Vri_Def_Ba_65_Ae	cycle	0	24	timer:4	0	arm	0	10000	0		0.0	0.0	0.0	0
220105	IDF5_U1_Vri_Def_Ba_65_Ae	cycle	0	24	timer:4	1	skill	20960	0	0	MOST_HATED	0.0	0.0	0.0	0
220105	IDF5_U1_Vri_Def_Ba_65_Ae	cycle	1	23	timer:3	0	arm	4	15000	0		0.0	0.0	0.0	0
220105	IDF5_U1_Vri_Def_Ba_65_Ae	cycle	1	23	timer:3	1	skill	20714	0	0	ME	0.0	0.0	0.0	0
220105	IDF5_U1_Vri_Def_Ba_65_Ae	cycle	2	22	timer:2	0	arm	3	15000	0		0.0	0.0	0.0	0
220105	IDF5_U1_Vri_Def_Ba_65_Ae	cycle	2	22	timer:2	1	skill	20959	0	0	MOST_HATED	0.0	0.0	0.0	0
220105	IDF5_U1_Vri_Def_Ba_65_Ae	cycle	3	21	timer:1	0	arm	2	10000	0		0.0	0.0	0.0	0
220105	IDF5_U1_Vri_Def_Ba_65_Ae	cycle	3	21	timer:1	1	skill	20960	0	0	MOST_HATED	0.0	0.0	0.0	0
220105	IDF5_U1_Vri_Def_Ba_65_Ae	cycle	4	20	timer:0	0	arm	1	5000	0		0.0	0.0	0.0	0
220105	IDF5_U1_Vri_Def_Ba_65_Ae	cycle	4	20	timer:0	1	skill	20715	0	0	ME	0.0	0.0	0.0	0
220107	IDF5_U1_Vri_Def_Ba_65_Ae	arm	0	7		0	arm	0	10000	0		0.0	0.0	0.0	0
220107	IDF5_U1_Vri_Def_Ba_65_Ae	arm	0	7		1	skill	20960	0	0	MOST_HATED	0.0	0.0	0.0	0
220107	IDF5_U1_Vri_Def_Ba_65_Ae	cycle	0	24	timer:4	0	arm	0	10000	0		0.0	0.0	0.0	0
220107	IDF5_U1_Vri_Def_Ba_65_Ae	cycle	0	24	timer:4	1	skill	20960	0	0	MOST_HATED	0.0	0.0	0.0	0
220107	IDF5_U1_Vri_Def_Ba_65_Ae	cycle	1	23	timer:3	0	arm	4	15000	0		0.0	0.0	0.0	0
220107	IDF5_U1_Vri_Def_Ba_65_Ae	cycle	1	23	timer:3	1	skill	20714	0	0	ME	0.0	0.0	0.0	0
220107	IDF5_U1_Vri_Def_Ba_65_Ae	cycle	2	22	timer:2	0	arm	3	15000	0		0.0	0.0	0.0	0
220107	IDF5_U1_Vri_Def_Ba_65_Ae	cycle	2	22	timer:2	1	skill	20959	0	0	MOST_HATED	0.0	0.0	0.0	0
220107	IDF5_U1_Vri_Def_Ba_65_Ae	cycle	3	21	timer:1	0	arm	2	10000	0		0.0	0.0	0.0	0
220107	IDF5_U1_Vri_Def_Ba_65_Ae	cycle	3	21	timer:1	1	skill	20960	0	0	MOST_HATED	0.0	0.0	0.0	0
220107	IDF5_U1_Vri_Def_Ba_65_Ae	cycle	4	20	timer:0	0	arm	1	5000	0		0.0	0.0	0.0	0
220107	IDF5_U1_Vri_Def_Ba_65_Ae	cycle	4	20	timer:0	1	skill	20715	0	0	ME	0.0	0.0	0.0	0
220188	Britra_Fi_HpDrain	arm	0	7		0	arm	0	7000	0		0.0	0.0	0.0	0
220188	Britra_Fi_HpDrain	arm	0	7		1	skill	16517	0	0	ME	0.0	0.0	0.0	0
220188	Britra_Fi_HpDrain	cycle	0	100	timer:0	0	arm	1	10000	0		0.0	0.0	0.0	0
220188	Britra_Fi_HpDrain	cycle	0	100	timer:0	1	skill	20703	0	0	MOST_HATED	0.0	0.0	0.0	0
220188	Britra_Fi_HpDrain	cycle	1	99	timer:1	0	arm	2	7000	0		0.0	0.0	0.0	0
220188	Britra_Fi_HpDrain	cycle	1	99	timer:1	1	skill	17294	0	0	MOST_HATED	0.0	0.0	0.0	0
220188	Britra_Fi_HpDrain	cycle	2	98	timer:2	0	arm	3	10000	0		0.0	0.0	0.0	0
220188	Britra_Fi_HpDrain	cycle	2	98	timer:2	1	skill	17294	0	0	MOST_HATED	0.0	0.0	0.0	0
220188	Britra_Fi_HpDrain	cycle	3	97	timer:3	0	arm	4	7000	0		0.0	0.0	0.0	0
220188	Britra_Fi_HpDrain	cycle	3	97	timer:3	1	skill	17294	0	0	MOST_HATED	0.0	0.0	0.0	0
220188	Britra_Fi_HpDrain	cycle	4	96	timer:4	0	arm	5	15000	0		0.0	0.0	0.0	0
220188	Britra_Fi_HpDrain	cycle	4	96	timer:4	1	skill	20703	0	0	MOST_HATED	0.0	0.0	0.0	0
220188	Britra_Fi_HpDrain	cycle	5	95	timer:5	0	arm	6	7000	0		0.0	0.0	0.0	0
220188	Britra_Fi_HpDrain	cycle	5	95	timer:5	1	skill	17294	0	0	MOST_HATED	0.0	0.0	0.0	0
220188	Britra_Fi_HpDrain	cycle	6	94	timer:6	0	arm	2	15000	0		0.0	0.0	0.0	0
220188	Britra_Fi_HpDrain	cycle	6	94	timer:6	1	skill	20703	0	0	MOST_HATED	0.0	0.0	0.0	0
220189	Britra_Fi_HpDrain	arm	0	7		0	arm	0	7000	0		0.0	0.0	0.0	0
220189	Britra_Fi_HpDrain	arm	0	7		1	skill	16517	0	0	ME	0.0	0.0	0.0	0
220189	Britra_Fi_HpDrain	cycle	0	100	timer:0	0	arm	1	10000	0		0.0	0.0	0.0	0
220189	Britra_Fi_HpDrain	cycle	0	100	timer:0	1	skill	20703	0	0	MOST_HATED	0.0	0.0	0.0	0
220189	Britra_Fi_HpDrain	cycle	1	99	timer:1	0	arm	2	7000	0		0.0	0.0	0.0	0
220189	Britra_Fi_HpDrain	cycle	1	99	timer:1	1	skill	17294	0	0	MOST_HATED	0.0	0.0	0.0	0
220189	Britra_Fi_HpDrain	cycle	2	98	timer:2	0	arm	3	10000	0		0.0	0.0	0.0	0
220189	Britra_Fi_HpDrain	cycle	2	98	timer:2	1	skill	17294	0	0	MOST_HATED	0.0	0.0	0.0	0
220189	Britra_Fi_HpDrain	cycle	3	97	timer:3	0	arm	4	7000	0		0.0	0.0	0.0	0
220189	Britra_Fi_HpDrain	cycle	3	97	timer:3	1	skill	17294	0	0	MOST_HATED	0.0	0.0	0.0	0
220189	Britra_Fi_HpDrain	cycle	4	96	timer:4	0	arm	5	15000	0		0.0	0.0	0.0	0
220189	Britra_Fi_HpDrain	cycle	4	96	timer:4	1	skill	20703	0	0	MOST_HATED	0.0	0.0	0.0	0
220189	Britra_Fi_HpDrain	cycle	5	95	timer:5	0	arm	6	7000	0		0.0	0.0	0.0	0
220189	Britra_Fi_HpDrain	cycle	5	95	timer:5	1	skill	17294	0	0	MOST_HATED	0.0	0.0	0.0	0
220189	Britra_Fi_HpDrain	cycle	6	94	timer:6	0	arm	2	15000	0		0.0	0.0	0.0	0
220189	Britra_Fi_HpDrain	cycle	6	94	timer:6	1	skill	20703	0	0	MOST_HATED	0.0	0.0	0.0	0
220190	Britra_Fi_HpDrain	arm	0	7		0	arm	0	7000	0		0.0	0.0	0.0	0
220190	Britra_Fi_HpDrain	arm	0	7		1	skill	16517	0	0	ME	0.0	0.0	0.0	0
220190	Britra_Fi_HpDrain	cycle	0	100	timer:0	0	arm	1	10000	0		0.0	0.0	0.0	0
220190	Britra_Fi_HpDrain	cycle	0	100	timer:0	1	skill	20703	0	0	MOST_HATED	0.0	0.0	0.0	0
220190	Britra_Fi_HpDrain	cycle	1	99	timer:1	0	arm	2	7000	0		0.0	0.0	0.0	0
220190	Britra_Fi_HpDrain	cycle	1	99	timer:1	1	skill	17294	0	0	MOST_HATED	0.0	0.0	0.0	0
220190	Britra_Fi_HpDrain	cycle	2	98	timer:2	0	arm	3	10000	0		0.0	0.0	0.0	0
220190	Britra_Fi_HpDrain	cycle	2	98	timer:2	1	skill	17294	0	0	MOST_HATED	0.0	0.0	0.0	0
220190	Britra_Fi_HpDrain	cycle	3	97	timer:3	0	arm	4	7000	0		0.0	0.0	0.0	0
220190	Britra_Fi_HpDrain	cycle	3	97	timer:3	1	skill	17294	0	0	MOST_HATED	0.0	0.0	0.0	0
220190	Britra_Fi_HpDrain	cycle	4	96	timer:4	0	arm	5	15000	0		0.0	0.0	0.0	0
220190	Britra_Fi_HpDrain	cycle	4	96	timer:4	1	skill	20703	0	0	MOST_HATED	0.0	0.0	0.0	0
220190	Britra_Fi_HpDrain	cycle	5	95	timer:5	0	arm	6	7000	0		0.0	0.0	0.0	0
220190	Britra_Fi_HpDrain	cycle	5	95	timer:5	1	skill	17294	0	0	MOST_HATED	0.0	0.0	0.0	0
220190	Britra_Fi_HpDrain	cycle	6	94	timer:6	0	arm	2	15000	0		0.0	0.0	0.0	0
220190	Britra_Fi_HpDrain	cycle	6	94	timer:6	1	skill	20703	0	0	MOST_HATED	0.0	0.0	0.0	0
230002	ShulackRose_Fi_Tanker	arm	0	7		0	arm	0	7000	0		0.0	0.0	0.0	0
230002	ShulackRose_Fi_Tanker	cycle	0	100	timer:0	0	arm	1	15000	0		0.0	0.0	0.0	0
230002	ShulackRose_Fi_Tanker	cycle	0	100	timer:0	1	skill	16518	0	0	ME	0.0	0.0	0.0	0
230002	ShulackRose_Fi_Tanker	cycle	1	99	timer:1	0	arm	0	7000	0		0.0	0.0	0.0	0
230002	ShulackRose_Fi_Tanker	cycle	1	99	timer:1	1	skill	21300	0	0	MOST_HATED	0.0	0.0	0.0	0
230006	ShulackRose_Rid_StunTank	arm	0	7		0	arm	0	5000	0		0.0	0.0	0.0	0
230006	ShulackRose_Rid_StunTank	cycle	0	100	timer:0	0	arm	1	15000	0		0.0	0.0	0.0	0
230006	ShulackRose_Rid_StunTank	cycle	0	100	timer:0	1	skill	20648	0	0	MOST_HATED	0.0	0.0	0.0	0
230006	ShulackRose_Rid_StunTank	cycle	0	100	timer:0	2	skill	16529	0	0	MOST_HATED	0.0	0.0	0.0	0
230006	ShulackRose_Rid_StunTank	cycle	1	99	timer:1	0	arm	2	7000	0		0.0	0.0	0.0	0
230006	ShulackRose_Rid_StunTank	cycle	1	99	timer:1	1	skill	21300	0	0	MOST_HATED	0.0	0.0	0.0	0
230006	ShulackRose_Rid_StunTank	cycle	2	98	timer:2	0	arm	0	13000	0		0.0	0.0	0.0	0
230006	ShulackRose_Rid_StunTank	cycle	2	98	timer:2	1	skill	21300	0	0	MOST_HATED	0.0	0.0	0.0	0
230009	ShulackRose_Fi_Tanker	arm	0	7		0	arm	0	7000	0		0.0	0.0	0.0	0
230009	ShulackRose_Fi_Tanker	cycle	0	100	timer:0	0	arm	1	15000	0		0.0	0.0	0.0	0
230009	ShulackRose_Fi_Tanker	cycle	0	100	timer:0	1	skill	16518	0	0	ME	0.0	0.0	0.0	0
230009	ShulackRose_Fi_Tanker	cycle	1	99	timer:1	0	arm	0	7000	0		0.0	0.0	0.0	0
230009	ShulackRose_Fi_Tanker	cycle	1	99	timer:1	1	skill	21300	0	0	MOST_HATED	0.0	0.0	0.0	0
230012	ShulackRose_Rid_StunTank	arm	0	7		0	arm	0	5000	0		0.0	0.0	0.0	0
230012	ShulackRose_Rid_StunTank	cycle	0	100	timer:0	0	arm	1	15000	0		0.0	0.0	0.0	0
230012	ShulackRose_Rid_StunTank	cycle	0	100	timer:0	1	skill	18135	0	0	MOST_HATED	0.0	0.0	0.0	0
230012	ShulackRose_Rid_StunTank	cycle	0	100	timer:0	2	skill	16529	0	0	MOST_HATED	0.0	0.0	0.0	0
230012	ShulackRose_Rid_StunTank	cycle	1	99	timer:1	0	arm	2	7000	0		0.0	0.0	0.0	0
230012	ShulackRose_Rid_StunTank	cycle	1	99	timer:1	1	skill	16418	0	0	MOST_HATED	0.0	0.0	0.0	0
230012	ShulackRose_Rid_StunTank	cycle	2	98	timer:2	0	arm	0	13000	0		0.0	0.0	0.0	0
230012	ShulackRose_Rid_StunTank	cycle	2	98	timer:2	1	skill	16418	0	0	MOST_HATED	0.0	0.0	0.0	0
230015	ShulackRose_Fi_Tanker	arm	0	7		0	arm	0	7000	0		0.0	0.0	0.0	0
230015	ShulackRose_Fi_Tanker	cycle	0	100	timer:0	0	arm	1	15000	0		0.0	0.0	0.0	0
230015	ShulackRose_Fi_Tanker	cycle	0	100	timer:0	1	skill	16518	0	0	ME	0.0	0.0	0.0	0
230015	ShulackRose_Fi_Tanker	cycle	1	99	timer:1	0	arm	0	7000	0		0.0	0.0	0.0	0
230015	ShulackRose_Fi_Tanker	cycle	1	99	timer:1	1	skill	21300	0	0	MOST_HATED	0.0	0.0	0.0	0
230018	ShulackRose_Rid_StunTank	arm	0	7		0	arm	0	5000	0		0.0	0.0	0.0	0
230018	ShulackRose_Rid_StunTank	cycle	0	100	timer:0	0	arm	1	15000	0		0.0	0.0	0.0	0
230018	ShulackRose_Rid_StunTank	cycle	0	100	timer:0	1	skill	18135	0	0	MOST_HATED	0.0	0.0	0.0	0
230018	ShulackRose_Rid_StunTank	cycle	0	100	timer:0	2	skill	16529	0	0	MOST_HATED	0.0	0.0	0.0	0
230018	ShulackRose_Rid_StunTank	cycle	1	99	timer:1	0	arm	2	7000	0		0.0	0.0	0.0	0
230018	ShulackRose_Rid_StunTank	cycle	1	99	timer:1	1	skill	16418	0	0	MOST_HATED	0.0	0.0	0.0	0
230018	ShulackRose_Rid_StunTank	cycle	2	98	timer:2	0	arm	0	13000	0		0.0	0.0	0.0	0
230018	ShulackRose_Rid_StunTank	cycle	2	98	timer:2	1	skill	16418	0	0	MOST_HATED	0.0	0.0	0.0	0
230021	ShulackRose_Fi_Move_party	arm	0	7		0	arm	0	5000	0		0.0	0.0	0.0	0
230021	ShulackRose_Fi_Move_party	cycle	0	100	timer:0	0	arm	1	15000	0		0.0	0.0	0.0	0
230021	ShulackRose_Fi_Move_party	cycle	0	100	timer:0	1	skill	16525	0	0	ME	0.0	0.0	0.0	0
230021	ShulackRose_Fi_Move_party	cycle	1	99	timer:1	0	arm	0	9000	0		0.0	0.0	0.0	0
230021	ShulackRose_Fi_Move_party	cycle	1	99	timer:1	1	skill	21300	0	0	MOST_HATED	0.0	0.0	0.0	0
230023	ShulackRose_As_DotDD	arm	0	7		0	arm	0	3000	0		0.0	0.0	0.0	0
230023	ShulackRose_As_DotDD	cycle	0	100	timer:0	0	arm	1	12000	0		0.0	0.0	0.0	0
230023	ShulackRose_As_DotDD	cycle	0	100	timer:0	1	skill	17006	0	0	MOST_HATED	0.0	0.0	0.0	0
230023	ShulackRose_As_DotDD	cycle	1	99	timer:1	0	arm	2	13000	0		0.0	0.0	0.0	0
230023	ShulackRose_As_DotDD	cycle	1	99	timer:1	1	skill	16678	0	0	MOST_HATED	0.0	0.0	0.0	0
230023	ShulackRose_As_DotDD	cycle	2	99	timer:2	0	arm	0	10000	0		0.0	0.0	0.0	0
230023	ShulackRose_As_DotDD	cycle	2	99	timer:2	1	skill	16540	0	0	MOST_HATED	0.0	0.0	0.0	0
230025	ShulackRose_Wi_DotD_Party	arm	0	7		0	arm	0	3000	0		0.0	0.0	0.0	0
230025	ShulackRose_Wi_DotD_Party	cycle	0	100	timer:0	0	arm	1	15000	0		0.0	0.0	0.0	0
230025	ShulackRose_Wi_DotD_Party	cycle	0	100	timer:0	1	skill	18365	0	0	MOST_HATED	0.0	0.0	0.0	0
230025	ShulackRose_Wi_DotD_Party	cycle	1	99	timer:1	0	arm	0	10000	0		0.0	0.0	0.0	0
230025	ShulackRose_Wi_DotD_Party	cycle	1	99	timer:1	1	skill	16987	0	0	MOST_HATED	0.0	0.0	0.0	0
230027	ShulackRose_Gun_DDTower	arm	0	7		0	arm	0	6000	0		0.0	0.0	0.0	0
230027	ShulackRose_Gun_DDTower	arm	0	7		1	skill	16545	0	0	MOST_HATED	0.0	0.0	0.0	0
230027	ShulackRose_Gun_DDTower	cycle	0	100	timer:0	0	arm	1	12000	0		0.0	0.0	0.0	0
230027	ShulackRose_Gun_DDTower	cycle	0	100	timer:0	1	skill	17946	0	0	MOST_HATED	0.0	0.0	0.0	0
230027	ShulackRose_Gun_DDTower	cycle	1	99	timer:1	0	arm	0	8000	0		0.0	0.0	0.0	0
230027	ShulackRose_Gun_DDTower	cycle	1	99	timer:1	1	skill	16653	0	0	MOST_HATED	0.0	0.0	0.0	0
230031	ShulackRose_Wi_DotD_Party	arm	0	7		0	arm	0	3000	0		0.0	0.0	0.0	0
230031	ShulackRose_Wi_DotD_Party	cycle	0	100	timer:0	0	arm	1	15000	0		0.0	0.0	0.0	0
230031	ShulackRose_Wi_DotD_Party	cycle	0	100	timer:0	1	skill	18365	0	0	MOST_HATED	0.0	0.0	0.0	0
230031	ShulackRose_Wi_DotD_Party	cycle	1	99	timer:1	0	arm	0	10000	0		0.0	0.0	0.0	0
230031	ShulackRose_Wi_DotD_Party	cycle	1	99	timer:1	1	skill	16987	0	0	MOST_HATED	0.0	0.0	0.0	0
230033	ShulackRose_Gun_DDTower	arm	0	7		0	arm	0	6000	0		0.0	0.0	0.0	0
230033	ShulackRose_Gun_DDTower	arm	0	7		1	skill	16545	0	0	MOST_HATED	0.0	0.0	0.0	0
230033	ShulackRose_Gun_DDTower	cycle	0	100	timer:0	0	arm	1	12000	0		0.0	0.0	0.0	0
230033	ShulackRose_Gun_DDTower	cycle	0	100	timer:0	1	skill	17946	0	0	MOST_HATED	0.0	0.0	0.0	0
230033	ShulackRose_Gun_DDTower	cycle	1	99	timer:1	0	arm	0	8000	0		0.0	0.0	0.0	0
230033	ShulackRose_Gun_DDTower	cycle	1	99	timer:1	1	skill	16653	0	0	MOST_HATED	0.0	0.0	0.0	0
230037	ShulackRose_Wi_DotD_Party	arm	0	7		0	arm	0	3000	0		0.0	0.0	0.0	0
230037	ShulackRose_Wi_DotD_Party	cycle	0	100	timer:0	0	arm	1	15000	0		0.0	0.0	0.0	0
230037	ShulackRose_Wi_DotD_Party	cycle	0	100	timer:0	1	skill	18365	0	0	MOST_HATED	0.0	0.0	0.0	0
230037	ShulackRose_Wi_DotD_Party	cycle	1	99	timer:1	0	arm	0	10000	0		0.0	0.0	0.0	0
230037	ShulackRose_Wi_DotD_Party	cycle	1	99	timer:1	1	skill	16987	0	0	MOST_HATED	0.0	0.0	0.0	0
230039	ShulackRose_Gun_DDTower	arm	0	7		0	arm	0	6000	0		0.0	0.0	0.0	0
230039	ShulackRose_Gun_DDTower	arm	0	7		1	skill	16545	0	0	MOST_HATED	0.0	0.0	0.0	0
230039	ShulackRose_Gun_DDTower	cycle	0	100	timer:0	0	arm	1	12000	0		0.0	0.0	0.0	0
230039	ShulackRose_Gun_DDTower	cycle	0	100	timer:0	1	skill	17946	0	0	MOST_HATED	0.0	0.0	0.0	0
230039	ShulackRose_Gun_DDTower	cycle	1	99	timer:1	0	arm	0	8000	0		0.0	0.0	0.0	0
230039	ShulackRose_Gun_DDTower	cycle	1	99	timer:1	1	skill	16653	0	0	MOST_HATED	0.0	0.0	0.0	0
230048	ShulackRose_Wi_DotD	arm	0	7		0	arm	0	5000	0		0.0	0.0	0.0	0
230048	ShulackRose_Wi_DotD	cycle	0	100	timer:0	0	arm	1	15000	0		0.0	0.0	0.0	0
230048	ShulackRose_Wi_DotD	cycle	0	100	timer:0	1	skill	16780	0	0	MOST_HATED	0.0	0.0	0.0	0
230048	ShulackRose_Wi_DotD	cycle	0	100	timer:0	2	skill	20646	0	0	MOST_HATED	0.0	0.0	0.0	0
230048	ShulackRose_Wi_DotD	cycle	1	100	timer:1	0	arm	2	10000	0		0.0	0.0	0.0	0
230048	ShulackRose_Wi_DotD	cycle	1	100	timer:1	1	skill	16987	0	0	MOST_HATED	0.0	0.0	0.0	0
230048	ShulackRose_Wi_DotD	cycle	2	100	timer:2	0	arm	1	15000	0		0.0	0.0	0.0	0
230048	ShulackRose_Wi_DotD	cycle	2	100	timer:2	1	skill	16780	0	0	MOST_HATED	0.0	0.0	0.0	0
230088	IDLDF5Re_03_N_Vritra43_TiamatDrakan_Pr_65_An	arm	0	80		0	arm	0	5000	0		0.0	0.0	0.0	0
230088	IDLDF5Re_03_N_Vritra43_TiamatDrakan_Pr_65_An	cycle	0	33	timer:2	0	arm	0	10000	0		0.0	0.0	0.0	0
230088	IDLDF5Re_03_N_Vritra43_TiamatDrakan_Pr_65_An	cycle	0	33	timer:2	1	skill	20517	0	0	MOST_HATED	0.0	0.0	0.0	0
230088	IDLDF5Re_03_N_Vritra43_TiamatDrakan_Pr_65_An	cycle	1	32	timer:1	0	arm	2	10000	0		0.0	0.0	0.0	0
230088	IDLDF5Re_03_N_Vritra43_TiamatDrakan_Pr_65_An	cycle	1	32	timer:1	1	skill	20514	0	0	ME	0.0	0.0	0.0	0
230088	IDLDF5Re_03_N_Vritra43_TiamatDrakan_Pr_65_An	cycle	2	31	timer:0	0	arm	1	10000	0		0.0	0.0	0.0	0
230088	IDLDF5Re_03_N_Vritra43_TiamatDrakan_Pr_65_An	cycle	2	31	timer:0	1	skill	20517	0	0	MOST_HATED	0.0	0.0	0.0	0
230125	Fanatic40_El	arm	0	7		0	arm	0	10000	0		0.0	0.0	0.0	0
230125	Fanatic40_El	arm	0	7		1	skill	16702	0	0	MOST_HATED	0.0	0.0	0.0	0
230125	Fanatic40_El	cycle	0	9	timer:0	0	arm	0	15000	0		0.0	0.0	0.0	0
230125	Fanatic40_El	cycle	0	9	timer:0	1	skill	16570	0	0	MOST_HATED	0.0	0.0	0.0	0
230128	Fanatic40_Wi	arm	0	7		0	arm	0	10000	0		0.0	0.0	0.0	0
230128	Fanatic40_Wi	arm	0	7		1	skill	16918	0	0	ME	0.0	0.0	0.0	0
230128	Fanatic40_Wi	cycle	0	10	timer:0	0	arm	0	20000	0		0.0	0.0	0.0	0
230128	Fanatic40_Wi	cycle	0	10	timer:0	1	skill	16570	0	0	MOST_HATED	0.0	0.0	0.0	0
230151	Fanatic40_Ra	arm	0	7		0	arm	0	10000	0		0.0	0.0	0.0	0
230151	Fanatic40_Ra	arm	0	7		1	skill	16545	0	0	MOST_HATED	0.0	0.0	0.0	0
230151	Fanatic40_Ra	cycle	0	10	timer:0	0	arm	0	20000	0		0.0	0.0	0.0	0
230151	Fanatic40_Ra	cycle	0	10	timer:0	1	skill	16543	0	0	MOST_HATED	0.0	0.0	0.0	0
230152	Fanatic40_Wi	arm	0	7		0	arm	0	10000	0		0.0	0.0	0.0	0
230152	Fanatic40_Wi	arm	0	7		1	skill	16918	0	0	ME	0.0	0.0	0.0	0
230152	Fanatic40_Wi	cycle	0	10	timer:0	0	arm	0	20000	0		0.0	0.0	0.0	0
230152	Fanatic40_Wi	cycle	0	10	timer:0	1	skill	16570	0	0	MOST_HATED	0.0	0.0	0.0	0
230218	Fanatic40_Ra	arm	0	7		0	arm	0	10000	0		0.0	0.0	0.0	0
230218	Fanatic40_Ra	arm	0	7		1	skill	16545	0	0	MOST_HATED	0.0	0.0	0.0	0
230218	Fanatic40_Ra	cycle	0	10	timer:0	0	arm	0	20000	0		0.0	0.0	0.0	0
230218	Fanatic40_Ra	cycle	0	10	timer:0	1	skill	16543	0	0	MOST_HATED	0.0	0.0	0.0	0
230219	Fanatic40_Ra	arm	0	7		0	arm	0	10000	0		0.0	0.0	0.0	0
230219	Fanatic40_Ra	arm	0	7		1	skill	16545	0	0	MOST_HATED	0.0	0.0	0.0	0
230219	Fanatic40_Ra	cycle	0	10	timer:0	0	arm	0	20000	0		0.0	0.0	0.0	0
230219	Fanatic40_Ra	cycle	0	10	timer:0	1	skill	16543	0	0	MOST_HATED	0.0	0.0	0.0	0
230220	Fanatic40_Wi	arm	0	7		0	arm	0	10000	0		0.0	0.0	0.0	0
230220	Fanatic40_Wi	arm	0	7		1	skill	16918	0	0	ME	0.0	0.0	0.0	0
230220	Fanatic40_Wi	cycle	0	10	timer:0	0	arm	0	20000	0		0.0	0.0	0.0	0
230220	Fanatic40_Wi	cycle	0	10	timer:0	1	skill	16570	0	0	MOST_HATED	0.0	0.0	0.0	0
230221	Fanatic40_Wi	arm	0	7		0	arm	0	10000	0		0.0	0.0	0.0	0
230221	Fanatic40_Wi	arm	0	7		1	skill	16918	0	0	ME	0.0	0.0	0.0	0
230221	Fanatic40_Wi	cycle	0	10	timer:0	0	arm	0	20000	0		0.0	0.0	0.0	0
230221	Fanatic40_Wi	cycle	0	10	timer:0	1	skill	16570	0	0	MOST_HATED	0.0	0.0	0.0	0
230257	ShulackRose_Fi_Tanker	arm	0	7		0	arm	0	7000	0		0.0	0.0	0.0	0
230257	ShulackRose_Fi_Tanker	cycle	0	100	timer:0	0	arm	1	15000	0		0.0	0.0	0.0	0
230257	ShulackRose_Fi_Tanker	cycle	0	100	timer:0	1	skill	16518	0	0	ME	0.0	0.0	0.0	0
230257	ShulackRose_Fi_Tanker	cycle	1	99	timer:1	0	arm	0	7000	0		0.0	0.0	0.0	0
230257	ShulackRose_Fi_Tanker	cycle	1	99	timer:1	1	skill	21300	0	0	MOST_HATED	0.0	0.0	0.0	0
230269	AD2_BT10st0	arm	0	1		0	arm	0	10000	0		0.0	0.0	0.0	0
230269	AD2_BT10st0	cycle	0	2	timer:0	0	arm	0	10000	0		0.0	0.0	0.0	0
230269	AD2_BT10st0	cycle	0	2	timer:0	1	skill	17558	0	0	MOST_HATED	0.0	0.0	0.0	0
230297	Britra_Party_As_Broad	arm	0	7		0	arm	0	5000	0		0.0	0.0	0.0	0
230297	Britra_Party_As_Broad	cycle	0	100	timer:0	0	arm	2	13000	0		0.0	0.0	0.0	0
230297	Britra_Party_As_Broad	cycle	0	100	timer:0	1	skill	17332	0	0	MOST_HATED	0.0	0.0	0.0	0
230297	Britra_Party_As_Broad	cycle	1	98	timer:2	0	arm	3	17000	0		0.0	0.0	0.0	0
230297	Britra_Party_As_Broad	cycle	1	98	timer:2	1	skill	17333	0	0	MOST_HATED	0.0	0.0	0.0	0
230297	Britra_Party_As_Broad	cycle	2	97	timer:3	0	arm	4	19000	0		0.0	0.0	0.0	0
230297	Britra_Party_As_Broad	cycle	2	97	timer:3	1	skill	17332	0	0	MOST_HATED	0.0	0.0	0.0	0
230297	Britra_Party_As_Broad	cycle	3	96	timer:4	0	arm	5	9000	0		0.0	0.0	0.0	0
230297	Britra_Party_As_Broad	cycle	3	96	timer:4	1	skill	17332	0	0	MOST_HATED	0.0	0.0	0.0	0
230297	Britra_Party_As_Broad	cycle	4	95	timer:5	0	arm	6	19000	0		0.0	0.0	0.0	0
230297	Britra_Party_As_Broad	cycle	4	95	timer:5	1	skill	17332	0	0	MOST_HATED	0.0	0.0	0.0	0
230297	Britra_Party_As_Broad	cycle	5	94	timer:6	0	arm	7	9000	0		0.0	0.0	0.0	0
230297	Britra_Party_As_Broad	cycle	5	94	timer:6	1	skill	17333	0	0	MOST_HATED	0.0	0.0	0.0	0
230297	Britra_Party_As_Broad	cycle	6	93	timer:7	0	arm	2	9000	0		0.0	0.0	0.0	0
230297	Britra_Party_As_Broad	cycle	6	93	timer:7	1	skill	17332	0	0	MOST_HATED	0.0	0.0	0.0	0
230298	Britra_As_Poison_LowNmd	arm	0	7		0	arm	0	5000	0		0.0	0.0	0.0	0
230298	Britra_As_Poison_LowNmd	arm	0	7		1	skill	17322	0	0	MOST_HATED	0.0	0.0	0.0	0
230298	Britra_As_Poison_LowNmd	cycle	0	100	timer:0	0	arm	1	7000	0		0.0	0.0	0.0	0
230298	Britra_As_Poison_LowNmd	cycle	0	100	timer:0	1	skill	16678	0	0	MOST_HATED	0.0	0.0	0.0	0
230298	Britra_As_Poison_LowNmd	cycle	1	99	timer:1	0	arm	2	7000	0		0.0	0.0	0.0	0
230298	Britra_As_Poison_LowNmd	cycle	1	99	timer:1	1	skill	17332	0	0	MOST_HATED	0.0	0.0	0.0	0
230298	Britra_As_Poison_LowNmd	cycle	2	98	timer:2	0	arm	3	10000	0		0.0	0.0	0.0	0
230298	Britra_As_Poison_LowNmd	cycle	2	98	timer:2	1	skill	17295	0	0	MOST_HATED	0.0	0.0	0.0	0
230298	Britra_As_Poison_LowNmd	cycle	3	96	timer:3	0	arm	4	7000	0		0.0	0.0	0.0	0
230298	Britra_As_Poison_LowNmd	cycle	3	96	timer:3	1	skill	17322	0	0	MOST_HATED	0.0	0.0	0.0	0
230298	Britra_As_Poison_LowNmd	cycle	4	95	timer:4	0	arm	5	7000	0		0.0	0.0	0.0	0
230298	Britra_As_Poison_LowNmd	cycle	4	95	timer:4	1	skill	16678	0	0	MOST_HATED	0.0	0.0	0.0	0
230298	Britra_As_Poison_LowNmd	cycle	5	94	timer:5	0	arm	6	7000	0		0.0	0.0	0.0	0
230298	Britra_As_Poison_LowNmd	cycle	5	94	timer:5	1	skill	17295	0	0	MOST_HATED	0.0	0.0	0.0	0
230298	Britra_As_Poison_LowNmd	cycle	6	93	timer:6	0	arm	2	7000	0		0.0	0.0	0.0	0
230298	Britra_As_Poison_LowNmd	cycle	6	93	timer:6	1	skill	17332	0	0	MOST_HATED	0.0	0.0	0.0	0
230300	Britra_Party_Fi_FwAreaDD	arm	0	7		0	arm	0	7000	0		0.0	0.0	0.0	0
230300	Britra_Party_Fi_FwAreaDD	arm	0	7		1	skill	17294	0	0	MOST_HATED	0.0	0.0	0.0	0
230300	Britra_Party_Fi_FwAreaDD	cycle	0	100	timer:0	0	arm	1	10000	0		0.0	0.0	0.0	0
230300	Britra_Party_Fi_FwAreaDD	cycle	0	100	timer:0	1	skill	21284	0	0	MOST_HATED	0.0	0.0	0.0	0
230300	Britra_Party_Fi_FwAreaDD	cycle	1	99	timer:1	0	arm	2	10000	0		0.0	0.0	0.0	0
230300	Britra_Party_Fi_FwAreaDD	cycle	1	99	timer:1	1	skill	17294	0	0	MOST_HATED	0.0	0.0	0.0	0
230300	Britra_Party_Fi_FwAreaDD	cycle	2	98	timer:2	0	arm	0	7000	0		0.0	0.0	0.0	0
230300	Britra_Party_Fi_FwAreaDD	cycle	2	98	timer:2	1	skill	17294	0	0	MOST_HATED	0.0	0.0	0.0	0
230318	AD2_BT10st0	arm	0	1		0	arm	0	10000	0		0.0	0.0	0.0	0
230318	AD2_BT10st0	cycle	0	2	timer:0	0	arm	0	10000	0		0.0	0.0	0.0	0
230318	AD2_BT10st0	cycle	0	2	timer:0	1	skill	17558	0	0	MOST_HATED	0.0	0.0	0.0	0
230337	ShulackRose_Fi_Tanker	arm	0	7		0	arm	0	7000	0		0.0	0.0	0.0	0
230337	ShulackRose_Fi_Tanker	cycle	0	100	timer:0	0	arm	1	15000	0		0.0	0.0	0.0	0
230337	ShulackRose_Fi_Tanker	cycle	0	100	timer:0	1	skill	16518	0	0	ME	0.0	0.0	0.0	0
230337	ShulackRose_Fi_Tanker	cycle	1	99	timer:1	0	arm	0	7000	0		0.0	0.0	0.0	0
230337	ShulackRose_Fi_Tanker	cycle	1	99	timer:1	1	skill	21300	0	0	MOST_HATED	0.0	0.0	0.0	0
230353	ShulackRose_Fi_Tanker	arm	0	7		0	arm	0	7000	0		0.0	0.0	0.0	0
230353	ShulackRose_Fi_Tanker	cycle	0	100	timer:0	0	arm	1	15000	0		0.0	0.0	0.0	0
230353	ShulackRose_Fi_Tanker	cycle	0	100	timer:0	1	skill	16518	0	0	ME	0.0	0.0	0.0	0
230353	ShulackRose_Fi_Tanker	cycle	1	99	timer:1	0	arm	0	7000	0		0.0	0.0	0.0	0
230353	ShulackRose_Fi_Tanker	cycle	1	99	timer:1	1	skill	21300	0	0	MOST_HATED	0.0	0.0	0.0	0
230363	ShulackRose_Fi_Tanker	arm	0	7		0	arm	0	7000	0		0.0	0.0	0.0	0
230363	ShulackRose_Fi_Tanker	cycle	0	100	timer:0	0	arm	1	15000	0		0.0	0.0	0.0	0
230363	ShulackRose_Fi_Tanker	cycle	0	100	timer:0	1	skill	16518	0	0	ME	0.0	0.0	0.0	0
230363	ShulackRose_Fi_Tanker	cycle	1	99	timer:1	0	arm	0	7000	0		0.0	0.0	0.0	0
230363	ShulackRose_Fi_Tanker	cycle	1	99	timer:1	1	skill	21300	0	0	MOST_HATED	0.0	0.0	0.0	0
230368	AD2_BT10st0	arm	0	1		0	arm	0	10000	0		0.0	0.0	0.0	0
230368	AD2_BT10st0	cycle	0	2	timer:0	0	arm	0	10000	0		0.0	0.0	0.0	0
230368	AD2_BT10st0	cycle	0	2	timer:0	1	skill	17558	0	0	MOST_HATED	0.0	0.0	0.0	0
230372	AD2_BT10st0	arm	0	1		0	arm	0	10000	0		0.0	0.0	0.0	0
230372	AD2_BT10st0	cycle	0	2	timer:0	0	arm	0	10000	0		0.0	0.0	0.0	0
230372	AD2_BT10st0	cycle	0	2	timer:0	1	skill	17558	0	0	MOST_HATED	0.0	0.0	0.0	0
230623	LDF4a_Calydon_Fighter	arm	0	7		0	arm	0	5000	0		0.0	0.0	0.0	0
230623	LDF4a_Calydon_Fighter	arm	0	7		1	skill	20081	0	0	ME	0.0	0.0	0.0	0
230623	LDF4a_Calydon_Fighter	cycle	0	7	timer:0	0	arm	0	20000	0		0.0	0.0	0.0	0
230623	LDF4a_Calydon_Fighter	cycle	0	7	timer:0	1	skill	20078	0	0	MOST_HATED	0.0	0.0	0.0	0
230624	LDF4a_Calydon_Fighter	arm	0	7		0	arm	0	5000	0		0.0	0.0	0.0	0
230624	LDF4a_Calydon_Fighter	arm	0	7		1	skill	20081	0	0	ME	0.0	0.0	0.0	0
230624	LDF4a_Calydon_Fighter	cycle	0	7	timer:0	0	arm	0	20000	0		0.0	0.0	0.0	0
230624	LDF4a_Calydon_Fighter	cycle	0	7	timer:0	1	skill	20078	0	0	MOST_HATED	0.0	0.0	0.0	0
230642	IDRose_L_ShulackF_Fi_S_Key_An	arm	0	7		0	arm	0	5000	0		0.0	0.0	0.0	0
230642	IDRose_L_ShulackF_Fi_S_Key_An	cycle	0	32	timer:1	0	arm	0	7000	0		0.0	0.0	0.0	0
230642	IDRose_L_ShulackF_Fi_S_Key_An	cycle	0	32	timer:1	1	skill	21300	0	0	MOST_HATED	0.0	0.0	0.0	0
230642	IDRose_L_ShulackF_Fi_S_Key_An	cycle	1	31	timer:0	0	arm	1	13000	0		0.0	0.0	0.0	0
230642	IDRose_L_ShulackF_Fi_S_Key_An	cycle	1	31	timer:0	1	skill	16525	0	0	MOST_HATED	0.0	0.0	0.0	0
230643	IDRose_L_ShulackF_As_S_Key_An	arm	0	7		0	arm	1	3000	0		0.0	0.0	0.0	0
230643	IDRose_L_ShulackF_As_S_Key_An	arm	0	7		1	arm	0	4000	0		0.0	0.0	0.0	0
230643	IDRose_L_ShulackF_As_S_Key_An	arm	0	7		2	broadcast	21005	40	0		0.0	0.0	0.0	0
230643	IDRose_L_ShulackF_As_S_Key_An	cycle	0	33	timer:3	0	arm	1	8000	0		0.0	0.0	0.0	0
230643	IDRose_L_ShulackF_As_S_Key_An	cycle	0	33	timer:3	1	skill	21300	0	0	MOST_HATED	0.0	0.0	0.0	0
230643	IDRose_L_ShulackF_As_S_Key_An	cycle	1	32	timer:2	0	arm	3	11000	0		0.0	0.0	0.0	0
230643	IDRose_L_ShulackF_As_S_Key_An	cycle	1	32	timer:2	1	skill	16678	0	0	MOST_HATED	0.0	0.0	0.0	0
230643	IDRose_L_ShulackF_As_S_Key_An	cycle	2	31	timer:1	0	arm	2	10000	0		0.0	0.0	0.0	0
230643	IDRose_L_ShulackF_As_S_Key_An	cycle	2	31	timer:1	1	skill	17006	0	0	MOST_HATED	0.0	0.0	0.0	0
230643	IDRose_L_ShulackF_As_S_Key_An	cycle	3	20	timer:0	0	arm	0	4000	0		0.0	0.0	0.0	0
230643	IDRose_L_ShulackF_As_S_Key_An	cycle	3	20	timer:0	1	broadcast	21005	40	0		0.0	0.0	0.0	0
230644	IDRose_L_ShulackF_As_S_Key1_An	arm	0	7		0	arm	0	3000	0		0.0	0.0	0.0	0
230644	IDRose_L_ShulackF_As_S_Key1_An	cycle	0	33	timer:2	0	arm	0	8000	0		0.0	0.0	0.0	0
230644	IDRose_L_ShulackF_As_S_Key1_An	cycle	0	33	timer:2	1	skill	21300	0	0	MOST_HATED	0.0	0.0	0.0	0
230644	IDRose_L_ShulackF_As_S_Key1_An	cycle	1	32	timer:1	0	arm	2	11000	0		0.0	0.0	0.0	0
230644	IDRose_L_ShulackF_As_S_Key1_An	cycle	1	32	timer:1	1	skill	16678	0	0	MOST_HATED	0.0	0.0	0.0	0
230644	IDRose_L_ShulackF_As_S_Key1_An	cycle	2	31	timer:0	0	arm	1	10000	0		0.0	0.0	0.0	0
230644	IDRose_L_ShulackF_As_S_Key1_An	cycle	2	31	timer:0	1	skill	17006	0	0	MOST_HATED	0.0	0.0	0.0	0
230645	IDRose_L_ShulackF_Wi_S_Key_An	arm	0	7		0	arm	0	3000	0		0.0	0.0	0.0	0
230645	IDRose_L_ShulackF_Wi_S_Key_An	cycle	0	32	timer:1	0	arm	0	8000	0		0.0	0.0	0.0	0
230645	IDRose_L_ShulackF_Wi_S_Key_An	cycle	0	32	timer:1	1	skill	16570	0	0	MOST_HATED	0.0	0.0	0.0	0
230645	IDRose_L_ShulackF_Wi_S_Key_An	cycle	1	31	timer:0	0	arm	1	13000	0		0.0	0.0	0.0	0
230645	IDRose_L_ShulackF_Wi_S_Key_An	cycle	1	31	timer:0	1	skill	18157	0	0	MOST_HATED	0.0	0.0	0.0	0
230646	IDRose_L_ShulackF_Fi_S_Key_An	arm	0	7		0	arm	0	5000	0		0.0	0.0	0.0	0
230646	IDRose_L_ShulackF_Fi_S_Key_An	cycle	0	32	timer:1	0	arm	0	7000	0		0.0	0.0	0.0	0
230646	IDRose_L_ShulackF_Fi_S_Key_An	cycle	0	32	timer:1	1	skill	21300	0	0	MOST_HATED	0.0	0.0	0.0	0
230646	IDRose_L_ShulackF_Fi_S_Key_An	cycle	1	31	timer:0	0	arm	1	13000	0		0.0	0.0	0.0	0
230646	IDRose_L_ShulackF_Fi_S_Key_An	cycle	1	31	timer:0	1	skill	16525	0	0	MOST_HATED	0.0	0.0	0.0	0
230648	IDRose_L_ShulackF_Fi_S_Key_An	arm	0	7		0	arm	0	5000	0		0.0	0.0	0.0	0
230648	IDRose_L_ShulackF_Fi_S_Key_An	cycle	0	32	timer:1	0	arm	0	7000	0		0.0	0.0	0.0	0
230648	IDRose_L_ShulackF_Fi_S_Key_An	cycle	0	32	timer:1	1	skill	21300	0	0	MOST_HATED	0.0	0.0	0.0	0
230648	IDRose_L_ShulackF_Fi_S_Key_An	cycle	1	31	timer:0	0	arm	1	13000	0		0.0	0.0	0.0	0
230648	IDRose_L_ShulackF_Fi_S_Key_An	cycle	1	31	timer:0	1	skill	16525	0	0	MOST_HATED	0.0	0.0	0.0	0
230650	IDRose_M_ShulackF_Pr_S_Key_An	arm	0	7		0	arm	0	8000	0		0.0	0.0	0.0	0
230650	IDRose_M_ShulackF_Pr_S_Key_An	cycle	0	34	timer:3	0	arm	0	8000	0		0.0	0.0	0.0	0
230650	IDRose_M_ShulackF_Pr_S_Key_An	cycle	0	34	timer:3	1	skill	17938	0	0	MOST_HATED	0.0	0.0	0.0	0
230650	IDRose_M_ShulackF_Pr_S_Key_An	cycle	1	33	timer:2	0	arm	3	8000	0		0.0	0.0	0.0	0
230650	IDRose_M_ShulackF_Pr_S_Key_An	cycle	1	33	timer:2	1	skill	18814	0	0	MOST_HATED	0.0	0.0	0.0	0
230650	IDRose_M_ShulackF_Pr_S_Key_An	cycle	2	32	timer:1	0	arm	2	13000	0		0.0	0.0	0.0	0
230650	IDRose_M_ShulackF_Pr_S_Key_An	cycle	2	32	timer:1	1	skill	17939	0	0	ME	0.0	0.0	0.0	0
230650	IDRose_M_ShulackF_Pr_S_Key_An	cycle	3	31	timer:0	0	arm	1	8000	0		0.0	0.0	0.0	0
230650	IDRose_M_ShulackF_Pr_S_Key_An	cycle	3	31	timer:0	1	skill	18814	0	0	MOST_HATED	0.0	0.0	0.0	0
230651	IDRose_M_KrallKeeper_Fi_S_Key_An	arm	0	7		0	arm	0	12000	0		0.0	0.0	0.0	0
230651	IDRose_M_KrallKeeper_Fi_S_Key_An	arm	0	7		1	skill	16536	0	0	ME	0.0	0.0	0.0	0
230651	IDRose_M_KrallKeeper_Fi_S_Key_An	cycle	0	32	timer:1	0	arm	0	12000	0		0.0	0.0	0.0	0
230651	IDRose_M_KrallKeeper_Fi_S_Key_An	cycle	0	32	timer:1	1	skill	16532	0	0	ME	0.0	0.0	0.0	0
230651	IDRose_M_KrallKeeper_Fi_S_Key_An	cycle	1	31	timer:0	0	arm	1	12000	0		0.0	0.0	0.0	0
230651	IDRose_M_KrallKeeper_Fi_S_Key_An	cycle	1	31	timer:0	1	skill	16519	0	0	MOST_HATED	0.0	0.0	0.0	0
230652	IDRose_H_ShulackF_Fi_P_Key_Ae	arm	0	7		0	arm	0	5000	0		0.0	0.0	0.0	0
230652	IDRose_H_ShulackF_Fi_P_Key_Ae	cycle	0	32	timer:1	0	arm	0	7000	0		0.0	0.0	0.0	0
230652	IDRose_H_ShulackF_Fi_P_Key_Ae	cycle	0	32	timer:1	1	skill	16519	0	0	MOST_HATED	0.0	0.0	0.0	0
230652	IDRose_H_ShulackF_Fi_P_Key_Ae	cycle	1	31	timer:0	0	arm	1	13000	0		0.0	0.0	0.0	0
230652	IDRose_H_ShulackF_Fi_P_Key_Ae	cycle	1	31	timer:0	1	skill	16525	0	0	MOST_HATED	0.0	0.0	0.0	0
230653	IDRose_H_ShulackF_As_P_Key_Ae	arm	0	7		0	arm	0	3000	0		0.0	0.0	0.0	0
230653	IDRose_H_ShulackF_As_P_Key_Ae	cycle	0	33	timer:2	0	arm	0	8000	0		0.0	0.0	0.0	0
230653	IDRose_H_ShulackF_As_P_Key_Ae	cycle	0	33	timer:2	1	skill	16519	0	0	MOST_HATED	0.0	0.0	0.0	0
230653	IDRose_H_ShulackF_As_P_Key_Ae	cycle	1	32	timer:1	0	arm	2	11000	0		0.0	0.0	0.0	0
230653	IDRose_H_ShulackF_As_P_Key_Ae	cycle	1	32	timer:1	1	skill	16678	0	0	MOST_HATED	0.0	0.0	0.0	0
230653	IDRose_H_ShulackF_As_P_Key_Ae	cycle	2	31	timer:0	0	arm	1	10000	0		0.0	0.0	0.0	0
230653	IDRose_H_ShulackF_As_P_Key_Ae	cycle	2	31	timer:0	1	skill	17006	0	0	MOST_HATED	0.0	0.0	0.0	0
230657	IDRose_L_ShulackF_Fi_S_SN_An	arm	0	7		0	arm	0	5000	0		0.0	0.0	0.0	0
230657	IDRose_L_ShulackF_Fi_S_SN_An	cycle	0	35	timer:4	0	arm	0	10000	0		0.0	0.0	0.0	0
230657	IDRose_L_ShulackF_Fi_S_SN_An	cycle	0	35	timer:4	1	skill	16519	0	0	MOST_HATED	0.0	0.0	0.0	0
230657	IDRose_L_ShulackF_Fi_S_SN_An	cycle	1	34	timer:3	0	arm	4	7000	0		0.0	0.0	0.0	0
230657	IDRose_L_ShulackF_Fi_S_SN_An	cycle	1	34	timer:3	1	skill	16519	0	0	MOST_HATED	0.0	0.0	0.0	0
230657	IDRose_L_ShulackF_Fi_S_SN_An	cycle	2	33	timer:2	0	arm	3	10000	0		0.0	0.0	0.0	0
230657	IDRose_L_ShulackF_Fi_S_SN_An	cycle	2	33	timer:2	1	skill	16525	0	0	MOST_HATED	0.0	0.0	0.0	0
230657	IDRose_L_ShulackF_Fi_S_SN_An	cycle	3	32	timer:1	0	arm	2	10000	0		0.0	0.0	0.0	0
230657	IDRose_L_ShulackF_Fi_S_SN_An	cycle	3	32	timer:1	1	skill	16519	0	0	MOST_HATED	0.0	0.0	0.0	0
230657	IDRose_L_ShulackF_Fi_S_SN_An	cycle	4	31	timer:0	0	arm	1	3000	0		0.0	0.0	0.0	0
230657	IDRose_L_ShulackF_Fi_S_SN_An	cycle	4	31	timer:0	1	skill	16536	0	0	ME	0.0	0.0	0.0	0
230669	IDRose_ShulackF_Fi_P_Ae	arm	0	7		0	arm	0	5000	0		0.0	0.0	0.0	0
230669	IDRose_ShulackF_Fi_P_Ae	cycle	0	32	timer:1	0	arm	0	9000	0		0.0	0.0	0.0	0
230669	IDRose_ShulackF_Fi_P_Ae	cycle	0	32	timer:1	1	skill	21300	0	0	MOST_HATED	0.0	0.0	0.0	0
230669	IDRose_ShulackF_Fi_P_Ae	cycle	1	31	timer:0	0	arm	1	15000	0		0.0	0.0	0.0	0
230669	IDRose_ShulackF_Fi_P_Ae	cycle	1	31	timer:0	1	skill	16525	0	0	MOST_HATED	0.0	0.0	0.0	0
230670	IDRose_ShulackF_Fi_P_Ae	arm	0	7		0	arm	0	5000	0		0.0	0.0	0.0	0
230670	IDRose_ShulackF_Fi_P_Ae	cycle	0	32	timer:1	0	arm	0	9000	0		0.0	0.0	0.0	0
230670	IDRose_ShulackF_Fi_P_Ae	cycle	0	32	timer:1	1	skill	21300	0	0	MOST_HATED	0.0	0.0	0.0	0
230670	IDRose_ShulackF_Fi_P_Ae	cycle	1	31	timer:0	0	arm	1	15000	0		0.0	0.0	0.0	0
230670	IDRose_ShulackF_Fi_P_Ae	cycle	1	31	timer:0	1	skill	16525	0	0	MOST_HATED	0.0	0.0	0.0	0
230671	IDRose_ShulackF_Fi_P_Ae	arm	0	7		0	arm	0	5000	0		0.0	0.0	0.0	0
230671	IDRose_ShulackF_Fi_P_Ae	cycle	0	32	timer:1	0	arm	0	9000	0		0.0	0.0	0.0	0
230671	IDRose_ShulackF_Fi_P_Ae	cycle	0	32	timer:1	1	skill	21300	0	0	MOST_HATED	0.0	0.0	0.0	0
230671	IDRose_ShulackF_Fi_P_Ae	cycle	1	31	timer:0	0	arm	1	15000	0		0.0	0.0	0.0	0
230671	IDRose_ShulackF_Fi_P_Ae	cycle	1	31	timer:0	1	skill	16525	0	0	MOST_HATED	0.0	0.0	0.0	0
230672	IDRose_ShulackF_Fi_P_Ae	arm	0	7		0	arm	0	5000	0		0.0	0.0	0.0	0
230672	IDRose_ShulackF_Fi_P_Ae	cycle	0	32	timer:1	0	arm	0	9000	0		0.0	0.0	0.0	0
230672	IDRose_ShulackF_Fi_P_Ae	cycle	0	32	timer:1	1	skill	21300	0	0	MOST_HATED	0.0	0.0	0.0	0
230672	IDRose_ShulackF_Fi_P_Ae	cycle	1	31	timer:0	0	arm	1	15000	0		0.0	0.0	0.0	0
230672	IDRose_ShulackF_Fi_P_Ae	cycle	1	31	timer:0	1	skill	16525	0	0	MOST_HATED	0.0	0.0	0.0	0
230673	IDRose_ShulackF_Wi_P_Ae	arm	0	7		0	arm	0	3000	0		0.0	0.0	0.0	0
230673	IDRose_ShulackF_Wi_P_Ae	cycle	0	32	timer:1	0	arm	0	10000	0		0.0	0.0	0.0	0
230673	IDRose_ShulackF_Wi_P_Ae	cycle	0	32	timer:1	1	skill	16987	0	0	MOST_HATED	0.0	0.0	0.0	0
230673	IDRose_ShulackF_Wi_P_Ae	cycle	1	31	timer:0	0	arm	1	15000	0		0.0	0.0	0.0	0
230673	IDRose_ShulackF_Wi_P_Ae	cycle	1	31	timer:0	1	skill	18157	0	0	MOST_HATED	0.0	0.0	0.0	0
230674	IDRose_ShulackF_Wi_P_Ae	arm	0	7		0	arm	0	3000	0		0.0	0.0	0.0	0
230674	IDRose_ShulackF_Wi_P_Ae	cycle	0	32	timer:1	0	arm	0	10000	0		0.0	0.0	0.0	0
230674	IDRose_ShulackF_Wi_P_Ae	cycle	0	32	timer:1	1	skill	16987	0	0	MOST_HATED	0.0	0.0	0.0	0
230674	IDRose_ShulackF_Wi_P_Ae	cycle	1	31	timer:0	0	arm	1	15000	0		0.0	0.0	0.0	0
230674	IDRose_ShulackF_Wi_P_Ae	cycle	1	31	timer:0	1	skill	18157	0	0	MOST_HATED	0.0	0.0	0.0	0
230675	IDRose_ShulackF_Wi_P_Ae	arm	0	7		0	arm	0	3000	0		0.0	0.0	0.0	0
230675	IDRose_ShulackF_Wi_P_Ae	cycle	0	32	timer:1	0	arm	0	10000	0		0.0	0.0	0.0	0
230675	IDRose_ShulackF_Wi_P_Ae	cycle	0	32	timer:1	1	skill	16987	0	0	MOST_HATED	0.0	0.0	0.0	0
230675	IDRose_ShulackF_Wi_P_Ae	cycle	1	31	timer:0	0	arm	1	15000	0		0.0	0.0	0.0	0
230675	IDRose_ShulackF_Wi_P_Ae	cycle	1	31	timer:0	1	skill	18157	0	0	MOST_HATED	0.0	0.0	0.0	0
230676	IDRose_ShulackF_Wi_P_Ae	arm	0	7		0	arm	0	3000	0		0.0	0.0	0.0	0
230676	IDRose_ShulackF_Wi_P_Ae	cycle	0	32	timer:1	0	arm	0	10000	0		0.0	0.0	0.0	0
230676	IDRose_ShulackF_Wi_P_Ae	cycle	0	32	timer:1	1	skill	16987	0	0	MOST_HATED	0.0	0.0	0.0	0
230676	IDRose_ShulackF_Wi_P_Ae	cycle	1	31	timer:0	0	arm	1	15000	0		0.0	0.0	0.0	0
230676	IDRose_ShulackF_Wi_P_Ae	cycle	1	31	timer:0	1	skill	18157	0	0	MOST_HATED	0.0	0.0	0.0	0
230677	IDRose_ShulackF_As_P_Ae	arm	0	7		0	arm	0	3000	0		0.0	0.0	0.0	0
230677	IDRose_ShulackF_As_P_Ae	cycle	0	33	timer:2	0	arm	0	10000	0		0.0	0.0	0.0	0
230677	IDRose_ShulackF_As_P_Ae	cycle	0	33	timer:2	1	skill	16540	0	0	MOST_HATED	0.0	0.0	0.0	0
230677	IDRose_ShulackF_As_P_Ae	cycle	1	32	timer:1	0	arm	2	13000	0		0.0	0.0	0.0	0
230677	IDRose_ShulackF_As_P_Ae	cycle	1	32	timer:1	1	skill	16678	0	0	MOST_HATED	0.0	0.0	0.0	0
230677	IDRose_ShulackF_As_P_Ae	cycle	2	31	timer:0	0	arm	1	12000	0		0.0	0.0	0.0	0
230677	IDRose_ShulackF_As_P_Ae	cycle	2	31	timer:0	1	skill	17006	0	0	MOST_HATED	0.0	0.0	0.0	0
230678	IDRose_ShulackF_As_P_Ae	arm	0	7		0	arm	0	3000	0		0.0	0.0	0.0	0
230678	IDRose_ShulackF_As_P_Ae	cycle	0	33	timer:2	0	arm	0	10000	0		0.0	0.0	0.0	0
230678	IDRose_ShulackF_As_P_Ae	cycle	0	33	timer:2	1	skill	16540	0	0	MOST_HATED	0.0	0.0	0.0	0
230678	IDRose_ShulackF_As_P_Ae	cycle	1	32	timer:1	0	arm	2	13000	0		0.0	0.0	0.0	0
230678	IDRose_ShulackF_As_P_Ae	cycle	1	32	timer:1	1	skill	16678	0	0	MOST_HATED	0.0	0.0	0.0	0
230678	IDRose_ShulackF_As_P_Ae	cycle	2	31	timer:0	0	arm	1	12000	0		0.0	0.0	0.0	0
230678	IDRose_ShulackF_As_P_Ae	cycle	2	31	timer:0	1	skill	17006	0	0	MOST_HATED	0.0	0.0	0.0	0
230679	IDRose_ShulackF_As_P_Ae	arm	0	7		0	arm	0	3000	0		0.0	0.0	0.0	0
230679	IDRose_ShulackF_As_P_Ae	cycle	0	33	timer:2	0	arm	0	10000	0		0.0	0.0	0.0	0
230679	IDRose_ShulackF_As_P_Ae	cycle	0	33	timer:2	1	skill	16540	0	0	MOST_HATED	0.0	0.0	0.0	0
230679	IDRose_ShulackF_As_P_Ae	cycle	1	32	timer:1	0	arm	2	13000	0		0.0	0.0	0.0	0
230679	IDRose_ShulackF_As_P_Ae	cycle	1	32	timer:1	1	skill	16678	0	0	MOST_HATED	0.0	0.0	0.0	0
230679	IDRose_ShulackF_As_P_Ae	cycle	2	31	timer:0	0	arm	1	12000	0		0.0	0.0	0.0	0
230679	IDRose_ShulackF_As_P_Ae	cycle	2	31	timer:0	1	skill	17006	0	0	MOST_HATED	0.0	0.0	0.0	0
230680	IDRose_ShulackF_As_P_Ae	arm	0	7		0	arm	0	3000	0		0.0	0.0	0.0	0
230680	IDRose_ShulackF_As_P_Ae	cycle	0	33	timer:2	0	arm	0	10000	0		0.0	0.0	0.0	0
230680	IDRose_ShulackF_As_P_Ae	cycle	0	33	timer:2	1	skill	16540	0	0	MOST_HATED	0.0	0.0	0.0	0
230680	IDRose_ShulackF_As_P_Ae	cycle	1	32	timer:1	0	arm	2	13000	0		0.0	0.0	0.0	0
230680	IDRose_ShulackF_As_P_Ae	cycle	1	32	timer:1	1	skill	16678	0	0	MOST_HATED	0.0	0.0	0.0	0
230680	IDRose_ShulackF_As_P_Ae	cycle	2	31	timer:0	0	arm	1	12000	0		0.0	0.0	0.0	0
230680	IDRose_ShulackF_As_P_Ae	cycle	2	31	timer:0	1	skill	17006	0	0	MOST_HATED	0.0	0.0	0.0	0
230681	IDRose_ShulackF_Pr_P_Ae	arm	0	7		0	arm	0	10000	0		0.0	0.0	0.0	0
230681	IDRose_ShulackF_Pr_P_Ae	cycle	0	33	timer:2	0	arm	0	10000	0		0.0	0.0	0.0	0
230681	IDRose_ShulackF_Pr_P_Ae	cycle	0	33	timer:2	1	skill	18751	0	0	ME	0.0	0.0	0.0	0
230681	IDRose_ShulackF_Pr_P_Ae	cycle	1	32	timer:1	0	arm	2	10000	0		0.0	0.0	0.0	0
230681	IDRose_ShulackF_Pr_P_Ae	cycle	1	32	timer:1	1	skill	17938	0	0	MOST_HATED	0.0	0.0	0.0	0
230681	IDRose_ShulackF_Pr_P_Ae	cycle	2	31	timer:0	0	arm	1	10000	0		0.0	0.0	0.0	0
230681	IDRose_ShulackF_Pr_P_Ae	cycle	2	31	timer:0	1	skill	18814	0	0	MOST_HATED	0.0	0.0	0.0	0
230682	IDRose_ShulackF_Pr_P_Ae	arm	0	7		0	arm	0	10000	0		0.0	0.0	0.0	0
230682	IDRose_ShulackF_Pr_P_Ae	cycle	0	33	timer:2	0	arm	0	10000	0		0.0	0.0	0.0	0
230682	IDRose_ShulackF_Pr_P_Ae	cycle	0	33	timer:2	1	skill	18751	0	0	ME	0.0	0.0	0.0	0
230682	IDRose_ShulackF_Pr_P_Ae	cycle	1	32	timer:1	0	arm	2	10000	0		0.0	0.0	0.0	0
230682	IDRose_ShulackF_Pr_P_Ae	cycle	1	32	timer:1	1	skill	17938	0	0	MOST_HATED	0.0	0.0	0.0	0
230682	IDRose_ShulackF_Pr_P_Ae	cycle	2	31	timer:0	0	arm	1	10000	0		0.0	0.0	0.0	0
230682	IDRose_ShulackF_Pr_P_Ae	cycle	2	31	timer:0	1	skill	18814	0	0	MOST_HATED	0.0	0.0	0.0	0
230683	IDRose_ShulackF_Pr_P_Ae	arm	0	7		0	arm	0	10000	0		0.0	0.0	0.0	0
230683	IDRose_ShulackF_Pr_P_Ae	cycle	0	33	timer:2	0	arm	0	10000	0		0.0	0.0	0.0	0
230683	IDRose_ShulackF_Pr_P_Ae	cycle	0	33	timer:2	1	skill	18751	0	0	ME	0.0	0.0	0.0	0
230683	IDRose_ShulackF_Pr_P_Ae	cycle	1	32	timer:1	0	arm	2	10000	0		0.0	0.0	0.0	0
230683	IDRose_ShulackF_Pr_P_Ae	cycle	1	32	timer:1	1	skill	17938	0	0	MOST_HATED	0.0	0.0	0.0	0
230683	IDRose_ShulackF_Pr_P_Ae	cycle	2	31	timer:0	0	arm	1	10000	0		0.0	0.0	0.0	0
230683	IDRose_ShulackF_Pr_P_Ae	cycle	2	31	timer:0	1	skill	18814	0	0	MOST_HATED	0.0	0.0	0.0	0
230684	IDRose_ShulackF_Pr_P_Ae	arm	0	7		0	arm	0	10000	0		0.0	0.0	0.0	0
230684	IDRose_ShulackF_Pr_P_Ae	cycle	0	33	timer:2	0	arm	0	10000	0		0.0	0.0	0.0	0
230684	IDRose_ShulackF_Pr_P_Ae	cycle	0	33	timer:2	1	skill	18751	0	0	ME	0.0	0.0	0.0	0
230684	IDRose_ShulackF_Pr_P_Ae	cycle	1	32	timer:1	0	arm	2	10000	0		0.0	0.0	0.0	0
230684	IDRose_ShulackF_Pr_P_Ae	cycle	1	32	timer:1	1	skill	17938	0	0	MOST_HATED	0.0	0.0	0.0	0
230684	IDRose_ShulackF_Pr_P_Ae	cycle	2	31	timer:0	0	arm	1	10000	0		0.0	0.0	0.0	0
230684	IDRose_ShulackF_Pr_P_Ae	cycle	2	31	timer:0	1	skill	18814	0	0	MOST_HATED	0.0	0.0	0.0	0
230689	IDRose_ShulackF_Ba_P_Ae	arm	0	7		0	arm	0	8000	0		0.0	0.0	0.0	0
230689	IDRose_ShulackF_Ba_P_Ae	cycle	0	32	timer:2	0	arm	0	10000	0		0.0	0.0	0.0	0
230689	IDRose_ShulackF_Ba_P_Ae	cycle	0	32	timer:2	1	skill	20960	0	0	MOST_HATED	0.0	0.0	0.0	0
230689	IDRose_ShulackF_Ba_P_Ae	cycle	1	31	timer:0	0	arm	1	15000	0		0.0	0.0	0.0	0
230689	IDRose_ShulackF_Ba_P_Ae	cycle	1	31	timer:0	1	skill	21217	0	0	MOST_HATED	0.0	0.0	0.0	0
230690	IDRose_ShulackF_Ba_P_Ae	arm	0	7		0	arm	0	8000	0		0.0	0.0	0.0	0
230690	IDRose_ShulackF_Ba_P_Ae	cycle	0	32	timer:2	0	arm	0	10000	0		0.0	0.0	0.0	0
230690	IDRose_ShulackF_Ba_P_Ae	cycle	0	32	timer:2	1	skill	20960	0	0	MOST_HATED	0.0	0.0	0.0	0
230690	IDRose_ShulackF_Ba_P_Ae	cycle	1	31	timer:0	0	arm	1	15000	0		0.0	0.0	0.0	0
230690	IDRose_ShulackF_Ba_P_Ae	cycle	1	31	timer:0	1	skill	21217	0	0	MOST_HATED	0.0	0.0	0.0	0
230691	IDRose_ShulackF_Ba_P_Ae	arm	0	7		0	arm	0	8000	0		0.0	0.0	0.0	0
230691	IDRose_ShulackF_Ba_P_Ae	cycle	0	32	timer:2	0	arm	0	10000	0		0.0	0.0	0.0	0
230691	IDRose_ShulackF_Ba_P_Ae	cycle	0	32	timer:2	1	skill	20960	0	0	MOST_HATED	0.0	0.0	0.0	0
230691	IDRose_ShulackF_Ba_P_Ae	cycle	1	31	timer:0	0	arm	1	15000	0		0.0	0.0	0.0	0
230691	IDRose_ShulackF_Ba_P_Ae	cycle	1	31	timer:0	1	skill	21217	0	0	MOST_HATED	0.0	0.0	0.0	0
230692	IDRose_ShulackF_Ba_P_Ae	arm	0	7		0	arm	0	8000	0		0.0	0.0	0.0	0
230692	IDRose_ShulackF_Ba_P_Ae	cycle	0	32	timer:2	0	arm	0	10000	0		0.0	0.0	0.0	0
230692	IDRose_ShulackF_Ba_P_Ae	cycle	0	32	timer:2	1	skill	20960	0	0	MOST_HATED	0.0	0.0	0.0	0
230692	IDRose_ShulackF_Ba_P_Ae	cycle	1	31	timer:0	0	arm	1	15000	0		0.0	0.0	0.0	0
230692	IDRose_ShulackF_Ba_P_Ae	cycle	1	31	timer:0	1	skill	21217	0	0	MOST_HATED	0.0	0.0	0.0	0
230693	IDRose_ShulackF_Ri_P_Ae	arm	0	7		0	arm	0	5000	0		0.0	0.0	0.0	0
230693	IDRose_ShulackF_Ri_P_Ae	cycle	0	34	timer:3	0	arm	0	12000	0		0.0	0.0	0.0	0
230693	IDRose_ShulackF_Ri_P_Ae	cycle	0	34	timer:3	1	skill	21212	0	0	MOST_HATED	0.0	0.0	0.0	0
230693	IDRose_ShulackF_Ri_P_Ae	cycle	1	33	timer:2	0	arm	3	10000	0		0.0	0.0	0.0	0
230693	IDRose_ShulackF_Ri_P_Ae	cycle	1	33	timer:2	1	skill	21212	0	0	MOST_HATED	0.0	0.0	0.0	0
230693	IDRose_ShulackF_Ri_P_Ae	cycle	2	32	timer:1	0	arm	2	15000	0		0.0	0.0	0.0	0
230693	IDRose_ShulackF_Ri_P_Ae	cycle	2	32	timer:1	1	skill	21313	0	0	MOST_HATED	0.0	0.0	0.0	0
230693	IDRose_ShulackF_Ri_P_Ae	cycle	2	32	timer:1	2	skill	16529	0	0	MOST_HATED	0.0	0.0	0.0	0
230693	IDRose_ShulackF_Ri_P_Ae	cycle	3	31	timer:0	0	arm	1	10000	0		0.0	0.0	0.0	0
230693	IDRose_ShulackF_Ri_P_Ae	cycle	3	31	timer:0	1	skill	21212	0	0	MOST_HATED	0.0	0.0	0.0	0
230694	IDRose_ShulackF_Ri_P_Ae	arm	0	7		0	arm	0	5000	0		0.0	0.0	0.0	0
230694	IDRose_ShulackF_Ri_P_Ae	cycle	0	34	timer:3	0	arm	0	12000	0		0.0	0.0	0.0	0
230694	IDRose_ShulackF_Ri_P_Ae	cycle	0	34	timer:3	1	skill	21212	0	0	MOST_HATED	0.0	0.0	0.0	0
230694	IDRose_ShulackF_Ri_P_Ae	cycle	1	33	timer:2	0	arm	3	10000	0		0.0	0.0	0.0	0
230694	IDRose_ShulackF_Ri_P_Ae	cycle	1	33	timer:2	1	skill	21212	0	0	MOST_HATED	0.0	0.0	0.0	0
230694	IDRose_ShulackF_Ri_P_Ae	cycle	2	32	timer:1	0	arm	2	15000	0		0.0	0.0	0.0	0
230694	IDRose_ShulackF_Ri_P_Ae	cycle	2	32	timer:1	1	skill	21313	0	0	MOST_HATED	0.0	0.0	0.0	0
230694	IDRose_ShulackF_Ri_P_Ae	cycle	2	32	timer:1	2	skill	16529	0	0	MOST_HATED	0.0	0.0	0.0	0
230694	IDRose_ShulackF_Ri_P_Ae	cycle	3	31	timer:0	0	arm	1	10000	0		0.0	0.0	0.0	0
230694	IDRose_ShulackF_Ri_P_Ae	cycle	3	31	timer:0	1	skill	21212	0	0	MOST_HATED	0.0	0.0	0.0	0
230695	IDRose_Dbrownie_P_Ae	arm	0	7		0	arm	0	20000	0		0.0	0.0	0.0	0
230695	IDRose_Dbrownie_P_Ae	cycle	0	31	timer:0	0	arm	0	20000	0		0.0	0.0	0.0	0
230695	IDRose_Dbrownie_P_Ae	cycle	0	31	timer:0	1	skill	16666	0	0	MOST_HATED	0.0	0.0	0.0	0
230696	IDRose_Dbrownie_P_Ae	arm	0	7		0	arm	0	20000	0		0.0	0.0	0.0	0
230696	IDRose_Dbrownie_P_Ae	cycle	0	31	timer:0	0	arm	0	20000	0		0.0	0.0	0.0	0
230696	IDRose_Dbrownie_P_Ae	cycle	0	31	timer:0	1	skill	16666	0	0	MOST_HATED	0.0	0.0	0.0	0
230697	IDRose_Ratman_P_Ae	arm	0	7		0	arm	0	5000	0		0.0	0.0	0.0	0
230697	IDRose_Ratman_P_Ae	cycle	0	33	timer:2	0	arm	0	15000	0		0.0	0.0	0.0	0
230697	IDRose_Ratman_P_Ae	cycle	0	33	timer:2	1	skill	16519	0	0	MOST_HATED	0.0	0.0	0.0	0
230697	IDRose_Ratman_P_Ae	cycle	1	32	timer:1	0	arm	2	15000	0		0.0	0.0	0.0	0
230697	IDRose_Ratman_P_Ae	cycle	1	32	timer:1	1	skill	16526	0	0	MOST_HATED	0.0	0.0	0.0	0
230697	IDRose_Ratman_P_Ae	cycle	2	31	timer:0	0	arm	1	15000	0		0.0	0.0	0.0	0
230697	IDRose_Ratman_P_Ae	cycle	2	31	timer:0	1	skill	16519	0	0	MOST_HATED	0.0	0.0	0.0	0
230698	LDF4a_Calydon_Fighter	arm	0	7		0	arm	0	5000	0		0.0	0.0	0.0	0
230698	LDF4a_Calydon_Fighter	arm	0	7		1	skill	20081	0	0	ME	0.0	0.0	0.0	0
230698	LDF4a_Calydon_Fighter	cycle	0	7	timer:0	0	arm	0	20000	0		0.0	0.0	0.0	0
230698	LDF4a_Calydon_Fighter	cycle	0	7	timer:0	1	skill	20078	0	0	MOST_HATED	0.0	0.0	0.0	0
230699	LDF4a_Calydon_Fighter	arm	0	7		0	arm	0	5000	0		0.0	0.0	0.0	0
230699	LDF4a_Calydon_Fighter	arm	0	7		1	skill	20081	0	0	ME	0.0	0.0	0.0	0
230699	LDF4a_Calydon_Fighter	cycle	0	7	timer:0	0	arm	0	20000	0		0.0	0.0	0.0	0
230699	LDF4a_Calydon_Fighter	cycle	0	7	timer:0	1	skill	20078	0	0	MOST_HATED	0.0	0.0	0.0	0
230705	IDRose_Krall_P_Ae	arm	0	7		0	arm	0	8000	0		0.0	0.0	0.0	0
230705	IDRose_Krall_P_Ae	cycle	0	33	timer:2	0	arm	0	12000	0		0.0	0.0	0.0	0
230705	IDRose_Krall_P_Ae	cycle	0	33	timer:2	1	skill	16519	0	0	MOST_HATED	0.0	0.0	0.0	0
230705	IDRose_Krall_P_Ae	cycle	1	32	timer:1	0	arm	2	12000	0		0.0	0.0	0.0	0
230705	IDRose_Krall_P_Ae	cycle	1	32	timer:1	1	skill	16532	0	0	ME	0.0	0.0	0.0	0
230705	IDRose_Krall_P_Ae	cycle	2	31	timer:0	0	arm	1	12000	0		0.0	0.0	0.0	0
230705	IDRose_Krall_P_Ae	cycle	2	31	timer:0	1	skill	16519	0	0	MOST_HATED	0.0	0.0	0.0	0
230707	IDRose_ShulackM_As_P_Ae	arm	0	7		0	arm	0	3000	0		0.0	0.0	0.0	0
230707	IDRose_ShulackM_As_P_Ae	cycle	0	33	timer:2	0	arm	0	10000	0		0.0	0.0	0.0	0
230707	IDRose_ShulackM_As_P_Ae	cycle	0	33	timer:2	1	skill	16540	0	0	MOST_HATED	0.0	0.0	0.0	0
230707	IDRose_ShulackM_As_P_Ae	cycle	1	32	timer:1	0	arm	2	15000	0		0.0	0.0	0.0	0
230707	IDRose_ShulackM_As_P_Ae	cycle	1	32	timer:1	1	skill	16554	0	0	MOST_HATED	0.0	0.0	0.0	0
230707	IDRose_ShulackM_As_P_Ae	cycle	1	32	timer:1	2	skill	18159	0	0	MOST_HATED	0.0	0.0	0.0	0
230707	IDRose_ShulackM_As_P_Ae	cycle	2	31	timer:0	0	arm	1	10000	0		0.0	0.0	0.0	0
230707	IDRose_ShulackM_As_P_Ae	cycle	2	31	timer:0	1	skill	16540	0	0	MOST_HATED	0.0	0.0	0.0	0
230708	IDRose_ShulackM_As_P_Ae	arm	0	7		0	arm	0	3000	0		0.0	0.0	0.0	0
230708	IDRose_ShulackM_As_P_Ae	cycle	0	33	timer:2	0	arm	0	10000	0		0.0	0.0	0.0	0
230708	IDRose_ShulackM_As_P_Ae	cycle	0	33	timer:2	1	skill	16540	0	0	MOST_HATED	0.0	0.0	0.0	0
230708	IDRose_ShulackM_As_P_Ae	cycle	1	32	timer:1	0	arm	2	15000	0		0.0	0.0	0.0	0
230708	IDRose_ShulackM_As_P_Ae	cycle	1	32	timer:1	1	skill	16554	0	0	MOST_HATED	0.0	0.0	0.0	0
230708	IDRose_ShulackM_As_P_Ae	cycle	1	32	timer:1	2	skill	18159	0	0	MOST_HATED	0.0	0.0	0.0	0
230708	IDRose_ShulackM_As_P_Ae	cycle	2	31	timer:0	0	arm	1	10000	0		0.0	0.0	0.0	0
230708	IDRose_ShulackM_As_P_Ae	cycle	2	31	timer:0	1	skill	16540	0	0	MOST_HATED	0.0	0.0	0.0	0
230709	IDRose_ShulackM_Fi_P_Ae	arm	0	7		0	arm	0	5000	0		0.0	0.0	0.0	0
230709	IDRose_ShulackM_Fi_P_Ae	cycle	0	33	timer:2	0	arm	0	10000	0		0.0	0.0	0.0	0
230709	IDRose_ShulackM_Fi_P_Ae	cycle	0	33	timer:2	1	skill	21300	0	0	MOST_HATED	0.0	0.0	0.0	0
230709	IDRose_ShulackM_Fi_P_Ae	cycle	1	32	timer:1	0	arm	2	13000	0		0.0	0.0	0.0	0
230709	IDRose_ShulackM_Fi_P_Ae	cycle	1	32	timer:1	1	skill	16532	0	0	MOST_HATED	0.0	0.0	0.0	0
230709	IDRose_ShulackM_Fi_P_Ae	cycle	2	31	timer:0	0	arm	1	10000	0		0.0	0.0	0.0	0
230709	IDRose_ShulackM_Fi_P_Ae	cycle	2	31	timer:0	1	skill	21300	0	0	MOST_HATED	0.0	0.0	0.0	0
230710	IDRose_ShulackM_Fi_P_Ae	arm	0	7		0	arm	0	5000	0		0.0	0.0	0.0	0
230710	IDRose_ShulackM_Fi_P_Ae	cycle	0	33	timer:2	0	arm	0	10000	0		0.0	0.0	0.0	0
230710	IDRose_ShulackM_Fi_P_Ae	cycle	0	33	timer:2	1	skill	21300	0	0	MOST_HATED	0.0	0.0	0.0	0
230710	IDRose_ShulackM_Fi_P_Ae	cycle	1	32	timer:1	0	arm	2	13000	0		0.0	0.0	0.0	0
230710	IDRose_ShulackM_Fi_P_Ae	cycle	1	32	timer:1	1	skill	16532	0	0	MOST_HATED	0.0	0.0	0.0	0
230710	IDRose_ShulackM_Fi_P_Ae	cycle	2	31	timer:0	0	arm	1	10000	0		0.0	0.0	0.0	0
230710	IDRose_ShulackM_Fi_P_Ae	cycle	2	31	timer:0	1	skill	21300	0	0	MOST_HATED	0.0	0.0	0.0	0
230717	IDRose_L_ShulackF_Fi_P_Key_Ae	arm	0	7		0	arm	0	5000	0		0.0	0.0	0.0	0
230717	IDRose_L_ShulackF_Fi_P_Key_Ae	cycle	0	32	timer:1	0	arm	0	7000	0		0.0	0.0	0.0	0
230717	IDRose_L_ShulackF_Fi_P_Key_Ae	cycle	0	32	timer:1	1	skill	16519	0	0	MOST_HATED	0.0	0.0	0.0	0
230717	IDRose_L_ShulackF_Fi_P_Key_Ae	cycle	1	31	timer:0	0	arm	1	13000	0		0.0	0.0	0.0	0
230717	IDRose_L_ShulackF_Fi_P_Key_Ae	cycle	1	31	timer:0	1	skill	16525	0	0	MOST_HATED	0.0	0.0	0.0	0
230718	IDRose_L_ShulackF_As_P_Key_Ae	arm	0	7		0	arm	1	3000	0		0.0	0.0	0.0	0
230718	IDRose_L_ShulackF_As_P_Key_Ae	arm	0	7		1	arm	0	4000	0		0.0	0.0	0.0	0
230718	IDRose_L_ShulackF_As_P_Key_Ae	arm	0	7		2	broadcast	21005	40	0		0.0	0.0	0.0	0
230718	IDRose_L_ShulackF_As_P_Key_Ae	cycle	0	33	timer:3	0	arm	1	8000	0		0.0	0.0	0.0	0
230718	IDRose_L_ShulackF_As_P_Key_Ae	cycle	0	33	timer:3	1	skill	16519	0	0	MOST_HATED	0.0	0.0	0.0	0
230718	IDRose_L_ShulackF_As_P_Key_Ae	cycle	1	32	timer:2	0	arm	3	11000	0		0.0	0.0	0.0	0
230718	IDRose_L_ShulackF_As_P_Key_Ae	cycle	1	32	timer:2	1	skill	18589	0	0	MOST_HATED	0.0	0.0	0.0	0
230718	IDRose_L_ShulackF_As_P_Key_Ae	cycle	2	31	timer:1	0	arm	2	10000	0		0.0	0.0	0.0	0
230718	IDRose_L_ShulackF_As_P_Key_Ae	cycle	2	31	timer:1	1	skill	18542	0	0	MOST_HATED	0.0	0.0	0.0	0
230718	IDRose_L_ShulackF_As_P_Key_Ae	cycle	3	20	timer:0	0	arm	0	4000	0		0.0	0.0	0.0	0
230718	IDRose_L_ShulackF_As_P_Key_Ae	cycle	3	20	timer:0	1	broadcast	21005	40	0		0.0	0.0	0.0	0
230719	IDRose_L_ShulackF_As_P_Key1_Ae	arm	0	7		0	arm	0	3000	0		0.0	0.0	0.0	0
230719	IDRose_L_ShulackF_As_P_Key1_Ae	cycle	0	33	timer:2	0	arm	0	8000	0		0.0	0.0	0.0	0
230719	IDRose_L_ShulackF_As_P_Key1_Ae	cycle	0	33	timer:2	1	skill	16519	0	0	MOST_HATED	0.0	0.0	0.0	0
230719	IDRose_L_ShulackF_As_P_Key1_Ae	cycle	1	32	timer:1	0	arm	2	11000	0		0.0	0.0	0.0	0
230719	IDRose_L_ShulackF_As_P_Key1_Ae	cycle	1	32	timer:1	1	skill	18589	0	0	MOST_HATED	0.0	0.0	0.0	0
230719	IDRose_L_ShulackF_As_P_Key1_Ae	cycle	2	31	timer:0	0	arm	1	10000	0		0.0	0.0	0.0	0
230719	IDRose_L_ShulackF_As_P_Key1_Ae	cycle	2	31	timer:0	1	skill	18542	0	0	MOST_HATED	0.0	0.0	0.0	0
230720	IDRose_L_ShulackF_Wi_P_Key_Ae	arm	0	7		0	arm	0	3000	0		0.0	0.0	0.0	0
230720	IDRose_L_ShulackF_Wi_P_Key_Ae	cycle	0	32	timer:1	0	arm	0	8000	0		0.0	0.0	0.0	0
230720	IDRose_L_ShulackF_Wi_P_Key_Ae	cycle	0	32	timer:1	1	skill	16987	0	0	MOST_HATED	0.0	0.0	0.0	0
230720	IDRose_L_ShulackF_Wi_P_Key_Ae	cycle	1	31	timer:0	0	arm	1	13000	0		0.0	0.0	0.0	0
230720	IDRose_L_ShulackF_Wi_P_Key_Ae	cycle	1	31	timer:0	1	skill	18157	0	0	MOST_HATED	0.0	0.0	0.0	0
230721	IDRose_L_ShulackF_Fi_P_Key_Ae	arm	0	7		0	arm	0	5000	0		0.0	0.0	0.0	0
230721	IDRose_L_ShulackF_Fi_P_Key_Ae	cycle	0	32	timer:1	0	arm	0	7000	0		0.0	0.0	0.0	0
230721	IDRose_L_ShulackF_Fi_P_Key_Ae	cycle	0	32	timer:1	1	skill	16519	0	0	MOST_HATED	0.0	0.0	0.0	0
230721	IDRose_L_ShulackF_Fi_P_Key_Ae	cycle	1	31	timer:0	0	arm	1	13000	0		0.0	0.0	0.0	0
230721	IDRose_L_ShulackF_Fi_P_Key_Ae	cycle	1	31	timer:0	1	skill	16525	0	0	MOST_HATED	0.0	0.0	0.0	0
230723	IDRose_L_ShulackF_Fi_P_Key_Ae	arm	0	7		0	arm	0	5000	0		0.0	0.0	0.0	0
230723	IDRose_L_ShulackF_Fi_P_Key_Ae	cycle	0	32	timer:1	0	arm	0	7000	0		0.0	0.0	0.0	0
230723	IDRose_L_ShulackF_Fi_P_Key_Ae	cycle	0	32	timer:1	1	skill	16519	0	0	MOST_HATED	0.0	0.0	0.0	0
230723	IDRose_L_ShulackF_Fi_P_Key_Ae	cycle	1	31	timer:0	0	arm	1	13000	0		0.0	0.0	0.0	0
230723	IDRose_L_ShulackF_Fi_P_Key_Ae	cycle	1	31	timer:0	1	skill	16525	0	0	MOST_HATED	0.0	0.0	0.0	0
230725	IDRose_M_ShulackF_Pr_P_Key_Ae	arm	0	7		0	arm	0	8000	0		0.0	0.0	0.0	0
230725	IDRose_M_ShulackF_Pr_P_Key_Ae	cycle	0	34	timer:3	0	arm	0	8000	0		0.0	0.0	0.0	0
230725	IDRose_M_ShulackF_Pr_P_Key_Ae	cycle	0	34	timer:3	1	skill	17938	0	0	MOST_HATED	0.0	0.0	0.0	0
230725	IDRose_M_ShulackF_Pr_P_Key_Ae	cycle	1	33	timer:2	0	arm	3	8000	0		0.0	0.0	0.0	0
230725	IDRose_M_ShulackF_Pr_P_Key_Ae	cycle	1	33	timer:2	1	skill	18814	0	0	MOST_HATED	0.0	0.0	0.0	0
230725	IDRose_M_ShulackF_Pr_P_Key_Ae	cycle	2	32	timer:1	0	arm	2	13000	0		0.0	0.0	0.0	0
230725	IDRose_M_ShulackF_Pr_P_Key_Ae	cycle	2	32	timer:1	1	skill	18779	0	0	ME	0.0	0.0	0.0	0
230725	IDRose_M_ShulackF_Pr_P_Key_Ae	cycle	3	31	timer:0	0	arm	1	8000	0		0.0	0.0	0.0	0
230725	IDRose_M_ShulackF_Pr_P_Key_Ae	cycle	3	31	timer:0	1	skill	18814	0	0	MOST_HATED	0.0	0.0	0.0	0
230726	IDRose_M_KrallKeeper_Fi_P_Key_Ae	arm	0	7		0	arm	0	12000	0		0.0	0.0	0.0	0
230726	IDRose_M_KrallKeeper_Fi_P_Key_Ae	arm	0	7		1	skill	16536	0	0	ME	0.0	0.0	0.0	0
230726	IDRose_M_KrallKeeper_Fi_P_Key_Ae	cycle	0	32	timer:1	0	arm	0	12000	0		0.0	0.0	0.0	0
230726	IDRose_M_KrallKeeper_Fi_P_Key_Ae	cycle	0	32	timer:1	1	skill	16532	0	0	ME	0.0	0.0	0.0	0
230726	IDRose_M_KrallKeeper_Fi_P_Key_Ae	cycle	1	31	timer:0	0	arm	1	12000	0		0.0	0.0	0.0	0
230726	IDRose_M_KrallKeeper_Fi_P_Key_Ae	cycle	1	31	timer:0	1	skill	16519	0	0	MOST_HATED	0.0	0.0	0.0	0
230727	IDRose_H_ShulackF_Fi_P_Key_Ae	arm	0	7		0	arm	0	5000	0		0.0	0.0	0.0	0
230727	IDRose_H_ShulackF_Fi_P_Key_Ae	cycle	0	32	timer:1	0	arm	0	7000	0		0.0	0.0	0.0	0
230727	IDRose_H_ShulackF_Fi_P_Key_Ae	cycle	0	32	timer:1	1	skill	16519	0	0	MOST_HATED	0.0	0.0	0.0	0
230727	IDRose_H_ShulackF_Fi_P_Key_Ae	cycle	1	31	timer:0	0	arm	1	13000	0		0.0	0.0	0.0	0
230727	IDRose_H_ShulackF_Fi_P_Key_Ae	cycle	1	31	timer:0	1	skill	16525	0	0	MOST_HATED	0.0	0.0	0.0	0
230728	IDRose_H_ShulackF_As_P_Key_Ae	arm	0	7		0	arm	0	3000	0		0.0	0.0	0.0	0
230728	IDRose_H_ShulackF_As_P_Key_Ae	cycle	0	33	timer:2	0	arm	0	8000	0		0.0	0.0	0.0	0
230728	IDRose_H_ShulackF_As_P_Key_Ae	cycle	0	33	timer:2	1	skill	16519	0	0	MOST_HATED	0.0	0.0	0.0	0
230728	IDRose_H_ShulackF_As_P_Key_Ae	cycle	1	32	timer:1	0	arm	2	11000	0		0.0	0.0	0.0	0
230728	IDRose_H_ShulackF_As_P_Key_Ae	cycle	1	32	timer:1	1	skill	16678	0	0	MOST_HATED	0.0	0.0	0.0	0
230728	IDRose_H_ShulackF_As_P_Key_Ae	cycle	2	31	timer:0	0	arm	1	10000	0		0.0	0.0	0.0	0
230728	IDRose_H_ShulackF_As_P_Key_Ae	cycle	2	31	timer:0	1	skill	17006	0	0	MOST_HATED	0.0	0.0	0.0	0
230748	IDF5_TD_Nor_As_Broad	arm	0	7		0	arm	0	7000	0		0.0	0.0	0.0	0
230748	IDF5_TD_Nor_As_Broad	cycle	0	100	timer:0	0	arm	1	10000	0		0.0	0.0	0.0	0
230748	IDF5_TD_Nor_As_Broad	cycle	0	100	timer:0	1	skill	17332	0	0	MOST_HATED	0.0	0.0	0.0	0
230748	IDF5_TD_Nor_As_Broad	cycle	0	100	timer:0	2	broadcast	23001	15	0		0.0	0.0	0.0	0
230748	IDF5_TD_Nor_As_Broad	cycle	1	99	timer:1	0	arm	2	10000	0		0.0	0.0	0.0	0
230748	IDF5_TD_Nor_As_Broad	cycle	1	99	timer:1	1	skill	17333	0	0	MOST_HATED	0.0	0.0	0.0	0
230748	IDF5_TD_Nor_As_Broad	cycle	2	98	timer:2	0	arm	1	15000	0		0.0	0.0	0.0	0
230748	IDF5_TD_Nor_As_Broad	cycle	2	98	timer:2	1	skill	17332	0	0	MOST_HATED	0.0	0.0	0.0	0
230753	IDF5_TD_Nor_Ri_N_65_Ae	arm	0	2		0	arm	0	12000	0		0.0	0.0	0.0	0
230753	IDF5_TD_Nor_Ri_N_65_Ae	arm	0	2		1	skill	20648	0	0	MOST_HATED	0.0	0.0	0.0	0
230753	IDF5_TD_Nor_Ri_N_65_Ae	arm	0	2		2	skill	20704	0	0	MOST_HATED	0.0	0.0	0.0	0
230753	IDF5_TD_Nor_Ri_N_65_Ae	cycle	0	6	timer:3	0	arm	0	10000	0		0.0	0.0	0.0	0
230753	IDF5_TD_Nor_Ri_N_65_Ae	cycle	0	6	timer:3	1	skill	21296	0	0	ME	0.0	0.0	0.0	0
230753	IDF5_TD_Nor_Ri_N_65_Ae	cycle	1	5	timer:2	0	arm	3	10000	0		0.0	0.0	0.0	0
230753	IDF5_TD_Nor_Ri_N_65_Ae	cycle	1	5	timer:2	1	skill	21294	0	0	MOST_HATED	0.0	0.0	0.0	0
230753	IDF5_TD_Nor_Ri_N_65_Ae	cycle	2	4	timer:1	0	arm	2	10000	0		0.0	0.0	0.0	0
230753	IDF5_TD_Nor_Ri_N_65_Ae	cycle	2	4	timer:1	1	skill	21297	0	0	ME	0.0	0.0	0.0	0
230753	IDF5_TD_Nor_Ri_N_65_Ae	cycle	3	3	timer:0	0	arm	1	10000	0		0.0	0.0	0.0	0
230753	IDF5_TD_Nor_Ri_N_65_Ae	cycle	3	3	timer:0	1	skill	21294	0	0	MOST_HATED	0.0	0.0	0.0	0
230755	IDF5_TD_Nor_Pr	arm	0	2		0	arm	0	10000	0		0.0	0.0	0.0	0
230755	IDF5_TD_Nor_Pr	arm	0	2		1	skill	17359	0	0	MOST_HATED	0.0	0.0	0.0	0
230755	IDF5_TD_Nor_Pr	cycle	0	6	timer:3	0	arm	0	10000	0		0.0	0.0	0.0	0
230755	IDF5_TD_Nor_Pr	cycle	0	6	timer:3	1	skill	17359	0	0	MOST_HATED	0.0	0.0	0.0	0
230755	IDF5_TD_Nor_Pr	cycle	1	5	timer:2	0	arm	3	10000	0		0.0	0.0	0.0	0
230755	IDF5_TD_Nor_Pr	cycle	1	5	timer:2	1	skill	21278	0	0	MOST_HATED	0.0	0.0	0.0	0
230755	IDF5_TD_Nor_Pr	cycle	2	4	timer:1	0	arm	2	10000	0		0.0	0.0	0.0	0
230755	IDF5_TD_Nor_Pr	cycle	2	4	timer:1	1	skill	17359	0	0	MOST_HATED	0.0	0.0	0.0	0
230755	IDF5_TD_Nor_Pr	cycle	3	3	timer:0	0	arm	1	10000	0		0.0	0.0	0.0	0
230755	IDF5_TD_Nor_Pr	cycle	3	3	timer:0	1	skill	17700	0	0	MOST_HATED	0.0	0.0	0.0	0
230796	IDVritra_Base_Drakan_As_Officer	arm	0	2		0	arm	0	9000	0		0.0	0.0	0.0	0
230796	IDVritra_Base_Drakan_As_Officer	arm	0	2		1	skill	17332	0	0	MOST_HATED	0.0	0.0	0.0	0
230796	IDVritra_Base_Drakan_As_Officer	cycle	0	6	timer:3	0	arm	0	9000	0		0.0	0.0	0.0	0
230796	IDVritra_Base_Drakan_As_Officer	cycle	0	6	timer:3	1	skill	17332	0	0	MOST_HATED	0.0	0.0	0.0	0
230796	IDVritra_Base_Drakan_As_Officer	cycle	1	5	timer:2	0	arm	3	12000	0		0.0	0.0	0.0	0
230796	IDVritra_Base_Drakan_As_Officer	cycle	1	5	timer:2	1	skill	21286	0	0	MOST_HATED	0.0	0.0	0.0	0
230796	IDVritra_Base_Drakan_As_Officer	cycle	1	5	timer:2	2	skill	21290	0	0	MOST_HATED	0.0	0.0	0.0	0
230796	IDVritra_Base_Drakan_As_Officer	cycle	2	4	timer:1	0	arm	2	9000	0		0.0	0.0	0.0	0
230796	IDVritra_Base_Drakan_As_Officer	cycle	2	4	timer:1	1	skill	17332	0	0	MOST_HATED	0.0	0.0	0.0	0
230796	IDVritra_Base_Drakan_As_Officer	cycle	3	3	timer:0	0	arm	1	9000	0		0.0	0.0	0.0	0
230796	IDVritra_Base_Drakan_As_Officer	cycle	3	3	timer:0	1	skill	17333	0	0	MOST_HATED	0.0	0.0	0.0	0
230797	IDVritra_Base_Drakan_As_Officer	arm	0	2		0	arm	0	9000	0		0.0	0.0	0.0	0
230797	IDVritra_Base_Drakan_As_Officer	arm	0	2		1	skill	17332	0	0	MOST_HATED	0.0	0.0	0.0	0
230797	IDVritra_Base_Drakan_As_Officer	cycle	0	6	timer:3	0	arm	0	9000	0		0.0	0.0	0.0	0
230797	IDVritra_Base_Drakan_As_Officer	cycle	0	6	timer:3	1	skill	17332	0	0	MOST_HATED	0.0	0.0	0.0	0
230797	IDVritra_Base_Drakan_As_Officer	cycle	1	5	timer:2	0	arm	3	12000	0		0.0	0.0	0.0	0
230797	IDVritra_Base_Drakan_As_Officer	cycle	1	5	timer:2	1	skill	21286	0	0	MOST_HATED	0.0	0.0	0.0	0
230797	IDVritra_Base_Drakan_As_Officer	cycle	1	5	timer:2	2	skill	21290	0	0	MOST_HATED	0.0	0.0	0.0	0
230797	IDVritra_Base_Drakan_As_Officer	cycle	2	4	timer:1	0	arm	2	9000	0		0.0	0.0	0.0	0
230797	IDVritra_Base_Drakan_As_Officer	cycle	2	4	timer:1	1	skill	17332	0	0	MOST_HATED	0.0	0.0	0.0	0
230797	IDVritra_Base_Drakan_As_Officer	cycle	3	3	timer:0	0	arm	1	9000	0		0.0	0.0	0.0	0
230797	IDVritra_Base_Drakan_As_Officer	cycle	3	3	timer:0	1	skill	17333	0	0	MOST_HATED	0.0	0.0	0.0	0
230808	IDVritra_Base_Drakan_Pr_Officer	arm	0	2		0	arm	0	10000	0		0.0	0.0	0.0	0
230808	IDVritra_Base_Drakan_Pr_Officer	arm	0	2		1	skill	17359	0	0	MOST_HATED	0.0	0.0	0.0	0
230808	IDVritra_Base_Drakan_Pr_Officer	cycle	0	6	timer:3	0	arm	0	10000	0		0.0	0.0	0.0	0
230808	IDVritra_Base_Drakan_Pr_Officer	cycle	0	6	timer:3	1	skill	17359	0	0	MOST_HATED	0.0	0.0	0.0	0
230808	IDVritra_Base_Drakan_Pr_Officer	cycle	1	5	timer:2	0	arm	3	10000	0		0.0	0.0	0.0	0
230808	IDVritra_Base_Drakan_Pr_Officer	cycle	1	5	timer:2	1	skill	21278	0	0	MOST_HATED	0.0	0.0	0.0	0
230808	IDVritra_Base_Drakan_Pr_Officer	cycle	2	4	timer:1	0	arm	2	10000	0		0.0	0.0	0.0	0
230808	IDVritra_Base_Drakan_Pr_Officer	cycle	2	4	timer:1	1	skill	17359	0	0	MOST_HATED	0.0	0.0	0.0	0
230808	IDVritra_Base_Drakan_Pr_Officer	cycle	3	3	timer:0	0	arm	1	10000	0		0.0	0.0	0.0	0
230808	IDVritra_Base_Drakan_Pr_Officer	cycle	3	3	timer:0	1	skill	17700	0	0	MOST_HATED	0.0	0.0	0.0	0
230809	IDVritra_Base_Drakan_Pr_Officer	arm	0	2		0	arm	0	10000	0		0.0	0.0	0.0	0
230809	IDVritra_Base_Drakan_Pr_Officer	arm	0	2		1	skill	17359	0	0	MOST_HATED	0.0	0.0	0.0	0
230809	IDVritra_Base_Drakan_Pr_Officer	cycle	0	6	timer:3	0	arm	0	10000	0		0.0	0.0	0.0	0
230809	IDVritra_Base_Drakan_Pr_Officer	cycle	0	6	timer:3	1	skill	17359	0	0	MOST_HATED	0.0	0.0	0.0	0
230809	IDVritra_Base_Drakan_Pr_Officer	cycle	1	5	timer:2	0	arm	3	10000	0		0.0	0.0	0.0	0
230809	IDVritra_Base_Drakan_Pr_Officer	cycle	1	5	timer:2	1	skill	21278	0	0	MOST_HATED	0.0	0.0	0.0	0
230809	IDVritra_Base_Drakan_Pr_Officer	cycle	2	4	timer:1	0	arm	2	10000	0		0.0	0.0	0.0	0
230809	IDVritra_Base_Drakan_Pr_Officer	cycle	2	4	timer:1	1	skill	17359	0	0	MOST_HATED	0.0	0.0	0.0	0
230809	IDVritra_Base_Drakan_Pr_Officer	cycle	3	3	timer:0	0	arm	1	10000	0		0.0	0.0	0.0	0
230809	IDVritra_Base_Drakan_Pr_Officer	cycle	3	3	timer:0	1	skill	17700	0	0	MOST_HATED	0.0	0.0	0.0	0
230812	IDVritra_Base_Drakan_Ri_Officer	arm	0	2		0	skill	20648	0	0	MOST_HATED	0.0	0.0	0.0	0
230812	IDVritra_Base_Drakan_Ri_Officer	arm	0	2		1	skill	20704	0	0	MOST_HATED	0.0	0.0	0.0	0
230812	IDVritra_Base_Drakan_Ri_Officer	cycle	0	6	timer:3	0	arm	0	10000	0		0.0	0.0	0.0	0
230812	IDVritra_Base_Drakan_Ri_Officer	cycle	0	6	timer:3	1	skill	21296	0	0	ME	0.0	0.0	0.0	0
230812	IDVritra_Base_Drakan_Ri_Officer	cycle	1	5	timer:2	0	arm	3	10000	0		0.0	0.0	0.0	0
230812	IDVritra_Base_Drakan_Ri_Officer	cycle	1	5	timer:2	1	skill	21294	0	0	MOST_HATED	0.0	0.0	0.0	0
230812	IDVritra_Base_Drakan_Ri_Officer	cycle	2	4	timer:1	0	arm	2	10000	0		0.0	0.0	0.0	0
230812	IDVritra_Base_Drakan_Ri_Officer	cycle	2	4	timer:1	1	skill	21297	0	0	ME	0.0	0.0	0.0	0
230812	IDVritra_Base_Drakan_Ri_Officer	cycle	3	3	timer:0	0	arm	1	10000	0		0.0	0.0	0.0	0
230812	IDVritra_Base_Drakan_Ri_Officer	cycle	3	3	timer:0	1	skill	21294	0	0	MOST_HATED	0.0	0.0	0.0	0
230813	IDVritra_Base_Drakan_Ri_Officer	arm	0	2		0	skill	20648	0	0	MOST_HATED	0.0	0.0	0.0	0
230813	IDVritra_Base_Drakan_Ri_Officer	arm	0	2		1	skill	20704	0	0	MOST_HATED	0.0	0.0	0.0	0
230813	IDVritra_Base_Drakan_Ri_Officer	cycle	0	6	timer:3	0	arm	0	10000	0		0.0	0.0	0.0	0
230813	IDVritra_Base_Drakan_Ri_Officer	cycle	0	6	timer:3	1	skill	21296	0	0	ME	0.0	0.0	0.0	0
230813	IDVritra_Base_Drakan_Ri_Officer	cycle	1	5	timer:2	0	arm	3	10000	0		0.0	0.0	0.0	0
230813	IDVritra_Base_Drakan_Ri_Officer	cycle	1	5	timer:2	1	skill	21294	0	0	MOST_HATED	0.0	0.0	0.0	0
230813	IDVritra_Base_Drakan_Ri_Officer	cycle	2	4	timer:1	0	arm	2	10000	0		0.0	0.0	0.0	0
230813	IDVritra_Base_Drakan_Ri_Officer	cycle	2	4	timer:1	1	skill	21297	0	0	ME	0.0	0.0	0.0	0
230813	IDVritra_Base_Drakan_Ri_Officer	cycle	3	3	timer:0	0	arm	1	10000	0		0.0	0.0	0.0	0
230813	IDVritra_Base_Drakan_Ri_Officer	cycle	3	3	timer:0	1	skill	21294	0	0	MOST_HATED	0.0	0.0	0.0	0
230824	IDVritra_Base_Drakan_Ba_Officer	arm	0	2		0	arm	0	9000	0		0.0	0.0	0.0	0
230824	IDVritra_Base_Drakan_Ba_Officer	arm	0	2		1	skill	20715	0	0	MOST_HATED	0.0	0.0	0.0	0
230824	IDVritra_Base_Drakan_Ba_Officer	cycle	0	6	timer:3	0	arm	0	12000	0		0.0	0.0	0.0	0
230824	IDVritra_Base_Drakan_Ba_Officer	cycle	0	6	timer:3	1	skill	20714	0	0	MOST_HATED	0.0	0.0	0.0	0
230824	IDVritra_Base_Drakan_Ba_Officer	cycle	1	5	timer:2	0	arm	3	9000	0		0.0	0.0	0.0	0
230824	IDVritra_Base_Drakan_Ba_Officer	cycle	1	5	timer:2	1	skill	20960	0	0	MOST_HATED	0.0	0.0	0.0	0
230824	IDVritra_Base_Drakan_Ba_Officer	cycle	2	4	timer:1	0	arm	2	9000	0		0.0	0.0	0.0	0
230824	IDVritra_Base_Drakan_Ba_Officer	cycle	2	4	timer:1	1	skill	20959	0	0	MOST_HATED	0.0	0.0	0.0	0
230824	IDVritra_Base_Drakan_Ba_Officer	cycle	3	3	timer:0	0	arm	1	9000	0		0.0	0.0	0.0	0
230824	IDVritra_Base_Drakan_Ba_Officer	cycle	3	3	timer:0	1	skill	20960	0	0	MOST_HATED	0.0	0.0	0.0	0
230825	IDVritra_Base_Drakan_Ba_Officer	arm	0	2		0	arm	0	9000	0		0.0	0.0	0.0	0
230825	IDVritra_Base_Drakan_Ba_Officer	arm	0	2		1	skill	20715	0	0	MOST_HATED	0.0	0.0	0.0	0
230825	IDVritra_Base_Drakan_Ba_Officer	cycle	0	6	timer:3	0	arm	0	12000	0		0.0	0.0	0.0	0
230825	IDVritra_Base_Drakan_Ba_Officer	cycle	0	6	timer:3	1	skill	20714	0	0	MOST_HATED	0.0	0.0	0.0	0
230825	IDVritra_Base_Drakan_Ba_Officer	cycle	1	5	timer:2	0	arm	3	9000	0		0.0	0.0	0.0	0
230825	IDVritra_Base_Drakan_Ba_Officer	cycle	1	5	timer:2	1	skill	20960	0	0	MOST_HATED	0.0	0.0	0.0	0
230825	IDVritra_Base_Drakan_Ba_Officer	cycle	2	4	timer:1	0	arm	2	9000	0		0.0	0.0	0.0	0
230825	IDVritra_Base_Drakan_Ba_Officer	cycle	2	4	timer:1	1	skill	20959	0	0	MOST_HATED	0.0	0.0	0.0	0
230825	IDVritra_Base_Drakan_Ba_Officer	cycle	3	3	timer:0	0	arm	1	9000	0		0.0	0.0	0.0	0
230825	IDVritra_Base_Drakan_Ba_Officer	cycle	3	3	timer:0	1	skill	20960	0	0	MOST_HATED	0.0	0.0	0.0	0
230826	IDVritra_Base_Lizardman_Fi	arm	0	3		0	arm	0	10000	0		0.0	0.0	0.0	0
230826	IDVritra_Base_Lizardman_Fi	arm	0	3		1	skill	16602	0	0	MOST_HATED	0.0	0.0	0.0	0
230826	IDVritra_Base_Lizardman_Fi	cycle	0	6	timer:2	0	arm	0	10000	0		0.0	0.0	0.0	0
230826	IDVritra_Base_Lizardman_Fi	cycle	0	6	timer:2	1	skill	16602	0	0	MOST_HATED	0.0	0.0	0.0	0
230826	IDVritra_Base_Lizardman_Fi	cycle	1	5	timer:1	0	arm	2	10000	0		0.0	0.0	0.0	0
230826	IDVritra_Base_Lizardman_Fi	cycle	1	5	timer:1	1	skill	16608	0	0	MOST_HATED	0.0	0.0	0.0	0
230826	IDVritra_Base_Lizardman_Fi	cycle	2	4	timer:0	0	arm	1	10000	0		0.0	0.0	0.0	0
230826	IDVritra_Base_Lizardman_Fi	cycle	2	4	timer:0	1	skill	16602	0	0	MOST_HATED	0.0	0.0	0.0	0
230827	IDVritra_Base_Lizardman_Fi	arm	0	3		0	arm	0	10000	0		0.0	0.0	0.0	0
230827	IDVritra_Base_Lizardman_Fi	arm	0	3		1	skill	16602	0	0	MOST_HATED	0.0	0.0	0.0	0
230827	IDVritra_Base_Lizardman_Fi	cycle	0	6	timer:2	0	arm	0	10000	0		0.0	0.0	0.0	0
230827	IDVritra_Base_Lizardman_Fi	cycle	0	6	timer:2	1	skill	16602	0	0	MOST_HATED	0.0	0.0	0.0	0
230827	IDVritra_Base_Lizardman_Fi	cycle	1	5	timer:1	0	arm	2	10000	0		0.0	0.0	0.0	0
230827	IDVritra_Base_Lizardman_Fi	cycle	1	5	timer:1	1	skill	16608	0	0	MOST_HATED	0.0	0.0	0.0	0
230827	IDVritra_Base_Lizardman_Fi	cycle	2	4	timer:0	0	arm	1	10000	0		0.0	0.0	0.0	0
230827	IDVritra_Base_Lizardman_Fi	cycle	2	4	timer:0	1	skill	16602	0	0	MOST_HATED	0.0	0.0	0.0	0
230828	IDVritra_Base_Lizardman_Fi	arm	0	3		0	arm	0	10000	0		0.0	0.0	0.0	0
230828	IDVritra_Base_Lizardman_Fi	arm	0	3		1	skill	16602	0	0	MOST_HATED	0.0	0.0	0.0	0
230828	IDVritra_Base_Lizardman_Fi	cycle	0	6	timer:2	0	arm	0	10000	0		0.0	0.0	0.0	0
230828	IDVritra_Base_Lizardman_Fi	cycle	0	6	timer:2	1	skill	16602	0	0	MOST_HATED	0.0	0.0	0.0	0
230828	IDVritra_Base_Lizardman_Fi	cycle	1	5	timer:1	0	arm	2	10000	0		0.0	0.0	0.0	0
230828	IDVritra_Base_Lizardman_Fi	cycle	1	5	timer:1	1	skill	16608	0	0	MOST_HATED	0.0	0.0	0.0	0
230828	IDVritra_Base_Lizardman_Fi	cycle	2	4	timer:0	0	arm	1	10000	0		0.0	0.0	0.0	0
230828	IDVritra_Base_Lizardman_Fi	cycle	2	4	timer:0	1	skill	16602	0	0	MOST_HATED	0.0	0.0	0.0	0
230829	IDVritra_Base_Lizardman_Fi	arm	0	3		0	arm	0	10000	0		0.0	0.0	0.0	0
230829	IDVritra_Base_Lizardman_Fi	arm	0	3		1	skill	16602	0	0	MOST_HATED	0.0	0.0	0.0	0
230829	IDVritra_Base_Lizardman_Fi	cycle	0	6	timer:2	0	arm	0	10000	0		0.0	0.0	0.0	0
230829	IDVritra_Base_Lizardman_Fi	cycle	0	6	timer:2	1	skill	16602	0	0	MOST_HATED	0.0	0.0	0.0	0
230829	IDVritra_Base_Lizardman_Fi	cycle	1	5	timer:1	0	arm	2	10000	0		0.0	0.0	0.0	0
230829	IDVritra_Base_Lizardman_Fi	cycle	1	5	timer:1	1	skill	16608	0	0	MOST_HATED	0.0	0.0	0.0	0
230829	IDVritra_Base_Lizardman_Fi	cycle	2	4	timer:0	0	arm	1	10000	0		0.0	0.0	0.0	0
230829	IDVritra_Base_Lizardman_Fi	cycle	2	4	timer:0	1	skill	16602	0	0	MOST_HATED	0.0	0.0	0.0	0
230830	IDVritra_Base_Lizardman_Ra	arm	0	3		0	arm	0	10000	0		0.0	0.0	0.0	0
230830	IDVritra_Base_Lizardman_Ra	arm	0	3		1	skill	19430	0	0	MOST_HATED	0.0	0.0	0.0	0
230830	IDVritra_Base_Lizardman_Ra	cycle	0	6	timer:2	0	arm	0	10000	0		0.0	0.0	0.0	0
230830	IDVritra_Base_Lizardman_Ra	cycle	0	6	timer:2	1	skill	19430	0	0	MOST_HATED	0.0	0.0	0.0	0
230830	IDVritra_Base_Lizardman_Ra	cycle	1	5	timer:1	0	arm	2	10000	0		0.0	0.0	0.0	0
230830	IDVritra_Base_Lizardman_Ra	cycle	1	5	timer:1	1	skill	16748	0	0	MOST_HATED	0.0	0.0	0.0	0
230830	IDVritra_Base_Lizardman_Ra	cycle	2	4	timer:0	0	arm	1	10000	0		0.0	0.0	0.0	0
230830	IDVritra_Base_Lizardman_Ra	cycle	2	4	timer:0	1	skill	16813	0	0	MOST_HATED	0.0	0.0	0.0	0
230831	IDVritra_Base_Lizardman_Ra	arm	0	3		0	arm	0	10000	0		0.0	0.0	0.0	0
230831	IDVritra_Base_Lizardman_Ra	arm	0	3		1	skill	19430	0	0	MOST_HATED	0.0	0.0	0.0	0
230831	IDVritra_Base_Lizardman_Ra	cycle	0	6	timer:2	0	arm	0	10000	0		0.0	0.0	0.0	0
230831	IDVritra_Base_Lizardman_Ra	cycle	0	6	timer:2	1	skill	19430	0	0	MOST_HATED	0.0	0.0	0.0	0
230831	IDVritra_Base_Lizardman_Ra	cycle	1	5	timer:1	0	arm	2	10000	0		0.0	0.0	0.0	0
230831	IDVritra_Base_Lizardman_Ra	cycle	1	5	timer:1	1	skill	16748	0	0	MOST_HATED	0.0	0.0	0.0	0
230831	IDVritra_Base_Lizardman_Ra	cycle	2	4	timer:0	0	arm	1	10000	0		0.0	0.0	0.0	0
230831	IDVritra_Base_Lizardman_Ra	cycle	2	4	timer:0	1	skill	16813	0	0	MOST_HATED	0.0	0.0	0.0	0
230832	IDVritra_Base_Lizardman_Ra	arm	0	3		0	arm	0	10000	0		0.0	0.0	0.0	0
230832	IDVritra_Base_Lizardman_Ra	arm	0	3		1	skill	19430	0	0	MOST_HATED	0.0	0.0	0.0	0
230832	IDVritra_Base_Lizardman_Ra	cycle	0	6	timer:2	0	arm	0	10000	0		0.0	0.0	0.0	0
230832	IDVritra_Base_Lizardman_Ra	cycle	0	6	timer:2	1	skill	19430	0	0	MOST_HATED	0.0	0.0	0.0	0
230832	IDVritra_Base_Lizardman_Ra	cycle	1	5	timer:1	0	arm	2	10000	0		0.0	0.0	0.0	0
230832	IDVritra_Base_Lizardman_Ra	cycle	1	5	timer:1	1	skill	16748	0	0	MOST_HATED	0.0	0.0	0.0	0
230832	IDVritra_Base_Lizardman_Ra	cycle	2	4	timer:0	0	arm	1	10000	0		0.0	0.0	0.0	0
230832	IDVritra_Base_Lizardman_Ra	cycle	2	4	timer:0	1	skill	16813	0	0	MOST_HATED	0.0	0.0	0.0	0
230833	IDVritra_Base_Lizardman_Ra	arm	0	3		0	arm	0	10000	0		0.0	0.0	0.0	0
230833	IDVritra_Base_Lizardman_Ra	arm	0	3		1	skill	19430	0	0	MOST_HATED	0.0	0.0	0.0	0
230833	IDVritra_Base_Lizardman_Ra	cycle	0	6	timer:2	0	arm	0	10000	0		0.0	0.0	0.0	0
230833	IDVritra_Base_Lizardman_Ra	cycle	0	6	timer:2	1	skill	19430	0	0	MOST_HATED	0.0	0.0	0.0	0
230833	IDVritra_Base_Lizardman_Ra	cycle	1	5	timer:1	0	arm	2	10000	0		0.0	0.0	0.0	0
230833	IDVritra_Base_Lizardman_Ra	cycle	1	5	timer:1	1	skill	16748	0	0	MOST_HATED	0.0	0.0	0.0	0
230833	IDVritra_Base_Lizardman_Ra	cycle	2	4	timer:0	0	arm	1	10000	0		0.0	0.0	0.0	0
230833	IDVritra_Base_Lizardman_Ra	cycle	2	4	timer:0	1	skill	16813	0	0	MOST_HATED	0.0	0.0	0.0	0
230838	IDVritra_Base_SpallerBomb	arm	0	2		0	arm	0	6000	0		0.0	0.0	0.0	0
230838	IDVritra_Base_SpallerBomb	cycle	0	1	timer:0	0	arm	0	10000	0		0.0	0.0	0.0	0
230838	IDVritra_Base_SpallerBomb	cycle	0	1	timer:0	1	skill	21300	0	0	MOST_HATED	0.0	0.0	0.0	0
230844	IDVritra_Base_Golem	arm	0	4		0	arm	0	3000	0		0.0	0.0	0.0	0
230844	IDVritra_Base_Golem	cycle	0	3	timer:0	0	arm	1	7000	0		0.0	0.0	0.0	0
230844	IDVritra_Base_Golem	cycle	0	3	timer:0	1	skill	16516	0	0	MOST_HATED	0.0	0.0	0.0	0
230844	IDVritra_Base_Golem	cycle	1	2	timer:1|hp_below:50	0	arm	1	10000	0		0.0	0.0	0.0	0
230844	IDVritra_Base_Golem	cycle	1	2	timer:1|hp_below:50	1	skill	16519	0	0	MOST_HATED	0.0	0.0	0.0	0
230844	IDVritra_Base_Golem	cycle	2	1	timer:1	0	arm	0	3000	0		0.0	0.0	0.0	0
230860	AD2_BT10st0	arm	0	1		0	arm	0	10000	0		0.0	0.0	0.0	0
230860	AD2_BT10st0	cycle	0	2	timer:0	0	arm	0	10000	0		0.0	0.0	0.0	0
230860	AD2_BT10st0	cycle	0	2	timer:0	1	skill	17558	0	0	MOST_HATED	0.0	0.0	0.0	0
230861	AD2_BT10st0	arm	0	1		0	arm	0	10000	0		0.0	0.0	0.0	0
230861	AD2_BT10st0	cycle	0	2	timer:0	0	arm	0	10000	0		0.0	0.0	0.0	0
230861	AD2_BT10st0	cycle	0	2	timer:0	1	skill	17558	0	0	MOST_HATED	0.0	0.0	0.0	0
230889	TR_Drakan_As_Broad_Second_solo	arm	0	5		0	arm	0	5000	0		0.0	0.0	0.0	0
230889	TR_Drakan_As_Broad_Second_solo	cycle	0	9	timer:3	0	arm	2	15000	0		0.0	0.0	0.0	0
230889	TR_Drakan_As_Broad_Second_solo	cycle	0	9	timer:3	1	skill	16516	0	0	MOST_HATED	0.0	0.0	0.0	0
230889	TR_Drakan_As_Broad_Second_solo	cycle	1	8	timer:2	0	arm	3	15000	0		0.0	0.0	0.0	0
230889	TR_Drakan_As_Broad_Second_solo	cycle	1	8	timer:2	1	skill	16519	0	0	MOST_HATED	0.0	0.0	0.0	0
230889	TR_Drakan_As_Broad_Second_solo	cycle	2	7	timer:1	0	arm	2	10000	0		0.0	0.0	0.0	0
230889	TR_Drakan_As_Broad_Second_solo	cycle	2	7	timer:1	1	skill	20562	0	0	ME	0.0	0.0	0.0	0
230889	TR_Drakan_As_Broad_Second_solo	cycle	2	7	timer:1	2	say	1500837	0	0		0.0	0.0	0.0	0
230889	TR_Drakan_As_Broad_Second_solo	cycle	2	7	timer:1	3	broadcast	22002	20	0		0.0	0.0	0.0	0
230889	TR_Drakan_As_Broad_Second_solo	cycle	3	6	timer:0	0	arm	1	7000	0		0.0	0.0	0.0	0
230889	TR_Drakan_As_Broad_Second_solo	cycle	3	6	timer:0	1	skill	16516	0	0	MOST_HATED	0.0	0.0	0.0	0
230890	TR_Drakan_As_Broad_Third_solo	arm	0	5		0	arm	0	5000	0		0.0	0.0	0.0	0
230890	TR_Drakan_As_Broad_Third_solo	cycle	0	9	timer:3	0	arm	2	15000	0		0.0	0.0	0.0	0
230890	TR_Drakan_As_Broad_Third_solo	cycle	0	9	timer:3	1	skill	16516	0	0	MOST_HATED	0.0	0.0	0.0	0
230890	TR_Drakan_As_Broad_Third_solo	cycle	1	8	timer:2	0	arm	3	15000	0		0.0	0.0	0.0	0
230890	TR_Drakan_As_Broad_Third_solo	cycle	1	8	timer:2	1	skill	16519	0	0	MOST_HATED	0.0	0.0	0.0	0
230890	TR_Drakan_As_Broad_Third_solo	cycle	2	7	timer:1	0	arm	2	10000	0		0.0	0.0	0.0	0
230890	TR_Drakan_As_Broad_Third_solo	cycle	2	7	timer:1	1	skill	20562	0	0	ME	0.0	0.0	0.0	0
230890	TR_Drakan_As_Broad_Third_solo	cycle	2	7	timer:1	2	say	1500836	0	0		0.0	0.0	0.0	0
230890	TR_Drakan_As_Broad_Third_solo	cycle	2	7	timer:1	3	broadcast	22001	20	0		0.0	0.0	0.0	0
230890	TR_Drakan_As_Broad_Third_solo	cycle	3	6	timer:0	0	arm	1	7000	0		0.0	0.0	0.0	0
230890	TR_Drakan_As_Broad_Third_solo	cycle	3	6	timer:0	1	skill	16516	0	0	MOST_HATED	0.0	0.0	0.0	0
230891	TR_Drakan_As_Broad_Fourth_solo	arm	0	5		0	arm	0	5000	0		0.0	0.0	0.0	0
230891	TR_Drakan_As_Broad_Fourth_solo	cycle	0	9	timer:3	0	arm	2	15000	0		0.0	0.0	0.0	0
230891	TR_Drakan_As_Broad_Fourth_solo	cycle	0	9	timer:3	1	skill	16516	0	0	MOST_HATED	0.0	0.0	0.0	0
230891	TR_Drakan_As_Broad_Fourth_solo	cycle	1	8	timer:2	0	arm	3	15000	0		0.0	0.0	0.0	0
230891	TR_Drakan_As_Broad_Fourth_solo	cycle	1	8	timer:2	1	skill	16519	0	0	MOST_HATED	0.0	0.0	0.0	0
230891	TR_Drakan_As_Broad_Fourth_solo	cycle	2	7	timer:1	0	arm	2	10000	0		0.0	0.0	0.0	0
230891	TR_Drakan_As_Broad_Fourth_solo	cycle	2	7	timer:1	1	skill	20562	0	0	ME	0.0	0.0	0.0	0
230891	TR_Drakan_As_Broad_Fourth_solo	cycle	2	7	timer:1	2	broadcast	22004	20	0		0.0	0.0	0.0	0
230891	TR_Drakan_As_Broad_Fourth_solo	cycle	2	7	timer:1	3	say	1500837	0	0		0.0	0.0	0.0	0
230891	TR_Drakan_As_Broad_Fourth_solo	cycle	3	6	timer:0	0	arm	1	7000	0		0.0	0.0	0.0	0
230891	TR_Drakan_As_Broad_Fourth_solo	cycle	3	6	timer:0	1	skill	16516	0	0	MOST_HATED	0.0	0.0	0.0	0
230894	TR_Drakan_Pr_Heal_solo	arm	0	5		0	arm	0	7000	0		0.0	0.0	0.0	0
230894	TR_Drakan_Pr_Heal_solo	cycle	0	7	timer:1	0	arm	0	13000	0		0.0	0.0	0.0	0
230894	TR_Drakan_Pr_Heal_solo	cycle	0	7	timer:1	1	skill	20514	0	0	ME	0.0	0.0	0.0	0
230894	TR_Drakan_Pr_Heal_solo	cycle	1	6	timer:0	0	arm	1	10000	0		0.0	0.0	0.0	0
230894	TR_Drakan_Pr_Heal_solo	cycle	1	6	timer:0	1	skill	20517	0	0	MOST_HATED	0.0	0.0	0.0	0
230897	TR_Drakan_Fi_Stun_solo	arm	0	5		0	arm	0	5000	0		0.0	0.0	0.0	0
230897	TR_Drakan_Fi_Stun_solo	cycle	0	9	timer:3	0	arm	2	15000	0		0.0	0.0	0.0	0
230897	TR_Drakan_Fi_Stun_solo	cycle	0	9	timer:3	1	skill	16516	0	0	MOST_HATED	0.0	0.0	0.0	0
230897	TR_Drakan_Fi_Stun_solo	cycle	1	8	timer:2	0	arm	3	15000	0		0.0	0.0	0.0	0
230897	TR_Drakan_Fi_Stun_solo	cycle	1	8	timer:2	1	skill	18322	0	0	MOST_HATED	0.0	0.0	0.0	0
230897	TR_Drakan_Fi_Stun_solo	cycle	2	7	timer:1	0	arm	2	12000	0		0.0	0.0	0.0	0
230897	TR_Drakan_Fi_Stun_solo	cycle	2	7	timer:1	1	skill	20078	0	0	MOST_HATED	0.0	0.0	0.0	0
230897	TR_Drakan_Fi_Stun_solo	cycle	2	7	timer:1	2	skill	21148	0	0	MOST_HATED	0.0	0.0	0.0	0
230897	TR_Drakan_Fi_Stun_solo	cycle	3	6	timer:0	0	arm	1	8000	0		0.0	0.0	0.0	0
230897	TR_Drakan_Fi_Stun_solo	cycle	3	6	timer:0	1	skill	16516	0	0	MOST_HATED	0.0	0.0	0.0	0
230911	TR_Lizard_Fi_DD_First_Party	arm	0	6		0	arm	0	5000	0		0.0	0.0	0.0	0
230911	TR_Lizard_Fi_DD_First_Party	cycle	0	9	timer:2	0	arm	0	11000	0		0.0	0.0	0.0	0
230911	TR_Lizard_Fi_DD_First_Party	cycle	0	9	timer:2	1	skill	16602	0	0	MOST_HATED	0.0	0.0	0.0	0
230911	TR_Lizard_Fi_DD_First_Party	cycle	1	8	timer:1	0	arm	2	11000	0		0.0	0.0	0.0	0
230911	TR_Lizard_Fi_DD_First_Party	cycle	1	8	timer:1	1	skill	16608	0	0	ME	0.0	0.0	0.0	0
230911	TR_Lizard_Fi_DD_First_Party	cycle	2	7	timer:0	0	arm	1	10000	0		0.0	0.0	0.0	0
230911	TR_Lizard_Fi_DD_First_Party	cycle	2	7	timer:0	1	skill	16602	0	0	MOST_HATED	0.0	0.0	0.0	0
230913	TR_Lizard_Fi_DD_Second_Party	arm	0	6		0	arm	0	5000	0		0.0	0.0	0.0	0
230913	TR_Lizard_Fi_DD_Second_Party	cycle	0	9	timer:2	0	arm	0	10000	0		0.0	0.0	0.0	0
230913	TR_Lizard_Fi_DD_Second_Party	cycle	0	9	timer:2	1	skill	16602	0	0	MOST_HATED	0.0	0.0	0.0	0
230913	TR_Lizard_Fi_DD_Second_Party	cycle	1	8	timer:1	0	arm	2	11000	0		0.0	0.0	0.0	0
230913	TR_Lizard_Fi_DD_Second_Party	cycle	1	8	timer:1	1	skill	16608	0	0	ME	0.0	0.0	0.0	0
230913	TR_Lizard_Fi_DD_Second_Party	cycle	2	7	timer:0	0	arm	1	10000	0		0.0	0.0	0.0	0
230913	TR_Lizard_Fi_DD_Second_Party	cycle	2	7	timer:0	1	skill	16602	0	0	MOST_HATED	0.0	0.0	0.0	0
230915	TR_Lizard_Fi_DD_Third_Party	arm	0	6		0	arm	0	5000	0		0.0	0.0	0.0	0
230915	TR_Lizard_Fi_DD_Third_Party	cycle	0	9	timer:2	0	arm	0	10000	0		0.0	0.0	0.0	0
230915	TR_Lizard_Fi_DD_Third_Party	cycle	0	9	timer:2	1	skill	16602	0	0	MOST_HATED	0.0	0.0	0.0	0
230915	TR_Lizard_Fi_DD_Third_Party	cycle	1	8	timer:1	0	arm	2	11000	0		0.0	0.0	0.0	0
230915	TR_Lizard_Fi_DD_Third_Party	cycle	1	8	timer:1	1	skill	16608	0	0	ME	0.0	0.0	0.0	0
230915	TR_Lizard_Fi_DD_Third_Party	cycle	2	7	timer:0	0	arm	1	10000	0		0.0	0.0	0.0	0
230915	TR_Lizard_Fi_DD_Third_Party	cycle	2	7	timer:0	1	skill	16602	0	0	MOST_HATED	0.0	0.0	0.0	0
230917	TR_Lizard_Fi_DD_Fourth_Party	arm	0	6		0	arm	0	5000	0		0.0	0.0	0.0	0
230917	TR_Lizard_Fi_DD_Fourth_Party	cycle	0	9	timer:2	0	arm	0	10000	0		0.0	0.0	0.0	0
230917	TR_Lizard_Fi_DD_Fourth_Party	cycle	0	9	timer:2	1	skill	16602	0	0	MOST_HATED	0.0	0.0	0.0	0
230917	TR_Lizard_Fi_DD_Fourth_Party	cycle	1	8	timer:1	0	arm	2	11000	0		0.0	0.0	0.0	0
230917	TR_Lizard_Fi_DD_Fourth_Party	cycle	1	8	timer:1	1	skill	16608	0	0	ME	0.0	0.0	0.0	0
230917	TR_Lizard_Fi_DD_Fourth_Party	cycle	2	7	timer:0	0	arm	1	10000	0		0.0	0.0	0.0	0
230917	TR_Lizard_Fi_DD_Fourth_Party	cycle	2	7	timer:0	1	skill	16602	0	0	MOST_HATED	0.0	0.0	0.0	0
230919	TR_Drakan_As_Broad_First_Party	arm	0	5		0	arm	0	7000	0		0.0	0.0	0.0	0
230919	TR_Drakan_As_Broad_First_Party	arm	0	5		1	skill	20562	0	0	ME	0.0	0.0	0.0	0
230919	TR_Drakan_As_Broad_First_Party	arm	0	5		2	broadcast	22001	20	0		0.0	0.0	0.0	0
230919	TR_Drakan_As_Broad_First_Party	arm	0	5		3	say	1500836	0	0		0.0	0.0	0.0	0
230919	TR_Drakan_As_Broad_First_Party	cycle	0	8	timer:2	0	arm	0	7000	0		0.0	0.0	0.0	0
230919	TR_Drakan_As_Broad_First_Party	cycle	0	8	timer:2	1	skill	20562	0	0	ME	0.0	0.0	0.0	0
230919	TR_Drakan_As_Broad_First_Party	cycle	0	8	timer:2	2	say	1500836	0	0		0.0	0.0	0.0	0
230919	TR_Drakan_As_Broad_First_Party	cycle	0	8	timer:2	3	broadcast	22001	20	0		0.0	0.0	0.0	0
230919	TR_Drakan_As_Broad_First_Party	cycle	1	7	timer:1	0	arm	2	12000	0		0.0	0.0	0.0	0
230919	TR_Drakan_As_Broad_First_Party	cycle	1	7	timer:1	1	skill	20525	0	0	ME	0.0	0.0	0.0	0
230919	TR_Drakan_As_Broad_First_Party	cycle	2	6	timer:0	0	arm	1	7000	0		0.0	0.0	0.0	0
230919	TR_Drakan_As_Broad_First_Party	cycle	2	6	timer:0	1	skill	16516	0	0	MOST_HATED	0.0	0.0	0.0	0
230921	TR_Drakan_As_Broad_Third_Party	arm	0	5		0	arm	0	7000	0		0.0	0.0	0.0	0
230921	TR_Drakan_As_Broad_Third_Party	arm	0	5		1	skill	20562	0	0	ME	0.0	0.0	0.0	0
230921	TR_Drakan_As_Broad_Third_Party	arm	0	5		2	say	1500836	0	0		0.0	0.0	0.0	0
230921	TR_Drakan_As_Broad_Third_Party	arm	0	5		3	broadcast	22001	20	0		0.0	0.0	0.0	0
230921	TR_Drakan_As_Broad_Third_Party	cycle	0	8	timer:2	0	arm	0	7000	0		0.0	0.0	0.0	0
230921	TR_Drakan_As_Broad_Third_Party	cycle	0	8	timer:2	1	skill	20562	0	0	ME	0.0	0.0	0.0	0
230921	TR_Drakan_As_Broad_Third_Party	cycle	0	8	timer:2	2	say	1500836	0	0		0.0	0.0	0.0	0
230921	TR_Drakan_As_Broad_Third_Party	cycle	0	8	timer:2	3	broadcast	22001	20	0		0.0	0.0	0.0	0
230921	TR_Drakan_As_Broad_Third_Party	cycle	1	7	timer:1	0	arm	2	12000	0		0.0	0.0	0.0	0
230921	TR_Drakan_As_Broad_Third_Party	cycle	1	7	timer:1	1	skill	20525	0	0	ME	0.0	0.0	0.0	0
230921	TR_Drakan_As_Broad_Third_Party	cycle	2	6	timer:0	0	arm	1	7000	0		0.0	0.0	0.0	0
230921	TR_Drakan_As_Broad_Third_Party	cycle	2	6	timer:0	1	skill	16516	0	0	MOST_HATED	0.0	0.0	0.0	0
230922	TR_Drakan_As_Broad_Fourth_Party	arm	0	5		0	arm	0	7000	0		0.0	0.0	0.0	0
230922	TR_Drakan_As_Broad_Fourth_Party	arm	0	5		1	skill	20562	0	0	ME	0.0	0.0	0.0	0
230922	TR_Drakan_As_Broad_Fourth_Party	arm	0	5		2	say	1500837	0	0		0.0	0.0	0.0	0
230922	TR_Drakan_As_Broad_Fourth_Party	arm	0	5		3	broadcast	22002	20	0		0.0	0.0	0.0	0
230922	TR_Drakan_As_Broad_Fourth_Party	cycle	0	8	timer:2	0	arm	0	7000	0		0.0	0.0	0.0	0
230922	TR_Drakan_As_Broad_Fourth_Party	cycle	0	8	timer:2	1	skill	20562	0	0	ME	0.0	0.0	0.0	0
230922	TR_Drakan_As_Broad_Fourth_Party	cycle	0	8	timer:2	2	say	1500837	0	0		0.0	0.0	0.0	0
230922	TR_Drakan_As_Broad_Fourth_Party	cycle	0	8	timer:2	3	broadcast	22002	20	0		0.0	0.0	0.0	0
230922	TR_Drakan_As_Broad_Fourth_Party	cycle	1	7	timer:1	0	arm	2	12000	0		0.0	0.0	0.0	0
230922	TR_Drakan_As_Broad_Fourth_Party	cycle	1	7	timer:1	1	skill	20525	0	0	ME	0.0	0.0	0.0	0
230922	TR_Drakan_As_Broad_Fourth_Party	cycle	2	6	timer:0	0	arm	1	7000	0		0.0	0.0	0.0	0
230922	TR_Drakan_As_Broad_Fourth_Party	cycle	2	6	timer:0	1	skill	16516	0	0	MOST_HATED	0.0	0.0	0.0	0
230923	TR_Drakan_Fi_DD_Party	arm	0	5		0	arm	0	4000	0		0.0	0.0	0.0	0
230923	TR_Drakan_Fi_DD_Party	cycle	0	8	timer:2	0	arm	0	10000	0		0.0	0.0	0.0	0
230923	TR_Drakan_Fi_DD_Party	cycle	0	8	timer:2	1	skill	16519	0	0	MOST_HATED	0.0	0.0	0.0	0
230923	TR_Drakan_Fi_DD_Party	cycle	1	7	timer:1	0	arm	2	10000	0		0.0	0.0	0.0	0
230923	TR_Drakan_Fi_DD_Party	cycle	1	7	timer:1	1	skill	16519	0	0	MOST_HATED	0.0	0.0	0.0	0
230923	TR_Drakan_Fi_DD_Party	cycle	2	6	timer:0	0	arm	1	10000	0		0.0	0.0	0.0	0
230923	TR_Drakan_Fi_DD_Party	cycle	2	6	timer:0	1	skill	16984	0	0	ME	0.0	0.0	0.0	0
230924	TR_Drakan_Wi_Dot_Party	arm	0	5		0	arm	0	5000	0		0.0	0.0	0.0	0
230924	TR_Drakan_Wi_Dot_Party	cycle	0	8	timer:2	0	arm	0	8000	0		0.0	0.0	0.0	0
230924	TR_Drakan_Wi_Dot_Party	cycle	0	8	timer:2	1	skill	17548	0	0	MOST_HATED	0.0	0.0	0.0	0
230924	TR_Drakan_Wi_Dot_Party	cycle	1	7	timer:1	0	arm	2	10000	0		0.0	0.0	0.0	0
230924	TR_Drakan_Wi_Dot_Party	cycle	1	7	timer:1	1	skill	20671	0	0	ME	0.0	0.0	0.0	0
230924	TR_Drakan_Wi_Dot_Party	cycle	2	6	timer:0	0	arm	1	10000	0		0.0	0.0	0.0	0
230924	TR_Drakan_Wi_Dot_Party	cycle	2	6	timer:0	1	skill	16641	0	0	MOST_HATED	0.0	0.0	0.0	0
230941	TR_Drakan_As_Broad_Second_solo	arm	0	5		0	arm	0	5000	0		0.0	0.0	0.0	0
230941	TR_Drakan_As_Broad_Second_solo	cycle	0	9	timer:3	0	arm	2	15000	0		0.0	0.0	0.0	0
230941	TR_Drakan_As_Broad_Second_solo	cycle	0	9	timer:3	1	skill	16516	0	0	MOST_HATED	0.0	0.0	0.0	0
230941	TR_Drakan_As_Broad_Second_solo	cycle	1	8	timer:2	0	arm	3	15000	0		0.0	0.0	0.0	0
230941	TR_Drakan_As_Broad_Second_solo	cycle	1	8	timer:2	1	skill	16519	0	0	MOST_HATED	0.0	0.0	0.0	0
230941	TR_Drakan_As_Broad_Second_solo	cycle	2	7	timer:1	0	arm	2	10000	0		0.0	0.0	0.0	0
230941	TR_Drakan_As_Broad_Second_solo	cycle	2	7	timer:1	1	skill	20562	0	0	ME	0.0	0.0	0.0	0
230941	TR_Drakan_As_Broad_Second_solo	cycle	2	7	timer:1	2	say	1500837	0	0		0.0	0.0	0.0	0
230941	TR_Drakan_As_Broad_Second_solo	cycle	2	7	timer:1	3	broadcast	22002	20	0		0.0	0.0	0.0	0
230941	TR_Drakan_As_Broad_Second_solo	cycle	3	6	timer:0	0	arm	1	7000	0		0.0	0.0	0.0	0
230941	TR_Drakan_As_Broad_Second_solo	cycle	3	6	timer:0	1	skill	16516	0	0	MOST_HATED	0.0	0.0	0.0	0
230942	TR_Drakan_As_Broad_Third_solo	arm	0	5		0	arm	0	5000	0		0.0	0.0	0.0	0
230942	TR_Drakan_As_Broad_Third_solo	cycle	0	9	timer:3	0	arm	2	15000	0		0.0	0.0	0.0	0
230942	TR_Drakan_As_Broad_Third_solo	cycle	0	9	timer:3	1	skill	16516	0	0	MOST_HATED	0.0	0.0	0.0	0
230942	TR_Drakan_As_Broad_Third_solo	cycle	1	8	timer:2	0	arm	3	15000	0		0.0	0.0	0.0	0
230942	TR_Drakan_As_Broad_Third_solo	cycle	1	8	timer:2	1	skill	16519	0	0	MOST_HATED	0.0	0.0	0.0	0
230942	TR_Drakan_As_Broad_Third_solo	cycle	2	7	timer:1	0	arm	2	10000	0		0.0	0.0	0.0	0
230942	TR_Drakan_As_Broad_Third_solo	cycle	2	7	timer:1	1	skill	20562	0	0	ME	0.0	0.0	0.0	0
230942	TR_Drakan_As_Broad_Third_solo	cycle	2	7	timer:1	2	say	1500836	0	0		0.0	0.0	0.0	0
230942	TR_Drakan_As_Broad_Third_solo	cycle	2	7	timer:1	3	broadcast	22001	20	0		0.0	0.0	0.0	0
230942	TR_Drakan_As_Broad_Third_solo	cycle	3	6	timer:0	0	arm	1	7000	0		0.0	0.0	0.0	0
230942	TR_Drakan_As_Broad_Third_solo	cycle	3	6	timer:0	1	skill	16516	0	0	MOST_HATED	0.0	0.0	0.0	0
230943	TR_Drakan_As_Broad_Fourth_solo	arm	0	5		0	arm	0	5000	0		0.0	0.0	0.0	0
230943	TR_Drakan_As_Broad_Fourth_solo	cycle	0	9	timer:3	0	arm	2	15000	0		0.0	0.0	0.0	0
230943	TR_Drakan_As_Broad_Fourth_solo	cycle	0	9	timer:3	1	skill	16516	0	0	MOST_HATED	0.0	0.0	0.0	0
230943	TR_Drakan_As_Broad_Fourth_solo	cycle	1	8	timer:2	0	arm	3	15000	0		0.0	0.0	0.0	0
230943	TR_Drakan_As_Broad_Fourth_solo	cycle	1	8	timer:2	1	skill	16519	0	0	MOST_HATED	0.0	0.0	0.0	0
230943	TR_Drakan_As_Broad_Fourth_solo	cycle	2	7	timer:1	0	arm	2	10000	0		0.0	0.0	0.0	0
230943	TR_Drakan_As_Broad_Fourth_solo	cycle	2	7	timer:1	1	skill	20562	0	0	ME	0.0	0.0	0.0	0
230943	TR_Drakan_As_Broad_Fourth_solo	cycle	2	7	timer:1	2	broadcast	22004	20	0		0.0	0.0	0.0	0
230943	TR_Drakan_As_Broad_Fourth_solo	cycle	2	7	timer:1	3	say	1500837	0	0		0.0	0.0	0.0	0
230943	TR_Drakan_As_Broad_Fourth_solo	cycle	3	6	timer:0	0	arm	1	7000	0		0.0	0.0	0.0	0
230943	TR_Drakan_As_Broad_Fourth_solo	cycle	3	6	timer:0	1	skill	16516	0	0	MOST_HATED	0.0	0.0	0.0	0
230946	TR_Drakan_Pr_Heal_solo_65	arm	0	5		0	arm	0	7000	0		0.0	0.0	0.0	0
230946	TR_Drakan_Pr_Heal_solo_65	cycle	0	7	timer:1	0	arm	0	13000	0		0.0	0.0	0.0	0
230946	TR_Drakan_Pr_Heal_solo_65	cycle	0	7	timer:1	1	skill	20514	0	0	ME	0.0	0.0	0.0	0
230946	TR_Drakan_Pr_Heal_solo_65	cycle	1	6	timer:0	0	arm	1	10000	0		0.0	0.0	0.0	0
230946	TR_Drakan_Pr_Heal_solo_65	cycle	1	6	timer:0	1	skill	20517	0	0	MOST_HATED	0.0	0.0	0.0	0
230949	TR_Drakan_Fi_Stun_solo	arm	0	5		0	arm	0	5000	0		0.0	0.0	0.0	0
230949	TR_Drakan_Fi_Stun_solo	cycle	0	9	timer:3	0	arm	2	15000	0		0.0	0.0	0.0	0
230949	TR_Drakan_Fi_Stun_solo	cycle	0	9	timer:3	1	skill	16516	0	0	MOST_HATED	0.0	0.0	0.0	0
230949	TR_Drakan_Fi_Stun_solo	cycle	1	8	timer:2	0	arm	3	15000	0		0.0	0.0	0.0	0
230949	TR_Drakan_Fi_Stun_solo	cycle	1	8	timer:2	1	skill	18322	0	0	MOST_HATED	0.0	0.0	0.0	0
230949	TR_Drakan_Fi_Stun_solo	cycle	2	7	timer:1	0	arm	2	12000	0		0.0	0.0	0.0	0
230949	TR_Drakan_Fi_Stun_solo	cycle	2	7	timer:1	1	skill	20078	0	0	MOST_HATED	0.0	0.0	0.0	0
230949	TR_Drakan_Fi_Stun_solo	cycle	2	7	timer:1	2	skill	21148	0	0	MOST_HATED	0.0	0.0	0.0	0
230949	TR_Drakan_Fi_Stun_solo	cycle	3	6	timer:0	0	arm	1	8000	0		0.0	0.0	0.0	0
230949	TR_Drakan_Fi_Stun_solo	cycle	3	6	timer:0	1	skill	16516	0	0	MOST_HATED	0.0	0.0	0.0	0
230963	TR_Lizard_Fi_DD_First_Party	arm	0	6		0	arm	0	5000	0		0.0	0.0	0.0	0
230963	TR_Lizard_Fi_DD_First_Party	cycle	0	9	timer:2	0	arm	0	11000	0		0.0	0.0	0.0	0
230963	TR_Lizard_Fi_DD_First_Party	cycle	0	9	timer:2	1	skill	16602	0	0	MOST_HATED	0.0	0.0	0.0	0
230963	TR_Lizard_Fi_DD_First_Party	cycle	1	8	timer:1	0	arm	2	11000	0		0.0	0.0	0.0	0
230963	TR_Lizard_Fi_DD_First_Party	cycle	1	8	timer:1	1	skill	16608	0	0	ME	0.0	0.0	0.0	0
230963	TR_Lizard_Fi_DD_First_Party	cycle	2	7	timer:0	0	arm	1	10000	0		0.0	0.0	0.0	0
230963	TR_Lizard_Fi_DD_First_Party	cycle	2	7	timer:0	1	skill	16602	0	0	MOST_HATED	0.0	0.0	0.0	0
230965	TR_Lizard_Fi_DD_Second_Party	arm	0	6		0	arm	0	5000	0		0.0	0.0	0.0	0
230965	TR_Lizard_Fi_DD_Second_Party	cycle	0	9	timer:2	0	arm	0	10000	0		0.0	0.0	0.0	0
230965	TR_Lizard_Fi_DD_Second_Party	cycle	0	9	timer:2	1	skill	16602	0	0	MOST_HATED	0.0	0.0	0.0	0
230965	TR_Lizard_Fi_DD_Second_Party	cycle	1	8	timer:1	0	arm	2	11000	0		0.0	0.0	0.0	0
230965	TR_Lizard_Fi_DD_Second_Party	cycle	1	8	timer:1	1	skill	16608	0	0	ME	0.0	0.0	0.0	0
230965	TR_Lizard_Fi_DD_Second_Party	cycle	2	7	timer:0	0	arm	1	10000	0		0.0	0.0	0.0	0
230965	TR_Lizard_Fi_DD_Second_Party	cycle	2	7	timer:0	1	skill	16602	0	0	MOST_HATED	0.0	0.0	0.0	0
230967	TR_Lizard_Fi_DD_Third_Party	arm	0	6		0	arm	0	5000	0		0.0	0.0	0.0	0
230967	TR_Lizard_Fi_DD_Third_Party	cycle	0	9	timer:2	0	arm	0	10000	0		0.0	0.0	0.0	0
230967	TR_Lizard_Fi_DD_Third_Party	cycle	0	9	timer:2	1	skill	16602	0	0	MOST_HATED	0.0	0.0	0.0	0
230967	TR_Lizard_Fi_DD_Third_Party	cycle	1	8	timer:1	0	arm	2	11000	0		0.0	0.0	0.0	0
230967	TR_Lizard_Fi_DD_Third_Party	cycle	1	8	timer:1	1	skill	16608	0	0	ME	0.0	0.0	0.0	0
230967	TR_Lizard_Fi_DD_Third_Party	cycle	2	7	timer:0	0	arm	1	10000	0		0.0	0.0	0.0	0
230967	TR_Lizard_Fi_DD_Third_Party	cycle	2	7	timer:0	1	skill	16602	0	0	MOST_HATED	0.0	0.0	0.0	0
230969	TR_Lizard_Fi_DD_Fourth_Party	arm	0	6		0	arm	0	5000	0		0.0	0.0	0.0	0
230969	TR_Lizard_Fi_DD_Fourth_Party	cycle	0	9	timer:2	0	arm	0	10000	0		0.0	0.0	0.0	0
230969	TR_Lizard_Fi_DD_Fourth_Party	cycle	0	9	timer:2	1	skill	16602	0	0	MOST_HATED	0.0	0.0	0.0	0
230969	TR_Lizard_Fi_DD_Fourth_Party	cycle	1	8	timer:1	0	arm	2	11000	0		0.0	0.0	0.0	0
230969	TR_Lizard_Fi_DD_Fourth_Party	cycle	1	8	timer:1	1	skill	16608	0	0	ME	0.0	0.0	0.0	0
230969	TR_Lizard_Fi_DD_Fourth_Party	cycle	2	7	timer:0	0	arm	1	10000	0		0.0	0.0	0.0	0
230969	TR_Lizard_Fi_DD_Fourth_Party	cycle	2	7	timer:0	1	skill	16602	0	0	MOST_HATED	0.0	0.0	0.0	0
230971	TR_Drakan_As_Broad_First_Party	arm	0	5		0	arm	0	7000	0		0.0	0.0	0.0	0
230971	TR_Drakan_As_Broad_First_Party	arm	0	5		1	skill	20562	0	0	ME	0.0	0.0	0.0	0
230971	TR_Drakan_As_Broad_First_Party	arm	0	5		2	broadcast	22001	20	0		0.0	0.0	0.0	0
230971	TR_Drakan_As_Broad_First_Party	arm	0	5		3	say	1500836	0	0		0.0	0.0	0.0	0
230971	TR_Drakan_As_Broad_First_Party	cycle	0	8	timer:2	0	arm	0	7000	0		0.0	0.0	0.0	0
230971	TR_Drakan_As_Broad_First_Party	cycle	0	8	timer:2	1	skill	20562	0	0	ME	0.0	0.0	0.0	0
230971	TR_Drakan_As_Broad_First_Party	cycle	0	8	timer:2	2	say	1500836	0	0		0.0	0.0	0.0	0
230971	TR_Drakan_As_Broad_First_Party	cycle	0	8	timer:2	3	broadcast	22001	20	0		0.0	0.0	0.0	0
230971	TR_Drakan_As_Broad_First_Party	cycle	1	7	timer:1	0	arm	2	12000	0		0.0	0.0	0.0	0
230971	TR_Drakan_As_Broad_First_Party	cycle	1	7	timer:1	1	skill	20525	0	0	ME	0.0	0.0	0.0	0
230971	TR_Drakan_As_Broad_First_Party	cycle	2	6	timer:0	0	arm	1	7000	0		0.0	0.0	0.0	0
230971	TR_Drakan_As_Broad_First_Party	cycle	2	6	timer:0	1	skill	16516	0	0	MOST_HATED	0.0	0.0	0.0	0
230973	TR_Drakan_As_Broad_Third_Party	arm	0	5		0	arm	0	7000	0		0.0	0.0	0.0	0
230973	TR_Drakan_As_Broad_Third_Party	arm	0	5		1	skill	20562	0	0	ME	0.0	0.0	0.0	0
230973	TR_Drakan_As_Broad_Third_Party	arm	0	5		2	say	1500836	0	0		0.0	0.0	0.0	0
230973	TR_Drakan_As_Broad_Third_Party	arm	0	5		3	broadcast	22001	20	0		0.0	0.0	0.0	0
230973	TR_Drakan_As_Broad_Third_Party	cycle	0	8	timer:2	0	arm	0	7000	0		0.0	0.0	0.0	0
230973	TR_Drakan_As_Broad_Third_Party	cycle	0	8	timer:2	1	skill	20562	0	0	ME	0.0	0.0	0.0	0
230973	TR_Drakan_As_Broad_Third_Party	cycle	0	8	timer:2	2	say	1500836	0	0		0.0	0.0	0.0	0
230973	TR_Drakan_As_Broad_Third_Party	cycle	0	8	timer:2	3	broadcast	22001	20	0		0.0	0.0	0.0	0
230973	TR_Drakan_As_Broad_Third_Party	cycle	1	7	timer:1	0	arm	2	12000	0		0.0	0.0	0.0	0
230973	TR_Drakan_As_Broad_Third_Party	cycle	1	7	timer:1	1	skill	20525	0	0	ME	0.0	0.0	0.0	0
230973	TR_Drakan_As_Broad_Third_Party	cycle	2	6	timer:0	0	arm	1	7000	0		0.0	0.0	0.0	0
230973	TR_Drakan_As_Broad_Third_Party	cycle	2	6	timer:0	1	skill	16516	0	0	MOST_HATED	0.0	0.0	0.0	0
230974	TR_Drakan_As_Broad_Fourth_Party	arm	0	5		0	arm	0	7000	0		0.0	0.0	0.0	0
230974	TR_Drakan_As_Broad_Fourth_Party	arm	0	5		1	skill	20562	0	0	ME	0.0	0.0	0.0	0
230974	TR_Drakan_As_Broad_Fourth_Party	arm	0	5		2	say	1500837	0	0		0.0	0.0	0.0	0
230974	TR_Drakan_As_Broad_Fourth_Party	arm	0	5		3	broadcast	22002	20	0		0.0	0.0	0.0	0
230974	TR_Drakan_As_Broad_Fourth_Party	cycle	0	8	timer:2	0	arm	0	7000	0		0.0	0.0	0.0	0
230974	TR_Drakan_As_Broad_Fourth_Party	cycle	0	8	timer:2	1	skill	20562	0	0	ME	0.0	0.0	0.0	0
230974	TR_Drakan_As_Broad_Fourth_Party	cycle	0	8	timer:2	2	say	1500837	0	0		0.0	0.0	0.0	0
230974	TR_Drakan_As_Broad_Fourth_Party	cycle	0	8	timer:2	3	broadcast	22002	20	0		0.0	0.0	0.0	0
230974	TR_Drakan_As_Broad_Fourth_Party	cycle	1	7	timer:1	0	arm	2	12000	0		0.0	0.0	0.0	0
230974	TR_Drakan_As_Broad_Fourth_Party	cycle	1	7	timer:1	1	skill	20525	0	0	ME	0.0	0.0	0.0	0
230974	TR_Drakan_As_Broad_Fourth_Party	cycle	2	6	timer:0	0	arm	1	7000	0		0.0	0.0	0.0	0
230974	TR_Drakan_As_Broad_Fourth_Party	cycle	2	6	timer:0	1	skill	16516	0	0	MOST_HATED	0.0	0.0	0.0	0
230975	TR_Drakan_Fi_DD_Party	arm	0	5		0	arm	0	4000	0		0.0	0.0	0.0	0
230975	TR_Drakan_Fi_DD_Party	cycle	0	8	timer:2	0	arm	0	10000	0		0.0	0.0	0.0	0
230975	TR_Drakan_Fi_DD_Party	cycle	0	8	timer:2	1	skill	16519	0	0	MOST_HATED	0.0	0.0	0.0	0
230975	TR_Drakan_Fi_DD_Party	cycle	1	7	timer:1	0	arm	2	10000	0		0.0	0.0	0.0	0
230975	TR_Drakan_Fi_DD_Party	cycle	1	7	timer:1	1	skill	16519	0	0	MOST_HATED	0.0	0.0	0.0	0
230975	TR_Drakan_Fi_DD_Party	cycle	2	6	timer:0	0	arm	1	10000	0		0.0	0.0	0.0	0
230975	TR_Drakan_Fi_DD_Party	cycle	2	6	timer:0	1	skill	16984	0	0	ME	0.0	0.0	0.0	0
230976	TR_Drakan_Wi_Dot_Party	arm	0	5		0	arm	0	5000	0		0.0	0.0	0.0	0
230976	TR_Drakan_Wi_Dot_Party	cycle	0	8	timer:2	0	arm	0	8000	0		0.0	0.0	0.0	0
230976	TR_Drakan_Wi_Dot_Party	cycle	0	8	timer:2	1	skill	17548	0	0	MOST_HATED	0.0	0.0	0.0	0
230976	TR_Drakan_Wi_Dot_Party	cycle	1	7	timer:1	0	arm	2	10000	0		0.0	0.0	0.0	0
230976	TR_Drakan_Wi_Dot_Party	cycle	1	7	timer:1	1	skill	20671	0	0	ME	0.0	0.0	0.0	0
230976	TR_Drakan_Wi_Dot_Party	cycle	2	6	timer:0	0	arm	1	10000	0		0.0	0.0	0.0	0
230976	TR_Drakan_Wi_Dot_Party	cycle	2	6	timer:0	1	skill	16641	0	0	MOST_HATED	0.0	0.0	0.0	0
231019	IDRose_H_ShulackF_Fi_BossGuard	arm	0	7		0	arm	0	5000	0		0.0	0.0	0.0	0
231019	IDRose_H_ShulackF_Fi_BossGuard	cycle	0	32	timer:1	0	arm	0	7000	0		0.0	0.0	0.0	0
231019	IDRose_H_ShulackF_Fi_BossGuard	cycle	0	32	timer:1	1	skill	16519	0	0	MOST_HATED	0.0	0.0	0.0	0
231019	IDRose_H_ShulackF_Fi_BossGuard	cycle	1	31	timer:0	0	arm	1	13000	0		0.0	0.0	0.0	0
231019	IDRose_H_ShulackF_Fi_BossGuard	cycle	1	31	timer:0	1	skill	16525	0	0	MOST_HATED	0.0	0.0	0.0	0
231029	IDF5_U1_Vri_Def_Wi_SN_65_Ae	arm	0	7		0	arm	0	5000	0		0.0	0.0	0.0	0
231029	IDF5_U1_Vri_Def_Wi_SN_65_Ae	cycle	0	23	timer:3	0	arm	0	12000	0		0.0	0.0	0.0	0
231029	IDF5_U1_Vri_Def_Wi_SN_65_Ae	cycle	0	23	timer:3	1	skill	21287	0	0	MOST_HATED	0.0	0.0	0.0	0
231029	IDF5_U1_Vri_Def_Wi_SN_65_Ae	cycle	1	22	timer:2	0	arm	3	10000	0		0.0	0.0	0.0	0
231029	IDF5_U1_Vri_Def_Wi_SN_65_Ae	cycle	1	22	timer:2	1	skill	17335	0	0	MOST_HATED	0.0	0.0	0.0	0
231029	IDF5_U1_Vri_Def_Wi_SN_65_Ae	cycle	2	21	timer:1	0	arm	2	20000	0		0.0	0.0	0.0	0
231029	IDF5_U1_Vri_Def_Wi_SN_65_Ae	cycle	2	21	timer:1	1	skill	21287	0	0	MOST_HATED	0.0	0.0	0.0	0
231029	IDF5_U1_Vri_Def_Wi_SN_65_Ae	cycle	2	21	timer:1	2	skill	21298	0	0	MOST_HATED	0.0	0.0	0.0	0
231029	IDF5_U1_Vri_Def_Wi_SN_65_Ae	cycle	3	20	timer:0	0	arm	1	10000	0		0.0	0.0	0.0	0
231029	IDF5_U1_Vri_Def_Wi_SN_65_Ae	cycle	3	20	timer:0	1	skill	17335	0	0	MOST_HATED	0.0	0.0	0.0	0
231039	IDF5_U1_Vri_Def_Ba_65_Ae	arm	0	7		0	arm	0	10000	0		0.0	0.0	0.0	0
231039	IDF5_U1_Vri_Def_Ba_65_Ae	arm	0	7		1	skill	20960	0	0	MOST_HATED	0.0	0.0	0.0	0
231039	IDF5_U1_Vri_Def_Ba_65_Ae	cycle	0	24	timer:4	0	arm	0	10000	0		0.0	0.0	0.0	0
231039	IDF5_U1_Vri_Def_Ba_65_Ae	cycle	0	24	timer:4	1	skill	20960	0	0	MOST_HATED	0.0	0.0	0.0	0
231039	IDF5_U1_Vri_Def_Ba_65_Ae	cycle	1	23	timer:3	0	arm	4	15000	0		0.0	0.0	0.0	0
231039	IDF5_U1_Vri_Def_Ba_65_Ae	cycle	1	23	timer:3	1	skill	20714	0	0	ME	0.0	0.0	0.0	0
231039	IDF5_U1_Vri_Def_Ba_65_Ae	cycle	2	22	timer:2	0	arm	3	15000	0		0.0	0.0	0.0	0
231039	IDF5_U1_Vri_Def_Ba_65_Ae	cycle	2	22	timer:2	1	skill	20959	0	0	MOST_HATED	0.0	0.0	0.0	0
231039	IDF5_U1_Vri_Def_Ba_65_Ae	cycle	3	21	timer:1	0	arm	2	10000	0		0.0	0.0	0.0	0
231039	IDF5_U1_Vri_Def_Ba_65_Ae	cycle	3	21	timer:1	1	skill	20960	0	0	MOST_HATED	0.0	0.0	0.0	0
231039	IDF5_U1_Vri_Def_Ba_65_Ae	cycle	4	20	timer:0	0	arm	1	5000	0		0.0	0.0	0.0	0
231039	IDF5_U1_Vri_Def_Ba_65_Ae	cycle	4	20	timer:0	1	skill	20715	0	0	ME	0.0	0.0	0.0	0
231040	IDF5_U1_Vri_Def_Ba_65_Ae	arm	0	7		0	arm	0	10000	0		0.0	0.0	0.0	0
231040	IDF5_U1_Vri_Def_Ba_65_Ae	arm	0	7		1	skill	20960	0	0	MOST_HATED	0.0	0.0	0.0	0
231040	IDF5_U1_Vri_Def_Ba_65_Ae	cycle	0	24	timer:4	0	arm	0	10000	0		0.0	0.0	0.0	0
231040	IDF5_U1_Vri_Def_Ba_65_Ae	cycle	0	24	timer:4	1	skill	20960	0	0	MOST_HATED	0.0	0.0	0.0	0
231040	IDF5_U1_Vri_Def_Ba_65_Ae	cycle	1	23	timer:3	0	arm	4	15000	0		0.0	0.0	0.0	0
231040	IDF5_U1_Vri_Def_Ba_65_Ae	cycle	1	23	timer:3	1	skill	20714	0	0	ME	0.0	0.0	0.0	0
231040	IDF5_U1_Vri_Def_Ba_65_Ae	cycle	2	22	timer:2	0	arm	3	15000	0		0.0	0.0	0.0	0
231040	IDF5_U1_Vri_Def_Ba_65_Ae	cycle	2	22	timer:2	1	skill	20959	0	0	MOST_HATED	0.0	0.0	0.0	0
231040	IDF5_U1_Vri_Def_Ba_65_Ae	cycle	3	21	timer:1	0	arm	2	10000	0		0.0	0.0	0.0	0
231040	IDF5_U1_Vri_Def_Ba_65_Ae	cycle	3	21	timer:1	1	skill	20960	0	0	MOST_HATED	0.0	0.0	0.0	0
231040	IDF5_U1_Vri_Def_Ba_65_Ae	cycle	4	20	timer:0	0	arm	1	5000	0		0.0	0.0	0.0	0
231040	IDF5_U1_Vri_Def_Ba_65_Ae	cycle	4	20	timer:0	1	skill	20715	0	0	ME	0.0	0.0	0.0	0
231048	IDF5_U1_Vri_Def_Ba_65_Ae	arm	0	7		0	arm	0	10000	0		0.0	0.0	0.0	0
231048	IDF5_U1_Vri_Def_Ba_65_Ae	arm	0	7		1	skill	20960	0	0	MOST_HATED	0.0	0.0	0.0	0
231048	IDF5_U1_Vri_Def_Ba_65_Ae	cycle	0	24	timer:4	0	arm	0	10000	0		0.0	0.0	0.0	0
231048	IDF5_U1_Vri_Def_Ba_65_Ae	cycle	0	24	timer:4	1	skill	20960	0	0	MOST_HATED	0.0	0.0	0.0	0
231048	IDF5_U1_Vri_Def_Ba_65_Ae	cycle	1	23	timer:3	0	arm	4	15000	0		0.0	0.0	0.0	0
231048	IDF5_U1_Vri_Def_Ba_65_Ae	cycle	1	23	timer:3	1	skill	20714	0	0	ME	0.0	0.0	0.0	0
231048	IDF5_U1_Vri_Def_Ba_65_Ae	cycle	2	22	timer:2	0	arm	3	15000	0		0.0	0.0	0.0	0
231048	IDF5_U1_Vri_Def_Ba_65_Ae	cycle	2	22	timer:2	1	skill	20959	0	0	MOST_HATED	0.0	0.0	0.0	0
231048	IDF5_U1_Vri_Def_Ba_65_Ae	cycle	3	21	timer:1	0	arm	2	10000	0		0.0	0.0	0.0	0
231048	IDF5_U1_Vri_Def_Ba_65_Ae	cycle	3	21	timer:1	1	skill	20960	0	0	MOST_HATED	0.0	0.0	0.0	0
231048	IDF5_U1_Vri_Def_Ba_65_Ae	cycle	4	20	timer:0	0	arm	1	5000	0		0.0	0.0	0.0	0
231048	IDF5_U1_Vri_Def_Ba_65_Ae	cycle	4	20	timer:0	1	skill	20715	0	0	ME	0.0	0.0	0.0	0
231049	IDF5_U1_Vri_Def_Ba_65_Ae	arm	0	7		0	arm	0	10000	0		0.0	0.0	0.0	0
231049	IDF5_U1_Vri_Def_Ba_65_Ae	arm	0	7		1	skill	20960	0	0	MOST_HATED	0.0	0.0	0.0	0
231049	IDF5_U1_Vri_Def_Ba_65_Ae	cycle	0	24	timer:4	0	arm	0	10000	0		0.0	0.0	0.0	0
231049	IDF5_U1_Vri_Def_Ba_65_Ae	cycle	0	24	timer:4	1	skill	20960	0	0	MOST_HATED	0.0	0.0	0.0	0
231049	IDF5_U1_Vri_Def_Ba_65_Ae	cycle	1	23	timer:3	0	arm	4	15000	0		0.0	0.0	0.0	0
231049	IDF5_U1_Vri_Def_Ba_65_Ae	cycle	1	23	timer:3	1	skill	20714	0	0	ME	0.0	0.0	0.0	0
231049	IDF5_U1_Vri_Def_Ba_65_Ae	cycle	2	22	timer:2	0	arm	3	15000	0		0.0	0.0	0.0	0
231049	IDF5_U1_Vri_Def_Ba_65_Ae	cycle	2	22	timer:2	1	skill	20959	0	0	MOST_HATED	0.0	0.0	0.0	0
231049	IDF5_U1_Vri_Def_Ba_65_Ae	cycle	3	21	timer:1	0	arm	2	10000	0		0.0	0.0	0.0	0
231049	IDF5_U1_Vri_Def_Ba_65_Ae	cycle	3	21	timer:1	1	skill	20960	0	0	MOST_HATED	0.0	0.0	0.0	0
231049	IDF5_U1_Vri_Def_Ba_65_Ae	cycle	4	20	timer:0	0	arm	1	5000	0		0.0	0.0	0.0	0
231049	IDF5_U1_Vri_Def_Ba_65_Ae	cycle	4	20	timer:0	1	skill	20715	0	0	ME	0.0	0.0	0.0	0
231151	IDF5_TD_TankMob	arm	0	1		0	arm	0	13000	0		0.0	0.0	0.0	0
231151	IDF5_TD_TankMob	arm	0	1		1	skill	21118	0	0	MOST_HATED	0.0	0.0	0.0	0
231151	IDF5_TD_TankMob	cycle	0	4	timer:2	0	arm	0	13000	0		0.0	0.0	0.0	0
231151	IDF5_TD_TankMob	cycle	0	4	timer:2	1	skill	21118	0	0	MOST_HATED	0.0	0.0	0.0	0
231151	IDF5_TD_TankMob	cycle	1	3	timer:1	0	arm	2	13000	0		0.0	0.0	0.0	0
231151	IDF5_TD_TankMob	cycle	1	3	timer:1	1	skill	21118	0	0	MOST_HATED	0.0	0.0	0.0	0
231151	IDF5_TD_TankMob	cycle	2	2	timer:0	0	arm	1	13000	0		0.0	0.0	0.0	0
231151	IDF5_TD_TankMob	cycle	2	2	timer:0	1	skill	21119	0	0	MOST_HATED	0.0	0.0	0.0	0
231202	Britra_Table	arm	0	7		0	arm	0	7000	0		0.0	0.0	0.0	0
231202	Britra_Table	arm	0	7		1	skill	17294	0	0	MOST_HATED	0.0	0.0	0.0	0
231202	Britra_Table	cycle	0	100	timer:0	0	arm	1	10000	0		0.0	0.0	0.0	0
231202	Britra_Table	cycle	0	100	timer:0	1	skill	17295	0	0	MOST_HATED	0.0	0.0	0.0	0
231202	Britra_Table	cycle	1	99	timer:1	0	arm	0	7000	0		0.0	0.0	0.0	0
231202	Britra_Table	cycle	1	99	timer:1	1	skill	17294	0	0	MOST_HATED	0.0	0.0	0.0	0
231203	Britra_Table	arm	0	7		0	arm	0	7000	0		0.0	0.0	0.0	0
231203	Britra_Table	arm	0	7		1	skill	21292	0	0	MOST_HATED	0.0	0.0	0.0	0
231203	Britra_Table	cycle	0	100	timer:0	0	arm	1	10000	0		0.0	0.0	0.0	0
231203	Britra_Table	cycle	0	100	timer:0	1	skill	21293	0	0	MOST_HATED	0.0	0.0	0.0	0
231203	Britra_Table	cycle	1	99	timer:1	0	arm	0	7000	0		0.0	0.0	0.0	0
231203	Britra_Table	cycle	1	99	timer:1	1	skill	21292	0	0	MOST_HATED	0.0	0.0	0.0	0
231204	Britra_As_Broad	arm	0	7		0	arm	0	7000	0		0.0	0.0	0.0	0
231204	Britra_As_Broad	cycle	0	100	timer:0	0	arm	1	10000	0		0.0	0.0	0.0	0
231204	Britra_As_Broad	cycle	0	100	timer:0	1	skill	17295	0	0	MOST_HATED	0.0	0.0	0.0	0
231204	Britra_As_Broad	cycle	0	100	timer:0	2	broadcast	23001	15	0		0.0	0.0	0.0	0
231204	Britra_As_Broad	cycle	1	99	timer:1	0	arm	2	10000	0		0.0	0.0	0.0	0
231204	Britra_As_Broad	cycle	1	99	timer:1	1	skill	17332	0	0	MOST_HATED	0.0	0.0	0.0	0
231204	Britra_As_Broad	cycle	2	98	timer:2	0	arm	1	15000	0		0.0	0.0	0.0	0
231204	Britra_As_Broad	cycle	2	98	timer:2	1	skill	17295	0	0	MOST_HATED	0.0	0.0	0.0	0
231205	Britra_Pr_Heal	arm	0	7		0	arm	0	7000	0		0.0	0.0	0.0	0
231205	Britra_Pr_Heal	arm	0	7		1	skill	17359	0	0	MOST_HATED	0.0	0.0	0.0	0
231205	Britra_Pr_Heal	cycle	0	100	timer:0	0	arm	1	10000	0		0.0	0.0	0.0	0
231205	Britra_Pr_Heal	cycle	0	100	timer:0	1	skill	17359	0	0	MOST_HATED	0.0	0.0	0.0	0
231205	Britra_Pr_Heal	cycle	1	99	timer:1	0	arm	2	10000	0		0.0	0.0	0.0	0
231205	Britra_Pr_Heal	cycle	1	99	timer:1	1	skill	17361	0	0	ME	0.0	0.0	0.0	0
231205	Britra_Pr_Heal	cycle	2	98	timer:2	0	arm	3	15000	0		0.0	0.0	0.0	0
231205	Britra_Pr_Heal	cycle	2	98	timer:2	1	skill	17359	0	0	MOST_HATED	0.0	0.0	0.0	0
231205	Britra_Pr_Heal	cycle	3	97	timer:3	0	arm	0	10000	0		0.0	0.0	0.0	0
231205	Britra_Pr_Heal	cycle	3	97	timer:3	1	skill	17700	0	0	MOST_HATED	0.0	0.0	0.0	0
231206	Britra_Ri_OpenAerial	arm	0	7		0	arm	0	7000	0		0.0	0.0	0.0	0
231206	Britra_Ri_OpenAerial	arm	0	7		1	skill	21294	0	0	MOST_HATED	0.0	0.0	0.0	0
231206	Britra_Ri_OpenAerial	cycle	0	99	timer:0	0	arm	1	10000	0		0.0	0.0	0.0	0
231206	Britra_Ri_OpenAerial	cycle	0	99	timer:0	1	skill	20648	0	0	MOST_HATED	0.0	0.0	0.0	0
231206	Britra_Ri_OpenAerial	cycle	0	99	timer:0	2	skill	21295	0	0	MOST_HATED	0.0	0.0	0.0	0
231206	Britra_Ri_OpenAerial	cycle	1	98	timer:1	0	arm	2	7000	0		0.0	0.0	0.0	0
231206	Britra_Ri_OpenAerial	cycle	1	98	timer:1	1	skill	21315	0	0	MOST_HATED	0.0	0.0	0.0	0
231206	Britra_Ri_OpenAerial	cycle	2	97	timer:2	0	arm	3	10000	0		0.0	0.0	0.0	0
231206	Britra_Ri_OpenAerial	cycle	2	97	timer:2	1	skill	21294	0	0	MOST_HATED	0.0	0.0	0.0	0
231206	Britra_Ri_OpenAerial	cycle	3	96	timer:3	0	arm	4	7000	0		0.0	0.0	0.0	0
231206	Britra_Ri_OpenAerial	cycle	3	96	timer:3	1	skill	21315	0	0	MOST_HATED	0.0	0.0	0.0	0
231206	Britra_Ri_OpenAerial	cycle	4	95	timer:4	0	arm	5	10000	0		0.0	0.0	0.0	0
231206	Britra_Ri_OpenAerial	cycle	4	95	timer:4	1	skill	21294	0	0	MOST_HATED	0.0	0.0	0.0	0
231206	Britra_Ri_OpenAerial	cycle	5	94	timer:5	0	arm	6	7000	0		0.0	0.0	0.0	0
231206	Britra_Ri_OpenAerial	cycle	5	94	timer:5	1	skill	21315	0	0	MOST_HATED	0.0	0.0	0.0	0
231206	Britra_Ri_OpenAerial	cycle	6	93	timer:6	0	arm	3	10000	0		0.0	0.0	0.0	0
231206	Britra_Ri_OpenAerial	cycle	6	93	timer:6	1	skill	20648	0	0	MOST_HATED	0.0	0.0	0.0	0
231206	Britra_Ri_OpenAerial	cycle	6	93	timer:6	2	skill	21295	0	0	MOST_HATED	0.0	0.0	0.0	0
231207	Britra_Table	arm	0	7		0	arm	0	7000	0		0.0	0.0	0.0	0
231207	Britra_Table	arm	0	7		1	skill	17294	0	0	MOST_HATED	0.0	0.0	0.0	0
231207	Britra_Table	cycle	0	100	timer:0	0	arm	1	10000	0		0.0	0.0	0.0	0
231207	Britra_Table	cycle	0	100	timer:0	1	skill	17295	0	0	MOST_HATED	0.0	0.0	0.0	0
231207	Britra_Table	cycle	1	99	timer:1	0	arm	0	7000	0		0.0	0.0	0.0	0
231207	Britra_Table	cycle	1	99	timer:1	1	skill	17294	0	0	MOST_HATED	0.0	0.0	0.0	0
231208	Britra_Table	arm	0	7		0	arm	0	7000	0		0.0	0.0	0.0	0
231208	Britra_Table	arm	0	7		1	skill	21292	0	0	MOST_HATED	0.0	0.0	0.0	0
231208	Britra_Table	cycle	0	100	timer:0	0	arm	1	10000	0		0.0	0.0	0.0	0
231208	Britra_Table	cycle	0	100	timer:0	1	skill	21293	0	0	MOST_HATED	0.0	0.0	0.0	0
231208	Britra_Table	cycle	1	99	timer:1	0	arm	0	7000	0		0.0	0.0	0.0	0
231208	Britra_Table	cycle	1	99	timer:1	1	skill	21292	0	0	MOST_HATED	0.0	0.0	0.0	0
231209	Britra_As_Broad	arm	0	7		0	arm	0	7000	0		0.0	0.0	0.0	0
231209	Britra_As_Broad	cycle	0	100	timer:0	0	arm	1	10000	0		0.0	0.0	0.0	0
231209	Britra_As_Broad	cycle	0	100	timer:0	1	skill	17295	0	0	MOST_HATED	0.0	0.0	0.0	0
231209	Britra_As_Broad	cycle	0	100	timer:0	2	broadcast	23001	15	0		0.0	0.0	0.0	0
231209	Britra_As_Broad	cycle	1	99	timer:1	0	arm	2	10000	0		0.0	0.0	0.0	0
231209	Britra_As_Broad	cycle	1	99	timer:1	1	skill	17332	0	0	MOST_HATED	0.0	0.0	0.0	0
231209	Britra_As_Broad	cycle	2	98	timer:2	0	arm	1	15000	0		0.0	0.0	0.0	0
231209	Britra_As_Broad	cycle	2	98	timer:2	1	skill	17295	0	0	MOST_HATED	0.0	0.0	0.0	0
231210	Britra_Pr_Heal	arm	0	7		0	arm	0	7000	0		0.0	0.0	0.0	0
231210	Britra_Pr_Heal	arm	0	7		1	skill	17359	0	0	MOST_HATED	0.0	0.0	0.0	0
231210	Britra_Pr_Heal	cycle	0	100	timer:0	0	arm	1	10000	0		0.0	0.0	0.0	0
231210	Britra_Pr_Heal	cycle	0	100	timer:0	1	skill	17359	0	0	MOST_HATED	0.0	0.0	0.0	0
231210	Britra_Pr_Heal	cycle	1	99	timer:1	0	arm	2	10000	0		0.0	0.0	0.0	0
231210	Britra_Pr_Heal	cycle	1	99	timer:1	1	skill	17361	0	0	ME	0.0	0.0	0.0	0
231210	Britra_Pr_Heal	cycle	2	98	timer:2	0	arm	3	15000	0		0.0	0.0	0.0	0
231210	Britra_Pr_Heal	cycle	2	98	timer:2	1	skill	17359	0	0	MOST_HATED	0.0	0.0	0.0	0
231210	Britra_Pr_Heal	cycle	3	97	timer:3	0	arm	0	10000	0		0.0	0.0	0.0	0
231210	Britra_Pr_Heal	cycle	3	97	timer:3	1	skill	17700	0	0	MOST_HATED	0.0	0.0	0.0	0
231211	Britra_Ri_OpenAerial	arm	0	7		0	arm	0	7000	0		0.0	0.0	0.0	0
231211	Britra_Ri_OpenAerial	arm	0	7		1	skill	21294	0	0	MOST_HATED	0.0	0.0	0.0	0
231211	Britra_Ri_OpenAerial	cycle	0	99	timer:0	0	arm	1	10000	0		0.0	0.0	0.0	0
231211	Britra_Ri_OpenAerial	cycle	0	99	timer:0	1	skill	20648	0	0	MOST_HATED	0.0	0.0	0.0	0
231211	Britra_Ri_OpenAerial	cycle	0	99	timer:0	2	skill	21295	0	0	MOST_HATED	0.0	0.0	0.0	0
231211	Britra_Ri_OpenAerial	cycle	1	98	timer:1	0	arm	2	7000	0		0.0	0.0	0.0	0
231211	Britra_Ri_OpenAerial	cycle	1	98	timer:1	1	skill	21315	0	0	MOST_HATED	0.0	0.0	0.0	0
231211	Britra_Ri_OpenAerial	cycle	2	97	timer:2	0	arm	3	10000	0		0.0	0.0	0.0	0
231211	Britra_Ri_OpenAerial	cycle	2	97	timer:2	1	skill	21294	0	0	MOST_HATED	0.0	0.0	0.0	0
231211	Britra_Ri_OpenAerial	cycle	3	96	timer:3	0	arm	4	7000	0		0.0	0.0	0.0	0
231211	Britra_Ri_OpenAerial	cycle	3	96	timer:3	1	skill	21315	0	0	MOST_HATED	0.0	0.0	0.0	0
231211	Britra_Ri_OpenAerial	cycle	4	95	timer:4	0	arm	5	10000	0		0.0	0.0	0.0	0
231211	Britra_Ri_OpenAerial	cycle	4	95	timer:4	1	skill	21294	0	0	MOST_HATED	0.0	0.0	0.0	0
231211	Britra_Ri_OpenAerial	cycle	5	94	timer:5	0	arm	6	7000	0		0.0	0.0	0.0	0
231211	Britra_Ri_OpenAerial	cycle	5	94	timer:5	1	skill	21315	0	0	MOST_HATED	0.0	0.0	0.0	0
231211	Britra_Ri_OpenAerial	cycle	6	93	timer:6	0	arm	3	10000	0		0.0	0.0	0.0	0
231211	Britra_Ri_OpenAerial	cycle	6	93	timer:6	1	skill	20648	0	0	MOST_HATED	0.0	0.0	0.0	0
231211	Britra_Ri_OpenAerial	cycle	6	93	timer:6	2	skill	21295	0	0	MOST_HATED	0.0	0.0	0.0	0
231212	Britra_As_Poison_LowNmd	arm	0	7		0	arm	0	5000	0		0.0	0.0	0.0	0
231212	Britra_As_Poison_LowNmd	arm	0	7		1	skill	17322	0	0	MOST_HATED	0.0	0.0	0.0	0
231212	Britra_As_Poison_LowNmd	cycle	0	100	timer:0	0	arm	1	7000	0		0.0	0.0	0.0	0
231212	Britra_As_Poison_LowNmd	cycle	0	100	timer:0	1	skill	16678	0	0	MOST_HATED	0.0	0.0	0.0	0
231212	Britra_As_Poison_LowNmd	cycle	1	99	timer:1	0	arm	2	7000	0		0.0	0.0	0.0	0
231212	Britra_As_Poison_LowNmd	cycle	1	99	timer:1	1	skill	17332	0	0	MOST_HATED	0.0	0.0	0.0	0
231212	Britra_As_Poison_LowNmd	cycle	2	98	timer:2	0	arm	3	10000	0		0.0	0.0	0.0	0
231212	Britra_As_Poison_LowNmd	cycle	2	98	timer:2	1	skill	17295	0	0	MOST_HATED	0.0	0.0	0.0	0
231212	Britra_As_Poison_LowNmd	cycle	3	96	timer:3	0	arm	4	7000	0		0.0	0.0	0.0	0
231212	Britra_As_Poison_LowNmd	cycle	3	96	timer:3	1	skill	17322	0	0	MOST_HATED	0.0	0.0	0.0	0
231212	Britra_As_Poison_LowNmd	cycle	4	95	timer:4	0	arm	5	7000	0		0.0	0.0	0.0	0
231212	Britra_As_Poison_LowNmd	cycle	4	95	timer:4	1	skill	16678	0	0	MOST_HATED	0.0	0.0	0.0	0
231212	Britra_As_Poison_LowNmd	cycle	5	94	timer:5	0	arm	6	7000	0		0.0	0.0	0.0	0
231212	Britra_As_Poison_LowNmd	cycle	5	94	timer:5	1	skill	17295	0	0	MOST_HATED	0.0	0.0	0.0	0
231212	Britra_As_Poison_LowNmd	cycle	6	93	timer:6	0	arm	2	7000	0		0.0	0.0	0.0	0
231212	Britra_As_Poison_LowNmd	cycle	6	93	timer:6	1	skill	17332	0	0	MOST_HATED	0.0	0.0	0.0	0
231213	Britra_As_Poison_LowNmd	arm	0	7		0	arm	0	5000	0		0.0	0.0	0.0	0
231213	Britra_As_Poison_LowNmd	arm	0	7		1	skill	17322	0	0	MOST_HATED	0.0	0.0	0.0	0
231213	Britra_As_Poison_LowNmd	cycle	0	100	timer:0	0	arm	1	7000	0		0.0	0.0	0.0	0
231213	Britra_As_Poison_LowNmd	cycle	0	100	timer:0	1	skill	16678	0	0	MOST_HATED	0.0	0.0	0.0	0
231213	Britra_As_Poison_LowNmd	cycle	1	99	timer:1	0	arm	2	7000	0		0.0	0.0	0.0	0
231213	Britra_As_Poison_LowNmd	cycle	1	99	timer:1	1	skill	17332	0	0	MOST_HATED	0.0	0.0	0.0	0
231213	Britra_As_Poison_LowNmd	cycle	2	98	timer:2	0	arm	3	10000	0		0.0	0.0	0.0	0
231213	Britra_As_Poison_LowNmd	cycle	2	98	timer:2	1	skill	17295	0	0	MOST_HATED	0.0	0.0	0.0	0
231213	Britra_As_Poison_LowNmd	cycle	3	96	timer:3	0	arm	4	7000	0		0.0	0.0	0.0	0
231213	Britra_As_Poison_LowNmd	cycle	3	96	timer:3	1	skill	17322	0	0	MOST_HATED	0.0	0.0	0.0	0
231213	Britra_As_Poison_LowNmd	cycle	4	95	timer:4	0	arm	5	7000	0		0.0	0.0	0.0	0
231213	Britra_As_Poison_LowNmd	cycle	4	95	timer:4	1	skill	16678	0	0	MOST_HATED	0.0	0.0	0.0	0
231213	Britra_As_Poison_LowNmd	cycle	5	94	timer:5	0	arm	6	7000	0		0.0	0.0	0.0	0
231213	Britra_As_Poison_LowNmd	cycle	5	94	timer:5	1	skill	17295	0	0	MOST_HATED	0.0	0.0	0.0	0
231213	Britra_As_Poison_LowNmd	cycle	6	93	timer:6	0	arm	2	7000	0		0.0	0.0	0.0	0
231213	Britra_As_Poison_LowNmd	cycle	6	93	timer:6	1	skill	17332	0	0	MOST_HATED	0.0	0.0	0.0	0
231220	Britra_Fi_HpDrain	arm	0	7		0	arm	0	7000	0		0.0	0.0	0.0	0
231220	Britra_Fi_HpDrain	arm	0	7		1	skill	16517	0	0	ME	0.0	0.0	0.0	0
231220	Britra_Fi_HpDrain	cycle	0	100	timer:0	0	arm	1	10000	0		0.0	0.0	0.0	0
231220	Britra_Fi_HpDrain	cycle	0	100	timer:0	1	skill	20703	0	0	MOST_HATED	0.0	0.0	0.0	0
231220	Britra_Fi_HpDrain	cycle	1	99	timer:1	0	arm	2	7000	0		0.0	0.0	0.0	0
231220	Britra_Fi_HpDrain	cycle	1	99	timer:1	1	skill	17294	0	0	MOST_HATED	0.0	0.0	0.0	0
231220	Britra_Fi_HpDrain	cycle	2	98	timer:2	0	arm	3	10000	0		0.0	0.0	0.0	0
231220	Britra_Fi_HpDrain	cycle	2	98	timer:2	1	skill	17294	0	0	MOST_HATED	0.0	0.0	0.0	0
231220	Britra_Fi_HpDrain	cycle	3	97	timer:3	0	arm	4	7000	0		0.0	0.0	0.0	0
231220	Britra_Fi_HpDrain	cycle	3	97	timer:3	1	skill	17294	0	0	MOST_HATED	0.0	0.0	0.0	0
231220	Britra_Fi_HpDrain	cycle	4	96	timer:4	0	arm	5	15000	0		0.0	0.0	0.0	0
231220	Britra_Fi_HpDrain	cycle	4	96	timer:4	1	skill	20703	0	0	MOST_HATED	0.0	0.0	0.0	0
231220	Britra_Fi_HpDrain	cycle	5	95	timer:5	0	arm	6	7000	0		0.0	0.0	0.0	0
231220	Britra_Fi_HpDrain	cycle	5	95	timer:5	1	skill	17294	0	0	MOST_HATED	0.0	0.0	0.0	0
231220	Britra_Fi_HpDrain	cycle	6	94	timer:6	0	arm	2	15000	0		0.0	0.0	0.0	0
231220	Britra_Fi_HpDrain	cycle	6	94	timer:6	1	skill	20703	0	0	MOST_HATED	0.0	0.0	0.0	0
231221	Britra_As_Poison	arm	0	7		0	arm	0	5000	0		0.0	0.0	0.0	0
231221	Britra_As_Poison	arm	0	7		1	skill	17322	0	0	MOST_HATED	0.0	0.0	0.0	0
231221	Britra_As_Poison	cycle	0	100	timer:0	0	arm	1	7000	0		0.0	0.0	0.0	0
231221	Britra_As_Poison	cycle	0	100	timer:0	1	skill	17332	0	0	MOST_HATED	0.0	0.0	0.0	0
231221	Britra_As_Poison	cycle	1	99	timer:1	0	arm	2	10000	0		0.0	0.0	0.0	0
231221	Britra_As_Poison	cycle	1	99	timer:1	1	skill	17332	0	0	MOST_HATED	0.0	0.0	0.0	0
231221	Britra_As_Poison	cycle	2	98	timer:2	0	arm	3	10000	0		0.0	0.0	0.0	0
231221	Britra_As_Poison	cycle	2	98	timer:2	1	skill	17295	0	0	MOST_HATED	0.0	0.0	0.0	0
231221	Britra_As_Poison	cycle	3	97	timer:3	0	arm	0	7000	0		0.0	0.0	0.0	0
231221	Britra_As_Poison	cycle	3	97	timer:3	1	skill	17322	0	0	MOST_HATED	0.0	0.0	0.0	0
231223	Britra_Pr_Heal	arm	0	7		0	arm	0	7000	0		0.0	0.0	0.0	0
231223	Britra_Pr_Heal	arm	0	7		1	skill	17359	0	0	MOST_HATED	0.0	0.0	0.0	0
231223	Britra_Pr_Heal	cycle	0	100	timer:0	0	arm	1	10000	0		0.0	0.0	0.0	0
231223	Britra_Pr_Heal	cycle	0	100	timer:0	1	skill	17359	0	0	MOST_HATED	0.0	0.0	0.0	0
231223	Britra_Pr_Heal	cycle	1	99	timer:1	0	arm	2	10000	0		0.0	0.0	0.0	0
231223	Britra_Pr_Heal	cycle	1	99	timer:1	1	skill	17361	0	0	ME	0.0	0.0	0.0	0
231223	Britra_Pr_Heal	cycle	2	98	timer:2	0	arm	3	15000	0		0.0	0.0	0.0	0
231223	Britra_Pr_Heal	cycle	2	98	timer:2	1	skill	17359	0	0	MOST_HATED	0.0	0.0	0.0	0
231223	Britra_Pr_Heal	cycle	3	97	timer:3	0	arm	0	10000	0		0.0	0.0	0.0	0
231223	Britra_Pr_Heal	cycle	3	97	timer:3	1	skill	17700	0	0	MOST_HATED	0.0	0.0	0.0	0
231224	Britra_Fi_HpDrain	arm	0	7		0	arm	0	7000	0		0.0	0.0	0.0	0
231224	Britra_Fi_HpDrain	arm	0	7		1	skill	16517	0	0	ME	0.0	0.0	0.0	0
231224	Britra_Fi_HpDrain	cycle	0	100	timer:0	0	arm	1	10000	0		0.0	0.0	0.0	0
231224	Britra_Fi_HpDrain	cycle	0	100	timer:0	1	skill	20703	0	0	MOST_HATED	0.0	0.0	0.0	0
231224	Britra_Fi_HpDrain	cycle	1	99	timer:1	0	arm	2	7000	0		0.0	0.0	0.0	0
231224	Britra_Fi_HpDrain	cycle	1	99	timer:1	1	skill	17294	0	0	MOST_HATED	0.0	0.0	0.0	0
231224	Britra_Fi_HpDrain	cycle	2	98	timer:2	0	arm	3	10000	0		0.0	0.0	0.0	0
231224	Britra_Fi_HpDrain	cycle	2	98	timer:2	1	skill	17294	0	0	MOST_HATED	0.0	0.0	0.0	0
231224	Britra_Fi_HpDrain	cycle	3	97	timer:3	0	arm	4	7000	0		0.0	0.0	0.0	0
231224	Britra_Fi_HpDrain	cycle	3	97	timer:3	1	skill	17294	0	0	MOST_HATED	0.0	0.0	0.0	0
231224	Britra_Fi_HpDrain	cycle	4	96	timer:4	0	arm	5	15000	0		0.0	0.0	0.0	0
231224	Britra_Fi_HpDrain	cycle	4	96	timer:4	1	skill	20703	0	0	MOST_HATED	0.0	0.0	0.0	0
231224	Britra_Fi_HpDrain	cycle	5	95	timer:5	0	arm	6	7000	0		0.0	0.0	0.0	0
231224	Britra_Fi_HpDrain	cycle	5	95	timer:5	1	skill	17294	0	0	MOST_HATED	0.0	0.0	0.0	0
231224	Britra_Fi_HpDrain	cycle	6	94	timer:6	0	arm	2	15000	0		0.0	0.0	0.0	0
231224	Britra_Fi_HpDrain	cycle	6	94	timer:6	1	skill	20703	0	0	MOST_HATED	0.0	0.0	0.0	0
231225	Britra_As_Poison	arm	0	7		0	arm	0	5000	0		0.0	0.0	0.0	0
231225	Britra_As_Poison	arm	0	7		1	skill	17322	0	0	MOST_HATED	0.0	0.0	0.0	0
231225	Britra_As_Poison	cycle	0	100	timer:0	0	arm	1	7000	0		0.0	0.0	0.0	0
231225	Britra_As_Poison	cycle	0	100	timer:0	1	skill	17332	0	0	MOST_HATED	0.0	0.0	0.0	0
231225	Britra_As_Poison	cycle	1	99	timer:1	0	arm	2	10000	0		0.0	0.0	0.0	0
231225	Britra_As_Poison	cycle	1	99	timer:1	1	skill	17332	0	0	MOST_HATED	0.0	0.0	0.0	0
231225	Britra_As_Poison	cycle	2	98	timer:2	0	arm	3	10000	0		0.0	0.0	0.0	0
231225	Britra_As_Poison	cycle	2	98	timer:2	1	skill	17295	0	0	MOST_HATED	0.0	0.0	0.0	0
231225	Britra_As_Poison	cycle	3	97	timer:3	0	arm	0	7000	0		0.0	0.0	0.0	0
231225	Britra_As_Poison	cycle	3	97	timer:3	1	skill	17322	0	0	MOST_HATED	0.0	0.0	0.0	0
231227	Britra_Pr_Heal	arm	0	7		0	arm	0	7000	0		0.0	0.0	0.0	0
231227	Britra_Pr_Heal	arm	0	7		1	skill	17359	0	0	MOST_HATED	0.0	0.0	0.0	0
231227	Britra_Pr_Heal	cycle	0	100	timer:0	0	arm	1	10000	0		0.0	0.0	0.0	0
231227	Britra_Pr_Heal	cycle	0	100	timer:0	1	skill	17359	0	0	MOST_HATED	0.0	0.0	0.0	0
231227	Britra_Pr_Heal	cycle	1	99	timer:1	0	arm	2	10000	0		0.0	0.0	0.0	0
231227	Britra_Pr_Heal	cycle	1	99	timer:1	1	skill	17361	0	0	ME	0.0	0.0	0.0	0
231227	Britra_Pr_Heal	cycle	2	98	timer:2	0	arm	3	15000	0		0.0	0.0	0.0	0
231227	Britra_Pr_Heal	cycle	2	98	timer:2	1	skill	17359	0	0	MOST_HATED	0.0	0.0	0.0	0
231227	Britra_Pr_Heal	cycle	3	97	timer:3	0	arm	0	10000	0		0.0	0.0	0.0	0
231227	Britra_Pr_Heal	cycle	3	97	timer:3	1	skill	17700	0	0	MOST_HATED	0.0	0.0	0.0	0
231239	Britra_Party_Ri_OpenAerial	arm	0	7		0	arm	0	7000	0		0.0	0.0	0.0	0
231239	Britra_Party_Ri_OpenAerial	arm	0	7		1	skill	21294	0	0	MOST_HATED	0.0	0.0	0.0	0
231239	Britra_Party_Ri_OpenAerial	cycle	0	100	timer:0	0	arm	1	22000	0		0.0	0.0	0.0	0
231239	Britra_Party_Ri_OpenAerial	cycle	0	100	timer:0	1	skill	20648	0	0	MOST_HATED	0.0	0.0	0.0	0
231239	Britra_Party_Ri_OpenAerial	cycle	0	100	timer:0	2	skill	21295	0	0	MOST_HATED	0.0	0.0	0.0	0
231239	Britra_Party_Ri_OpenAerial	cycle	1	99	timer:1	0	arm	2	10000	0		0.0	0.0	0.0	0
231239	Britra_Party_Ri_OpenAerial	cycle	1	99	timer:1	1	skill	21294	0	0	MOST_HATED	0.0	0.0	0.0	0
231239	Britra_Party_Ri_OpenAerial	cycle	2	98	timer:2	0	arm	3	13000	0		0.0	0.0	0.0	0
231239	Britra_Party_Ri_OpenAerial	cycle	2	98	timer:2	1	skill	21297	0	0	MOST_HATED	0.0	0.0	0.0	0
231239	Britra_Party_Ri_OpenAerial	cycle	3	97	timer:3	0	arm	4	10000	0		0.0	0.0	0.0	0
231239	Britra_Party_Ri_OpenAerial	cycle	3	97	timer:3	1	skill	21294	0	0	MOST_HATED	0.0	0.0	0.0	0
231239	Britra_Party_Ri_OpenAerial	cycle	4	96	timer:4	0	arm	0	7000	0		0.0	0.0	0.0	0
231239	Britra_Party_Ri_OpenAerial	cycle	4	96	timer:4	1	skill	21297	0	0	MOST_HATED	0.0	0.0	0.0	0
231240	Britra_Party_As_Broad	arm	0	7		0	arm	0	5000	0		0.0	0.0	0.0	0
231240	Britra_Party_As_Broad	cycle	0	100	timer:0	0	arm	2	13000	0		0.0	0.0	0.0	0
231240	Britra_Party_As_Broad	cycle	0	100	timer:0	1	skill	17332	0	0	MOST_HATED	0.0	0.0	0.0	0
231240	Britra_Party_As_Broad	cycle	1	98	timer:2	0	arm	3	17000	0		0.0	0.0	0.0	0
231240	Britra_Party_As_Broad	cycle	1	98	timer:2	1	skill	17333	0	0	MOST_HATED	0.0	0.0	0.0	0
231240	Britra_Party_As_Broad	cycle	2	97	timer:3	0	arm	4	19000	0		0.0	0.0	0.0	0
231240	Britra_Party_As_Broad	cycle	2	97	timer:3	1	skill	17332	0	0	MOST_HATED	0.0	0.0	0.0	0
231240	Britra_Party_As_Broad	cycle	3	96	timer:4	0	arm	5	9000	0		0.0	0.0	0.0	0
231240	Britra_Party_As_Broad	cycle	3	96	timer:4	1	skill	17332	0	0	MOST_HATED	0.0	0.0	0.0	0
231240	Britra_Party_As_Broad	cycle	4	95	timer:5	0	arm	6	19000	0		0.0	0.0	0.0	0
231240	Britra_Party_As_Broad	cycle	4	95	timer:5	1	skill	17332	0	0	MOST_HATED	0.0	0.0	0.0	0
231240	Britra_Party_As_Broad	cycle	5	94	timer:6	0	arm	7	9000	0		0.0	0.0	0.0	0
231240	Britra_Party_As_Broad	cycle	5	94	timer:6	1	skill	17333	0	0	MOST_HATED	0.0	0.0	0.0	0
231240	Britra_Party_As_Broad	cycle	6	93	timer:7	0	arm	2	9000	0		0.0	0.0	0.0	0
231240	Britra_Party_As_Broad	cycle	6	93	timer:7	1	skill	17332	0	0	MOST_HATED	0.0	0.0	0.0	0
231306	Britra_Table	arm	0	7		0	arm	0	7000	0		0.0	0.0	0.0	0
231306	Britra_Table	arm	0	7		1	skill	17294	0	0	MOST_HATED	0.0	0.0	0.0	0
231306	Britra_Table	cycle	0	100	timer:0	0	arm	1	10000	0		0.0	0.0	0.0	0
231306	Britra_Table	cycle	0	100	timer:0	1	skill	17295	0	0	MOST_HATED	0.0	0.0	0.0	0
231306	Britra_Table	cycle	1	99	timer:1	0	arm	0	7000	0		0.0	0.0	0.0	0
231306	Britra_Table	cycle	1	99	timer:1	1	skill	17294	0	0	MOST_HATED	0.0	0.0	0.0	0
231307	Britra_Table	arm	0	7		0	arm	0	7000	0		0.0	0.0	0.0	0
231307	Britra_Table	arm	0	7		1	skill	21292	0	0	MOST_HATED	0.0	0.0	0.0	0
231307	Britra_Table	cycle	0	100	timer:0	0	arm	1	10000	0		0.0	0.0	0.0	0
231307	Britra_Table	cycle	0	100	timer:0	1	skill	21293	0	0	MOST_HATED	0.0	0.0	0.0	0
231307	Britra_Table	cycle	1	99	timer:1	0	arm	0	7000	0		0.0	0.0	0.0	0
231307	Britra_Table	cycle	1	99	timer:1	1	skill	21292	0	0	MOST_HATED	0.0	0.0	0.0	0
231308	Britra_Fi_HpDrain	arm	0	7		0	arm	0	7000	0		0.0	0.0	0.0	0
231308	Britra_Fi_HpDrain	arm	0	7		1	skill	16517	0	0	ME	0.0	0.0	0.0	0
231308	Britra_Fi_HpDrain	cycle	0	100	timer:0	0	arm	1	10000	0		0.0	0.0	0.0	0
231308	Britra_Fi_HpDrain	cycle	0	100	timer:0	1	skill	20703	0	0	MOST_HATED	0.0	0.0	0.0	0
231308	Britra_Fi_HpDrain	cycle	1	99	timer:1	0	arm	2	7000	0		0.0	0.0	0.0	0
231308	Britra_Fi_HpDrain	cycle	1	99	timer:1	1	skill	17294	0	0	MOST_HATED	0.0	0.0	0.0	0
231308	Britra_Fi_HpDrain	cycle	2	98	timer:2	0	arm	3	10000	0		0.0	0.0	0.0	0
231308	Britra_Fi_HpDrain	cycle	2	98	timer:2	1	skill	17294	0	0	MOST_HATED	0.0	0.0	0.0	0
231308	Britra_Fi_HpDrain	cycle	3	97	timer:3	0	arm	4	7000	0		0.0	0.0	0.0	0
231308	Britra_Fi_HpDrain	cycle	3	97	timer:3	1	skill	17294	0	0	MOST_HATED	0.0	0.0	0.0	0
231308	Britra_Fi_HpDrain	cycle	4	96	timer:4	0	arm	5	15000	0		0.0	0.0	0.0	0
231308	Britra_Fi_HpDrain	cycle	4	96	timer:4	1	skill	20703	0	0	MOST_HATED	0.0	0.0	0.0	0
231308	Britra_Fi_HpDrain	cycle	5	95	timer:5	0	arm	6	7000	0		0.0	0.0	0.0	0
231308	Britra_Fi_HpDrain	cycle	5	95	timer:5	1	skill	17294	0	0	MOST_HATED	0.0	0.0	0.0	0
231308	Britra_Fi_HpDrain	cycle	6	94	timer:6	0	arm	2	15000	0		0.0	0.0	0.0	0
231308	Britra_Fi_HpDrain	cycle	6	94	timer:6	1	skill	20703	0	0	MOST_HATED	0.0	0.0	0.0	0
231309	Britra_As_Broad	arm	0	7		0	arm	0	7000	0		0.0	0.0	0.0	0
231309	Britra_As_Broad	cycle	0	100	timer:0	0	arm	1	10000	0		0.0	0.0	0.0	0
231309	Britra_As_Broad	cycle	0	100	timer:0	1	skill	17295	0	0	MOST_HATED	0.0	0.0	0.0	0
231309	Britra_As_Broad	cycle	0	100	timer:0	2	broadcast	23001	15	0		0.0	0.0	0.0	0
231309	Britra_As_Broad	cycle	1	99	timer:1	0	arm	2	10000	0		0.0	0.0	0.0	0
231309	Britra_As_Broad	cycle	1	99	timer:1	1	skill	17332	0	0	MOST_HATED	0.0	0.0	0.0	0
231309	Britra_As_Broad	cycle	2	98	timer:2	0	arm	1	15000	0		0.0	0.0	0.0	0
231309	Britra_As_Broad	cycle	2	98	timer:2	1	skill	17295	0	0	MOST_HATED	0.0	0.0	0.0	0
231311	Britra_Pr_Heal	arm	0	7		0	arm	0	7000	0		0.0	0.0	0.0	0
231311	Britra_Pr_Heal	arm	0	7		1	skill	17359	0	0	MOST_HATED	0.0	0.0	0.0	0
231311	Britra_Pr_Heal	cycle	0	100	timer:0	0	arm	1	10000	0		0.0	0.0	0.0	0
231311	Britra_Pr_Heal	cycle	0	100	timer:0	1	skill	17359	0	0	MOST_HATED	0.0	0.0	0.0	0
231311	Britra_Pr_Heal	cycle	1	99	timer:1	0	arm	2	10000	0		0.0	0.0	0.0	0
231311	Britra_Pr_Heal	cycle	1	99	timer:1	1	skill	17361	0	0	ME	0.0	0.0	0.0	0
231311	Britra_Pr_Heal	cycle	2	98	timer:2	0	arm	3	15000	0		0.0	0.0	0.0	0
231311	Britra_Pr_Heal	cycle	2	98	timer:2	1	skill	17359	0	0	MOST_HATED	0.0	0.0	0.0	0
231311	Britra_Pr_Heal	cycle	3	97	timer:3	0	arm	0	10000	0		0.0	0.0	0.0	0
231311	Britra_Pr_Heal	cycle	3	97	timer:3	1	skill	17700	0	0	MOST_HATED	0.0	0.0	0.0	0
231312	Britra_Table	arm	0	7		0	arm	0	7000	0		0.0	0.0	0.0	0
231312	Britra_Table	arm	0	7		1	skill	17294	0	0	MOST_HATED	0.0	0.0	0.0	0
231312	Britra_Table	cycle	0	100	timer:0	0	arm	1	10000	0		0.0	0.0	0.0	0
231312	Britra_Table	cycle	0	100	timer:0	1	skill	17295	0	0	MOST_HATED	0.0	0.0	0.0	0
231312	Britra_Table	cycle	1	99	timer:1	0	arm	0	7000	0		0.0	0.0	0.0	0
231312	Britra_Table	cycle	1	99	timer:1	1	skill	17294	0	0	MOST_HATED	0.0	0.0	0.0	0
231313	Britra_Table	arm	0	7		0	arm	0	7000	0		0.0	0.0	0.0	0
231313	Britra_Table	arm	0	7		1	skill	21292	0	0	MOST_HATED	0.0	0.0	0.0	0
231313	Britra_Table	cycle	0	100	timer:0	0	arm	1	10000	0		0.0	0.0	0.0	0
231313	Britra_Table	cycle	0	100	timer:0	1	skill	21293	0	0	MOST_HATED	0.0	0.0	0.0	0
231313	Britra_Table	cycle	1	99	timer:1	0	arm	0	7000	0		0.0	0.0	0.0	0
231313	Britra_Table	cycle	1	99	timer:1	1	skill	21292	0	0	MOST_HATED	0.0	0.0	0.0	0
231314	Britra_Fi_HpDrain	arm	0	7		0	arm	0	7000	0		0.0	0.0	0.0	0
231314	Britra_Fi_HpDrain	arm	0	7		1	skill	16517	0	0	ME	0.0	0.0	0.0	0
231314	Britra_Fi_HpDrain	cycle	0	100	timer:0	0	arm	1	10000	0		0.0	0.0	0.0	0
231314	Britra_Fi_HpDrain	cycle	0	100	timer:0	1	skill	20703	0	0	MOST_HATED	0.0	0.0	0.0	0
231314	Britra_Fi_HpDrain	cycle	1	99	timer:1	0	arm	2	7000	0		0.0	0.0	0.0	0
231314	Britra_Fi_HpDrain	cycle	1	99	timer:1	1	skill	17294	0	0	MOST_HATED	0.0	0.0	0.0	0
231314	Britra_Fi_HpDrain	cycle	2	98	timer:2	0	arm	3	10000	0		0.0	0.0	0.0	0
231314	Britra_Fi_HpDrain	cycle	2	98	timer:2	1	skill	17294	0	0	MOST_HATED	0.0	0.0	0.0	0
231314	Britra_Fi_HpDrain	cycle	3	97	timer:3	0	arm	4	7000	0		0.0	0.0	0.0	0
231314	Britra_Fi_HpDrain	cycle	3	97	timer:3	1	skill	17294	0	0	MOST_HATED	0.0	0.0	0.0	0
231314	Britra_Fi_HpDrain	cycle	4	96	timer:4	0	arm	5	15000	0		0.0	0.0	0.0	0
231314	Britra_Fi_HpDrain	cycle	4	96	timer:4	1	skill	20703	0	0	MOST_HATED	0.0	0.0	0.0	0
231314	Britra_Fi_HpDrain	cycle	5	95	timer:5	0	arm	6	7000	0		0.0	0.0	0.0	0
231314	Britra_Fi_HpDrain	cycle	5	95	timer:5	1	skill	17294	0	0	MOST_HATED	0.0	0.0	0.0	0
231314	Britra_Fi_HpDrain	cycle	6	94	timer:6	0	arm	2	15000	0		0.0	0.0	0.0	0
231314	Britra_Fi_HpDrain	cycle	6	94	timer:6	1	skill	20703	0	0	MOST_HATED	0.0	0.0	0.0	0
231315	Britra_As_Broad	arm	0	7		0	arm	0	7000	0		0.0	0.0	0.0	0
231315	Britra_As_Broad	cycle	0	100	timer:0	0	arm	1	10000	0		0.0	0.0	0.0	0
231315	Britra_As_Broad	cycle	0	100	timer:0	1	skill	17295	0	0	MOST_HATED	0.0	0.0	0.0	0
231315	Britra_As_Broad	cycle	0	100	timer:0	2	broadcast	23001	15	0		0.0	0.0	0.0	0
231315	Britra_As_Broad	cycle	1	99	timer:1	0	arm	2	10000	0		0.0	0.0	0.0	0
231315	Britra_As_Broad	cycle	1	99	timer:1	1	skill	17332	0	0	MOST_HATED	0.0	0.0	0.0	0
231315	Britra_As_Broad	cycle	2	98	timer:2	0	arm	1	15000	0		0.0	0.0	0.0	0
231315	Britra_As_Broad	cycle	2	98	timer:2	1	skill	17295	0	0	MOST_HATED	0.0	0.0	0.0	0
231317	Britra_Pr_Heal	arm	0	7		0	arm	0	7000	0		0.0	0.0	0.0	0
231317	Britra_Pr_Heal	arm	0	7		1	skill	17359	0	0	MOST_HATED	0.0	0.0	0.0	0
231317	Britra_Pr_Heal	cycle	0	100	timer:0	0	arm	1	10000	0		0.0	0.0	0.0	0
231317	Britra_Pr_Heal	cycle	0	100	timer:0	1	skill	17359	0	0	MOST_HATED	0.0	0.0	0.0	0
231317	Britra_Pr_Heal	cycle	1	99	timer:1	0	arm	2	10000	0		0.0	0.0	0.0	0
231317	Britra_Pr_Heal	cycle	1	99	timer:1	1	skill	17361	0	0	ME	0.0	0.0	0.0	0
231317	Britra_Pr_Heal	cycle	2	98	timer:2	0	arm	3	15000	0		0.0	0.0	0.0	0
231317	Britra_Pr_Heal	cycle	2	98	timer:2	1	skill	17359	0	0	MOST_HATED	0.0	0.0	0.0	0
231317	Britra_Pr_Heal	cycle	3	97	timer:3	0	arm	0	10000	0		0.0	0.0	0.0	0
231317	Britra_Pr_Heal	cycle	3	97	timer:3	1	skill	17700	0	0	MOST_HATED	0.0	0.0	0.0	0
231318	Britra_As_Poison_LowNmd	arm	0	7		0	arm	0	5000	0		0.0	0.0	0.0	0
231318	Britra_As_Poison_LowNmd	arm	0	7		1	skill	17322	0	0	MOST_HATED	0.0	0.0	0.0	0
231318	Britra_As_Poison_LowNmd	cycle	0	100	timer:0	0	arm	1	7000	0		0.0	0.0	0.0	0
231318	Britra_As_Poison_LowNmd	cycle	0	100	timer:0	1	skill	16678	0	0	MOST_HATED	0.0	0.0	0.0	0
231318	Britra_As_Poison_LowNmd	cycle	1	99	timer:1	0	arm	2	7000	0		0.0	0.0	0.0	0
231318	Britra_As_Poison_LowNmd	cycle	1	99	timer:1	1	skill	17332	0	0	MOST_HATED	0.0	0.0	0.0	0
231318	Britra_As_Poison_LowNmd	cycle	2	98	timer:2	0	arm	3	10000	0		0.0	0.0	0.0	0
231318	Britra_As_Poison_LowNmd	cycle	2	98	timer:2	1	skill	17295	0	0	MOST_HATED	0.0	0.0	0.0	0
231318	Britra_As_Poison_LowNmd	cycle	3	96	timer:3	0	arm	4	7000	0		0.0	0.0	0.0	0
231318	Britra_As_Poison_LowNmd	cycle	3	96	timer:3	1	skill	17322	0	0	MOST_HATED	0.0	0.0	0.0	0
231318	Britra_As_Poison_LowNmd	cycle	4	95	timer:4	0	arm	5	7000	0		0.0	0.0	0.0	0
231318	Britra_As_Poison_LowNmd	cycle	4	95	timer:4	1	skill	16678	0	0	MOST_HATED	0.0	0.0	0.0	0
231318	Britra_As_Poison_LowNmd	cycle	5	94	timer:5	0	arm	6	7000	0		0.0	0.0	0.0	0
231318	Britra_As_Poison_LowNmd	cycle	5	94	timer:5	1	skill	17295	0	0	MOST_HATED	0.0	0.0	0.0	0
231318	Britra_As_Poison_LowNmd	cycle	6	93	timer:6	0	arm	2	7000	0		0.0	0.0	0.0	0
231318	Britra_As_Poison_LowNmd	cycle	6	93	timer:6	1	skill	17332	0	0	MOST_HATED	0.0	0.0	0.0	0
231319	Britra_Ri_OpenAerial	arm	0	7		0	arm	0	7000	0		0.0	0.0	0.0	0
231319	Britra_Ri_OpenAerial	arm	0	7		1	skill	21294	0	0	MOST_HATED	0.0	0.0	0.0	0
231319	Britra_Ri_OpenAerial	cycle	0	99	timer:0	0	arm	1	10000	0		0.0	0.0	0.0	0
231319	Britra_Ri_OpenAerial	cycle	0	99	timer:0	1	skill	20648	0	0	MOST_HATED	0.0	0.0	0.0	0
231319	Britra_Ri_OpenAerial	cycle	0	99	timer:0	2	skill	21295	0	0	MOST_HATED	0.0	0.0	0.0	0
231319	Britra_Ri_OpenAerial	cycle	1	98	timer:1	0	arm	2	7000	0		0.0	0.0	0.0	0
231319	Britra_Ri_OpenAerial	cycle	1	98	timer:1	1	skill	21315	0	0	MOST_HATED	0.0	0.0	0.0	0
231319	Britra_Ri_OpenAerial	cycle	2	97	timer:2	0	arm	3	10000	0		0.0	0.0	0.0	0
231319	Britra_Ri_OpenAerial	cycle	2	97	timer:2	1	skill	21294	0	0	MOST_HATED	0.0	0.0	0.0	0
231319	Britra_Ri_OpenAerial	cycle	3	96	timer:3	0	arm	4	7000	0		0.0	0.0	0.0	0
231319	Britra_Ri_OpenAerial	cycle	3	96	timer:3	1	skill	21315	0	0	MOST_HATED	0.0	0.0	0.0	0
231319	Britra_Ri_OpenAerial	cycle	4	95	timer:4	0	arm	5	10000	0		0.0	0.0	0.0	0
231319	Britra_Ri_OpenAerial	cycle	4	95	timer:4	1	skill	21294	0	0	MOST_HATED	0.0	0.0	0.0	0
231319	Britra_Ri_OpenAerial	cycle	5	94	timer:5	0	arm	6	7000	0		0.0	0.0	0.0	0
231319	Britra_Ri_OpenAerial	cycle	5	94	timer:5	1	skill	21315	0	0	MOST_HATED	0.0	0.0	0.0	0
231319	Britra_Ri_OpenAerial	cycle	6	93	timer:6	0	arm	3	10000	0		0.0	0.0	0.0	0
231319	Britra_Ri_OpenAerial	cycle	6	93	timer:6	1	skill	20648	0	0	MOST_HATED	0.0	0.0	0.0	0
231319	Britra_Ri_OpenAerial	cycle	6	93	timer:6	2	skill	21295	0	0	MOST_HATED	0.0	0.0	0.0	0
231320	Britra_Table	arm	0	7		0	arm	0	7000	0		0.0	0.0	0.0	0
231320	Britra_Table	arm	0	7		1	skill	17294	0	0	MOST_HATED	0.0	0.0	0.0	0
231320	Britra_Table	cycle	0	100	timer:0	0	arm	1	10000	0		0.0	0.0	0.0	0
231320	Britra_Table	cycle	0	100	timer:0	1	skill	17295	0	0	MOST_HATED	0.0	0.0	0.0	0
231320	Britra_Table	cycle	1	99	timer:1	0	arm	0	7000	0		0.0	0.0	0.0	0
231320	Britra_Table	cycle	1	99	timer:1	1	skill	17294	0	0	MOST_HATED	0.0	0.0	0.0	0
231321	Britra_Table	arm	0	7		0	arm	0	7000	0		0.0	0.0	0.0	0
231321	Britra_Table	arm	0	7		1	skill	21292	0	0	MOST_HATED	0.0	0.0	0.0	0
231321	Britra_Table	cycle	0	100	timer:0	0	arm	1	10000	0		0.0	0.0	0.0	0
231321	Britra_Table	cycle	0	100	timer:0	1	skill	21293	0	0	MOST_HATED	0.0	0.0	0.0	0
231321	Britra_Table	cycle	1	99	timer:1	0	arm	0	7000	0		0.0	0.0	0.0	0
231321	Britra_Table	cycle	1	99	timer:1	1	skill	21292	0	0	MOST_HATED	0.0	0.0	0.0	0
231322	Britra_Fi_HpDrain	arm	0	7		0	arm	0	7000	0		0.0	0.0	0.0	0
231322	Britra_Fi_HpDrain	arm	0	7		1	skill	16517	0	0	ME	0.0	0.0	0.0	0
231322	Britra_Fi_HpDrain	cycle	0	100	timer:0	0	arm	1	10000	0		0.0	0.0	0.0	0
231322	Britra_Fi_HpDrain	cycle	0	100	timer:0	1	skill	20703	0	0	MOST_HATED	0.0	0.0	0.0	0
231322	Britra_Fi_HpDrain	cycle	1	99	timer:1	0	arm	2	7000	0		0.0	0.0	0.0	0
231322	Britra_Fi_HpDrain	cycle	1	99	timer:1	1	skill	17294	0	0	MOST_HATED	0.0	0.0	0.0	0
231322	Britra_Fi_HpDrain	cycle	2	98	timer:2	0	arm	3	10000	0		0.0	0.0	0.0	0
231322	Britra_Fi_HpDrain	cycle	2	98	timer:2	1	skill	17294	0	0	MOST_HATED	0.0	0.0	0.0	0
231322	Britra_Fi_HpDrain	cycle	3	97	timer:3	0	arm	4	7000	0		0.0	0.0	0.0	0
231322	Britra_Fi_HpDrain	cycle	3	97	timer:3	1	skill	17294	0	0	MOST_HATED	0.0	0.0	0.0	0
231322	Britra_Fi_HpDrain	cycle	4	96	timer:4	0	arm	5	15000	0		0.0	0.0	0.0	0
231322	Britra_Fi_HpDrain	cycle	4	96	timer:4	1	skill	20703	0	0	MOST_HATED	0.0	0.0	0.0	0
231322	Britra_Fi_HpDrain	cycle	5	95	timer:5	0	arm	6	7000	0		0.0	0.0	0.0	0
231322	Britra_Fi_HpDrain	cycle	5	95	timer:5	1	skill	17294	0	0	MOST_HATED	0.0	0.0	0.0	0
231322	Britra_Fi_HpDrain	cycle	6	94	timer:6	0	arm	2	15000	0		0.0	0.0	0.0	0
231322	Britra_Fi_HpDrain	cycle	6	94	timer:6	1	skill	20703	0	0	MOST_HATED	0.0	0.0	0.0	0
231323	Britra_As_Broad	arm	0	7		0	arm	0	7000	0		0.0	0.0	0.0	0
231323	Britra_As_Broad	cycle	0	100	timer:0	0	arm	1	10000	0		0.0	0.0	0.0	0
231323	Britra_As_Broad	cycle	0	100	timer:0	1	skill	17295	0	0	MOST_HATED	0.0	0.0	0.0	0
231323	Britra_As_Broad	cycle	0	100	timer:0	2	broadcast	23001	15	0		0.0	0.0	0.0	0
231323	Britra_As_Broad	cycle	1	99	timer:1	0	arm	2	10000	0		0.0	0.0	0.0	0
231323	Britra_As_Broad	cycle	1	99	timer:1	1	skill	17332	0	0	MOST_HATED	0.0	0.0	0.0	0
231323	Britra_As_Broad	cycle	2	98	timer:2	0	arm	1	15000	0		0.0	0.0	0.0	0
231323	Britra_As_Broad	cycle	2	98	timer:2	1	skill	17295	0	0	MOST_HATED	0.0	0.0	0.0	0
231325	Britra_Pr_Heal	arm	0	7		0	arm	0	7000	0		0.0	0.0	0.0	0
231325	Britra_Pr_Heal	arm	0	7		1	skill	17359	0	0	MOST_HATED	0.0	0.0	0.0	0
231325	Britra_Pr_Heal	cycle	0	100	timer:0	0	arm	1	10000	0		0.0	0.0	0.0	0
231325	Britra_Pr_Heal	cycle	0	100	timer:0	1	skill	17359	0	0	MOST_HATED	0.0	0.0	0.0	0
231325	Britra_Pr_Heal	cycle	1	99	timer:1	0	arm	2	10000	0		0.0	0.0	0.0	0
231325	Britra_Pr_Heal	cycle	1	99	timer:1	1	skill	17361	0	0	ME	0.0	0.0	0.0	0
231325	Britra_Pr_Heal	cycle	2	98	timer:2	0	arm	3	15000	0		0.0	0.0	0.0	0
231325	Britra_Pr_Heal	cycle	2	98	timer:2	1	skill	17359	0	0	MOST_HATED	0.0	0.0	0.0	0
231325	Britra_Pr_Heal	cycle	3	97	timer:3	0	arm	0	10000	0		0.0	0.0	0.0	0
231325	Britra_Pr_Heal	cycle	3	97	timer:3	1	skill	17700	0	0	MOST_HATED	0.0	0.0	0.0	0
231326	Britra_Ri_OpenAerial	arm	0	7		0	arm	0	7000	0		0.0	0.0	0.0	0
231326	Britra_Ri_OpenAerial	arm	0	7		1	skill	21294	0	0	MOST_HATED	0.0	0.0	0.0	0
231326	Britra_Ri_OpenAerial	cycle	0	99	timer:0	0	arm	1	10000	0		0.0	0.0	0.0	0
231326	Britra_Ri_OpenAerial	cycle	0	99	timer:0	1	skill	20648	0	0	MOST_HATED	0.0	0.0	0.0	0
231326	Britra_Ri_OpenAerial	cycle	0	99	timer:0	2	skill	21295	0	0	MOST_HATED	0.0	0.0	0.0	0
231326	Britra_Ri_OpenAerial	cycle	1	98	timer:1	0	arm	2	7000	0		0.0	0.0	0.0	0
231326	Britra_Ri_OpenAerial	cycle	1	98	timer:1	1	skill	21315	0	0	MOST_HATED	0.0	0.0	0.0	0
231326	Britra_Ri_OpenAerial	cycle	2	97	timer:2	0	arm	3	10000	0		0.0	0.0	0.0	0
231326	Britra_Ri_OpenAerial	cycle	2	97	timer:2	1	skill	21294	0	0	MOST_HATED	0.0	0.0	0.0	0
231326	Britra_Ri_OpenAerial	cycle	3	96	timer:3	0	arm	4	7000	0		0.0	0.0	0.0	0
231326	Britra_Ri_OpenAerial	cycle	3	96	timer:3	1	skill	21315	0	0	MOST_HATED	0.0	0.0	0.0	0
231326	Britra_Ri_OpenAerial	cycle	4	95	timer:4	0	arm	5	10000	0		0.0	0.0	0.0	0
231326	Britra_Ri_OpenAerial	cycle	4	95	timer:4	1	skill	21294	0	0	MOST_HATED	0.0	0.0	0.0	0
231326	Britra_Ri_OpenAerial	cycle	5	94	timer:5	0	arm	6	7000	0		0.0	0.0	0.0	0
231326	Britra_Ri_OpenAerial	cycle	5	94	timer:5	1	skill	21315	0	0	MOST_HATED	0.0	0.0	0.0	0
231326	Britra_Ri_OpenAerial	cycle	6	93	timer:6	0	arm	3	10000	0		0.0	0.0	0.0	0
231326	Britra_Ri_OpenAerial	cycle	6	93	timer:6	1	skill	20648	0	0	MOST_HATED	0.0	0.0	0.0	0
231326	Britra_Ri_OpenAerial	cycle	6	93	timer:6	2	skill	21295	0	0	MOST_HATED	0.0	0.0	0.0	0
231327	Britra_Table	arm	0	7		0	arm	0	7000	0		0.0	0.0	0.0	0
231327	Britra_Table	arm	0	7		1	skill	17294	0	0	MOST_HATED	0.0	0.0	0.0	0
231327	Britra_Table	cycle	0	100	timer:0	0	arm	1	10000	0		0.0	0.0	0.0	0
231327	Britra_Table	cycle	0	100	timer:0	1	skill	17295	0	0	MOST_HATED	0.0	0.0	0.0	0
231327	Britra_Table	cycle	1	99	timer:1	0	arm	0	7000	0		0.0	0.0	0.0	0
231327	Britra_Table	cycle	1	99	timer:1	1	skill	17294	0	0	MOST_HATED	0.0	0.0	0.0	0
231328	Britra_Table	arm	0	7		0	arm	0	7000	0		0.0	0.0	0.0	0
231328	Britra_Table	arm	0	7		1	skill	21292	0	0	MOST_HATED	0.0	0.0	0.0	0
231328	Britra_Table	cycle	0	100	timer:0	0	arm	1	10000	0		0.0	0.0	0.0	0
231328	Britra_Table	cycle	0	100	timer:0	1	skill	21293	0	0	MOST_HATED	0.0	0.0	0.0	0
231328	Britra_Table	cycle	1	99	timer:1	0	arm	0	7000	0		0.0	0.0	0.0	0
231328	Britra_Table	cycle	1	99	timer:1	1	skill	21292	0	0	MOST_HATED	0.0	0.0	0.0	0
231329	Britra_Fi_HpDrain	arm	0	7		0	arm	0	7000	0		0.0	0.0	0.0	0
231329	Britra_Fi_HpDrain	arm	0	7		1	skill	16517	0	0	ME	0.0	0.0	0.0	0
231329	Britra_Fi_HpDrain	cycle	0	100	timer:0	0	arm	1	10000	0		0.0	0.0	0.0	0
231329	Britra_Fi_HpDrain	cycle	0	100	timer:0	1	skill	20703	0	0	MOST_HATED	0.0	0.0	0.0	0
231329	Britra_Fi_HpDrain	cycle	1	99	timer:1	0	arm	2	7000	0		0.0	0.0	0.0	0
231329	Britra_Fi_HpDrain	cycle	1	99	timer:1	1	skill	17294	0	0	MOST_HATED	0.0	0.0	0.0	0
231329	Britra_Fi_HpDrain	cycle	2	98	timer:2	0	arm	3	10000	0		0.0	0.0	0.0	0
231329	Britra_Fi_HpDrain	cycle	2	98	timer:2	1	skill	17294	0	0	MOST_HATED	0.0	0.0	0.0	0
231329	Britra_Fi_HpDrain	cycle	3	97	timer:3	0	arm	4	7000	0		0.0	0.0	0.0	0
231329	Britra_Fi_HpDrain	cycle	3	97	timer:3	1	skill	17294	0	0	MOST_HATED	0.0	0.0	0.0	0
231329	Britra_Fi_HpDrain	cycle	4	96	timer:4	0	arm	5	15000	0		0.0	0.0	0.0	0
231329	Britra_Fi_HpDrain	cycle	4	96	timer:4	1	skill	20703	0	0	MOST_HATED	0.0	0.0	0.0	0
231329	Britra_Fi_HpDrain	cycle	5	95	timer:5	0	arm	6	7000	0		0.0	0.0	0.0	0
231329	Britra_Fi_HpDrain	cycle	5	95	timer:5	1	skill	17294	0	0	MOST_HATED	0.0	0.0	0.0	0
231329	Britra_Fi_HpDrain	cycle	6	94	timer:6	0	arm	2	15000	0		0.0	0.0	0.0	0
231329	Britra_Fi_HpDrain	cycle	6	94	timer:6	1	skill	20703	0	0	MOST_HATED	0.0	0.0	0.0	0
231330	Britra_As_Broad	arm	0	7		0	arm	0	7000	0		0.0	0.0	0.0	0
231330	Britra_As_Broad	cycle	0	100	timer:0	0	arm	1	10000	0		0.0	0.0	0.0	0
231330	Britra_As_Broad	cycle	0	100	timer:0	1	skill	17295	0	0	MOST_HATED	0.0	0.0	0.0	0
231330	Britra_As_Broad	cycle	0	100	timer:0	2	broadcast	23001	15	0		0.0	0.0	0.0	0
231330	Britra_As_Broad	cycle	1	99	timer:1	0	arm	2	10000	0		0.0	0.0	0.0	0
231330	Britra_As_Broad	cycle	1	99	timer:1	1	skill	17332	0	0	MOST_HATED	0.0	0.0	0.0	0
231330	Britra_As_Broad	cycle	2	98	timer:2	0	arm	1	15000	0		0.0	0.0	0.0	0
231330	Britra_As_Broad	cycle	2	98	timer:2	1	skill	17295	0	0	MOST_HATED	0.0	0.0	0.0	0
231332	Britra_Pr_Heal	arm	0	7		0	arm	0	7000	0		0.0	0.0	0.0	0
231332	Britra_Pr_Heal	arm	0	7		1	skill	17359	0	0	MOST_HATED	0.0	0.0	0.0	0
231332	Britra_Pr_Heal	cycle	0	100	timer:0	0	arm	1	10000	0		0.0	0.0	0.0	0
231332	Britra_Pr_Heal	cycle	0	100	timer:0	1	skill	17359	0	0	MOST_HATED	0.0	0.0	0.0	0
231332	Britra_Pr_Heal	cycle	1	99	timer:1	0	arm	2	10000	0		0.0	0.0	0.0	0
231332	Britra_Pr_Heal	cycle	1	99	timer:1	1	skill	17361	0	0	ME	0.0	0.0	0.0	0
231332	Britra_Pr_Heal	cycle	2	98	timer:2	0	arm	3	15000	0		0.0	0.0	0.0	0
231332	Britra_Pr_Heal	cycle	2	98	timer:2	1	skill	17359	0	0	MOST_HATED	0.0	0.0	0.0	0
231332	Britra_Pr_Heal	cycle	3	97	timer:3	0	arm	0	10000	0		0.0	0.0	0.0	0
231332	Britra_Pr_Heal	cycle	3	97	timer:3	1	skill	17700	0	0	MOST_HATED	0.0	0.0	0.0	0
231333	Britra_El_Confuse	arm	0	7		0	arm	0	7000	0		0.0	0.0	0.0	0
231333	Britra_El_Confuse	arm	0	7		1	skill	21288	0	0	MOST_HATED	0.0	0.0	0.0	0
231333	Britra_El_Confuse	cycle	0	100	timer:0	0	arm	1	7000	0		0.0	0.0	0.0	0
231333	Britra_El_Confuse	cycle	0	100	timer:0	1	skill	19552	0	0	MOST_HATED	0.0	0.0	0.0	0
231333	Britra_El_Confuse	cycle	1	99	timer:1	0	arm	2	7000	0		0.0	0.0	0.0	0
231333	Britra_El_Confuse	cycle	1	99	timer:1	1	skill	17335	0	0	MOST_HATED	0.0	0.0	0.0	0
231333	Britra_El_Confuse	cycle	2	98	timer:2	0	arm	3	7000	0		0.0	0.0	0.0	0
231333	Britra_El_Confuse	cycle	2	98	timer:2	1	skill	21288	0	0	MOST_HATED	0.0	0.0	0.0	0
231333	Britra_El_Confuse	cycle	3	97	timer:3	0	arm	0	7000	0		0.0	0.0	0.0	0
231333	Britra_El_Confuse	cycle	3	97	timer:3	1	skill	17335	0	0	MOST_HATED	0.0	0.0	0.0	0
231334	Britra_Table	arm	0	7		0	arm	0	7000	0		0.0	0.0	0.0	0
231334	Britra_Table	arm	0	7		1	skill	17294	0	0	MOST_HATED	0.0	0.0	0.0	0
231334	Britra_Table	cycle	0	100	timer:0	0	arm	1	10000	0		0.0	0.0	0.0	0
231334	Britra_Table	cycle	0	100	timer:0	1	skill	17295	0	0	MOST_HATED	0.0	0.0	0.0	0
231334	Britra_Table	cycle	1	99	timer:1	0	arm	0	7000	0		0.0	0.0	0.0	0
231334	Britra_Table	cycle	1	99	timer:1	1	skill	17294	0	0	MOST_HATED	0.0	0.0	0.0	0
231335	Britra_Table	arm	0	7		0	arm	0	7000	0		0.0	0.0	0.0	0
231335	Britra_Table	arm	0	7		1	skill	21292	0	0	MOST_HATED	0.0	0.0	0.0	0
231335	Britra_Table	cycle	0	100	timer:0	0	arm	1	10000	0		0.0	0.0	0.0	0
231335	Britra_Table	cycle	0	100	timer:0	1	skill	21293	0	0	MOST_HATED	0.0	0.0	0.0	0
231335	Britra_Table	cycle	1	99	timer:1	0	arm	0	7000	0		0.0	0.0	0.0	0
231335	Britra_Table	cycle	1	99	timer:1	1	skill	21292	0	0	MOST_HATED	0.0	0.0	0.0	0
231336	Britra_Fi_HpDrain	arm	0	7		0	arm	0	7000	0		0.0	0.0	0.0	0
231336	Britra_Fi_HpDrain	arm	0	7		1	skill	16517	0	0	ME	0.0	0.0	0.0	0
231336	Britra_Fi_HpDrain	cycle	0	100	timer:0	0	arm	1	10000	0		0.0	0.0	0.0	0
231336	Britra_Fi_HpDrain	cycle	0	100	timer:0	1	skill	20703	0	0	MOST_HATED	0.0	0.0	0.0	0
231336	Britra_Fi_HpDrain	cycle	1	99	timer:1	0	arm	2	7000	0		0.0	0.0	0.0	0
231336	Britra_Fi_HpDrain	cycle	1	99	timer:1	1	skill	17294	0	0	MOST_HATED	0.0	0.0	0.0	0
231336	Britra_Fi_HpDrain	cycle	2	98	timer:2	0	arm	3	10000	0		0.0	0.0	0.0	0
231336	Britra_Fi_HpDrain	cycle	2	98	timer:2	1	skill	17294	0	0	MOST_HATED	0.0	0.0	0.0	0
231336	Britra_Fi_HpDrain	cycle	3	97	timer:3	0	arm	4	7000	0		0.0	0.0	0.0	0
231336	Britra_Fi_HpDrain	cycle	3	97	timer:3	1	skill	17294	0	0	MOST_HATED	0.0	0.0	0.0	0
231336	Britra_Fi_HpDrain	cycle	4	96	timer:4	0	arm	5	15000	0		0.0	0.0	0.0	0
231336	Britra_Fi_HpDrain	cycle	4	96	timer:4	1	skill	20703	0	0	MOST_HATED	0.0	0.0	0.0	0
231336	Britra_Fi_HpDrain	cycle	5	95	timer:5	0	arm	6	7000	0		0.0	0.0	0.0	0
231336	Britra_Fi_HpDrain	cycle	5	95	timer:5	1	skill	17294	0	0	MOST_HATED	0.0	0.0	0.0	0
231336	Britra_Fi_HpDrain	cycle	6	94	timer:6	0	arm	2	15000	0		0.0	0.0	0.0	0
231336	Britra_Fi_HpDrain	cycle	6	94	timer:6	1	skill	20703	0	0	MOST_HATED	0.0	0.0	0.0	0
231337	Britra_As_Broad	arm	0	7		0	arm	0	7000	0		0.0	0.0	0.0	0
231337	Britra_As_Broad	cycle	0	100	timer:0	0	arm	1	10000	0		0.0	0.0	0.0	0
231337	Britra_As_Broad	cycle	0	100	timer:0	1	skill	17295	0	0	MOST_HATED	0.0	0.0	0.0	0
231337	Britra_As_Broad	cycle	0	100	timer:0	2	broadcast	23001	15	0		0.0	0.0	0.0	0
231337	Britra_As_Broad	cycle	1	99	timer:1	0	arm	2	10000	0		0.0	0.0	0.0	0
231337	Britra_As_Broad	cycle	1	99	timer:1	1	skill	17332	0	0	MOST_HATED	0.0	0.0	0.0	0
231337	Britra_As_Broad	cycle	2	98	timer:2	0	arm	1	15000	0		0.0	0.0	0.0	0
231337	Britra_As_Broad	cycle	2	98	timer:2	1	skill	17295	0	0	MOST_HATED	0.0	0.0	0.0	0
231339	Britra_Pr_Heal	arm	0	7		0	arm	0	7000	0		0.0	0.0	0.0	0
231339	Britra_Pr_Heal	arm	0	7		1	skill	17359	0	0	MOST_HATED	0.0	0.0	0.0	0
231339	Britra_Pr_Heal	cycle	0	100	timer:0	0	arm	1	10000	0		0.0	0.0	0.0	0
231339	Britra_Pr_Heal	cycle	0	100	timer:0	1	skill	17359	0	0	MOST_HATED	0.0	0.0	0.0	0
231339	Britra_Pr_Heal	cycle	1	99	timer:1	0	arm	2	10000	0		0.0	0.0	0.0	0
231339	Britra_Pr_Heal	cycle	1	99	timer:1	1	skill	17361	0	0	ME	0.0	0.0	0.0	0
231339	Britra_Pr_Heal	cycle	2	98	timer:2	0	arm	3	15000	0		0.0	0.0	0.0	0
231339	Britra_Pr_Heal	cycle	2	98	timer:2	1	skill	17359	0	0	MOST_HATED	0.0	0.0	0.0	0
231339	Britra_Pr_Heal	cycle	3	97	timer:3	0	arm	0	10000	0		0.0	0.0	0.0	0
231339	Britra_Pr_Heal	cycle	3	97	timer:3	1	skill	17700	0	0	MOST_HATED	0.0	0.0	0.0	0
231340	Britra_As_Poison_LowNmd	arm	0	7		0	arm	0	5000	0		0.0	0.0	0.0	0
231340	Britra_As_Poison_LowNmd	arm	0	7		1	skill	17322	0	0	MOST_HATED	0.0	0.0	0.0	0
231340	Britra_As_Poison_LowNmd	cycle	0	100	timer:0	0	arm	1	7000	0		0.0	0.0	0.0	0
231340	Britra_As_Poison_LowNmd	cycle	0	100	timer:0	1	skill	16678	0	0	MOST_HATED	0.0	0.0	0.0	0
231340	Britra_As_Poison_LowNmd	cycle	1	99	timer:1	0	arm	2	7000	0		0.0	0.0	0.0	0
231340	Britra_As_Poison_LowNmd	cycle	1	99	timer:1	1	skill	17332	0	0	MOST_HATED	0.0	0.0	0.0	0
231340	Britra_As_Poison_LowNmd	cycle	2	98	timer:2	0	arm	3	10000	0		0.0	0.0	0.0	0
231340	Britra_As_Poison_LowNmd	cycle	2	98	timer:2	1	skill	17295	0	0	MOST_HATED	0.0	0.0	0.0	0
231340	Britra_As_Poison_LowNmd	cycle	3	96	timer:3	0	arm	4	7000	0		0.0	0.0	0.0	0
231340	Britra_As_Poison_LowNmd	cycle	3	96	timer:3	1	skill	17322	0	0	MOST_HATED	0.0	0.0	0.0	0
231340	Britra_As_Poison_LowNmd	cycle	4	95	timer:4	0	arm	5	7000	0		0.0	0.0	0.0	0
231340	Britra_As_Poison_LowNmd	cycle	4	95	timer:4	1	skill	16678	0	0	MOST_HATED	0.0	0.0	0.0	0
231340	Britra_As_Poison_LowNmd	cycle	5	94	timer:5	0	arm	6	7000	0		0.0	0.0	0.0	0
231340	Britra_As_Poison_LowNmd	cycle	5	94	timer:5	1	skill	17295	0	0	MOST_HATED	0.0	0.0	0.0	0
231340	Britra_As_Poison_LowNmd	cycle	6	93	timer:6	0	arm	2	7000	0		0.0	0.0	0.0	0
231340	Britra_As_Poison_LowNmd	cycle	6	93	timer:6	1	skill	17332	0	0	MOST_HATED	0.0	0.0	0.0	0
231341	Britra_El_Confuse	arm	0	7		0	arm	0	7000	0		0.0	0.0	0.0	0
231341	Britra_El_Confuse	arm	0	7		1	skill	21288	0	0	MOST_HATED	0.0	0.0	0.0	0
231341	Britra_El_Confuse	cycle	0	100	timer:0	0	arm	1	7000	0		0.0	0.0	0.0	0
231341	Britra_El_Confuse	cycle	0	100	timer:0	1	skill	19552	0	0	MOST_HATED	0.0	0.0	0.0	0
231341	Britra_El_Confuse	cycle	1	99	timer:1	0	arm	2	7000	0		0.0	0.0	0.0	0
231341	Britra_El_Confuse	cycle	1	99	timer:1	1	skill	17335	0	0	MOST_HATED	0.0	0.0	0.0	0
231341	Britra_El_Confuse	cycle	2	98	timer:2	0	arm	3	7000	0		0.0	0.0	0.0	0
231341	Britra_El_Confuse	cycle	2	98	timer:2	1	skill	21288	0	0	MOST_HATED	0.0	0.0	0.0	0
231341	Britra_El_Confuse	cycle	3	97	timer:3	0	arm	0	7000	0		0.0	0.0	0.0	0
231341	Britra_El_Confuse	cycle	3	97	timer:3	1	skill	17335	0	0	MOST_HATED	0.0	0.0	0.0	0
231342	Britra_Table	arm	0	7		0	arm	0	7000	0		0.0	0.0	0.0	0
231342	Britra_Table	arm	0	7		1	skill	17294	0	0	MOST_HATED	0.0	0.0	0.0	0
231342	Britra_Table	cycle	0	100	timer:0	0	arm	1	10000	0		0.0	0.0	0.0	0
231342	Britra_Table	cycle	0	100	timer:0	1	skill	17295	0	0	MOST_HATED	0.0	0.0	0.0	0
231342	Britra_Table	cycle	1	99	timer:1	0	arm	0	7000	0		0.0	0.0	0.0	0
231342	Britra_Table	cycle	1	99	timer:1	1	skill	17294	0	0	MOST_HATED	0.0	0.0	0.0	0
231343	Britra_Table	arm	0	7		0	arm	0	7000	0		0.0	0.0	0.0	0
231343	Britra_Table	arm	0	7		1	skill	21292	0	0	MOST_HATED	0.0	0.0	0.0	0
231343	Britra_Table	cycle	0	100	timer:0	0	arm	1	10000	0		0.0	0.0	0.0	0
231343	Britra_Table	cycle	0	100	timer:0	1	skill	21293	0	0	MOST_HATED	0.0	0.0	0.0	0
231343	Britra_Table	cycle	1	99	timer:1	0	arm	0	7000	0		0.0	0.0	0.0	0
231343	Britra_Table	cycle	1	99	timer:1	1	skill	21292	0	0	MOST_HATED	0.0	0.0	0.0	0
231344	Britra_Fi_HpDrain	arm	0	7		0	arm	0	7000	0		0.0	0.0	0.0	0
231344	Britra_Fi_HpDrain	arm	0	7		1	skill	16517	0	0	ME	0.0	0.0	0.0	0
231344	Britra_Fi_HpDrain	cycle	0	100	timer:0	0	arm	1	10000	0		0.0	0.0	0.0	0
231344	Britra_Fi_HpDrain	cycle	0	100	timer:0	1	skill	20703	0	0	MOST_HATED	0.0	0.0	0.0	0
231344	Britra_Fi_HpDrain	cycle	1	99	timer:1	0	arm	2	7000	0		0.0	0.0	0.0	0
231344	Britra_Fi_HpDrain	cycle	1	99	timer:1	1	skill	17294	0	0	MOST_HATED	0.0	0.0	0.0	0
231344	Britra_Fi_HpDrain	cycle	2	98	timer:2	0	arm	3	10000	0		0.0	0.0	0.0	0
231344	Britra_Fi_HpDrain	cycle	2	98	timer:2	1	skill	17294	0	0	MOST_HATED	0.0	0.0	0.0	0
231344	Britra_Fi_HpDrain	cycle	3	97	timer:3	0	arm	4	7000	0		0.0	0.0	0.0	0
231344	Britra_Fi_HpDrain	cycle	3	97	timer:3	1	skill	17294	0	0	MOST_HATED	0.0	0.0	0.0	0
231344	Britra_Fi_HpDrain	cycle	4	96	timer:4	0	arm	5	15000	0		0.0	0.0	0.0	0
231344	Britra_Fi_HpDrain	cycle	4	96	timer:4	1	skill	20703	0	0	MOST_HATED	0.0	0.0	0.0	0
231344	Britra_Fi_HpDrain	cycle	5	95	timer:5	0	arm	6	7000	0		0.0	0.0	0.0	0
231344	Britra_Fi_HpDrain	cycle	5	95	timer:5	1	skill	17294	0	0	MOST_HATED	0.0	0.0	0.0	0
231344	Britra_Fi_HpDrain	cycle	6	94	timer:6	0	arm	2	15000	0		0.0	0.0	0.0	0
231344	Britra_Fi_HpDrain	cycle	6	94	timer:6	1	skill	20703	0	0	MOST_HATED	0.0	0.0	0.0	0
231345	Britra_As_Broad	arm	0	7		0	arm	0	7000	0		0.0	0.0	0.0	0
231345	Britra_As_Broad	cycle	0	100	timer:0	0	arm	1	10000	0		0.0	0.0	0.0	0
231345	Britra_As_Broad	cycle	0	100	timer:0	1	skill	17295	0	0	MOST_HATED	0.0	0.0	0.0	0
231345	Britra_As_Broad	cycle	0	100	timer:0	2	broadcast	23001	15	0		0.0	0.0	0.0	0
231345	Britra_As_Broad	cycle	1	99	timer:1	0	arm	2	10000	0		0.0	0.0	0.0	0
231345	Britra_As_Broad	cycle	1	99	timer:1	1	skill	17332	0	0	MOST_HATED	0.0	0.0	0.0	0
231345	Britra_As_Broad	cycle	2	98	timer:2	0	arm	1	15000	0		0.0	0.0	0.0	0
231345	Britra_As_Broad	cycle	2	98	timer:2	1	skill	17295	0	0	MOST_HATED	0.0	0.0	0.0	0
231347	Britra_Pr_Heal	arm	0	7		0	arm	0	7000	0		0.0	0.0	0.0	0
231347	Britra_Pr_Heal	arm	0	7		1	skill	17359	0	0	MOST_HATED	0.0	0.0	0.0	0
231347	Britra_Pr_Heal	cycle	0	100	timer:0	0	arm	1	10000	0		0.0	0.0	0.0	0
231347	Britra_Pr_Heal	cycle	0	100	timer:0	1	skill	17359	0	0	MOST_HATED	0.0	0.0	0.0	0
231347	Britra_Pr_Heal	cycle	1	99	timer:1	0	arm	2	10000	0		0.0	0.0	0.0	0
231347	Britra_Pr_Heal	cycle	1	99	timer:1	1	skill	17361	0	0	ME	0.0	0.0	0.0	0
231347	Britra_Pr_Heal	cycle	2	98	timer:2	0	arm	3	15000	0		0.0	0.0	0.0	0
231347	Britra_Pr_Heal	cycle	2	98	timer:2	1	skill	17359	0	0	MOST_HATED	0.0	0.0	0.0	0
231347	Britra_Pr_Heal	cycle	3	97	timer:3	0	arm	0	10000	0		0.0	0.0	0.0	0
231347	Britra_Pr_Heal	cycle	3	97	timer:3	1	skill	17700	0	0	MOST_HATED	0.0	0.0	0.0	0
231348	Britra_Table	arm	0	7		0	arm	0	7000	0		0.0	0.0	0.0	0
231348	Britra_Table	arm	0	7		1	skill	17294	0	0	MOST_HATED	0.0	0.0	0.0	0
231348	Britra_Table	cycle	0	100	timer:0	0	arm	1	10000	0		0.0	0.0	0.0	0
231348	Britra_Table	cycle	0	100	timer:0	1	skill	17295	0	0	MOST_HATED	0.0	0.0	0.0	0
231348	Britra_Table	cycle	1	99	timer:1	0	arm	0	7000	0		0.0	0.0	0.0	0
231348	Britra_Table	cycle	1	99	timer:1	1	skill	17294	0	0	MOST_HATED	0.0	0.0	0.0	0
231349	Britra_Table	arm	0	7		0	arm	0	7000	0		0.0	0.0	0.0	0
231349	Britra_Table	arm	0	7		1	skill	21292	0	0	MOST_HATED	0.0	0.0	0.0	0
231349	Britra_Table	cycle	0	100	timer:0	0	arm	1	10000	0		0.0	0.0	0.0	0
231349	Britra_Table	cycle	0	100	timer:0	1	skill	21293	0	0	MOST_HATED	0.0	0.0	0.0	0
231349	Britra_Table	cycle	1	99	timer:1	0	arm	0	7000	0		0.0	0.0	0.0	0
231349	Britra_Table	cycle	1	99	timer:1	1	skill	21292	0	0	MOST_HATED	0.0	0.0	0.0	0
231350	Britra_Fi_HpDrain	arm	0	7		0	arm	0	7000	0		0.0	0.0	0.0	0
231350	Britra_Fi_HpDrain	arm	0	7		1	skill	16517	0	0	ME	0.0	0.0	0.0	0
231350	Britra_Fi_HpDrain	cycle	0	100	timer:0	0	arm	1	10000	0		0.0	0.0	0.0	0
231350	Britra_Fi_HpDrain	cycle	0	100	timer:0	1	skill	20703	0	0	MOST_HATED	0.0	0.0	0.0	0
231350	Britra_Fi_HpDrain	cycle	1	99	timer:1	0	arm	2	7000	0		0.0	0.0	0.0	0
231350	Britra_Fi_HpDrain	cycle	1	99	timer:1	1	skill	17294	0	0	MOST_HATED	0.0	0.0	0.0	0
231350	Britra_Fi_HpDrain	cycle	2	98	timer:2	0	arm	3	10000	0		0.0	0.0	0.0	0
231350	Britra_Fi_HpDrain	cycle	2	98	timer:2	1	skill	17294	0	0	MOST_HATED	0.0	0.0	0.0	0
231350	Britra_Fi_HpDrain	cycle	3	97	timer:3	0	arm	4	7000	0		0.0	0.0	0.0	0
231350	Britra_Fi_HpDrain	cycle	3	97	timer:3	1	skill	17294	0	0	MOST_HATED	0.0	0.0	0.0	0
231350	Britra_Fi_HpDrain	cycle	4	96	timer:4	0	arm	5	15000	0		0.0	0.0	0.0	0
231350	Britra_Fi_HpDrain	cycle	4	96	timer:4	1	skill	20703	0	0	MOST_HATED	0.0	0.0	0.0	0
231350	Britra_Fi_HpDrain	cycle	5	95	timer:5	0	arm	6	7000	0		0.0	0.0	0.0	0
231350	Britra_Fi_HpDrain	cycle	5	95	timer:5	1	skill	17294	0	0	MOST_HATED	0.0	0.0	0.0	0
231350	Britra_Fi_HpDrain	cycle	6	94	timer:6	0	arm	2	15000	0		0.0	0.0	0.0	0
231350	Britra_Fi_HpDrain	cycle	6	94	timer:6	1	skill	20703	0	0	MOST_HATED	0.0	0.0	0.0	0
231351	Britra_As_Broad	arm	0	7		0	arm	0	7000	0		0.0	0.0	0.0	0
231351	Britra_As_Broad	cycle	0	100	timer:0	0	arm	1	10000	0		0.0	0.0	0.0	0
231351	Britra_As_Broad	cycle	0	100	timer:0	1	skill	17295	0	0	MOST_HATED	0.0	0.0	0.0	0
231351	Britra_As_Broad	cycle	0	100	timer:0	2	broadcast	23001	15	0		0.0	0.0	0.0	0
231351	Britra_As_Broad	cycle	1	99	timer:1	0	arm	2	10000	0		0.0	0.0	0.0	0
231351	Britra_As_Broad	cycle	1	99	timer:1	1	skill	17332	0	0	MOST_HATED	0.0	0.0	0.0	0
231351	Britra_As_Broad	cycle	2	98	timer:2	0	arm	1	15000	0		0.0	0.0	0.0	0
231351	Britra_As_Broad	cycle	2	98	timer:2	1	skill	17295	0	0	MOST_HATED	0.0	0.0	0.0	0
231353	Britra_Pr_Heal	arm	0	7		0	arm	0	7000	0		0.0	0.0	0.0	0
231353	Britra_Pr_Heal	arm	0	7		1	skill	17359	0	0	MOST_HATED	0.0	0.0	0.0	0
231353	Britra_Pr_Heal	cycle	0	100	timer:0	0	arm	1	10000	0		0.0	0.0	0.0	0
231353	Britra_Pr_Heal	cycle	0	100	timer:0	1	skill	17359	0	0	MOST_HATED	0.0	0.0	0.0	0
231353	Britra_Pr_Heal	cycle	1	99	timer:1	0	arm	2	10000	0		0.0	0.0	0.0	0
231353	Britra_Pr_Heal	cycle	1	99	timer:1	1	skill	17361	0	0	ME	0.0	0.0	0.0	0
231353	Britra_Pr_Heal	cycle	2	98	timer:2	0	arm	3	15000	0		0.0	0.0	0.0	0
231353	Britra_Pr_Heal	cycle	2	98	timer:2	1	skill	17359	0	0	MOST_HATED	0.0	0.0	0.0	0
231353	Britra_Pr_Heal	cycle	3	97	timer:3	0	arm	0	10000	0		0.0	0.0	0.0	0
231353	Britra_Pr_Heal	cycle	3	97	timer:3	1	skill	17700	0	0	MOST_HATED	0.0	0.0	0.0	0
231354	Britra_Table	arm	0	7		0	arm	0	7000	0		0.0	0.0	0.0	0
231354	Britra_Table	arm	0	7		1	skill	17294	0	0	MOST_HATED	0.0	0.0	0.0	0
231354	Britra_Table	cycle	0	100	timer:0	0	arm	1	10000	0		0.0	0.0	0.0	0
231354	Britra_Table	cycle	0	100	timer:0	1	skill	17295	0	0	MOST_HATED	0.0	0.0	0.0	0
231354	Britra_Table	cycle	1	99	timer:1	0	arm	0	7000	0		0.0	0.0	0.0	0
231354	Britra_Table	cycle	1	99	timer:1	1	skill	17294	0	0	MOST_HATED	0.0	0.0	0.0	0
231355	Britra_Table	arm	0	7		0	arm	0	7000	0		0.0	0.0	0.0	0
231355	Britra_Table	arm	0	7		1	skill	21292	0	0	MOST_HATED	0.0	0.0	0.0	0
231355	Britra_Table	cycle	0	100	timer:0	0	arm	1	10000	0		0.0	0.0	0.0	0
231355	Britra_Table	cycle	0	100	timer:0	1	skill	21293	0	0	MOST_HATED	0.0	0.0	0.0	0
231355	Britra_Table	cycle	1	99	timer:1	0	arm	0	7000	0		0.0	0.0	0.0	0
231355	Britra_Table	cycle	1	99	timer:1	1	skill	21292	0	0	MOST_HATED	0.0	0.0	0.0	0
231356	Britra_Fi_HpDrain	arm	0	7		0	arm	0	7000	0		0.0	0.0	0.0	0
231356	Britra_Fi_HpDrain	arm	0	7		1	skill	16517	0	0	ME	0.0	0.0	0.0	0
231356	Britra_Fi_HpDrain	cycle	0	100	timer:0	0	arm	1	10000	0		0.0	0.0	0.0	0
231356	Britra_Fi_HpDrain	cycle	0	100	timer:0	1	skill	20703	0	0	MOST_HATED	0.0	0.0	0.0	0
231356	Britra_Fi_HpDrain	cycle	1	99	timer:1	0	arm	2	7000	0		0.0	0.0	0.0	0
231356	Britra_Fi_HpDrain	cycle	1	99	timer:1	1	skill	17294	0	0	MOST_HATED	0.0	0.0	0.0	0
231356	Britra_Fi_HpDrain	cycle	2	98	timer:2	0	arm	3	10000	0		0.0	0.0	0.0	0
231356	Britra_Fi_HpDrain	cycle	2	98	timer:2	1	skill	17294	0	0	MOST_HATED	0.0	0.0	0.0	0
231356	Britra_Fi_HpDrain	cycle	3	97	timer:3	0	arm	4	7000	0		0.0	0.0	0.0	0
231356	Britra_Fi_HpDrain	cycle	3	97	timer:3	1	skill	17294	0	0	MOST_HATED	0.0	0.0	0.0	0
231356	Britra_Fi_HpDrain	cycle	4	96	timer:4	0	arm	5	15000	0		0.0	0.0	0.0	0
231356	Britra_Fi_HpDrain	cycle	4	96	timer:4	1	skill	20703	0	0	MOST_HATED	0.0	0.0	0.0	0
231356	Britra_Fi_HpDrain	cycle	5	95	timer:5	0	arm	6	7000	0		0.0	0.0	0.0	0
231356	Britra_Fi_HpDrain	cycle	5	95	timer:5	1	skill	17294	0	0	MOST_HATED	0.0	0.0	0.0	0
231356	Britra_Fi_HpDrain	cycle	6	94	timer:6	0	arm	2	15000	0		0.0	0.0	0.0	0
231356	Britra_Fi_HpDrain	cycle	6	94	timer:6	1	skill	20703	0	0	MOST_HATED	0.0	0.0	0.0	0
231357	Britra_As_Broad	arm	0	7		0	arm	0	7000	0		0.0	0.0	0.0	0
231357	Britra_As_Broad	cycle	0	100	timer:0	0	arm	1	10000	0		0.0	0.0	0.0	0
231357	Britra_As_Broad	cycle	0	100	timer:0	1	skill	17295	0	0	MOST_HATED	0.0	0.0	0.0	0
231357	Britra_As_Broad	cycle	0	100	timer:0	2	broadcast	23001	15	0		0.0	0.0	0.0	0
231357	Britra_As_Broad	cycle	1	99	timer:1	0	arm	2	10000	0		0.0	0.0	0.0	0
231357	Britra_As_Broad	cycle	1	99	timer:1	1	skill	17332	0	0	MOST_HATED	0.0	0.0	0.0	0
231357	Britra_As_Broad	cycle	2	98	timer:2	0	arm	1	15000	0		0.0	0.0	0.0	0
231357	Britra_As_Broad	cycle	2	98	timer:2	1	skill	17295	0	0	MOST_HATED	0.0	0.0	0.0	0
231359	Britra_Pr_Heal	arm	0	7		0	arm	0	7000	0		0.0	0.0	0.0	0
231359	Britra_Pr_Heal	arm	0	7		1	skill	17359	0	0	MOST_HATED	0.0	0.0	0.0	0
231359	Britra_Pr_Heal	cycle	0	100	timer:0	0	arm	1	10000	0		0.0	0.0	0.0	0
231359	Britra_Pr_Heal	cycle	0	100	timer:0	1	skill	17359	0	0	MOST_HATED	0.0	0.0	0.0	0
231359	Britra_Pr_Heal	cycle	1	99	timer:1	0	arm	2	10000	0		0.0	0.0	0.0	0
231359	Britra_Pr_Heal	cycle	1	99	timer:1	1	skill	17361	0	0	ME	0.0	0.0	0.0	0
231359	Britra_Pr_Heal	cycle	2	98	timer:2	0	arm	3	15000	0		0.0	0.0	0.0	0
231359	Britra_Pr_Heal	cycle	2	98	timer:2	1	skill	17359	0	0	MOST_HATED	0.0	0.0	0.0	0
231359	Britra_Pr_Heal	cycle	3	97	timer:3	0	arm	0	10000	0		0.0	0.0	0.0	0
231359	Britra_Pr_Heal	cycle	3	97	timer:3	1	skill	17700	0	0	MOST_HATED	0.0	0.0	0.0	0
231360	Britra_Table	arm	0	7		0	arm	0	7000	0		0.0	0.0	0.0	0
231360	Britra_Table	arm	0	7		1	skill	17294	0	0	MOST_HATED	0.0	0.0	0.0	0
231360	Britra_Table	cycle	0	100	timer:0	0	arm	1	10000	0		0.0	0.0	0.0	0
231360	Britra_Table	cycle	0	100	timer:0	1	skill	17295	0	0	MOST_HATED	0.0	0.0	0.0	0
231360	Britra_Table	cycle	1	99	timer:1	0	arm	0	7000	0		0.0	0.0	0.0	0
231360	Britra_Table	cycle	1	99	timer:1	1	skill	17294	0	0	MOST_HATED	0.0	0.0	0.0	0
231361	Britra_Table	arm	0	7		0	arm	0	7000	0		0.0	0.0	0.0	0
231361	Britra_Table	arm	0	7		1	skill	21292	0	0	MOST_HATED	0.0	0.0	0.0	0
231361	Britra_Table	cycle	0	100	timer:0	0	arm	1	10000	0		0.0	0.0	0.0	0
231361	Britra_Table	cycle	0	100	timer:0	1	skill	21293	0	0	MOST_HATED	0.0	0.0	0.0	0
231361	Britra_Table	cycle	1	99	timer:1	0	arm	0	7000	0		0.0	0.0	0.0	0
231361	Britra_Table	cycle	1	99	timer:1	1	skill	21292	0	0	MOST_HATED	0.0	0.0	0.0	0
231362	Britra_Fi_HpDrain	arm	0	7		0	arm	0	7000	0		0.0	0.0	0.0	0
231362	Britra_Fi_HpDrain	arm	0	7		1	skill	16517	0	0	ME	0.0	0.0	0.0	0
231362	Britra_Fi_HpDrain	cycle	0	100	timer:0	0	arm	1	10000	0		0.0	0.0	0.0	0
231362	Britra_Fi_HpDrain	cycle	0	100	timer:0	1	skill	20703	0	0	MOST_HATED	0.0	0.0	0.0	0
231362	Britra_Fi_HpDrain	cycle	1	99	timer:1	0	arm	2	7000	0		0.0	0.0	0.0	0
231362	Britra_Fi_HpDrain	cycle	1	99	timer:1	1	skill	17294	0	0	MOST_HATED	0.0	0.0	0.0	0
231362	Britra_Fi_HpDrain	cycle	2	98	timer:2	0	arm	3	10000	0		0.0	0.0	0.0	0
231362	Britra_Fi_HpDrain	cycle	2	98	timer:2	1	skill	17294	0	0	MOST_HATED	0.0	0.0	0.0	0
231362	Britra_Fi_HpDrain	cycle	3	97	timer:3	0	arm	4	7000	0		0.0	0.0	0.0	0
231362	Britra_Fi_HpDrain	cycle	3	97	timer:3	1	skill	17294	0	0	MOST_HATED	0.0	0.0	0.0	0
231362	Britra_Fi_HpDrain	cycle	4	96	timer:4	0	arm	5	15000	0		0.0	0.0	0.0	0
231362	Britra_Fi_HpDrain	cycle	4	96	timer:4	1	skill	20703	0	0	MOST_HATED	0.0	0.0	0.0	0
231362	Britra_Fi_HpDrain	cycle	5	95	timer:5	0	arm	6	7000	0		0.0	0.0	0.0	0
231362	Britra_Fi_HpDrain	cycle	5	95	timer:5	1	skill	17294	0	0	MOST_HATED	0.0	0.0	0.0	0
231362	Britra_Fi_HpDrain	cycle	6	94	timer:6	0	arm	2	15000	0		0.0	0.0	0.0	0
231362	Britra_Fi_HpDrain	cycle	6	94	timer:6	1	skill	20703	0	0	MOST_HATED	0.0	0.0	0.0	0
231363	Britra_As_Broad	arm	0	7		0	arm	0	7000	0		0.0	0.0	0.0	0
231363	Britra_As_Broad	cycle	0	100	timer:0	0	arm	1	10000	0		0.0	0.0	0.0	0
231363	Britra_As_Broad	cycle	0	100	timer:0	1	skill	17295	0	0	MOST_HATED	0.0	0.0	0.0	0
231363	Britra_As_Broad	cycle	0	100	timer:0	2	broadcast	23001	15	0		0.0	0.0	0.0	0
231363	Britra_As_Broad	cycle	1	99	timer:1	0	arm	2	10000	0		0.0	0.0	0.0	0
231363	Britra_As_Broad	cycle	1	99	timer:1	1	skill	17332	0	0	MOST_HATED	0.0	0.0	0.0	0
231363	Britra_As_Broad	cycle	2	98	timer:2	0	arm	1	15000	0		0.0	0.0	0.0	0
231363	Britra_As_Broad	cycle	2	98	timer:2	1	skill	17295	0	0	MOST_HATED	0.0	0.0	0.0	0
231365	Britra_Pr_Heal	arm	0	7		0	arm	0	7000	0		0.0	0.0	0.0	0
231365	Britra_Pr_Heal	arm	0	7		1	skill	17359	0	0	MOST_HATED	0.0	0.0	0.0	0
231365	Britra_Pr_Heal	cycle	0	100	timer:0	0	arm	1	10000	0		0.0	0.0	0.0	0
231365	Britra_Pr_Heal	cycle	0	100	timer:0	1	skill	17359	0	0	MOST_HATED	0.0	0.0	0.0	0
231365	Britra_Pr_Heal	cycle	1	99	timer:1	0	arm	2	10000	0		0.0	0.0	0.0	0
231365	Britra_Pr_Heal	cycle	1	99	timer:1	1	skill	17361	0	0	ME	0.0	0.0	0.0	0
231365	Britra_Pr_Heal	cycle	2	98	timer:2	0	arm	3	15000	0		0.0	0.0	0.0	0
231365	Britra_Pr_Heal	cycle	2	98	timer:2	1	skill	17359	0	0	MOST_HATED	0.0	0.0	0.0	0
231365	Britra_Pr_Heal	cycle	3	97	timer:3	0	arm	0	10000	0		0.0	0.0	0.0	0
231365	Britra_Pr_Heal	cycle	3	97	timer:3	1	skill	17700	0	0	MOST_HATED	0.0	0.0	0.0	0
231366	Britra_As_Poison_LowNmd	arm	0	7		0	arm	0	5000	0		0.0	0.0	0.0	0
231366	Britra_As_Poison_LowNmd	arm	0	7		1	skill	17322	0	0	MOST_HATED	0.0	0.0	0.0	0
231366	Britra_As_Poison_LowNmd	cycle	0	100	timer:0	0	arm	1	7000	0		0.0	0.0	0.0	0
231366	Britra_As_Poison_LowNmd	cycle	0	100	timer:0	1	skill	16678	0	0	MOST_HATED	0.0	0.0	0.0	0
231366	Britra_As_Poison_LowNmd	cycle	1	99	timer:1	0	arm	2	7000	0		0.0	0.0	0.0	0
231366	Britra_As_Poison_LowNmd	cycle	1	99	timer:1	1	skill	17332	0	0	MOST_HATED	0.0	0.0	0.0	0
231366	Britra_As_Poison_LowNmd	cycle	2	98	timer:2	0	arm	3	10000	0		0.0	0.0	0.0	0
231366	Britra_As_Poison_LowNmd	cycle	2	98	timer:2	1	skill	17295	0	0	MOST_HATED	0.0	0.0	0.0	0
231366	Britra_As_Poison_LowNmd	cycle	3	96	timer:3	0	arm	4	7000	0		0.0	0.0	0.0	0
231366	Britra_As_Poison_LowNmd	cycle	3	96	timer:3	1	skill	17322	0	0	MOST_HATED	0.0	0.0	0.0	0
231366	Britra_As_Poison_LowNmd	cycle	4	95	timer:4	0	arm	5	7000	0		0.0	0.0	0.0	0
231366	Britra_As_Poison_LowNmd	cycle	4	95	timer:4	1	skill	16678	0	0	MOST_HATED	0.0	0.0	0.0	0
231366	Britra_As_Poison_LowNmd	cycle	5	94	timer:5	0	arm	6	7000	0		0.0	0.0	0.0	0
231366	Britra_As_Poison_LowNmd	cycle	5	94	timer:5	1	skill	17295	0	0	MOST_HATED	0.0	0.0	0.0	0
231366	Britra_As_Poison_LowNmd	cycle	6	93	timer:6	0	arm	2	7000	0		0.0	0.0	0.0	0
231366	Britra_As_Poison_LowNmd	cycle	6	93	timer:6	1	skill	17332	0	0	MOST_HATED	0.0	0.0	0.0	0
231367	Britra_Ri_OpenAerial	arm	0	7		0	arm	0	7000	0		0.0	0.0	0.0	0
231367	Britra_Ri_OpenAerial	arm	0	7		1	skill	21294	0	0	MOST_HATED	0.0	0.0	0.0	0
231367	Britra_Ri_OpenAerial	cycle	0	99	timer:0	0	arm	1	10000	0		0.0	0.0	0.0	0
231367	Britra_Ri_OpenAerial	cycle	0	99	timer:0	1	skill	20648	0	0	MOST_HATED	0.0	0.0	0.0	0
231367	Britra_Ri_OpenAerial	cycle	0	99	timer:0	2	skill	21295	0	0	MOST_HATED	0.0	0.0	0.0	0
231367	Britra_Ri_OpenAerial	cycle	1	98	timer:1	0	arm	2	7000	0		0.0	0.0	0.0	0
231367	Britra_Ri_OpenAerial	cycle	1	98	timer:1	1	skill	21315	0	0	MOST_HATED	0.0	0.0	0.0	0
231367	Britra_Ri_OpenAerial	cycle	2	97	timer:2	0	arm	3	10000	0		0.0	0.0	0.0	0
231367	Britra_Ri_OpenAerial	cycle	2	97	timer:2	1	skill	21294	0	0	MOST_HATED	0.0	0.0	0.0	0
231367	Britra_Ri_OpenAerial	cycle	3	96	timer:3	0	arm	4	7000	0		0.0	0.0	0.0	0
231367	Britra_Ri_OpenAerial	cycle	3	96	timer:3	1	skill	21315	0	0	MOST_HATED	0.0	0.0	0.0	0
231367	Britra_Ri_OpenAerial	cycle	4	95	timer:4	0	arm	5	10000	0		0.0	0.0	0.0	0
231367	Britra_Ri_OpenAerial	cycle	4	95	timer:4	1	skill	21294	0	0	MOST_HATED	0.0	0.0	0.0	0
231367	Britra_Ri_OpenAerial	cycle	5	94	timer:5	0	arm	6	7000	0		0.0	0.0	0.0	0
231367	Britra_Ri_OpenAerial	cycle	5	94	timer:5	1	skill	21315	0	0	MOST_HATED	0.0	0.0	0.0	0
231367	Britra_Ri_OpenAerial	cycle	6	93	timer:6	0	arm	3	10000	0		0.0	0.0	0.0	0
231367	Britra_Ri_OpenAerial	cycle	6	93	timer:6	1	skill	20648	0	0	MOST_HATED	0.0	0.0	0.0	0
231367	Britra_Ri_OpenAerial	cycle	6	93	timer:6	2	skill	21295	0	0	MOST_HATED	0.0	0.0	0.0	0
231368	Britra_El_Confuse	arm	0	7		0	arm	0	7000	0		0.0	0.0	0.0	0
231368	Britra_El_Confuse	arm	0	7		1	skill	21288	0	0	MOST_HATED	0.0	0.0	0.0	0
231368	Britra_El_Confuse	cycle	0	100	timer:0	0	arm	1	7000	0		0.0	0.0	0.0	0
231368	Britra_El_Confuse	cycle	0	100	timer:0	1	skill	19552	0	0	MOST_HATED	0.0	0.0	0.0	0
231368	Britra_El_Confuse	cycle	1	99	timer:1	0	arm	2	7000	0		0.0	0.0	0.0	0
231368	Britra_El_Confuse	cycle	1	99	timer:1	1	skill	17335	0	0	MOST_HATED	0.0	0.0	0.0	0
231368	Britra_El_Confuse	cycle	2	98	timer:2	0	arm	3	7000	0		0.0	0.0	0.0	0
231368	Britra_El_Confuse	cycle	2	98	timer:2	1	skill	21288	0	0	MOST_HATED	0.0	0.0	0.0	0
231368	Britra_El_Confuse	cycle	3	97	timer:3	0	arm	0	7000	0		0.0	0.0	0.0	0
231368	Britra_El_Confuse	cycle	3	97	timer:3	1	skill	17335	0	0	MOST_HATED	0.0	0.0	0.0	0
231371	TR_Drakan_As_Broad_Fourth_solo	arm	0	5		0	arm	0	5000	0		0.0	0.0	0.0	0
231371	TR_Drakan_As_Broad_Fourth_solo	cycle	0	9	timer:3	0	arm	2	15000	0		0.0	0.0	0.0	0
231371	TR_Drakan_As_Broad_Fourth_solo	cycle	0	9	timer:3	1	skill	16516	0	0	MOST_HATED	0.0	0.0	0.0	0
231371	TR_Drakan_As_Broad_Fourth_solo	cycle	1	8	timer:2	0	arm	3	15000	0		0.0	0.0	0.0	0
231371	TR_Drakan_As_Broad_Fourth_solo	cycle	1	8	timer:2	1	skill	16519	0	0	MOST_HATED	0.0	0.0	0.0	0
231371	TR_Drakan_As_Broad_Fourth_solo	cycle	2	7	timer:1	0	arm	2	10000	0		0.0	0.0	0.0	0
231371	TR_Drakan_As_Broad_Fourth_solo	cycle	2	7	timer:1	1	skill	20562	0	0	ME	0.0	0.0	0.0	0
231371	TR_Drakan_As_Broad_Fourth_solo	cycle	2	7	timer:1	2	broadcast	22004	20	0		0.0	0.0	0.0	0
231371	TR_Drakan_As_Broad_Fourth_solo	cycle	2	7	timer:1	3	say	1500837	0	0		0.0	0.0	0.0	0
231371	TR_Drakan_As_Broad_Fourth_solo	cycle	3	6	timer:0	0	arm	1	7000	0		0.0	0.0	0.0	0
231371	TR_Drakan_As_Broad_Fourth_solo	cycle	3	6	timer:0	1	skill	16516	0	0	MOST_HATED	0.0	0.0	0.0	0
231372	TR_Drakan_Pr_Heal_solo_65	arm	0	5		0	arm	0	7000	0		0.0	0.0	0.0	0
231372	TR_Drakan_Pr_Heal_solo_65	cycle	0	7	timer:1	0	arm	0	13000	0		0.0	0.0	0.0	0
231372	TR_Drakan_Pr_Heal_solo_65	cycle	0	7	timer:1	1	skill	20514	0	0	ME	0.0	0.0	0.0	0
231372	TR_Drakan_Pr_Heal_solo_65	cycle	1	6	timer:0	0	arm	1	10000	0		0.0	0.0	0.0	0
231372	TR_Drakan_Pr_Heal_solo_65	cycle	1	6	timer:0	1	skill	20517	0	0	MOST_HATED	0.0	0.0	0.0	0
231376	TR_Drakan_As_Broad_Fourth_solo	arm	0	5		0	arm	0	5000	0		0.0	0.0	0.0	0
231376	TR_Drakan_As_Broad_Fourth_solo	cycle	0	9	timer:3	0	arm	2	15000	0		0.0	0.0	0.0	0
231376	TR_Drakan_As_Broad_Fourth_solo	cycle	0	9	timer:3	1	skill	16516	0	0	MOST_HATED	0.0	0.0	0.0	0
231376	TR_Drakan_As_Broad_Fourth_solo	cycle	1	8	timer:2	0	arm	3	15000	0		0.0	0.0	0.0	0
231376	TR_Drakan_As_Broad_Fourth_solo	cycle	1	8	timer:2	1	skill	16519	0	0	MOST_HATED	0.0	0.0	0.0	0
231376	TR_Drakan_As_Broad_Fourth_solo	cycle	2	7	timer:1	0	arm	2	10000	0		0.0	0.0	0.0	0
231376	TR_Drakan_As_Broad_Fourth_solo	cycle	2	7	timer:1	1	skill	20562	0	0	ME	0.0	0.0	0.0	0
231376	TR_Drakan_As_Broad_Fourth_solo	cycle	2	7	timer:1	2	broadcast	22004	20	0		0.0	0.0	0.0	0
231376	TR_Drakan_As_Broad_Fourth_solo	cycle	2	7	timer:1	3	say	1500837	0	0		0.0	0.0	0.0	0
231376	TR_Drakan_As_Broad_Fourth_solo	cycle	3	6	timer:0	0	arm	1	7000	0		0.0	0.0	0.0	0
231376	TR_Drakan_As_Broad_Fourth_solo	cycle	3	6	timer:0	1	skill	16516	0	0	MOST_HATED	0.0	0.0	0.0	0
231378	TR_Drakan_Fi_Stun_solo	arm	0	5		0	arm	0	5000	0		0.0	0.0	0.0	0
231378	TR_Drakan_Fi_Stun_solo	cycle	0	9	timer:3	0	arm	2	15000	0		0.0	0.0	0.0	0
231378	TR_Drakan_Fi_Stun_solo	cycle	0	9	timer:3	1	skill	16516	0	0	MOST_HATED	0.0	0.0	0.0	0
231378	TR_Drakan_Fi_Stun_solo	cycle	1	8	timer:2	0	arm	3	15000	0		0.0	0.0	0.0	0
231378	TR_Drakan_Fi_Stun_solo	cycle	1	8	timer:2	1	skill	18322	0	0	MOST_HATED	0.0	0.0	0.0	0
231378	TR_Drakan_Fi_Stun_solo	cycle	2	7	timer:1	0	arm	2	12000	0		0.0	0.0	0.0	0
231378	TR_Drakan_Fi_Stun_solo	cycle	2	7	timer:1	1	skill	20078	0	0	MOST_HATED	0.0	0.0	0.0	0
231378	TR_Drakan_Fi_Stun_solo	cycle	2	7	timer:1	2	skill	21148	0	0	MOST_HATED	0.0	0.0	0.0	0
231378	TR_Drakan_Fi_Stun_solo	cycle	3	6	timer:0	0	arm	1	8000	0		0.0	0.0	0.0	0
231378	TR_Drakan_Fi_Stun_solo	cycle	3	6	timer:0	1	skill	16516	0	0	MOST_HATED	0.0	0.0	0.0	0
231381	TR_Drakan_As_Broad_Fourth_solo	arm	0	5		0	arm	0	5000	0		0.0	0.0	0.0	0
231381	TR_Drakan_As_Broad_Fourth_solo	cycle	0	9	timer:3	0	arm	2	15000	0		0.0	0.0	0.0	0
231381	TR_Drakan_As_Broad_Fourth_solo	cycle	0	9	timer:3	1	skill	16516	0	0	MOST_HATED	0.0	0.0	0.0	0
231381	TR_Drakan_As_Broad_Fourth_solo	cycle	1	8	timer:2	0	arm	3	15000	0		0.0	0.0	0.0	0
231381	TR_Drakan_As_Broad_Fourth_solo	cycle	1	8	timer:2	1	skill	16519	0	0	MOST_HATED	0.0	0.0	0.0	0
231381	TR_Drakan_As_Broad_Fourth_solo	cycle	2	7	timer:1	0	arm	2	10000	0		0.0	0.0	0.0	0
231381	TR_Drakan_As_Broad_Fourth_solo	cycle	2	7	timer:1	1	skill	20562	0	0	ME	0.0	0.0	0.0	0
231381	TR_Drakan_As_Broad_Fourth_solo	cycle	2	7	timer:1	2	broadcast	22004	20	0		0.0	0.0	0.0	0
231381	TR_Drakan_As_Broad_Fourth_solo	cycle	2	7	timer:1	3	say	1500837	0	0		0.0	0.0	0.0	0
231381	TR_Drakan_As_Broad_Fourth_solo	cycle	3	6	timer:0	0	arm	1	7000	0		0.0	0.0	0.0	0
231381	TR_Drakan_As_Broad_Fourth_solo	cycle	3	6	timer:0	1	skill	16516	0	0	MOST_HATED	0.0	0.0	0.0	0
231386	Fanatic40_Ra	arm	0	7		0	arm	0	10000	0		0.0	0.0	0.0	0
231386	Fanatic40_Ra	arm	0	7		1	skill	16545	0	0	MOST_HATED	0.0	0.0	0.0	0
231386	Fanatic40_Ra	cycle	0	10	timer:0	0	arm	0	20000	0		0.0	0.0	0.0	0
231386	Fanatic40_Ra	cycle	0	10	timer:0	1	skill	16543	0	0	MOST_HATED	0.0	0.0	0.0	0
231387	Fanatic40_Wi	arm	0	7		0	arm	0	10000	0		0.0	0.0	0.0	0
231387	Fanatic40_Wi	arm	0	7		1	skill	16918	0	0	ME	0.0	0.0	0.0	0
231387	Fanatic40_Wi	cycle	0	10	timer:0	0	arm	0	20000	0		0.0	0.0	0.0	0
231387	Fanatic40_Wi	cycle	0	10	timer:0	1	skill	16570	0	0	MOST_HATED	0.0	0.0	0.0	0
231388	Fanatic40_El	arm	0	7		0	arm	0	10000	0		0.0	0.0	0.0	0
231388	Fanatic40_El	arm	0	7		1	skill	16702	0	0	MOST_HATED	0.0	0.0	0.0	0
231388	Fanatic40_El	cycle	0	9	timer:0	0	arm	0	15000	0		0.0	0.0	0.0	0
231388	Fanatic40_El	cycle	0	9	timer:0	1	skill	16570	0	0	MOST_HATED	0.0	0.0	0.0	0
231389	Fanatic40_Wi2	arm	0	7		0	arm	0	10000	0		0.0	0.0	0.0	0
231389	Fanatic40_Wi2	arm	0	7		1	skill	16699	0	0	ME	0.0	0.0	0.0	0
231389	Fanatic40_Wi2	cycle	0	10	timer:0	0	arm	0	20000	0		0.0	0.0	0.0	0
231389	Fanatic40_Wi2	cycle	0	10	timer:0	1	skill	16570	0	0	MOST_HATED	0.0	0.0	0.0	0
231394	Fanatic40_Ra	arm	0	7		0	arm	0	10000	0		0.0	0.0	0.0	0
231394	Fanatic40_Ra	arm	0	7		1	skill	16545	0	0	MOST_HATED	0.0	0.0	0.0	0
231394	Fanatic40_Ra	cycle	0	10	timer:0	0	arm	0	20000	0		0.0	0.0	0.0	0
231394	Fanatic40_Ra	cycle	0	10	timer:0	1	skill	16543	0	0	MOST_HATED	0.0	0.0	0.0	0
231395	Fanatic40_Wi	arm	0	7		0	arm	0	10000	0		0.0	0.0	0.0	0
231395	Fanatic40_Wi	arm	0	7		1	skill	16918	0	0	ME	0.0	0.0	0.0	0
231395	Fanatic40_Wi	cycle	0	10	timer:0	0	arm	0	20000	0		0.0	0.0	0.0	0
231395	Fanatic40_Wi	cycle	0	10	timer:0	1	skill	16570	0	0	MOST_HATED	0.0	0.0	0.0	0
231396	Fanatic40_El	arm	0	7		0	arm	0	10000	0		0.0	0.0	0.0	0
231396	Fanatic40_El	arm	0	7		1	skill	16702	0	0	MOST_HATED	0.0	0.0	0.0	0
231396	Fanatic40_El	cycle	0	9	timer:0	0	arm	0	15000	0		0.0	0.0	0.0	0
231396	Fanatic40_El	cycle	0	9	timer:0	1	skill	16570	0	0	MOST_HATED	0.0	0.0	0.0	0
231397	Fanatic40_Wi2	arm	0	7		0	arm	0	10000	0		0.0	0.0	0.0	0
231397	Fanatic40_Wi2	arm	0	7		1	skill	16699	0	0	ME	0.0	0.0	0.0	0
231397	Fanatic40_Wi2	cycle	0	10	timer:0	0	arm	0	20000	0		0.0	0.0	0.0	0
231397	Fanatic40_Wi2	cycle	0	10	timer:0	1	skill	16570	0	0	MOST_HATED	0.0	0.0	0.0	0
231403	Fanatic40_Ra	arm	0	7		0	arm	0	10000	0		0.0	0.0	0.0	0
231403	Fanatic40_Ra	arm	0	7		1	skill	16545	0	0	MOST_HATED	0.0	0.0	0.0	0
231403	Fanatic40_Ra	cycle	0	10	timer:0	0	arm	0	20000	0		0.0	0.0	0.0	0
231403	Fanatic40_Ra	cycle	0	10	timer:0	1	skill	16543	0	0	MOST_HATED	0.0	0.0	0.0	0
231404	Fanatic40_Wi	arm	0	7		0	arm	0	10000	0		0.0	0.0	0.0	0
231404	Fanatic40_Wi	arm	0	7		1	skill	16918	0	0	ME	0.0	0.0	0.0	0
231404	Fanatic40_Wi	cycle	0	10	timer:0	0	arm	0	20000	0		0.0	0.0	0.0	0
231404	Fanatic40_Wi	cycle	0	10	timer:0	1	skill	16570	0	0	MOST_HATED	0.0	0.0	0.0	0
231405	Fanatic40_El	arm	0	7		0	arm	0	10000	0		0.0	0.0	0.0	0
231405	Fanatic40_El	arm	0	7		1	skill	16702	0	0	MOST_HATED	0.0	0.0	0.0	0
231405	Fanatic40_El	cycle	0	9	timer:0	0	arm	0	15000	0		0.0	0.0	0.0	0
231405	Fanatic40_El	cycle	0	9	timer:0	1	skill	16570	0	0	MOST_HATED	0.0	0.0	0.0	0
231413	Britra_Table	arm	0	7		0	arm	0	7000	0		0.0	0.0	0.0	0
231413	Britra_Table	arm	0	7		1	skill	17294	0	0	MOST_HATED	0.0	0.0	0.0	0
231413	Britra_Table	cycle	0	100	timer:0	0	arm	1	10000	0		0.0	0.0	0.0	0
231413	Britra_Table	cycle	0	100	timer:0	1	skill	17295	0	0	MOST_HATED	0.0	0.0	0.0	0
231413	Britra_Table	cycle	1	99	timer:1	0	arm	0	7000	0		0.0	0.0	0.0	0
231413	Britra_Table	cycle	1	99	timer:1	1	skill	17294	0	0	MOST_HATED	0.0	0.0	0.0	0
231414	Britra_Ri_OpenAerial	arm	0	7		0	arm	0	7000	0		0.0	0.0	0.0	0
231414	Britra_Ri_OpenAerial	arm	0	7		1	skill	21294	0	0	MOST_HATED	0.0	0.0	0.0	0
231414	Britra_Ri_OpenAerial	cycle	0	99	timer:0	0	arm	1	10000	0		0.0	0.0	0.0	0
231414	Britra_Ri_OpenAerial	cycle	0	99	timer:0	1	skill	20648	0	0	MOST_HATED	0.0	0.0	0.0	0
231414	Britra_Ri_OpenAerial	cycle	0	99	timer:0	2	skill	21295	0	0	MOST_HATED	0.0	0.0	0.0	0
231414	Britra_Ri_OpenAerial	cycle	1	98	timer:1	0	arm	2	7000	0		0.0	0.0	0.0	0
231414	Britra_Ri_OpenAerial	cycle	1	98	timer:1	1	skill	21315	0	0	MOST_HATED	0.0	0.0	0.0	0
231414	Britra_Ri_OpenAerial	cycle	2	97	timer:2	0	arm	3	10000	0		0.0	0.0	0.0	0
231414	Britra_Ri_OpenAerial	cycle	2	97	timer:2	1	skill	21294	0	0	MOST_HATED	0.0	0.0	0.0	0
231414	Britra_Ri_OpenAerial	cycle	3	96	timer:3	0	arm	4	7000	0		0.0	0.0	0.0	0
231414	Britra_Ri_OpenAerial	cycle	3	96	timer:3	1	skill	21315	0	0	MOST_HATED	0.0	0.0	0.0	0
231414	Britra_Ri_OpenAerial	cycle	4	95	timer:4	0	arm	5	10000	0		0.0	0.0	0.0	0
231414	Britra_Ri_OpenAerial	cycle	4	95	timer:4	1	skill	21294	0	0	MOST_HATED	0.0	0.0	0.0	0
231414	Britra_Ri_OpenAerial	cycle	5	94	timer:5	0	arm	6	7000	0		0.0	0.0	0.0	0
231414	Britra_Ri_OpenAerial	cycle	5	94	timer:5	1	skill	21315	0	0	MOST_HATED	0.0	0.0	0.0	0
231414	Britra_Ri_OpenAerial	cycle	6	93	timer:6	0	arm	3	10000	0		0.0	0.0	0.0	0
231414	Britra_Ri_OpenAerial	cycle	6	93	timer:6	1	skill	20648	0	0	MOST_HATED	0.0	0.0	0.0	0
231414	Britra_Ri_OpenAerial	cycle	6	93	timer:6	2	skill	21295	0	0	MOST_HATED	0.0	0.0	0.0	0
231416	Britra_Table	arm	0	7		0	arm	0	7000	0		0.0	0.0	0.0	0
231416	Britra_Table	arm	0	7		1	skill	17294	0	0	MOST_HATED	0.0	0.0	0.0	0
231416	Britra_Table	cycle	0	100	timer:0	0	arm	1	10000	0		0.0	0.0	0.0	0
231416	Britra_Table	cycle	0	100	timer:0	1	skill	17295	0	0	MOST_HATED	0.0	0.0	0.0	0
231416	Britra_Table	cycle	1	99	timer:1	0	arm	0	7000	0		0.0	0.0	0.0	0
231416	Britra_Table	cycle	1	99	timer:1	1	skill	17294	0	0	MOST_HATED	0.0	0.0	0.0	0
231417	Britra_El_Confuse	arm	0	7		0	arm	0	7000	0		0.0	0.0	0.0	0
231417	Britra_El_Confuse	arm	0	7		1	skill	21288	0	0	MOST_HATED	0.0	0.0	0.0	0
231417	Britra_El_Confuse	cycle	0	100	timer:0	0	arm	1	7000	0		0.0	0.0	0.0	0
231417	Britra_El_Confuse	cycle	0	100	timer:0	1	skill	19552	0	0	MOST_HATED	0.0	0.0	0.0	0
231417	Britra_El_Confuse	cycle	1	99	timer:1	0	arm	2	7000	0		0.0	0.0	0.0	0
231417	Britra_El_Confuse	cycle	1	99	timer:1	1	skill	17335	0	0	MOST_HATED	0.0	0.0	0.0	0
231417	Britra_El_Confuse	cycle	2	98	timer:2	0	arm	3	7000	0		0.0	0.0	0.0	0
231417	Britra_El_Confuse	cycle	2	98	timer:2	1	skill	21288	0	0	MOST_HATED	0.0	0.0	0.0	0
231417	Britra_El_Confuse	cycle	3	97	timer:3	0	arm	0	7000	0		0.0	0.0	0.0	0
231417	Britra_El_Confuse	cycle	3	97	timer:3	1	skill	17335	0	0	MOST_HATED	0.0	0.0	0.0	0
231422	IDRose_ShulackF_Fi_P_Ae	arm	0	7		0	arm	0	5000	0		0.0	0.0	0.0	0
231422	IDRose_ShulackF_Fi_P_Ae	cycle	0	32	timer:1	0	arm	0	9000	0		0.0	0.0	0.0	0
231422	IDRose_ShulackF_Fi_P_Ae	cycle	0	32	timer:1	1	skill	16516	0	0	MOST_HATED	0.0	0.0	0.0	0
231422	IDRose_ShulackF_Fi_P_Ae	cycle	1	31	timer:0	0	arm	1	15000	0		0.0	0.0	0.0	0
231422	IDRose_ShulackF_Fi_P_Ae	cycle	1	31	timer:0	1	skill	16525	0	0	MOST_HATED	0.0	0.0	0.0	0
231423	IDRose_ShulackF_Pr_P_Ae	arm	0	7		0	arm	0	10000	0		0.0	0.0	0.0	0
231423	IDRose_ShulackF_Pr_P_Ae	cycle	0	33	timer:2	0	arm	0	10000	0		0.0	0.0	0.0	0
231423	IDRose_ShulackF_Pr_P_Ae	cycle	0	33	timer:2	1	skill	18751	0	0	ME	0.0	0.0	0.0	0
231423	IDRose_ShulackF_Pr_P_Ae	cycle	1	32	timer:1	0	arm	2	10000	0		0.0	0.0	0.0	0
231423	IDRose_ShulackF_Pr_P_Ae	cycle	1	32	timer:1	1	skill	17938	0	0	MOST_HATED	0.0	0.0	0.0	0
231423	IDRose_ShulackF_Pr_P_Ae	cycle	2	31	timer:0	0	arm	1	10000	0		0.0	0.0	0.0	0
231423	IDRose_ShulackF_Pr_P_Ae	cycle	2	31	timer:0	1	skill	18814	0	0	MOST_HATED	0.0	0.0	0.0	0
231424	IDRose_ShulackF_Ba_P_Ae	arm	0	7		0	arm	0	8000	0		0.0	0.0	0.0	0
231424	IDRose_ShulackF_Ba_P_Ae	cycle	0	32	timer:2	0	arm	0	10000	0		0.0	0.0	0.0	0
231424	IDRose_ShulackF_Ba_P_Ae	cycle	0	32	timer:2	1	skill	20960	0	0	MOST_HATED	0.0	0.0	0.0	0
231424	IDRose_ShulackF_Ba_P_Ae	cycle	1	31	timer:0	0	arm	1	15000	0		0.0	0.0	0.0	0
231424	IDRose_ShulackF_Ba_P_Ae	cycle	1	31	timer:0	1	skill	21217	0	0	MOST_HATED	0.0	0.0	0.0	0
231428	IDRose_ShulackF_Fi_P_Ae	arm	0	7		0	arm	0	5000	0		0.0	0.0	0.0	0
231428	IDRose_ShulackF_Fi_P_Ae	cycle	0	32	timer:1	0	arm	0	9000	0		0.0	0.0	0.0	0
231428	IDRose_ShulackF_Fi_P_Ae	cycle	0	32	timer:1	1	skill	16516	0	0	MOST_HATED	0.0	0.0	0.0	0
231428	IDRose_ShulackF_Fi_P_Ae	cycle	1	31	timer:0	0	arm	1	15000	0		0.0	0.0	0.0	0
231428	IDRose_ShulackF_Fi_P_Ae	cycle	1	31	timer:0	1	skill	16525	0	0	MOST_HATED	0.0	0.0	0.0	0
231429	IDRose_ShulackF_Pr_P_Ae	arm	0	7		0	arm	0	10000	0		0.0	0.0	0.0	0
231429	IDRose_ShulackF_Pr_P_Ae	cycle	0	33	timer:2	0	arm	0	10000	0		0.0	0.0	0.0	0
231429	IDRose_ShulackF_Pr_P_Ae	cycle	0	33	timer:2	1	skill	18751	0	0	ME	0.0	0.0	0.0	0
231429	IDRose_ShulackF_Pr_P_Ae	cycle	1	32	timer:1	0	arm	2	10000	0		0.0	0.0	0.0	0
231429	IDRose_ShulackF_Pr_P_Ae	cycle	1	32	timer:1	1	skill	17938	0	0	MOST_HATED	0.0	0.0	0.0	0
231429	IDRose_ShulackF_Pr_P_Ae	cycle	2	31	timer:0	0	arm	1	10000	0		0.0	0.0	0.0	0
231429	IDRose_ShulackF_Pr_P_Ae	cycle	2	31	timer:0	1	skill	18814	0	0	MOST_HATED	0.0	0.0	0.0	0
231430	IDRose_ShulackF_Ba_P_Ae	arm	0	7		0	arm	0	8000	0		0.0	0.0	0.0	0
231430	IDRose_ShulackF_Ba_P_Ae	cycle	0	32	timer:2	0	arm	0	10000	0		0.0	0.0	0.0	0
231430	IDRose_ShulackF_Ba_P_Ae	cycle	0	32	timer:2	1	skill	20960	0	0	MOST_HATED	0.0	0.0	0.0	0
231430	IDRose_ShulackF_Ba_P_Ae	cycle	1	31	timer:0	0	arm	1	15000	0		0.0	0.0	0.0	0
231430	IDRose_ShulackF_Ba_P_Ae	cycle	1	31	timer:0	1	skill	21217	0	0	MOST_HATED	0.0	0.0	0.0	0
231434	IDRose_ShulackF_Fi_P_Ae	arm	0	7		0	arm	0	5000	0		0.0	0.0	0.0	0
231434	IDRose_ShulackF_Fi_P_Ae	cycle	0	32	timer:1	0	arm	0	9000	0		0.0	0.0	0.0	0
231434	IDRose_ShulackF_Fi_P_Ae	cycle	0	32	timer:1	1	skill	16516	0	0	MOST_HATED	0.0	0.0	0.0	0
231434	IDRose_ShulackF_Fi_P_Ae	cycle	1	31	timer:0	0	arm	1	15000	0		0.0	0.0	0.0	0
231434	IDRose_ShulackF_Fi_P_Ae	cycle	1	31	timer:0	1	skill	16525	0	0	MOST_HATED	0.0	0.0	0.0	0
231436	IDRose_ShulackF_Ba_P_Ae	arm	0	7		0	arm	0	8000	0		0.0	0.0	0.0	0
231436	IDRose_ShulackF_Ba_P_Ae	cycle	0	32	timer:2	0	arm	0	10000	0		0.0	0.0	0.0	0
231436	IDRose_ShulackF_Ba_P_Ae	cycle	0	32	timer:2	1	skill	20960	0	0	MOST_HATED	0.0	0.0	0.0	0
231436	IDRose_ShulackF_Ba_P_Ae	cycle	1	31	timer:0	0	arm	1	15000	0		0.0	0.0	0.0	0
231436	IDRose_ShulackF_Ba_P_Ae	cycle	1	31	timer:0	1	skill	21217	0	0	MOST_HATED	0.0	0.0	0.0	0
231439	IDRose_ShulackF_Fi_P_Ae	arm	0	7		0	arm	0	5000	0		0.0	0.0	0.0	0
231439	IDRose_ShulackF_Fi_P_Ae	cycle	0	32	timer:1	0	arm	0	9000	0		0.0	0.0	0.0	0
231439	IDRose_ShulackF_Fi_P_Ae	cycle	0	32	timer:1	1	skill	16516	0	0	MOST_HATED	0.0	0.0	0.0	0
231439	IDRose_ShulackF_Fi_P_Ae	cycle	1	31	timer:0	0	arm	1	15000	0		0.0	0.0	0.0	0
231439	IDRose_ShulackF_Fi_P_Ae	cycle	1	31	timer:0	1	skill	16525	0	0	MOST_HATED	0.0	0.0	0.0	0
231443	IDRose_ShulackF_Fi_P_Ae	arm	0	7		0	arm	0	5000	0		0.0	0.0	0.0	0
231443	IDRose_ShulackF_Fi_P_Ae	cycle	0	32	timer:1	0	arm	0	9000	0		0.0	0.0	0.0	0
231443	IDRose_ShulackF_Fi_P_Ae	cycle	0	32	timer:1	1	skill	16516	0	0	MOST_HATED	0.0	0.0	0.0	0
231443	IDRose_ShulackF_Fi_P_Ae	cycle	1	31	timer:0	0	arm	1	15000	0		0.0	0.0	0.0	0
231443	IDRose_ShulackF_Fi_P_Ae	cycle	1	31	timer:0	1	skill	16525	0	0	MOST_HATED	0.0	0.0	0.0	0
231451	IDRose_ShulackF_Fi_P_Ae	arm	0	7		0	arm	0	5000	0		0.0	0.0	0.0	0
231451	IDRose_ShulackF_Fi_P_Ae	cycle	0	32	timer:1	0	arm	0	9000	0		0.0	0.0	0.0	0
231451	IDRose_ShulackF_Fi_P_Ae	cycle	0	32	timer:1	1	skill	16516	0	0	MOST_HATED	0.0	0.0	0.0	0
231451	IDRose_ShulackF_Fi_P_Ae	cycle	1	31	timer:0	0	arm	1	15000	0		0.0	0.0	0.0	0
231451	IDRose_ShulackF_Fi_P_Ae	cycle	1	31	timer:0	1	skill	16525	0	0	MOST_HATED	0.0	0.0	0.0	0
231452	IDRose_ShulackF_Wi_P_Ae	arm	0	7		0	arm	0	3000	0		0.0	0.0	0.0	0
231452	IDRose_ShulackF_Wi_P_Ae	cycle	0	32	timer:1	0	arm	0	10000	0		0.0	0.0	0.0	0
231452	IDRose_ShulackF_Wi_P_Ae	cycle	0	32	timer:1	1	skill	16987	0	0	MOST_HATED	0.0	0.0	0.0	0
231452	IDRose_ShulackF_Wi_P_Ae	cycle	1	31	timer:0	0	arm	1	15000	0		0.0	0.0	0.0	0
231452	IDRose_ShulackF_Wi_P_Ae	cycle	1	31	timer:0	1	skill	18157	0	0	MOST_HATED	0.0	0.0	0.0	0
231453	IDRose_ShulackF_As_P_Ae	arm	0	7		0	arm	0	3000	0		0.0	0.0	0.0	0
231453	IDRose_ShulackF_As_P_Ae	cycle	0	33	timer:2	0	arm	0	10000	0		0.0	0.0	0.0	0
231453	IDRose_ShulackF_As_P_Ae	cycle	0	33	timer:2	1	skill	16540	0	0	MOST_HATED	0.0	0.0	0.0	0
231453	IDRose_ShulackF_As_P_Ae	cycle	1	32	timer:1	0	arm	2	13000	0		0.0	0.0	0.0	0
231453	IDRose_ShulackF_As_P_Ae	cycle	1	32	timer:1	1	skill	16678	0	0	MOST_HATED	0.0	0.0	0.0	0
231453	IDRose_ShulackF_As_P_Ae	cycle	2	31	timer:0	0	arm	1	12000	0		0.0	0.0	0.0	0
231453	IDRose_ShulackF_As_P_Ae	cycle	2	31	timer:0	1	skill	17006	0	0	MOST_HATED	0.0	0.0	0.0	0
231454	IDRose_ShulackF_Pr_P_Ae	arm	0	7		0	arm	0	10000	0		0.0	0.0	0.0	0
231454	IDRose_ShulackF_Pr_P_Ae	cycle	0	33	timer:2	0	arm	0	10000	0		0.0	0.0	0.0	0
231454	IDRose_ShulackF_Pr_P_Ae	cycle	0	33	timer:2	1	skill	18751	0	0	ME	0.0	0.0	0.0	0
231454	IDRose_ShulackF_Pr_P_Ae	cycle	1	32	timer:1	0	arm	2	10000	0		0.0	0.0	0.0	0
231454	IDRose_ShulackF_Pr_P_Ae	cycle	1	32	timer:1	1	skill	17938	0	0	MOST_HATED	0.0	0.0	0.0	0
231454	IDRose_ShulackF_Pr_P_Ae	cycle	2	31	timer:0	0	arm	1	10000	0		0.0	0.0	0.0	0
231454	IDRose_ShulackF_Pr_P_Ae	cycle	2	31	timer:0	1	skill	18814	0	0	MOST_HATED	0.0	0.0	0.0	0
231456	IDRose_ShulackF_Ba_P_Ae	arm	0	7		0	arm	0	8000	0		0.0	0.0	0.0	0
231456	IDRose_ShulackF_Ba_P_Ae	cycle	0	32	timer:2	0	arm	0	10000	0		0.0	0.0	0.0	0
231456	IDRose_ShulackF_Ba_P_Ae	cycle	0	32	timer:2	1	skill	20960	0	0	MOST_HATED	0.0	0.0	0.0	0
231456	IDRose_ShulackF_Ba_P_Ae	cycle	1	31	timer:0	0	arm	1	15000	0		0.0	0.0	0.0	0
231456	IDRose_ShulackF_Ba_P_Ae	cycle	1	31	timer:0	1	skill	21217	0	0	MOST_HATED	0.0	0.0	0.0	0
231459	IDRose_ShulackF_As_P_Ae	arm	0	7		0	arm	0	3000	0		0.0	0.0	0.0	0
231459	IDRose_ShulackF_As_P_Ae	cycle	0	33	timer:2	0	arm	0	10000	0		0.0	0.0	0.0	0
231459	IDRose_ShulackF_As_P_Ae	cycle	0	33	timer:2	1	skill	16540	0	0	MOST_HATED	0.0	0.0	0.0	0
231459	IDRose_ShulackF_As_P_Ae	cycle	1	32	timer:1	0	arm	2	13000	0		0.0	0.0	0.0	0
231459	IDRose_ShulackF_As_P_Ae	cycle	1	32	timer:1	1	skill	16678	0	0	MOST_HATED	0.0	0.0	0.0	0
231459	IDRose_ShulackF_As_P_Ae	cycle	2	31	timer:0	0	arm	1	12000	0		0.0	0.0	0.0	0
231459	IDRose_ShulackF_As_P_Ae	cycle	2	31	timer:0	1	skill	17006	0	0	MOST_HATED	0.0	0.0	0.0	0
231467	IDRose_ShulackF_Fi_P_Ae	arm	0	7		0	arm	0	5000	0		0.0	0.0	0.0	0
231467	IDRose_ShulackF_Fi_P_Ae	cycle	0	32	timer:1	0	arm	0	9000	0		0.0	0.0	0.0	0
231467	IDRose_ShulackF_Fi_P_Ae	cycle	0	32	timer:1	1	skill	16516	0	0	MOST_HATED	0.0	0.0	0.0	0
231467	IDRose_ShulackF_Fi_P_Ae	cycle	1	31	timer:0	0	arm	1	15000	0		0.0	0.0	0.0	0
231467	IDRose_ShulackF_Fi_P_Ae	cycle	1	31	timer:0	1	skill	16525	0	0	MOST_HATED	0.0	0.0	0.0	0
231468	IDRose_ShulackF_Wi_P_Ae	arm	0	7		0	arm	0	3000	0		0.0	0.0	0.0	0
231468	IDRose_ShulackF_Wi_P_Ae	cycle	0	32	timer:1	0	arm	0	10000	0		0.0	0.0	0.0	0
231468	IDRose_ShulackF_Wi_P_Ae	cycle	0	32	timer:1	1	skill	16987	0	0	MOST_HATED	0.0	0.0	0.0	0
231468	IDRose_ShulackF_Wi_P_Ae	cycle	1	31	timer:0	0	arm	1	15000	0		0.0	0.0	0.0	0
231468	IDRose_ShulackF_Wi_P_Ae	cycle	1	31	timer:0	1	skill	18157	0	0	MOST_HATED	0.0	0.0	0.0	0
231469	IDRose_ShulackF_As_P_Ae	arm	0	7		0	arm	0	3000	0		0.0	0.0	0.0	0
231469	IDRose_ShulackF_As_P_Ae	cycle	0	33	timer:2	0	arm	0	10000	0		0.0	0.0	0.0	0
231469	IDRose_ShulackF_As_P_Ae	cycle	0	33	timer:2	1	skill	16540	0	0	MOST_HATED	0.0	0.0	0.0	0
231469	IDRose_ShulackF_As_P_Ae	cycle	1	32	timer:1	0	arm	2	13000	0		0.0	0.0	0.0	0
231469	IDRose_ShulackF_As_P_Ae	cycle	1	32	timer:1	1	skill	16678	0	0	MOST_HATED	0.0	0.0	0.0	0
231469	IDRose_ShulackF_As_P_Ae	cycle	2	31	timer:0	0	arm	1	12000	0		0.0	0.0	0.0	0
231469	IDRose_ShulackF_As_P_Ae	cycle	2	31	timer:0	1	skill	17006	0	0	MOST_HATED	0.0	0.0	0.0	0
231470	IDRose_ShulackF_Pr_P_Ae	arm	0	7		0	arm	0	10000	0		0.0	0.0	0.0	0
231470	IDRose_ShulackF_Pr_P_Ae	cycle	0	33	timer:2	0	arm	0	10000	0		0.0	0.0	0.0	0
231470	IDRose_ShulackF_Pr_P_Ae	cycle	0	33	timer:2	1	skill	18751	0	0	ME	0.0	0.0	0.0	0
231470	IDRose_ShulackF_Pr_P_Ae	cycle	1	32	timer:1	0	arm	2	10000	0		0.0	0.0	0.0	0
231470	IDRose_ShulackF_Pr_P_Ae	cycle	1	32	timer:1	1	skill	17938	0	0	MOST_HATED	0.0	0.0	0.0	0
231470	IDRose_ShulackF_Pr_P_Ae	cycle	2	31	timer:0	0	arm	1	10000	0		0.0	0.0	0.0	0
231470	IDRose_ShulackF_Pr_P_Ae	cycle	2	31	timer:0	1	skill	18814	0	0	MOST_HATED	0.0	0.0	0.0	0
231472	IDRose_ShulackF_Ba_P_Ae	arm	0	7		0	arm	0	8000	0		0.0	0.0	0.0	0
231472	IDRose_ShulackF_Ba_P_Ae	cycle	0	32	timer:2	0	arm	0	10000	0		0.0	0.0	0.0	0
231472	IDRose_ShulackF_Ba_P_Ae	cycle	0	32	timer:2	1	skill	20960	0	0	MOST_HATED	0.0	0.0	0.0	0
231472	IDRose_ShulackF_Ba_P_Ae	cycle	1	31	timer:0	0	arm	1	15000	0		0.0	0.0	0.0	0
231472	IDRose_ShulackF_Ba_P_Ae	cycle	1	31	timer:0	1	skill	21217	0	0	MOST_HATED	0.0	0.0	0.0	0
231491	Shulack_DotA_As_N_65_Ae	arm	0	7		0	arm	0	3000	0		0.0	0.0	0.0	0
231491	Shulack_DotA_As_N_65_Ae	cycle	0	100	timer:0	0	arm	1	15000	0		0.0	0.0	0.0	0
231491	Shulack_DotA_As_N_65_Ae	cycle	0	100	timer:0	1	skill	16780	0	0	MOST_HATED	0.0	0.0	0.0	0
231491	Shulack_DotA_As_N_65_Ae	cycle	1	99	timer:1	0	arm	0	10000	0		0.0	0.0	0.0	0
231491	Shulack_DotA_As_N_65_Ae	cycle	1	99	timer:1	1	skill	16987	0	0	MOST_HATED	0.0	0.0	0.0	0
231492	Shulack_STA_Kn_N_65_An	arm	0	7		0	arm	0	3000	0		0.0	0.0	0.0	0
231492	Shulack_STA_Kn_N_65_An	cycle	0	100	timer:0	0	arm	1	15000	0		0.0	0.0	0.0	0
231492	Shulack_STA_Kn_N_65_An	cycle	0	100	timer:0	1	skill	18365	0	0	MOST_HATED	0.0	0.0	0.0	0
231492	Shulack_STA_Kn_N_65_An	cycle	1	99	timer:1	0	arm	0	10000	0		0.0	0.0	0.0	0
231492	Shulack_STA_Kn_N_65_An	cycle	1	99	timer:1	1	skill	16698	0	0	MOST_HATED	0.0	0.0	0.0	0
231493	Shulack_DotB_As_N_65_Ae	arm	0	7		0	arm	0	3000	0		0.0	0.0	0.0	0
231493	Shulack_DotB_As_N_65_Ae	cycle	0	100	timer:0	0	arm	1	15000	0		0.0	0.0	0.0	0
231493	Shulack_DotB_As_N_65_Ae	cycle	0	100	timer:0	1	skill	16780	0	0	MOST_HATED	0.0	0.0	0.0	0
231493	Shulack_DotB_As_N_65_Ae	cycle	1	99	timer:1	0	arm	0	10000	0		0.0	0.0	0.0	0
231493	Shulack_DotB_As_N_65_Ae	cycle	1	99	timer:1	1	skill	16987	0	0	MOST_HATED	0.0	0.0	0.0	0
231494	Shulack_STB_Kn_N_65_An	arm	0	7		0	arm	0	3000	0		0.0	0.0	0.0	0
231494	Shulack_STB_Kn_N_65_An	cycle	0	100	timer:0	0	arm	1	15000	0		0.0	0.0	0.0	0
231494	Shulack_STB_Kn_N_65_An	cycle	0	100	timer:0	1	skill	18365	0	0	MOST_HATED	0.0	0.0	0.0	0
231494	Shulack_STB_Kn_N_65_An	cycle	1	99	timer:1	0	arm	0	10000	0		0.0	0.0	0.0	0
231494	Shulack_STB_Kn_N_65_An	cycle	1	99	timer:1	1	skill	16698	0	0	MOST_HATED	0.0	0.0	0.0	0
231495	Vri_FanaChief_Wi_65_N_An	arm	0	7		0	arm	0	13000	0		0.0	0.0	0.0	0
231495	Vri_FanaChief_Wi_65_N_An	arm	0	7		1	skill	21162	0	0	MOST_HATED	0.0	0.0	0.0	0
231495	Vri_FanaChief_Wi_65_N_An	arm	0	7		2	skill	16987	0	0	MOST_HATED	0.0	0.0	0.0	0
231495	Vri_FanaChief_Wi_65_N_An	cycle	0	100	timer:0	0	arm	1	8000	0		0.0	0.0	0.0	0
231495	Vri_FanaChief_Wi_65_N_An	cycle	0	100	timer:0	1	skill	16570	0	0	MOST_HATED	0.0	0.0	0.0	0
231495	Vri_FanaChief_Wi_65_N_An	cycle	1	99	timer:1	0	arm	0	12000	0		0.0	0.0	0.0	0
231495	Vri_FanaChief_Wi_65_N_An	cycle	1	99	timer:1	1	skill	16570	0	0	MOST_HATED	0.0	0.0	0.0	0
231521	Shulack_SuTank_N_65_Ae	arm	0	7		0	arm	0	7000	0		0.0	0.0	0.0	0
231521	Shulack_SuTank_N_65_Ae	cycle	0	100	timer:0	0	arm	1	15000	0		0.0	0.0	0.0	0
231521	Shulack_SuTank_N_65_Ae	cycle	0	100	timer:0	1	skill	16536	0	0	ME	0.0	0.0	0.0	0
231521	Shulack_SuTank_N_65_Ae	cycle	0	100	timer:0	2	skill	16532	0	0	MOST_HATED	0.0	0.0	0.0	0
231521	Shulack_SuTank_N_65_Ae	cycle	1	99	timer:1	0	arm	2	12000	0		0.0	0.0	0.0	0
231521	Shulack_SuTank_N_65_Ae	cycle	1	99	timer:1	1	skill	21301	0	0	MOST_HATED	0.0	0.0	0.0	0
231521	Shulack_SuTank_N_65_Ae	cycle	2	98	timer:2	0	arm	3	10000	0		0.0	0.0	0.0	0
231521	Shulack_SuTank_N_65_Ae	cycle	2	98	timer:2	1	skill	21300	0	0	MOST_HATED	0.0	0.0	0.0	0
231521	Shulack_SuTank_N_65_Ae	cycle	3	97	timer:3	0	arm	1	10000	0		0.0	0.0	0.0	0
231521	Shulack_SuTank_N_65_Ae	cycle	3	97	timer:3	1	skill	21300	0	0	MOST_HATED	0.0	0.0	0.0	0
231529	Britra_Table	arm	0	7		0	arm	0	7000	0		0.0	0.0	0.0	0
231529	Britra_Table	arm	0	7		1	skill	17294	0	0	MOST_HATED	0.0	0.0	0.0	0
231529	Britra_Table	cycle	0	100	timer:0	0	arm	1	10000	0		0.0	0.0	0.0	0
231529	Britra_Table	cycle	0	100	timer:0	1	skill	17295	0	0	MOST_HATED	0.0	0.0	0.0	0
231529	Britra_Table	cycle	1	99	timer:1	0	arm	0	7000	0		0.0	0.0	0.0	0
231529	Britra_Table	cycle	1	99	timer:1	1	skill	17294	0	0	MOST_HATED	0.0	0.0	0.0	0
231530	Britra_Table	arm	0	7		0	arm	0	7000	0		0.0	0.0	0.0	0
231530	Britra_Table	arm	0	7		1	skill	21292	0	0	MOST_HATED	0.0	0.0	0.0	0
231530	Britra_Table	cycle	0	100	timer:0	0	arm	1	10000	0		0.0	0.0	0.0	0
231530	Britra_Table	cycle	0	100	timer:0	1	skill	21293	0	0	MOST_HATED	0.0	0.0	0.0	0
231530	Britra_Table	cycle	1	99	timer:1	0	arm	0	7000	0		0.0	0.0	0.0	0
231530	Britra_Table	cycle	1	99	timer:1	1	skill	21292	0	0	MOST_HATED	0.0	0.0	0.0	0
231531	Britra_Fi_HpDrain	arm	0	7		0	arm	0	7000	0		0.0	0.0	0.0	0
231531	Britra_Fi_HpDrain	arm	0	7		1	skill	16517	0	0	ME	0.0	0.0	0.0	0
231531	Britra_Fi_HpDrain	cycle	0	100	timer:0	0	arm	1	10000	0		0.0	0.0	0.0	0
231531	Britra_Fi_HpDrain	cycle	0	100	timer:0	1	skill	20703	0	0	MOST_HATED	0.0	0.0	0.0	0
231531	Britra_Fi_HpDrain	cycle	1	99	timer:1	0	arm	2	7000	0		0.0	0.0	0.0	0
231531	Britra_Fi_HpDrain	cycle	1	99	timer:1	1	skill	17294	0	0	MOST_HATED	0.0	0.0	0.0	0
231531	Britra_Fi_HpDrain	cycle	2	98	timer:2	0	arm	3	10000	0		0.0	0.0	0.0	0
231531	Britra_Fi_HpDrain	cycle	2	98	timer:2	1	skill	17294	0	0	MOST_HATED	0.0	0.0	0.0	0
231531	Britra_Fi_HpDrain	cycle	3	97	timer:3	0	arm	4	7000	0		0.0	0.0	0.0	0
231531	Britra_Fi_HpDrain	cycle	3	97	timer:3	1	skill	17294	0	0	MOST_HATED	0.0	0.0	0.0	0
231531	Britra_Fi_HpDrain	cycle	4	96	timer:4	0	arm	5	15000	0		0.0	0.0	0.0	0
231531	Britra_Fi_HpDrain	cycle	4	96	timer:4	1	skill	20703	0	0	MOST_HATED	0.0	0.0	0.0	0
231531	Britra_Fi_HpDrain	cycle	5	95	timer:5	0	arm	6	7000	0		0.0	0.0	0.0	0
231531	Britra_Fi_HpDrain	cycle	5	95	timer:5	1	skill	17294	0	0	MOST_HATED	0.0	0.0	0.0	0
231531	Britra_Fi_HpDrain	cycle	6	94	timer:6	0	arm	2	15000	0		0.0	0.0	0.0	0
231531	Britra_Fi_HpDrain	cycle	6	94	timer:6	1	skill	20703	0	0	MOST_HATED	0.0	0.0	0.0	0
231532	Britra_As_Broad	arm	0	7		0	arm	0	7000	0		0.0	0.0	0.0	0
231532	Britra_As_Broad	cycle	0	100	timer:0	0	arm	1	10000	0		0.0	0.0	0.0	0
231532	Britra_As_Broad	cycle	0	100	timer:0	1	skill	17295	0	0	MOST_HATED	0.0	0.0	0.0	0
231532	Britra_As_Broad	cycle	0	100	timer:0	2	broadcast	23001	15	0		0.0	0.0	0.0	0
231532	Britra_As_Broad	cycle	1	99	timer:1	0	arm	2	10000	0		0.0	0.0	0.0	0
231532	Britra_As_Broad	cycle	1	99	timer:1	1	skill	17332	0	0	MOST_HATED	0.0	0.0	0.0	0
231532	Britra_As_Broad	cycle	2	98	timer:2	0	arm	1	15000	0		0.0	0.0	0.0	0
231532	Britra_As_Broad	cycle	2	98	timer:2	1	skill	17295	0	0	MOST_HATED	0.0	0.0	0.0	0
231534	Britra_Pr_Heal	arm	0	7		0	arm	0	7000	0		0.0	0.0	0.0	0
231534	Britra_Pr_Heal	arm	0	7		1	skill	17359	0	0	MOST_HATED	0.0	0.0	0.0	0
231534	Britra_Pr_Heal	cycle	0	100	timer:0	0	arm	1	10000	0		0.0	0.0	0.0	0
231534	Britra_Pr_Heal	cycle	0	100	timer:0	1	skill	17359	0	0	MOST_HATED	0.0	0.0	0.0	0
231534	Britra_Pr_Heal	cycle	1	99	timer:1	0	arm	2	10000	0		0.0	0.0	0.0	0
231534	Britra_Pr_Heal	cycle	1	99	timer:1	1	skill	17361	0	0	ME	0.0	0.0	0.0	0
231534	Britra_Pr_Heal	cycle	2	98	timer:2	0	arm	3	15000	0		0.0	0.0	0.0	0
231534	Britra_Pr_Heal	cycle	2	98	timer:2	1	skill	17359	0	0	MOST_HATED	0.0	0.0	0.0	0
231534	Britra_Pr_Heal	cycle	3	97	timer:3	0	arm	0	10000	0		0.0	0.0	0.0	0
231534	Britra_Pr_Heal	cycle	3	97	timer:3	1	skill	17700	0	0	MOST_HATED	0.0	0.0	0.0	0
231535	Britra_As_Poison_LowNmd	arm	0	7		0	arm	0	5000	0		0.0	0.0	0.0	0
231535	Britra_As_Poison_LowNmd	arm	0	7		1	skill	17322	0	0	MOST_HATED	0.0	0.0	0.0	0
231535	Britra_As_Poison_LowNmd	cycle	0	100	timer:0	0	arm	1	7000	0		0.0	0.0	0.0	0
231535	Britra_As_Poison_LowNmd	cycle	0	100	timer:0	1	skill	16678	0	0	MOST_HATED	0.0	0.0	0.0	0
231535	Britra_As_Poison_LowNmd	cycle	1	99	timer:1	0	arm	2	7000	0		0.0	0.0	0.0	0
231535	Britra_As_Poison_LowNmd	cycle	1	99	timer:1	1	skill	17332	0	0	MOST_HATED	0.0	0.0	0.0	0
231535	Britra_As_Poison_LowNmd	cycle	2	98	timer:2	0	arm	3	10000	0		0.0	0.0	0.0	0
231535	Britra_As_Poison_LowNmd	cycle	2	98	timer:2	1	skill	17295	0	0	MOST_HATED	0.0	0.0	0.0	0
231535	Britra_As_Poison_LowNmd	cycle	3	96	timer:3	0	arm	4	7000	0		0.0	0.0	0.0	0
231535	Britra_As_Poison_LowNmd	cycle	3	96	timer:3	1	skill	17322	0	0	MOST_HATED	0.0	0.0	0.0	0
231535	Britra_As_Poison_LowNmd	cycle	4	95	timer:4	0	arm	5	7000	0		0.0	0.0	0.0	0
231535	Britra_As_Poison_LowNmd	cycle	4	95	timer:4	1	skill	16678	0	0	MOST_HATED	0.0	0.0	0.0	0
231535	Britra_As_Poison_LowNmd	cycle	5	94	timer:5	0	arm	6	7000	0		0.0	0.0	0.0	0
231535	Britra_As_Poison_LowNmd	cycle	5	94	timer:5	1	skill	17295	0	0	MOST_HATED	0.0	0.0	0.0	0
231535	Britra_As_Poison_LowNmd	cycle	6	93	timer:6	0	arm	2	7000	0		0.0	0.0	0.0	0
231535	Britra_As_Poison_LowNmd	cycle	6	93	timer:6	1	skill	17332	0	0	MOST_HATED	0.0	0.0	0.0	0
231536	Fanatic40_Wi2	arm	0	7		0	arm	0	10000	0		0.0	0.0	0.0	0
231536	Fanatic40_Wi2	arm	0	7		1	skill	16699	0	0	ME	0.0	0.0	0.0	0
231536	Fanatic40_Wi2	cycle	0	10	timer:0	0	arm	0	20000	0		0.0	0.0	0.0	0
231536	Fanatic40_Wi2	cycle	0	10	timer:0	1	skill	16570	0	0	MOST_HATED	0.0	0.0	0.0	0
231538	Britra_As_Poison_LowNmd	arm	0	7		0	arm	0	5000	0		0.0	0.0	0.0	0
231538	Britra_As_Poison_LowNmd	arm	0	7		1	skill	17322	0	0	MOST_HATED	0.0	0.0	0.0	0
231538	Britra_As_Poison_LowNmd	cycle	0	100	timer:0	0	arm	1	7000	0		0.0	0.0	0.0	0
231538	Britra_As_Poison_LowNmd	cycle	0	100	timer:0	1	skill	16678	0	0	MOST_HATED	0.0	0.0	0.0	0
231538	Britra_As_Poison_LowNmd	cycle	1	99	timer:1	0	arm	2	7000	0		0.0	0.0	0.0	0
231538	Britra_As_Poison_LowNmd	cycle	1	99	timer:1	1	skill	17332	0	0	MOST_HATED	0.0	0.0	0.0	0
231538	Britra_As_Poison_LowNmd	cycle	2	98	timer:2	0	arm	3	10000	0		0.0	0.0	0.0	0
231538	Britra_As_Poison_LowNmd	cycle	2	98	timer:2	1	skill	17295	0	0	MOST_HATED	0.0	0.0	0.0	0
231538	Britra_As_Poison_LowNmd	cycle	3	96	timer:3	0	arm	4	7000	0		0.0	0.0	0.0	0
231538	Britra_As_Poison_LowNmd	cycle	3	96	timer:3	1	skill	17322	0	0	MOST_HATED	0.0	0.0	0.0	0
231538	Britra_As_Poison_LowNmd	cycle	4	95	timer:4	0	arm	5	7000	0		0.0	0.0	0.0	0
231538	Britra_As_Poison_LowNmd	cycle	4	95	timer:4	1	skill	16678	0	0	MOST_HATED	0.0	0.0	0.0	0
231538	Britra_As_Poison_LowNmd	cycle	5	94	timer:5	0	arm	6	7000	0		0.0	0.0	0.0	0
231538	Britra_As_Poison_LowNmd	cycle	5	94	timer:5	1	skill	17295	0	0	MOST_HATED	0.0	0.0	0.0	0
231538	Britra_As_Poison_LowNmd	cycle	6	93	timer:6	0	arm	2	7000	0		0.0	0.0	0.0	0
231538	Britra_As_Poison_LowNmd	cycle	6	93	timer:6	1	skill	17332	0	0	MOST_HATED	0.0	0.0	0.0	0
231539	Britra_Ri_OpenAerial	arm	0	7		0	arm	0	7000	0		0.0	0.0	0.0	0
231539	Britra_Ri_OpenAerial	arm	0	7		1	skill	21294	0	0	MOST_HATED	0.0	0.0	0.0	0
231539	Britra_Ri_OpenAerial	cycle	0	99	timer:0	0	arm	1	10000	0		0.0	0.0	0.0	0
231539	Britra_Ri_OpenAerial	cycle	0	99	timer:0	1	skill	20648	0	0	MOST_HATED	0.0	0.0	0.0	0
231539	Britra_Ri_OpenAerial	cycle	0	99	timer:0	2	skill	21295	0	0	MOST_HATED	0.0	0.0	0.0	0
231539	Britra_Ri_OpenAerial	cycle	1	98	timer:1	0	arm	2	7000	0		0.0	0.0	0.0	0
231539	Britra_Ri_OpenAerial	cycle	1	98	timer:1	1	skill	21315	0	0	MOST_HATED	0.0	0.0	0.0	0
231539	Britra_Ri_OpenAerial	cycle	2	97	timer:2	0	arm	3	10000	0		0.0	0.0	0.0	0
231539	Britra_Ri_OpenAerial	cycle	2	97	timer:2	1	skill	21294	0	0	MOST_HATED	0.0	0.0	0.0	0
231539	Britra_Ri_OpenAerial	cycle	3	96	timer:3	0	arm	4	7000	0		0.0	0.0	0.0	0
231539	Britra_Ri_OpenAerial	cycle	3	96	timer:3	1	skill	21315	0	0	MOST_HATED	0.0	0.0	0.0	0
231539	Britra_Ri_OpenAerial	cycle	4	95	timer:4	0	arm	5	10000	0		0.0	0.0	0.0	0
231539	Britra_Ri_OpenAerial	cycle	4	95	timer:4	1	skill	21294	0	0	MOST_HATED	0.0	0.0	0.0	0
231539	Britra_Ri_OpenAerial	cycle	5	94	timer:5	0	arm	6	7000	0		0.0	0.0	0.0	0
231539	Britra_Ri_OpenAerial	cycle	5	94	timer:5	1	skill	21315	0	0	MOST_HATED	0.0	0.0	0.0	0
231539	Britra_Ri_OpenAerial	cycle	6	93	timer:6	0	arm	3	10000	0		0.0	0.0	0.0	0
231539	Britra_Ri_OpenAerial	cycle	6	93	timer:6	1	skill	20648	0	0	MOST_HATED	0.0	0.0	0.0	0
231539	Britra_Ri_OpenAerial	cycle	6	93	timer:6	2	skill	21295	0	0	MOST_HATED	0.0	0.0	0.0	0
231540	Britra_El_Confuse	arm	0	7		0	arm	0	7000	0		0.0	0.0	0.0	0
231540	Britra_El_Confuse	arm	0	7		1	skill	21288	0	0	MOST_HATED	0.0	0.0	0.0	0
231540	Britra_El_Confuse	cycle	0	100	timer:0	0	arm	1	7000	0		0.0	0.0	0.0	0
231540	Britra_El_Confuse	cycle	0	100	timer:0	1	skill	19552	0	0	MOST_HATED	0.0	0.0	0.0	0
231540	Britra_El_Confuse	cycle	1	99	timer:1	0	arm	2	7000	0		0.0	0.0	0.0	0
231540	Britra_El_Confuse	cycle	1	99	timer:1	1	skill	17335	0	0	MOST_HATED	0.0	0.0	0.0	0
231540	Britra_El_Confuse	cycle	2	98	timer:2	0	arm	3	7000	0		0.0	0.0	0.0	0
231540	Britra_El_Confuse	cycle	2	98	timer:2	1	skill	21288	0	0	MOST_HATED	0.0	0.0	0.0	0
231540	Britra_El_Confuse	cycle	3	97	timer:3	0	arm	0	7000	0		0.0	0.0	0.0	0
231540	Britra_El_Confuse	cycle	3	97	timer:3	1	skill	17335	0	0	MOST_HATED	0.0	0.0	0.0	0
231541	Britra_Table	arm	0	7		0	arm	0	7000	0		0.0	0.0	0.0	0
231541	Britra_Table	arm	0	7		1	skill	17294	0	0	MOST_HATED	0.0	0.0	0.0	0
231541	Britra_Table	cycle	0	100	timer:0	0	arm	1	10000	0		0.0	0.0	0.0	0
231541	Britra_Table	cycle	0	100	timer:0	1	skill	17295	0	0	MOST_HATED	0.0	0.0	0.0	0
231541	Britra_Table	cycle	1	99	timer:1	0	arm	0	7000	0		0.0	0.0	0.0	0
231541	Britra_Table	cycle	1	99	timer:1	1	skill	17294	0	0	MOST_HATED	0.0	0.0	0.0	0
231542	Britra_Table	arm	0	7		0	arm	0	7000	0		0.0	0.0	0.0	0
231542	Britra_Table	arm	0	7		1	skill	21292	0	0	MOST_HATED	0.0	0.0	0.0	0
231542	Britra_Table	cycle	0	100	timer:0	0	arm	1	10000	0		0.0	0.0	0.0	0
231542	Britra_Table	cycle	0	100	timer:0	1	skill	21293	0	0	MOST_HATED	0.0	0.0	0.0	0
231542	Britra_Table	cycle	1	99	timer:1	0	arm	0	7000	0		0.0	0.0	0.0	0
231542	Britra_Table	cycle	1	99	timer:1	1	skill	21292	0	0	MOST_HATED	0.0	0.0	0.0	0
231543	Britra_Fi_HpDrain	arm	0	7		0	arm	0	7000	0		0.0	0.0	0.0	0
231543	Britra_Fi_HpDrain	arm	0	7		1	skill	16517	0	0	ME	0.0	0.0	0.0	0
231543	Britra_Fi_HpDrain	cycle	0	100	timer:0	0	arm	1	10000	0		0.0	0.0	0.0	0
231543	Britra_Fi_HpDrain	cycle	0	100	timer:0	1	skill	20703	0	0	MOST_HATED	0.0	0.0	0.0	0
231543	Britra_Fi_HpDrain	cycle	1	99	timer:1	0	arm	2	7000	0		0.0	0.0	0.0	0
231543	Britra_Fi_HpDrain	cycle	1	99	timer:1	1	skill	17294	0	0	MOST_HATED	0.0	0.0	0.0	0
231543	Britra_Fi_HpDrain	cycle	2	98	timer:2	0	arm	3	10000	0		0.0	0.0	0.0	0
231543	Britra_Fi_HpDrain	cycle	2	98	timer:2	1	skill	17294	0	0	MOST_HATED	0.0	0.0	0.0	0
231543	Britra_Fi_HpDrain	cycle	3	97	timer:3	0	arm	4	7000	0		0.0	0.0	0.0	0
231543	Britra_Fi_HpDrain	cycle	3	97	timer:3	1	skill	17294	0	0	MOST_HATED	0.0	0.0	0.0	0
231543	Britra_Fi_HpDrain	cycle	4	96	timer:4	0	arm	5	15000	0		0.0	0.0	0.0	0
231543	Britra_Fi_HpDrain	cycle	4	96	timer:4	1	skill	20703	0	0	MOST_HATED	0.0	0.0	0.0	0
231543	Britra_Fi_HpDrain	cycle	5	95	timer:5	0	arm	6	7000	0		0.0	0.0	0.0	0
231543	Britra_Fi_HpDrain	cycle	5	95	timer:5	1	skill	17294	0	0	MOST_HATED	0.0	0.0	0.0	0
231543	Britra_Fi_HpDrain	cycle	6	94	timer:6	0	arm	2	15000	0		0.0	0.0	0.0	0
231543	Britra_Fi_HpDrain	cycle	6	94	timer:6	1	skill	20703	0	0	MOST_HATED	0.0	0.0	0.0	0
231544	Britra_As_Broad	arm	0	7		0	arm	0	7000	0		0.0	0.0	0.0	0
231544	Britra_As_Broad	cycle	0	100	timer:0	0	arm	1	10000	0		0.0	0.0	0.0	0
231544	Britra_As_Broad	cycle	0	100	timer:0	1	skill	17295	0	0	MOST_HATED	0.0	0.0	0.0	0
231544	Britra_As_Broad	cycle	0	100	timer:0	2	broadcast	23001	15	0		0.0	0.0	0.0	0
231544	Britra_As_Broad	cycle	1	99	timer:1	0	arm	2	10000	0		0.0	0.0	0.0	0
231544	Britra_As_Broad	cycle	1	99	timer:1	1	skill	17332	0	0	MOST_HATED	0.0	0.0	0.0	0
231544	Britra_As_Broad	cycle	2	98	timer:2	0	arm	1	15000	0		0.0	0.0	0.0	0
231544	Britra_As_Broad	cycle	2	98	timer:2	1	skill	17295	0	0	MOST_HATED	0.0	0.0	0.0	0
231546	Britra_Pr_Heal	arm	0	7		0	arm	0	7000	0		0.0	0.0	0.0	0
231546	Britra_Pr_Heal	arm	0	7		1	skill	17359	0	0	MOST_HATED	0.0	0.0	0.0	0
231546	Britra_Pr_Heal	cycle	0	100	timer:0	0	arm	1	10000	0		0.0	0.0	0.0	0
231546	Britra_Pr_Heal	cycle	0	100	timer:0	1	skill	17359	0	0	MOST_HATED	0.0	0.0	0.0	0
231546	Britra_Pr_Heal	cycle	1	99	timer:1	0	arm	2	10000	0		0.0	0.0	0.0	0
231546	Britra_Pr_Heal	cycle	1	99	timer:1	1	skill	17361	0	0	ME	0.0	0.0	0.0	0
231546	Britra_Pr_Heal	cycle	2	98	timer:2	0	arm	3	15000	0		0.0	0.0	0.0	0
231546	Britra_Pr_Heal	cycle	2	98	timer:2	1	skill	17359	0	0	MOST_HATED	0.0	0.0	0.0	0
231546	Britra_Pr_Heal	cycle	3	97	timer:3	0	arm	0	10000	0		0.0	0.0	0.0	0
231546	Britra_Pr_Heal	cycle	3	97	timer:3	1	skill	17700	0	0	MOST_HATED	0.0	0.0	0.0	0
231547	Britra_As_Poison_LowNmd	arm	0	7		0	arm	0	5000	0		0.0	0.0	0.0	0
231547	Britra_As_Poison_LowNmd	arm	0	7		1	skill	17322	0	0	MOST_HATED	0.0	0.0	0.0	0
231547	Britra_As_Poison_LowNmd	cycle	0	100	timer:0	0	arm	1	7000	0		0.0	0.0	0.0	0
231547	Britra_As_Poison_LowNmd	cycle	0	100	timer:0	1	skill	16678	0	0	MOST_HATED	0.0	0.0	0.0	0
231547	Britra_As_Poison_LowNmd	cycle	1	99	timer:1	0	arm	2	7000	0		0.0	0.0	0.0	0
231547	Britra_As_Poison_LowNmd	cycle	1	99	timer:1	1	skill	17332	0	0	MOST_HATED	0.0	0.0	0.0	0
231547	Britra_As_Poison_LowNmd	cycle	2	98	timer:2	0	arm	3	10000	0		0.0	0.0	0.0	0
231547	Britra_As_Poison_LowNmd	cycle	2	98	timer:2	1	skill	17295	0	0	MOST_HATED	0.0	0.0	0.0	0
231547	Britra_As_Poison_LowNmd	cycle	3	96	timer:3	0	arm	4	7000	0		0.0	0.0	0.0	0
231547	Britra_As_Poison_LowNmd	cycle	3	96	timer:3	1	skill	17322	0	0	MOST_HATED	0.0	0.0	0.0	0
231547	Britra_As_Poison_LowNmd	cycle	4	95	timer:4	0	arm	5	7000	0		0.0	0.0	0.0	0
231547	Britra_As_Poison_LowNmd	cycle	4	95	timer:4	1	skill	16678	0	0	MOST_HATED	0.0	0.0	0.0	0
231547	Britra_As_Poison_LowNmd	cycle	5	94	timer:5	0	arm	6	7000	0		0.0	0.0	0.0	0
231547	Britra_As_Poison_LowNmd	cycle	5	94	timer:5	1	skill	17295	0	0	MOST_HATED	0.0	0.0	0.0	0
231547	Britra_As_Poison_LowNmd	cycle	6	93	timer:6	0	arm	2	7000	0		0.0	0.0	0.0	0
231547	Britra_As_Poison_LowNmd	cycle	6	93	timer:6	1	skill	17332	0	0	MOST_HATED	0.0	0.0	0.0	0
231548	Britra_Table	arm	0	7		0	arm	0	7000	0		0.0	0.0	0.0	0
231548	Britra_Table	arm	0	7		1	skill	17294	0	0	MOST_HATED	0.0	0.0	0.0	0
231548	Britra_Table	cycle	0	100	timer:0	0	arm	1	10000	0		0.0	0.0	0.0	0
231548	Britra_Table	cycle	0	100	timer:0	1	skill	17295	0	0	MOST_HATED	0.0	0.0	0.0	0
231548	Britra_Table	cycle	1	99	timer:1	0	arm	0	7000	0		0.0	0.0	0.0	0
231548	Britra_Table	cycle	1	99	timer:1	1	skill	17294	0	0	MOST_HATED	0.0	0.0	0.0	0
232841	Britra_Party_Fi_FwAreaDD	arm	0	7		0	arm	0	7000	0		0.0	0.0	0.0	0
232841	Britra_Party_Fi_FwAreaDD	arm	0	7		1	skill	17294	0	0	MOST_HATED	0.0	0.0	0.0	0
232841	Britra_Party_Fi_FwAreaDD	cycle	0	100	timer:0	0	arm	1	10000	0		0.0	0.0	0.0	0
232841	Britra_Party_Fi_FwAreaDD	cycle	0	100	timer:0	1	skill	21284	0	0	MOST_HATED	0.0	0.0	0.0	0
232841	Britra_Party_Fi_FwAreaDD	cycle	1	99	timer:1	0	arm	2	10000	0		0.0	0.0	0.0	0
232841	Britra_Party_Fi_FwAreaDD	cycle	1	99	timer:1	1	skill	17294	0	0	MOST_HATED	0.0	0.0	0.0	0
232841	Britra_Party_Fi_FwAreaDD	cycle	2	98	timer:2	0	arm	0	7000	0		0.0	0.0	0.0	0
232841	Britra_Party_Fi_FwAreaDD	cycle	2	98	timer:2	1	skill	17294	0	0	MOST_HATED	0.0	0.0	0.0	0
232845	Britra_Party_Ri_OpenAerial	arm	0	7		0	arm	0	7000	0		0.0	0.0	0.0	0
232845	Britra_Party_Ri_OpenAerial	arm	0	7		1	skill	21294	0	0	MOST_HATED	0.0	0.0	0.0	0
232845	Britra_Party_Ri_OpenAerial	cycle	0	100	timer:0	0	arm	1	22000	0		0.0	0.0	0.0	0
232845	Britra_Party_Ri_OpenAerial	cycle	0	100	timer:0	1	skill	20648	0	0	MOST_HATED	0.0	0.0	0.0	0
232845	Britra_Party_Ri_OpenAerial	cycle	0	100	timer:0	2	skill	21295	0	0	MOST_HATED	0.0	0.0	0.0	0
232845	Britra_Party_Ri_OpenAerial	cycle	1	99	timer:1	0	arm	2	10000	0		0.0	0.0	0.0	0
232845	Britra_Party_Ri_OpenAerial	cycle	1	99	timer:1	1	skill	21294	0	0	MOST_HATED	0.0	0.0	0.0	0
232845	Britra_Party_Ri_OpenAerial	cycle	2	98	timer:2	0	arm	3	13000	0		0.0	0.0	0.0	0
232845	Britra_Party_Ri_OpenAerial	cycle	2	98	timer:2	1	skill	21297	0	0	MOST_HATED	0.0	0.0	0.0	0
232845	Britra_Party_Ri_OpenAerial	cycle	3	97	timer:3	0	arm	4	10000	0		0.0	0.0	0.0	0
232845	Britra_Party_Ri_OpenAerial	cycle	3	97	timer:3	1	skill	21294	0	0	MOST_HATED	0.0	0.0	0.0	0
232845	Britra_Party_Ri_OpenAerial	cycle	4	96	timer:4	0	arm	0	7000	0		0.0	0.0	0.0	0
232845	Britra_Party_Ri_OpenAerial	cycle	4	96	timer:4	1	skill	21297	0	0	MOST_HATED	0.0	0.0	0.0	0
232906	Fanatic40_Wi	arm	0	7		0	arm	0	10000	0		0.0	0.0	0.0	0
232906	Fanatic40_Wi	arm	0	7		1	skill	16918	0	0	ME	0.0	0.0	0.0	0
232906	Fanatic40_Wi	cycle	0	10	timer:0	0	arm	0	20000	0		0.0	0.0	0.0	0
232906	Fanatic40_Wi	cycle	0	10	timer:0	1	skill	16570	0	0	MOST_HATED	0.0	0.0	0.0	0
232907	Fanatic40_Wi	arm	0	7		0	arm	0	10000	0		0.0	0.0	0.0	0
232907	Fanatic40_Wi	arm	0	7		1	skill	16918	0	0	ME	0.0	0.0	0.0	0
232907	Fanatic40_Wi	cycle	0	10	timer:0	0	arm	0	20000	0		0.0	0.0	0.0	0
232907	Fanatic40_Wi	cycle	0	10	timer:0	1	skill	16570	0	0	MOST_HATED	0.0	0.0	0.0	0
232910	Fanatic40_Wi	arm	0	7		0	arm	0	10000	0		0.0	0.0	0.0	0
232910	Fanatic40_Wi	arm	0	7		1	skill	16918	0	0	ME	0.0	0.0	0.0	0
232910	Fanatic40_Wi	cycle	0	10	timer:0	0	arm	0	20000	0		0.0	0.0	0.0	0
232910	Fanatic40_Wi	cycle	0	10	timer:0	1	skill	16570	0	0	MOST_HATED	0.0	0.0	0.0	0
232911	Fanatic40_Wi	arm	0	7		0	arm	0	10000	0		0.0	0.0	0.0	0
232911	Fanatic40_Wi	arm	0	7		1	skill	16918	0	0	ME	0.0	0.0	0.0	0
232911	Fanatic40_Wi	cycle	0	10	timer:0	0	arm	0	20000	0		0.0	0.0	0.0	0
232911	Fanatic40_Wi	cycle	0	10	timer:0	1	skill	16570	0	0	MOST_HATED	0.0	0.0	0.0	0
232925	ShulackRose_Fi_Tanker	arm	0	7		0	arm	0	7000	0		0.0	0.0	0.0	0
232925	ShulackRose_Fi_Tanker	cycle	0	100	timer:0	0	arm	1	15000	0		0.0	0.0	0.0	0
232925	ShulackRose_Fi_Tanker	cycle	0	100	timer:0	1	skill	16518	0	0	ME	0.0	0.0	0.0	0
232925	ShulackRose_Fi_Tanker	cycle	1	99	timer:1	0	arm	0	7000	0		0.0	0.0	0.0	0
232925	ShulackRose_Fi_Tanker	cycle	1	99	timer:1	1	skill	21300	0	0	MOST_HATED	0.0	0.0	0.0	0
232926	ShulackRose_Fi_Tanker	arm	0	7		0	arm	0	7000	0		0.0	0.0	0.0	0
232926	ShulackRose_Fi_Tanker	cycle	0	100	timer:0	0	arm	1	15000	0		0.0	0.0	0.0	0
232926	ShulackRose_Fi_Tanker	cycle	0	100	timer:0	1	skill	16518	0	0	ME	0.0	0.0	0.0	0
232926	ShulackRose_Fi_Tanker	cycle	1	99	timer:1	0	arm	0	7000	0		0.0	0.0	0.0	0
232926	ShulackRose_Fi_Tanker	cycle	1	99	timer:1	1	skill	21300	0	0	MOST_HATED	0.0	0.0	0.0	0
232927	ShulackRose_Fi_Tanker	arm	0	7		0	arm	0	7000	0		0.0	0.0	0.0	0
232927	ShulackRose_Fi_Tanker	cycle	0	100	timer:0	0	arm	1	15000	0		0.0	0.0	0.0	0
232927	ShulackRose_Fi_Tanker	cycle	0	100	timer:0	1	skill	16518	0	0	ME	0.0	0.0	0.0	0
232927	ShulackRose_Fi_Tanker	cycle	1	99	timer:1	0	arm	0	7000	0		0.0	0.0	0.0	0
232927	ShulackRose_Fi_Tanker	cycle	1	99	timer:1	1	skill	21300	0	0	MOST_HATED	0.0	0.0	0.0	0
232928	ShulackRose_Fi_Tanker	arm	0	7		0	arm	0	7000	0		0.0	0.0	0.0	0
232928	ShulackRose_Fi_Tanker	cycle	0	100	timer:0	0	arm	1	15000	0		0.0	0.0	0.0	0
232928	ShulackRose_Fi_Tanker	cycle	0	100	timer:0	1	skill	16518	0	0	ME	0.0	0.0	0.0	0
232928	ShulackRose_Fi_Tanker	cycle	1	99	timer:1	0	arm	0	7000	0		0.0	0.0	0.0	0
232928	ShulackRose_Fi_Tanker	cycle	1	99	timer:1	1	skill	21300	0	0	MOST_HATED	0.0	0.0	0.0	0
232929	ShulackRose_Fi_Tanker	arm	0	7		0	arm	0	7000	0		0.0	0.0	0.0	0
232929	ShulackRose_Fi_Tanker	cycle	0	100	timer:0	0	arm	1	15000	0		0.0	0.0	0.0	0
232929	ShulackRose_Fi_Tanker	cycle	0	100	timer:0	1	skill	16518	0	0	ME	0.0	0.0	0.0	0
232929	ShulackRose_Fi_Tanker	cycle	1	99	timer:1	0	arm	0	7000	0		0.0	0.0	0.0	0
232929	ShulackRose_Fi_Tanker	cycle	1	99	timer:1	1	skill	21300	0	0	MOST_HATED	0.0	0.0	0.0	0
232930	ShulackRose_Fi_Tanker	arm	0	7		0	arm	0	7000	0		0.0	0.0	0.0	0
232930	ShulackRose_Fi_Tanker	cycle	0	100	timer:0	0	arm	1	15000	0		0.0	0.0	0.0	0
232930	ShulackRose_Fi_Tanker	cycle	0	100	timer:0	1	skill	16518	0	0	ME	0.0	0.0	0.0	0
232930	ShulackRose_Fi_Tanker	cycle	1	99	timer:1	0	arm	0	7000	0		0.0	0.0	0.0	0
232930	ShulackRose_Fi_Tanker	cycle	1	99	timer:1	1	skill	21300	0	0	MOST_HATED	0.0	0.0	0.0	0
232996	ShulackRose_Fi_Tanker	arm	0	7		0	arm	0	7000	0		0.0	0.0	0.0	0
232996	ShulackRose_Fi_Tanker	cycle	0	100	timer:0	0	arm	1	15000	0		0.0	0.0	0.0	0
232996	ShulackRose_Fi_Tanker	cycle	0	100	timer:0	1	skill	16518	0	0	ME	0.0	0.0	0.0	0
232996	ShulackRose_Fi_Tanker	cycle	1	99	timer:1	0	arm	0	7000	0		0.0	0.0	0.0	0
232996	ShulackRose_Fi_Tanker	cycle	1	99	timer:1	1	skill	21301	0	0	MOST_HATED	0.0	0.0	0.0	0
233027	ShulackRose_Fi_Tanker	arm	0	7		0	arm	0	7000	0		0.0	0.0	0.0	0
233027	ShulackRose_Fi_Tanker	cycle	0	100	timer:0	0	arm	1	15000	0		0.0	0.0	0.0	0
233027	ShulackRose_Fi_Tanker	cycle	0	100	timer:0	1	skill	16518	0	0	ME	0.0	0.0	0.0	0
233027	ShulackRose_Fi_Tanker	cycle	1	99	timer:1	0	arm	0	7000	0		0.0	0.0	0.0	0
233027	ShulackRose_Fi_Tanker	cycle	1	99	timer:1	1	skill	21300	0	0	MOST_HATED	0.0	0.0	0.0	0
233039	ShulackRose_Fi_Tanker	arm	0	7		0	arm	0	7000	0		0.0	0.0	0.0	0
233039	ShulackRose_Fi_Tanker	cycle	0	100	timer:0	0	arm	1	15000	0		0.0	0.0	0.0	0
233039	ShulackRose_Fi_Tanker	cycle	0	100	timer:0	1	skill	16518	0	0	ME	0.0	0.0	0.0	0
233039	ShulackRose_Fi_Tanker	cycle	1	99	timer:1	0	arm	0	7000	0		0.0	0.0	0.0	0
233039	ShulackRose_Fi_Tanker	cycle	1	99	timer:1	1	skill	21300	0	0	MOST_HATED	0.0	0.0	0.0	0
233045	Britra_As_Hide	arm	0	7		0	arm	0	7000	0		0.0	0.0	0.0	0
233045	Britra_As_Hide	cycle	0	100	timer:0	0	arm	1	10000	0		0.0	0.0	0.0	0
233045	Britra_As_Hide	cycle	0	100	timer:0	1	skill	17295	0	0	MOST_HATED	0.0	0.0	0.0	0
233045	Britra_As_Hide	cycle	0	100	timer:0	2	broadcast	23001	15	0		0.0	0.0	0.0	0
233045	Britra_As_Hide	cycle	1	99	timer:1	0	arm	2	10000	0		0.0	0.0	0.0	0
233045	Britra_As_Hide	cycle	1	99	timer:1	1	skill	17332	0	0	MOST_HATED	0.0	0.0	0.0	0
233045	Britra_As_Hide	cycle	2	98	timer:2	0	arm	1	15000	0		0.0	0.0	0.0	0
233045	Britra_As_Hide	cycle	2	98	timer:2	1	skill	17295	0	0	MOST_HATED	0.0	0.0	0.0	0
233047	IDArena_pvp01_S3_LycanWarriorS_03	arm	0	7		0	arm	0	10000	0		0.0	0.0	0.0	0
233047	IDArena_pvp01_S3_LycanWarriorS_03	arm	0	7		1	skill	16516	0	0	MOST_HATED	0.0	0.0	0.0	0
233047	IDArena_pvp01_S3_LycanWarriorS_03	cycle	0	7		0	arm	0	10000	0		0.0	0.0	0.0	0
233047	IDArena_pvp01_S3_LycanWarriorS_03	cycle	0	7		1	skill	16516	0	0	MOST_HATED	0.0	0.0	0.0	0
233052	IDArena_pvp01_S5_Butler_03	arm	0	7		0	arm	0	10000	0		0.0	0.0	0.0	0
233052	IDArena_pvp01_S5_Butler_03	arm	0	7		1	skill	16570	0	0	MOST_HATED	0.0	0.0	0.0	0
233052	IDArena_pvp01_S5_Butler_03	cycle	0	7		0	arm	0	10000	0		0.0	0.0	0.0	0
233052	IDArena_pvp01_S5_Butler_03	cycle	0	7		1	skill	16570	0	0	MOST_HATED	0.0	0.0	0.0	0
233053	IDArena_pvp01_S5_Lich_01	arm	0	7		0	arm	0	5000	0		0.0	0.0	0.0	0
233053	IDArena_pvp01_S5_Lich_01	arm	0	7		1	skill	16574	0	0	MOST_HATED	0.0	0.0	0.0	0
233053	IDArena_pvp01_S5_Lich_01	cycle	0	10	timer:0|hp_below:50	0	arm	0	5000	0		0.0	0.0	0.0	0
233053	IDArena_pvp01_S5_Lich_01	cycle	0	10	timer:0|hp_below:50	1	skill	16699	0	0	ME	0.0	0.0	0.0	0
233053	IDArena_pvp01_S5_Lich_01	cycle	1	7	timer:0	0	arm	0	5000	0		0.0	0.0	0.0	0
233054	IDArena_pvp01_S5_PricessNamed_03	arm	0	7		0	arm	0	5000	0		0.0	0.0	0.0	0
233054	IDArena_pvp01_S5_PricessNamed_03	arm	0	7		1	skill	18643	0	0	ME	0.0	0.0	0.0	0
233054	IDArena_pvp01_S5_PricessNamed_03	cycle	0	10	timer:0|hp_between:2:29	0	skill	16698	0	0	MOST_HATED	0.0	0.0	0.0	0
233054	IDArena_pvp01_S5_PricessNamed_03	cycle	0	10	timer:0|hp_between:2:29	1	arm	0	5000	0		0.0	0.0	0.0	0
233054	IDArena_pvp01_S5_PricessNamed_03	cycle	1	7	timer:0	0	arm	0	5000	0		0.0	0.0	0.0	0
233064	IDF5_U2_ShulackM_As_solo_65_An	arm	0	7		0	arm	0	5000	0		0.0	0.0	0.0	0
233064	IDF5_U2_ShulackM_As_solo_65_An	cycle	0	24	timer:4	0	arm	0	8000	0		0.0	0.0	0.0	0
233064	IDF5_U2_ShulackM_As_solo_65_An	cycle	0	24	timer:4	1	skill	16540	0	0	MOST_HATED	0.0	0.0	0.0	0
233064	IDF5_U2_ShulackM_As_solo_65_An	cycle	1	23	timer:3	0	arm	4	10000	0		0.0	0.0	0.0	0
233064	IDF5_U2_ShulackM_As_solo_65_An	cycle	1	23	timer:3	1	skill	16678	0	0	MOST_HATED	0.0	0.0	0.0	0
233064	IDF5_U2_ShulackM_As_solo_65_An	cycle	2	22	timer:2	0	arm	3	8000	0		0.0	0.0	0.0	0
233064	IDF5_U2_ShulackM_As_solo_65_An	cycle	2	22	timer:2	1	skill	16540	0	0	MOST_HATED	0.0	0.0	0.0	0
233064	IDF5_U2_ShulackM_As_solo_65_An	cycle	3	21	timer:1	0	arm	2	8000	0		0.0	0.0	0.0	0
233064	IDF5_U2_ShulackM_As_solo_65_An	cycle	3	21	timer:1	1	skill	16540	0	0	MOST_HATED	0.0	0.0	0.0	0
233064	IDF5_U2_ShulackM_As_solo_65_An	cycle	4	20	timer:0	0	arm	1	12000	0		0.0	0.0	0.0	0
233064	IDF5_U2_ShulackM_As_solo_65_An	cycle	4	20	timer:0	1	skill	16782	0	0	MOST_HATED	0.0	0.0	0.0	0
233065	IDF5_U2_ShulackF_As_solo_warden_65_An	arm	0	7		0	arm	0	5000	0		0.0	0.0	0.0	0
233065	IDF5_U2_ShulackF_As_solo_warden_65_An	arm	0	7		1	broadcast	21253	10	0		0.0	0.0	0.0	0
233065	IDF5_U2_ShulackF_As_solo_warden_65_An	cycle	0	24	timer:4	0	arm	0	8000	0		0.0	0.0	0.0	0
233065	IDF5_U2_ShulackF_As_solo_warden_65_An	cycle	0	24	timer:4	1	skill	16540	0	0	MOST_HATED	0.0	0.0	0.0	0
233065	IDF5_U2_ShulackF_As_solo_warden_65_An	cycle	1	23	timer:3	0	arm	4	10000	0		0.0	0.0	0.0	0
233065	IDF5_U2_ShulackF_As_solo_warden_65_An	cycle	1	23	timer:3	1	skill	16678	0	0	MOST_HATED	0.0	0.0	0.0	0
233065	IDF5_U2_ShulackF_As_solo_warden_65_An	cycle	2	22	timer:2	0	arm	3	8000	0		0.0	0.0	0.0	0
233065	IDF5_U2_ShulackF_As_solo_warden_65_An	cycle	2	22	timer:2	1	skill	16540	0	0	MOST_HATED	0.0	0.0	0.0	0
233065	IDF5_U2_ShulackF_As_solo_warden_65_An	cycle	3	21	timer:1	0	arm	2	8000	0		0.0	0.0	0.0	0
233065	IDF5_U2_ShulackF_As_solo_warden_65_An	cycle	3	21	timer:1	1	skill	16540	0	0	MOST_HATED	0.0	0.0	0.0	0
233065	IDF5_U2_ShulackF_As_solo_warden_65_An	cycle	4	20	timer:0	0	arm	1	12000	0		0.0	0.0	0.0	0
233065	IDF5_U2_ShulackF_As_solo_warden_65_An	cycle	4	20	timer:0	1	skill	16782	0	0	MOST_HATED	0.0	0.0	0.0	0
233066	IDF5_U2_VriRP_Fi_solo_65_An2	arm	0	7		0	arm	0	7000	0		0.0	0.0	0.0	0
233066	IDF5_U2_VriRP_Fi_solo_65_An2	arm	0	7		1	skill	16517	0	0	ME	0.0	0.0	0.0	0
233066	IDF5_U2_VriRP_Fi_solo_65_An2	cycle	0	26	timer:6	0	arm	2	15000	0		0.0	0.0	0.0	0
233066	IDF5_U2_VriRP_Fi_solo_65_An2	cycle	0	26	timer:6	1	skill	20703	0	0	MOST_HATED	0.0	0.0	0.0	0
233066	IDF5_U2_VriRP_Fi_solo_65_An2	cycle	1	25	timer:5	0	arm	6	7000	0		0.0	0.0	0.0	0
233066	IDF5_U2_VriRP_Fi_solo_65_An2	cycle	1	25	timer:5	1	skill	17294	0	0	MOST_HATED	0.0	0.0	0.0	0
233066	IDF5_U2_VriRP_Fi_solo_65_An2	cycle	2	24	timer:4	0	arm	5	15000	0		0.0	0.0	0.0	0
233066	IDF5_U2_VriRP_Fi_solo_65_An2	cycle	2	24	timer:4	1	skill	20703	0	0	MOST_HATED	0.0	0.0	0.0	0
233066	IDF5_U2_VriRP_Fi_solo_65_An2	cycle	3	23	timer:3	0	arm	4	7000	0		0.0	0.0	0.0	0
233066	IDF5_U2_VriRP_Fi_solo_65_An2	cycle	3	23	timer:3	1	skill	17294	0	0	MOST_HATED	0.0	0.0	0.0	0
233066	IDF5_U2_VriRP_Fi_solo_65_An2	cycle	4	22	timer:2	0	arm	3	10000	0		0.0	0.0	0.0	0
233066	IDF5_U2_VriRP_Fi_solo_65_An2	cycle	4	22	timer:2	1	skill	17294	0	0	MOST_HATED	0.0	0.0	0.0	0
233066	IDF5_U2_VriRP_Fi_solo_65_An2	cycle	5	21	timer:1	0	arm	2	7000	0		0.0	0.0	0.0	0
233066	IDF5_U2_VriRP_Fi_solo_65_An2	cycle	5	21	timer:1	1	skill	17294	0	0	MOST_HATED	0.0	0.0	0.0	0
233066	IDF5_U2_VriRP_Fi_solo_65_An2	cycle	6	20	timer:0	0	arm	1	10000	0		0.0	0.0	0.0	0
233066	IDF5_U2_VriRP_Fi_solo_65_An2	cycle	6	20	timer:0	1	skill	20703	0	0	MOST_HATED	0.0	0.0	0.0	0
233097	IDF5_U2_ShulackF_Wi_party_65_Ae	arm	0	7		0	arm	0	5000	0		0.0	0.0	0.0	0
233097	IDF5_U2_ShulackF_Wi_party_65_Ae	cycle	0	22	timer:1	0	arm	0	10000	0		0.0	0.0	0.0	0
233097	IDF5_U2_ShulackF_Wi_party_65_Ae	cycle	0	22	timer:1	1	skill	16987	0	0	MOST_HATED	0.0	0.0	0.0	0
233097	IDF5_U2_ShulackF_Wi_party_65_Ae	cycle	1	21	timer:0	0	arm	1	13000	0		0.0	0.0	0.0	0
233097	IDF5_U2_ShulackF_Wi_party_65_Ae	cycle	1	21	timer:0	1	skill	18157	0	0	MOST_HATED	0.0	0.0	0.0	0
233100	IDF5_U2_ShulackF_Pr_party_65_Ae	arm	0	7		0	arm	0	8000	0		0.0	0.0	0.0	0
233100	IDF5_U2_ShulackF_Pr_party_65_Ae	cycle	0	23	timer:3	0	arm	0	10000	0		0.0	0.0	0.0	0
233100	IDF5_U2_ShulackF_Pr_party_65_Ae	cycle	0	23	timer:3	1	skill	17938	0	0	MOST_HATED	0.0	0.0	0.0	0
233100	IDF5_U2_ShulackF_Pr_party_65_Ae	cycle	1	22	timer:2	0	arm	3	10000	0		0.0	0.0	0.0	0
233100	IDF5_U2_ShulackF_Pr_party_65_Ae	cycle	1	22	timer:2	1	skill	18814	0	0	MOST_HATED	0.0	0.0	0.0	0
233100	IDF5_U2_ShulackF_Pr_party_65_Ae	cycle	2	21	timer:1	0	arm	2	15000	0		0.0	0.0	0.0	0
233100	IDF5_U2_ShulackF_Pr_party_65_Ae	cycle	2	21	timer:1	1	skill	18779	0	0	MOST_HATED	0.0	0.0	0.0	0
233100	IDF5_U2_ShulackF_Pr_party_65_Ae	cycle	3	20	timer:0	0	arm	1	10000	0		0.0	0.0	0.0	0
233100	IDF5_U2_ShulackF_Pr_party_65_Ae	cycle	3	20	timer:0	1	skill	18814	0	0	MOST_HATED	0.0	0.0	0.0	0
233103	IDF5_U2_ShulackF_Wi_party_65_Ae	arm	0	7		0	arm	0	5000	0		0.0	0.0	0.0	0
233103	IDF5_U2_ShulackF_Wi_party_65_Ae	cycle	0	22	timer:1	0	arm	0	10000	0		0.0	0.0	0.0	0
233103	IDF5_U2_ShulackF_Wi_party_65_Ae	cycle	0	22	timer:1	1	skill	16987	0	0	MOST_HATED	0.0	0.0	0.0	0
233103	IDF5_U2_ShulackF_Wi_party_65_Ae	cycle	1	21	timer:0	0	arm	1	13000	0		0.0	0.0	0.0	0
233103	IDF5_U2_ShulackF_Wi_party_65_Ae	cycle	1	21	timer:0	1	skill	18157	0	0	MOST_HATED	0.0	0.0	0.0	0
233106	IDF5_U2_ShulackF_Pr_party_65_Ae	arm	0	7		0	arm	0	8000	0		0.0	0.0	0.0	0
233106	IDF5_U2_ShulackF_Pr_party_65_Ae	cycle	0	23	timer:3	0	arm	0	10000	0		0.0	0.0	0.0	0
233106	IDF5_U2_ShulackF_Pr_party_65_Ae	cycle	0	23	timer:3	1	skill	17938	0	0	MOST_HATED	0.0	0.0	0.0	0
233106	IDF5_U2_ShulackF_Pr_party_65_Ae	cycle	1	22	timer:2	0	arm	3	10000	0		0.0	0.0	0.0	0
233106	IDF5_U2_ShulackF_Pr_party_65_Ae	cycle	1	22	timer:2	1	skill	18814	0	0	MOST_HATED	0.0	0.0	0.0	0
233106	IDF5_U2_ShulackF_Pr_party_65_Ae	cycle	2	21	timer:1	0	arm	2	15000	0		0.0	0.0	0.0	0
233106	IDF5_U2_ShulackF_Pr_party_65_Ae	cycle	2	21	timer:1	1	skill	18779	0	0	MOST_HATED	0.0	0.0	0.0	0
233106	IDF5_U2_ShulackF_Pr_party_65_Ae	cycle	3	20	timer:0	0	arm	1	10000	0		0.0	0.0	0.0	0
233106	IDF5_U2_ShulackF_Pr_party_65_Ae	cycle	3	20	timer:0	1	skill	18814	0	0	MOST_HATED	0.0	0.0	0.0	0
233139	AD2_BT10st0	arm	0	1		0	arm	0	10000	0		0.0	0.0	0.0	0
233139	AD2_BT10st0	cycle	0	2	timer:0	0	arm	0	10000	0		0.0	0.0	0.0	0
233139	AD2_BT10st0	cycle	0	2	timer:0	1	skill	17558	0	0	MOST_HATED	0.0	0.0	0.0	0
233193	BIDF5_R2_KeyMonster	arm	0	2		0	arm	0	10000	0		0.0	0.0	0.0	0
233193	BIDF5_R2_KeyMonster	arm	0	2		1	skill	17322	0	0	MOST_HATED	0.0	0.0	0.0	0
233193	BIDF5_R2_KeyMonster	arm	0	2		2	skill	16678	0	0	MOST_HATED	0.0	0.0	0.0	0
233193	BIDF5_R2_KeyMonster	arm	0	2		3	say	1500958	0	0		0.0	0.0	0.0	0
233193	BIDF5_R2_KeyMonster	cycle	0	4	timer:1	0	arm	0	10000	0		0.0	0.0	0.0	0
233193	BIDF5_R2_KeyMonster	cycle	0	4	timer:1	1	skill	17332	0	0	MOST_HATED	0.0	0.0	0.0	0
233193	BIDF5_R2_KeyMonster	cycle	1	3	timer:0	0	arm	1	10000	0		0.0	0.0	0.0	0
233193	BIDF5_R2_KeyMonster	cycle	1	3	timer:0	1	skill	17295	0	0	MOST_HATED	0.0	0.0	0.0	0
233237	Britra_Party_Ri_OpenAerial	arm	0	7		0	arm	0	7000	0		0.0	0.0	0.0	0
233237	Britra_Party_Ri_OpenAerial	arm	0	7		1	skill	21294	0	0	MOST_HATED	0.0	0.0	0.0	0
233237	Britra_Party_Ri_OpenAerial	cycle	0	100	timer:0	0	arm	1	22000	0		0.0	0.0	0.0	0
233237	Britra_Party_Ri_OpenAerial	cycle	0	100	timer:0	1	skill	20648	0	0	MOST_HATED	0.0	0.0	0.0	0
233237	Britra_Party_Ri_OpenAerial	cycle	0	100	timer:0	2	skill	21295	0	0	MOST_HATED	0.0	0.0	0.0	0
233237	Britra_Party_Ri_OpenAerial	cycle	1	99	timer:1	0	arm	2	10000	0		0.0	0.0	0.0	0
233237	Britra_Party_Ri_OpenAerial	cycle	1	99	timer:1	1	skill	21294	0	0	MOST_HATED	0.0	0.0	0.0	0
233237	Britra_Party_Ri_OpenAerial	cycle	2	98	timer:2	0	arm	3	13000	0		0.0	0.0	0.0	0
233237	Britra_Party_Ri_OpenAerial	cycle	2	98	timer:2	1	skill	21297	0	0	MOST_HATED	0.0	0.0	0.0	0
233237	Britra_Party_Ri_OpenAerial	cycle	3	97	timer:3	0	arm	4	10000	0		0.0	0.0	0.0	0
233237	Britra_Party_Ri_OpenAerial	cycle	3	97	timer:3	1	skill	21294	0	0	MOST_HATED	0.0	0.0	0.0	0
233237	Britra_Party_Ri_OpenAerial	cycle	4	96	timer:4	0	arm	0	7000	0		0.0	0.0	0.0	0
233237	Britra_Party_Ri_OpenAerial	cycle	4	96	timer:4	1	skill	21297	0	0	MOST_HATED	0.0	0.0	0.0	0
233238	Britra_Party_Ri_OpenAerial	arm	0	7		0	arm	0	7000	0		0.0	0.0	0.0	0
233238	Britra_Party_Ri_OpenAerial	arm	0	7		1	skill	21294	0	0	MOST_HATED	0.0	0.0	0.0	0
233238	Britra_Party_Ri_OpenAerial	cycle	0	100	timer:0	0	arm	1	22000	0		0.0	0.0	0.0	0
233238	Britra_Party_Ri_OpenAerial	cycle	0	100	timer:0	1	skill	20648	0	0	MOST_HATED	0.0	0.0	0.0	0
233238	Britra_Party_Ri_OpenAerial	cycle	0	100	timer:0	2	skill	21295	0	0	MOST_HATED	0.0	0.0	0.0	0
233238	Britra_Party_Ri_OpenAerial	cycle	1	99	timer:1	0	arm	2	10000	0		0.0	0.0	0.0	0
233238	Britra_Party_Ri_OpenAerial	cycle	1	99	timer:1	1	skill	21294	0	0	MOST_HATED	0.0	0.0	0.0	0
233238	Britra_Party_Ri_OpenAerial	cycle	2	98	timer:2	0	arm	3	13000	0		0.0	0.0	0.0	0
233238	Britra_Party_Ri_OpenAerial	cycle	2	98	timer:2	1	skill	21297	0	0	MOST_HATED	0.0	0.0	0.0	0
233238	Britra_Party_Ri_OpenAerial	cycle	3	97	timer:3	0	arm	4	10000	0		0.0	0.0	0.0	0
233238	Britra_Party_Ri_OpenAerial	cycle	3	97	timer:3	1	skill	21294	0	0	MOST_HATED	0.0	0.0	0.0	0
233238	Britra_Party_Ri_OpenAerial	cycle	4	96	timer:4	0	arm	0	7000	0		0.0	0.0	0.0	0
233238	Britra_Party_Ri_OpenAerial	cycle	4	96	timer:4	1	skill	21297	0	0	MOST_HATED	0.0	0.0	0.0	0
233244	Britra_Party_Ri_OpenAerial	arm	0	7		0	arm	0	7000	0		0.0	0.0	0.0	0
233244	Britra_Party_Ri_OpenAerial	arm	0	7		1	skill	21294	0	0	MOST_HATED	0.0	0.0	0.0	0
233244	Britra_Party_Ri_OpenAerial	cycle	0	100	timer:0	0	arm	1	22000	0		0.0	0.0	0.0	0
233244	Britra_Party_Ri_OpenAerial	cycle	0	100	timer:0	1	skill	20648	0	0	MOST_HATED	0.0	0.0	0.0	0
233244	Britra_Party_Ri_OpenAerial	cycle	0	100	timer:0	2	skill	21295	0	0	MOST_HATED	0.0	0.0	0.0	0
233244	Britra_Party_Ri_OpenAerial	cycle	1	99	timer:1	0	arm	2	10000	0		0.0	0.0	0.0	0
233244	Britra_Party_Ri_OpenAerial	cycle	1	99	timer:1	1	skill	21294	0	0	MOST_HATED	0.0	0.0	0.0	0
233244	Britra_Party_Ri_OpenAerial	cycle	2	98	timer:2	0	arm	3	13000	0		0.0	0.0	0.0	0
233244	Britra_Party_Ri_OpenAerial	cycle	2	98	timer:2	1	skill	21297	0	0	MOST_HATED	0.0	0.0	0.0	0
233244	Britra_Party_Ri_OpenAerial	cycle	3	97	timer:3	0	arm	4	10000	0		0.0	0.0	0.0	0
233244	Britra_Party_Ri_OpenAerial	cycle	3	97	timer:3	1	skill	21294	0	0	MOST_HATED	0.0	0.0	0.0	0
233244	Britra_Party_Ri_OpenAerial	cycle	4	96	timer:4	0	arm	0	7000	0		0.0	0.0	0.0	0
233244	Britra_Party_Ri_OpenAerial	cycle	4	96	timer:4	1	skill	21297	0	0	MOST_HATED	0.0	0.0	0.0	0
233248	Britra_Party_Ri_OpenAerial	arm	0	7		0	arm	0	7000	0		0.0	0.0	0.0	0
233248	Britra_Party_Ri_OpenAerial	arm	0	7		1	skill	21294	0	0	MOST_HATED	0.0	0.0	0.0	0
233248	Britra_Party_Ri_OpenAerial	cycle	0	100	timer:0	0	arm	1	22000	0		0.0	0.0	0.0	0
233248	Britra_Party_Ri_OpenAerial	cycle	0	100	timer:0	1	skill	20648	0	0	MOST_HATED	0.0	0.0	0.0	0
233248	Britra_Party_Ri_OpenAerial	cycle	0	100	timer:0	2	skill	21295	0	0	MOST_HATED	0.0	0.0	0.0	0
233248	Britra_Party_Ri_OpenAerial	cycle	1	99	timer:1	0	arm	2	10000	0		0.0	0.0	0.0	0
233248	Britra_Party_Ri_OpenAerial	cycle	1	99	timer:1	1	skill	21294	0	0	MOST_HATED	0.0	0.0	0.0	0
233248	Britra_Party_Ri_OpenAerial	cycle	2	98	timer:2	0	arm	3	13000	0		0.0	0.0	0.0	0
233248	Britra_Party_Ri_OpenAerial	cycle	2	98	timer:2	1	skill	21297	0	0	MOST_HATED	0.0	0.0	0.0	0
233248	Britra_Party_Ri_OpenAerial	cycle	3	97	timer:3	0	arm	4	10000	0		0.0	0.0	0.0	0
233248	Britra_Party_Ri_OpenAerial	cycle	3	97	timer:3	1	skill	21294	0	0	MOST_HATED	0.0	0.0	0.0	0
233248	Britra_Party_Ri_OpenAerial	cycle	4	96	timer:4	0	arm	0	7000	0		0.0	0.0	0.0	0
233248	Britra_Party_Ri_OpenAerial	cycle	4	96	timer:4	1	skill	21297	0	0	MOST_HATED	0.0	0.0	0.0	0
233260	Britra_As_Hide	arm	0	7		0	arm	0	7000	0		0.0	0.0	0.0	0
233260	Britra_As_Hide	cycle	0	100	timer:0	0	arm	1	10000	0		0.0	0.0	0.0	0
233260	Britra_As_Hide	cycle	0	100	timer:0	1	skill	17332	0	0	MOST_HATED	0.0	0.0	0.0	0
233260	Britra_As_Hide	cycle	0	100	timer:0	2	broadcast	23001	15	0		0.0	0.0	0.0	0
233260	Britra_As_Hide	cycle	1	99	timer:1	0	arm	2	10000	0		0.0	0.0	0.0	0
233260	Britra_As_Hide	cycle	1	99	timer:1	1	skill	17332	0	0	MOST_HATED	0.0	0.0	0.0	0
233260	Britra_As_Hide	cycle	2	98	timer:2	0	arm	1	15000	0		0.0	0.0	0.0	0
233260	Britra_As_Hide	cycle	2	98	timer:2	1	skill	17332	0	0	MOST_HATED	0.0	0.0	0.0	0
233261	Britra_As_Hide_Party	arm	0	7		0	arm	0	5000	0		0.0	0.0	0.0	0
233261	Britra_As_Hide_Party	cycle	0	100	timer:0	0	arm	2	13000	0		0.0	0.0	0.0	0
233261	Britra_As_Hide_Party	cycle	0	100	timer:0	1	skill	17332	0	0	MOST_HATED	0.0	0.0	0.0	0
233261	Britra_As_Hide_Party	cycle	1	98	timer:2	0	arm	3	17000	0		0.0	0.0	0.0	0
233261	Britra_As_Hide_Party	cycle	1	98	timer:2	1	skill	17333	0	0	MOST_HATED	0.0	0.0	0.0	0
233261	Britra_As_Hide_Party	cycle	2	97	timer:3	0	arm	4	19000	0		0.0	0.0	0.0	0
233261	Britra_As_Hide_Party	cycle	2	97	timer:3	1	skill	17332	0	0	MOST_HATED	0.0	0.0	0.0	0
233261	Britra_As_Hide_Party	cycle	3	96	timer:4	0	arm	5	9000	0		0.0	0.0	0.0	0
233261	Britra_As_Hide_Party	cycle	3	96	timer:4	1	skill	17332	0	0	MOST_HATED	0.0	0.0	0.0	0
233261	Britra_As_Hide_Party	cycle	4	95	timer:5	0	arm	6	19000	0		0.0	0.0	0.0	0
233261	Britra_As_Hide_Party	cycle	4	95	timer:5	1	skill	17332	0	0	MOST_HATED	0.0	0.0	0.0	0
233261	Britra_As_Hide_Party	cycle	5	94	timer:6	0	arm	7	9000	0		0.0	0.0	0.0	0
233261	Britra_As_Hide_Party	cycle	5	94	timer:6	1	skill	17333	0	0	MOST_HATED	0.0	0.0	0.0	0
233261	Britra_As_Hide_Party	cycle	6	93	timer:7	0	arm	2	9000	0		0.0	0.0	0.0	0
233261	Britra_As_Hide_Party	cycle	6	93	timer:7	1	skill	17332	0	0	MOST_HATED	0.0	0.0	0.0	0
233266	BIDF5_R2_KeyMonster	arm	0	2		0	arm	0	10000	0		0.0	0.0	0.0	0
233266	BIDF5_R2_KeyMonster	arm	0	2		1	skill	17322	0	0	MOST_HATED	0.0	0.0	0.0	0
233266	BIDF5_R2_KeyMonster	arm	0	2		2	skill	16678	0	0	MOST_HATED	0.0	0.0	0.0	0
233266	BIDF5_R2_KeyMonster	arm	0	2		3	say	1500958	0	0		0.0	0.0	0.0	0
233266	BIDF5_R2_KeyMonster	cycle	0	4	timer:1	0	arm	0	10000	0		0.0	0.0	0.0	0
233266	BIDF5_R2_KeyMonster	cycle	0	4	timer:1	1	skill	17332	0	0	MOST_HATED	0.0	0.0	0.0	0
233266	BIDF5_R2_KeyMonster	cycle	1	3	timer:0	0	arm	1	10000	0		0.0	0.0	0.0	0
233266	BIDF5_R2_KeyMonster	cycle	1	3	timer:0	1	skill	17295	0	0	MOST_HATED	0.0	0.0	0.0	0
233306	Britra_As_Poison_LowNmd	arm	0	7		0	arm	0	5000	0		0.0	0.0	0.0	0
233306	Britra_As_Poison_LowNmd	arm	0	7		1	skill	17322	0	0	MOST_HATED	0.0	0.0	0.0	0
233306	Britra_As_Poison_LowNmd	cycle	0	100	timer:0	0	arm	1	7000	0		0.0	0.0	0.0	0
233306	Britra_As_Poison_LowNmd	cycle	0	100	timer:0	1	skill	16678	0	0	MOST_HATED	0.0	0.0	0.0	0
233306	Britra_As_Poison_LowNmd	cycle	1	99	timer:1	0	arm	2	7000	0		0.0	0.0	0.0	0
233306	Britra_As_Poison_LowNmd	cycle	1	99	timer:1	1	skill	17332	0	0	MOST_HATED	0.0	0.0	0.0	0
233306	Britra_As_Poison_LowNmd	cycle	2	98	timer:2	0	arm	3	10000	0		0.0	0.0	0.0	0
233306	Britra_As_Poison_LowNmd	cycle	2	98	timer:2	1	skill	17295	0	0	MOST_HATED	0.0	0.0	0.0	0
233306	Britra_As_Poison_LowNmd	cycle	3	96	timer:3	0	arm	4	7000	0		0.0	0.0	0.0	0
233306	Britra_As_Poison_LowNmd	cycle	3	96	timer:3	1	skill	17322	0	0	MOST_HATED	0.0	0.0	0.0	0
233306	Britra_As_Poison_LowNmd	cycle	4	95	timer:4	0	arm	5	7000	0		0.0	0.0	0.0	0
233306	Britra_As_Poison_LowNmd	cycle	4	95	timer:4	1	skill	16678	0	0	MOST_HATED	0.0	0.0	0.0	0
233306	Britra_As_Poison_LowNmd	cycle	5	94	timer:5	0	arm	6	7000	0		0.0	0.0	0.0	0
233306	Britra_As_Poison_LowNmd	cycle	5	94	timer:5	1	skill	17295	0	0	MOST_HATED	0.0	0.0	0.0	0
233306	Britra_As_Poison_LowNmd	cycle	6	93	timer:6	0	arm	2	7000	0		0.0	0.0	0.0	0
233306	Britra_As_Poison_LowNmd	cycle	6	93	timer:6	1	skill	17332	0	0	MOST_HATED	0.0	0.0	0.0	0
233307	Britra_As_Poison_LowNmd	arm	0	7		0	arm	0	5000	0		0.0	0.0	0.0	0
233307	Britra_As_Poison_LowNmd	arm	0	7		1	skill	17322	0	0	MOST_HATED	0.0	0.0	0.0	0
233307	Britra_As_Poison_LowNmd	cycle	0	100	timer:0	0	arm	1	7000	0		0.0	0.0	0.0	0
233307	Britra_As_Poison_LowNmd	cycle	0	100	timer:0	1	skill	16678	0	0	MOST_HATED	0.0	0.0	0.0	0
233307	Britra_As_Poison_LowNmd	cycle	1	99	timer:1	0	arm	2	7000	0		0.0	0.0	0.0	0
233307	Britra_As_Poison_LowNmd	cycle	1	99	timer:1	1	skill	17332	0	0	MOST_HATED	0.0	0.0	0.0	0
233307	Britra_As_Poison_LowNmd	cycle	2	98	timer:2	0	arm	3	10000	0		0.0	0.0	0.0	0
233307	Britra_As_Poison_LowNmd	cycle	2	98	timer:2	1	skill	17295	0	0	MOST_HATED	0.0	0.0	0.0	0
233307	Britra_As_Poison_LowNmd	cycle	3	96	timer:3	0	arm	4	7000	0		0.0	0.0	0.0	0
233307	Britra_As_Poison_LowNmd	cycle	3	96	timer:3	1	skill	17322	0	0	MOST_HATED	0.0	0.0	0.0	0
233307	Britra_As_Poison_LowNmd	cycle	4	95	timer:4	0	arm	5	7000	0		0.0	0.0	0.0	0
233307	Britra_As_Poison_LowNmd	cycle	4	95	timer:4	1	skill	16678	0	0	MOST_HATED	0.0	0.0	0.0	0
233307	Britra_As_Poison_LowNmd	cycle	5	94	timer:5	0	arm	6	7000	0		0.0	0.0	0.0	0
233307	Britra_As_Poison_LowNmd	cycle	5	94	timer:5	1	skill	17295	0	0	MOST_HATED	0.0	0.0	0.0	0
233307	Britra_As_Poison_LowNmd	cycle	6	93	timer:6	0	arm	2	7000	0		0.0	0.0	0.0	0
233307	Britra_As_Poison_LowNmd	cycle	6	93	timer:6	1	skill	17332	0	0	MOST_HATED	0.0	0.0	0.0	0
233308	Britra_As_Poison_LowNmd	arm	0	7		0	arm	0	5000	0		0.0	0.0	0.0	0
233308	Britra_As_Poison_LowNmd	arm	0	7		1	skill	17322	0	0	MOST_HATED	0.0	0.0	0.0	0
233308	Britra_As_Poison_LowNmd	cycle	0	100	timer:0	0	arm	1	7000	0		0.0	0.0	0.0	0
233308	Britra_As_Poison_LowNmd	cycle	0	100	timer:0	1	skill	16678	0	0	MOST_HATED	0.0	0.0	0.0	0
233308	Britra_As_Poison_LowNmd	cycle	1	99	timer:1	0	arm	2	7000	0		0.0	0.0	0.0	0
233308	Britra_As_Poison_LowNmd	cycle	1	99	timer:1	1	skill	17332	0	0	MOST_HATED	0.0	0.0	0.0	0
233308	Britra_As_Poison_LowNmd	cycle	2	98	timer:2	0	arm	3	10000	0		0.0	0.0	0.0	0
233308	Britra_As_Poison_LowNmd	cycle	2	98	timer:2	1	skill	17295	0	0	MOST_HATED	0.0	0.0	0.0	0
233308	Britra_As_Poison_LowNmd	cycle	3	96	timer:3	0	arm	4	7000	0		0.0	0.0	0.0	0
233308	Britra_As_Poison_LowNmd	cycle	3	96	timer:3	1	skill	17322	0	0	MOST_HATED	0.0	0.0	0.0	0
233308	Britra_As_Poison_LowNmd	cycle	4	95	timer:4	0	arm	5	7000	0		0.0	0.0	0.0	0
233308	Britra_As_Poison_LowNmd	cycle	4	95	timer:4	1	skill	16678	0	0	MOST_HATED	0.0	0.0	0.0	0
233308	Britra_As_Poison_LowNmd	cycle	5	94	timer:5	0	arm	6	7000	0		0.0	0.0	0.0	0
233308	Britra_As_Poison_LowNmd	cycle	5	94	timer:5	1	skill	17295	0	0	MOST_HATED	0.0	0.0	0.0	0
233308	Britra_As_Poison_LowNmd	cycle	6	93	timer:6	0	arm	2	7000	0		0.0	0.0	0.0	0
233308	Britra_As_Poison_LowNmd	cycle	6	93	timer:6	1	skill	17332	0	0	MOST_HATED	0.0	0.0	0.0	0
233340	IDVritra_Base_Lizardman_Fi	arm	0	3		0	arm	0	10000	0		0.0	0.0	0.0	0
233340	IDVritra_Base_Lizardman_Fi	arm	0	3		1	skill	16516	0	0	MOST_HATED	0.0	0.0	0.0	0
233340	IDVritra_Base_Lizardman_Fi	cycle	0	6	timer:2	0	arm	0	10000	0		0.0	0.0	0.0	0
233340	IDVritra_Base_Lizardman_Fi	cycle	0	6	timer:2	1	skill	16516	0	0	MOST_HATED	0.0	0.0	0.0	0
233340	IDVritra_Base_Lizardman_Fi	cycle	1	5	timer:1	0	arm	2	10000	0		0.0	0.0	0.0	0
233340	IDVritra_Base_Lizardman_Fi	cycle	1	5	timer:1	1	skill	16608	0	0	MOST_HATED	0.0	0.0	0.0	0
233340	IDVritra_Base_Lizardman_Fi	cycle	2	4	timer:0	0	arm	1	10000	0		0.0	0.0	0.0	0
233340	IDVritra_Base_Lizardman_Fi	cycle	2	4	timer:0	1	skill	16516	0	0	MOST_HATED	0.0	0.0	0.0	0
233341	IDVritra_Base_Lizardman_Ra	arm	0	3		0	arm	0	10000	0		0.0	0.0	0.0	0
233341	IDVritra_Base_Lizardman_Ra	arm	0	3		1	skill	19430	0	0	MOST_HATED	0.0	0.0	0.0	0
233341	IDVritra_Base_Lizardman_Ra	cycle	0	6	timer:2	0	arm	0	10000	0		0.0	0.0	0.0	0
233341	IDVritra_Base_Lizardman_Ra	cycle	0	6	timer:2	1	skill	19430	0	0	MOST_HATED	0.0	0.0	0.0	0
233341	IDVritra_Base_Lizardman_Ra	cycle	1	5	timer:1	0	arm	2	10000	0		0.0	0.0	0.0	0
233341	IDVritra_Base_Lizardman_Ra	cycle	1	5	timer:1	1	skill	16748	0	0	MOST_HATED	0.0	0.0	0.0	0
233341	IDVritra_Base_Lizardman_Ra	cycle	2	4	timer:0	0	arm	1	10000	0		0.0	0.0	0.0	0
233341	IDVritra_Base_Lizardman_Ra	cycle	2	4	timer:0	1	skill	16813	0	0	MOST_HATED	0.0	0.0	0.0	0
233352	IDDreadgion_03_DrakanFi_Noble_60_Ae	arm	0	4		0	skill	20241	0	0	ME	0.0	0.0	0.0	0
233352	IDDreadgion_03_DrakanFi_Noble_60_Ae	arm	0	4		1	arm	0	4000	0		0.0	0.0	0.0	0
233352	IDDreadgion_03_DrakanFi_Noble_60_Ae	arm	0	4		2	arm	1	10000	0		0.0	0.0	0.0	0
233352	IDDreadgion_03_DrakanFi_Noble_60_Ae	arm	0	4		3	arm	2	15000	0		0.0	0.0	0.0	0
233352	IDDreadgion_03_DrakanFi_Noble_60_Ae	cycle	0	3	timer:0	0	skill	20504	0	0	MOST_HATED	0.0	0.0	0.0	0
233352	IDDreadgion_03_DrakanFi_Noble_60_Ae	cycle	0	3	timer:0	1	arm	0	8000	0		0.0	0.0	0.0	0
233352	IDDreadgion_03_DrakanFi_Noble_60_Ae	cycle	1	2	timer:1	0	skill	20505	0	0	ME	0.0	0.0	0.0	0
233352	IDDreadgion_03_DrakanFi_Noble_60_Ae	cycle	1	2	timer:1	1	skill	20506	0	0	ME	0.0	0.0	0.0	0
233352	IDDreadgion_03_DrakanFi_Noble_60_Ae	cycle	1	2	timer:1	2	skill	20507	0	0	ME	0.0	0.0	0.0	0
233352	IDDreadgion_03_DrakanFi_Noble_60_Ae	cycle	1	2	timer:1	3	arm	1	24000	0		0.0	0.0	0.0	0
233352	IDDreadgion_03_DrakanFi_Noble_60_Ae	cycle	2	1	timer:2	0	skill	20247	0	0	ME	0.0	0.0	0.0	0
233352	IDDreadgion_03_DrakanFi_Noble_60_Ae	cycle	2	1	timer:2	1	arm	2	25000	0		0.0	0.0	0.0	0
233353	IDDreadgion_03_DrakanSc_Noble_60_Ae	arm	0	4		0	arm	0	4000	0		0.0	0.0	0.0	0
233353	IDDreadgion_03_DrakanSc_Noble_60_Ae	arm	0	4		1	arm	1	6000	0		0.0	0.0	0.0	0
233353	IDDreadgion_03_DrakanSc_Noble_60_Ae	cycle	0	3	timer:0	0	skill	19721	0	0	MOST_HATED	0.0	0.0	0.0	0
233353	IDDreadgion_03_DrakanSc_Noble_60_Ae	cycle	0	3	timer:0	1	skill	19722	0	0	MOST_HATED	0.0	0.0	0.0	0
233353	IDDreadgion_03_DrakanSc_Noble_60_Ae	cycle	0	3	timer:0	2	skill	19723	0	0	MOST_HATED	0.0	0.0	0.0	0
233353	IDDreadgion_03_DrakanSc_Noble_60_Ae	cycle	0	3	timer:0	3	skill	19724	0	0	MOST_HATED	0.0	0.0	0.0	0
233353	IDDreadgion_03_DrakanSc_Noble_60_Ae	cycle	0	3	timer:0	4	skill	19725	0	0	MOST_HATED	0.0	0.0	0.0	0
233353	IDDreadgion_03_DrakanSc_Noble_60_Ae	cycle	0	3	timer:0	5	skill	19726	0	0	MOST_HATED	0.0	0.0	0.0	0
233353	IDDreadgion_03_DrakanSc_Noble_60_Ae	cycle	0	3	timer:0	6	skill	19727	0	0	MOST_HATED	0.0	0.0	0.0	0
233353	IDDreadgion_03_DrakanSc_Noble_60_Ae	cycle	0	3	timer:0	7	skill	19728	0	0	MOST_HATED	0.0	0.0	0.0	0
233353	IDDreadgion_03_DrakanSc_Noble_60_Ae	cycle	0	3	timer:0	8	arm	0	30000	0		0.0	0.0	0.0	0
233353	IDDreadgion_03_DrakanSc_Noble_60_Ae	cycle	1	2	hp_below:30|timer:1	0	skill	19730	0	0	ME	0.0	0.0	0.0	0
233353	IDDreadgion_03_DrakanSc_Noble_60_Ae	cycle	2	1	timer:1	0	arm	1	6000	0		0.0	0.0	0.0	0
233356	IDDreadgion_03_DrakanFi_Tiamat_60_Ae	arm	0	4		0	skill	20241	0	0	ME	0.0	0.0	0.0	0
233356	IDDreadgion_03_DrakanFi_Tiamat_60_Ae	arm	0	4		1	arm	0	4000	0		0.0	0.0	0.0	0
233356	IDDreadgion_03_DrakanFi_Tiamat_60_Ae	arm	0	4		2	arm	1	10000	0		0.0	0.0	0.0	0
233356	IDDreadgion_03_DrakanFi_Tiamat_60_Ae	arm	0	4		3	arm	2	15000	0		0.0	0.0	0.0	0
233356	IDDreadgion_03_DrakanFi_Tiamat_60_Ae	cycle	0	3	timer:0	0	skill	20504	0	0	MOST_HATED	0.0	0.0	0.0	0
233356	IDDreadgion_03_DrakanFi_Tiamat_60_Ae	cycle	0	3	timer:0	1	arm	0	8000	0		0.0	0.0	0.0	0
233356	IDDreadgion_03_DrakanFi_Tiamat_60_Ae	cycle	1	2	timer:1	0	skill	20505	0	0	ME	0.0	0.0	0.0	0
233356	IDDreadgion_03_DrakanFi_Tiamat_60_Ae	cycle	1	2	timer:1	1	skill	20506	0	0	ME	0.0	0.0	0.0	0
233356	IDDreadgion_03_DrakanFi_Tiamat_60_Ae	cycle	1	2	timer:1	2	skill	20507	0	0	ME	0.0	0.0	0.0	0
233356	IDDreadgion_03_DrakanFi_Tiamat_60_Ae	cycle	1	2	timer:1	3	skill	20507	0	0	ME	0.0	0.0	0.0	0
233356	IDDreadgion_03_DrakanFi_Tiamat_60_Ae	cycle	1	2	timer:1	4	arm	1	24000	0		0.0	0.0	0.0	0
233356	IDDreadgion_03_DrakanFi_Tiamat_60_Ae	cycle	2	1	timer:2	0	skill	20247	0	0	ME	0.0	0.0	0.0	0
233356	IDDreadgion_03_DrakanFi_Tiamat_60_Ae	cycle	2	1	timer:2	1	arm	2	25000	0		0.0	0.0	0.0	0
233362	IDDreadgion_03_DrakanRa_QuestNamed_60_Ae	arm	0	4		0	arm	0	4000	0		0.0	0.0	0.0	0
233362	IDDreadgion_03_DrakanRa_QuestNamed_60_Ae	arm	0	4		1	arm	1	6000	0		0.0	0.0	0.0	0
233362	IDDreadgion_03_DrakanRa_QuestNamed_60_Ae	cycle	0	3	timer:0	0	skill	20251	0	0	MOST_HATED	0.0	0.0	0.0	0
233362	IDDreadgion_03_DrakanRa_QuestNamed_60_Ae	cycle	0	3	timer:0	1	skill	20415	0	0	MOST_HATED	0.0	0.0	0.0	0
233362	IDDreadgion_03_DrakanRa_QuestNamed_60_Ae	cycle	0	3	timer:0	2	skill	20416	0	0	MOST_HATED	0.0	0.0	0.0	0
233362	IDDreadgion_03_DrakanRa_QuestNamed_60_Ae	cycle	0	3	timer:0	3	skill	20522	0	0	MOST_HATED	0.0	0.0	0.0	0
233362	IDDreadgion_03_DrakanRa_QuestNamed_60_Ae	cycle	0	3	timer:0	4	skill	20523	0	0	MOST_HATED	0.0	0.0	0.0	0
233362	IDDreadgion_03_DrakanRa_QuestNamed_60_Ae	cycle	0	3	timer:0	5	skill	20524	0	0	MOST_HATED	0.0	0.0	0.0	0
233362	IDDreadgion_03_DrakanRa_QuestNamed_60_Ae	cycle	0	3	timer:0	6	skill	20525	0	0	MOST_HATED	0.0	0.0	0.0	0
233362	IDDreadgion_03_DrakanRa_QuestNamed_60_Ae	cycle	0	3	timer:0	7	skill	20526	0	0	MOST_HATED	0.0	0.0	0.0	0
233362	IDDreadgion_03_DrakanRa_QuestNamed_60_Ae	cycle	0	3	timer:0	8	arm	0	30000	0		0.0	0.0	0.0	0
233362	IDDreadgion_03_DrakanRa_QuestNamed_60_Ae	cycle	1	2	hp_below:30|timer:1	0	skill	20527	0	0	ME	0.0	0.0	0.0	0
233362	IDDreadgion_03_DrakanRa_QuestNamed_60_Ae	cycle	2	1	timer:1	0	arm	1	6000	0		0.0	0.0	0.0	0
233363	IDDreadgion_03_DrakanFiNamedAA_60_Ae	arm	0	4		0	skill	20241	0	0	ME	0.0	0.0	0.0	0
233363	IDDreadgion_03_DrakanFiNamedAA_60_Ae	arm	0	4		1	arm	0	4000	0		0.0	0.0	0.0	0
233363	IDDreadgion_03_DrakanFiNamedAA_60_Ae	arm	0	4		2	arm	1	10000	0		0.0	0.0	0.0	0
233363	IDDreadgion_03_DrakanFiNamedAA_60_Ae	arm	0	4		3	arm	2	15000	0		0.0	0.0	0.0	0
233363	IDDreadgion_03_DrakanFiNamedAA_60_Ae	cycle	0	3	timer:0	0	skill	20504	0	0	MOST_HATED	0.0	0.0	0.0	0
233363	IDDreadgion_03_DrakanFiNamedAA_60_Ae	cycle	0	3	timer:0	1	arm	0	8000	0		0.0	0.0	0.0	0
233363	IDDreadgion_03_DrakanFiNamedAA_60_Ae	cycle	1	2	timer:1	0	skill	20505	0	0	ME	0.0	0.0	0.0	0
233363	IDDreadgion_03_DrakanFiNamedAA_60_Ae	cycle	1	2	timer:1	1	skill	20506	0	0	ME	0.0	0.0	0.0	0
233363	IDDreadgion_03_DrakanFiNamedAA_60_Ae	cycle	1	2	timer:1	2	skill	20507	0	0	ME	0.0	0.0	0.0	0
233363	IDDreadgion_03_DrakanFiNamedAA_60_Ae	cycle	1	2	timer:1	3	skill	20507	0	0	ME	0.0	0.0	0.0	0
233363	IDDreadgion_03_DrakanFiNamedAA_60_Ae	cycle	1	2	timer:1	4	arm	1	24000	0		0.0	0.0	0.0	0
233363	IDDreadgion_03_DrakanFiNamedAA_60_Ae	cycle	2	1	timer:2	0	skill	20247	0	0	ME	0.0	0.0	0.0	0
233363	IDDreadgion_03_DrakanFiNamedAA_60_Ae	cycle	2	1	timer:2	1	arm	2	25000	0		0.0	0.0	0.0	0
233364	IDDreadgion_03_DrakanFiNamedAB_60_Ae	arm	0	4		0	skill	20241	0	0	ME	0.0	0.0	0.0	0
233364	IDDreadgion_03_DrakanFiNamedAB_60_Ae	arm	0	4		1	arm	0	4000	0		0.0	0.0	0.0	0
233364	IDDreadgion_03_DrakanFiNamedAB_60_Ae	arm	0	4		2	arm	1	10000	0		0.0	0.0	0.0	0
233364	IDDreadgion_03_DrakanFiNamedAB_60_Ae	arm	0	4		3	arm	2	15000	0		0.0	0.0	0.0	0
233364	IDDreadgion_03_DrakanFiNamedAB_60_Ae	cycle	0	3	timer:0	0	skill	20504	0	0	MOST_HATED	0.0	0.0	0.0	0
233364	IDDreadgion_03_DrakanFiNamedAB_60_Ae	cycle	0	3	timer:0	1	arm	0	8000	0		0.0	0.0	0.0	0
233364	IDDreadgion_03_DrakanFiNamedAB_60_Ae	cycle	1	2	timer:1	0	skill	20505	0	0	ME	0.0	0.0	0.0	0
233364	IDDreadgion_03_DrakanFiNamedAB_60_Ae	cycle	1	2	timer:1	1	skill	20506	0	0	ME	0.0	0.0	0.0	0
233364	IDDreadgion_03_DrakanFiNamedAB_60_Ae	cycle	1	2	timer:1	2	skill	20507	0	0	ME	0.0	0.0	0.0	0
233364	IDDreadgion_03_DrakanFiNamedAB_60_Ae	cycle	1	2	timer:1	3	skill	20507	0	0	ME	0.0	0.0	0.0	0
233364	IDDreadgion_03_DrakanFiNamedAB_60_Ae	cycle	1	2	timer:1	4	arm	1	24000	0		0.0	0.0	0.0	0
233364	IDDreadgion_03_DrakanFiNamedAB_60_Ae	cycle	2	1	timer:2	0	skill	20247	0	0	ME	0.0	0.0	0.0	0
233364	IDDreadgion_03_DrakanFiNamedAB_60_Ae	cycle	2	1	timer:2	1	arm	2	25000	0		0.0	0.0	0.0	0
233365	IDDreadgion_03_DrakanRaNamedBA_60_Ae	arm	0	4		0	arm	0	4000	0		0.0	0.0	0.0	0
233365	IDDreadgion_03_DrakanRaNamedBA_60_Ae	arm	0	4		1	arm	1	6000	0		0.0	0.0	0.0	0
233365	IDDreadgion_03_DrakanRaNamedBA_60_Ae	cycle	0	3	timer:0	0	skill	20251	0	0	MOST_HATED	0.0	0.0	0.0	0
233365	IDDreadgion_03_DrakanRaNamedBA_60_Ae	cycle	0	3	timer:0	1	skill	20415	0	0	MOST_HATED	0.0	0.0	0.0	0
233365	IDDreadgion_03_DrakanRaNamedBA_60_Ae	cycle	0	3	timer:0	2	skill	20416	0	0	MOST_HATED	0.0	0.0	0.0	0
233365	IDDreadgion_03_DrakanRaNamedBA_60_Ae	cycle	0	3	timer:0	3	skill	20522	0	0	MOST_HATED	0.0	0.0	0.0	0
233365	IDDreadgion_03_DrakanRaNamedBA_60_Ae	cycle	0	3	timer:0	4	skill	20523	0	0	MOST_HATED	0.0	0.0	0.0	0
233365	IDDreadgion_03_DrakanRaNamedBA_60_Ae	cycle	0	3	timer:0	5	skill	20524	0	0	MOST_HATED	0.0	0.0	0.0	0
233365	IDDreadgion_03_DrakanRaNamedBA_60_Ae	cycle	0	3	timer:0	6	skill	20525	0	0	MOST_HATED	0.0	0.0	0.0	0
233365	IDDreadgion_03_DrakanRaNamedBA_60_Ae	cycle	0	3	timer:0	7	skill	20526	0	0	MOST_HATED	0.0	0.0	0.0	0
233365	IDDreadgion_03_DrakanRaNamedBA_60_Ae	cycle	0	3	timer:0	8	arm	0	30000	0		0.0	0.0	0.0	0
233365	IDDreadgion_03_DrakanRaNamedBA_60_Ae	cycle	1	2	hp_below:30|timer:1	0	skill	20527	0	0	ME	0.0	0.0	0.0	0
233365	IDDreadgion_03_DrakanRaNamedBA_60_Ae	cycle	2	1	timer:1	0	arm	1	6000	0		0.0	0.0	0.0	0
233366	IDDreadgion_03_DrakanRaNamedBB_60_Ae	arm	0	4		0	arm	0	4000	0		0.0	0.0	0.0	0
233366	IDDreadgion_03_DrakanRaNamedBB_60_Ae	arm	0	4		1	arm	1	6000	0		0.0	0.0	0.0	0
233366	IDDreadgion_03_DrakanRaNamedBB_60_Ae	cycle	0	3	timer:0	0	skill	20251	0	0	MOST_HATED	0.0	0.0	0.0	0
233366	IDDreadgion_03_DrakanRaNamedBB_60_Ae	cycle	0	3	timer:0	1	skill	20415	0	0	MOST_HATED	0.0	0.0	0.0	0
233366	IDDreadgion_03_DrakanRaNamedBB_60_Ae	cycle	0	3	timer:0	2	skill	20416	0	0	MOST_HATED	0.0	0.0	0.0	0
233366	IDDreadgion_03_DrakanRaNamedBB_60_Ae	cycle	0	3	timer:0	3	skill	20522	0	0	MOST_HATED	0.0	0.0	0.0	0
233366	IDDreadgion_03_DrakanRaNamedBB_60_Ae	cycle	0	3	timer:0	4	skill	20523	0	0	MOST_HATED	0.0	0.0	0.0	0
233366	IDDreadgion_03_DrakanRaNamedBB_60_Ae	cycle	0	3	timer:0	5	skill	20524	0	0	MOST_HATED	0.0	0.0	0.0	0
233366	IDDreadgion_03_DrakanRaNamedBB_60_Ae	cycle	0	3	timer:0	6	skill	20525	0	0	MOST_HATED	0.0	0.0	0.0	0
233366	IDDreadgion_03_DrakanRaNamedBB_60_Ae	cycle	0	3	timer:0	7	skill	20526	0	0	MOST_HATED	0.0	0.0	0.0	0
233366	IDDreadgion_03_DrakanRaNamedBB_60_Ae	cycle	0	3	timer:0	8	arm	0	30000	0		0.0	0.0	0.0	0
233366	IDDreadgion_03_DrakanRaNamedBB_60_Ae	cycle	1	2	hp_below:30|timer:1	0	skill	20527	0	0	ME	0.0	0.0	0.0	0
233366	IDDreadgion_03_DrakanRaNamedBB_60_Ae	cycle	2	1	timer:1	0	arm	1	6000	0		0.0	0.0	0.0	0
233374	IDDreadgion_03_DrakanFiNamedFA_60_Ae	arm	0	4		0	skill	20241	0	0	ME	0.0	0.0	0.0	0
233374	IDDreadgion_03_DrakanFiNamedFA_60_Ae	arm	0	4		1	arm	0	4000	0		0.0	0.0	0.0	0
233374	IDDreadgion_03_DrakanFiNamedFA_60_Ae	arm	0	4		2	arm	1	10000	0		0.0	0.0	0.0	0
233374	IDDreadgion_03_DrakanFiNamedFA_60_Ae	arm	0	4		3	arm	2	15000	0		0.0	0.0	0.0	0
233374	IDDreadgion_03_DrakanFiNamedFA_60_Ae	cycle	0	3	timer:0	0	skill	20504	0	0	MOST_HATED	0.0	0.0	0.0	0
233374	IDDreadgion_03_DrakanFiNamedFA_60_Ae	cycle	0	3	timer:0	1	arm	0	8000	0		0.0	0.0	0.0	0
233374	IDDreadgion_03_DrakanFiNamedFA_60_Ae	cycle	1	2	timer:1	0	skill	20505	0	0	ME	0.0	0.0	0.0	0
233374	IDDreadgion_03_DrakanFiNamedFA_60_Ae	cycle	1	2	timer:1	1	skill	20506	0	0	ME	0.0	0.0	0.0	0
233374	IDDreadgion_03_DrakanFiNamedFA_60_Ae	cycle	1	2	timer:1	2	skill	20507	0	0	ME	0.0	0.0	0.0	0
233374	IDDreadgion_03_DrakanFiNamedFA_60_Ae	cycle	1	2	timer:1	3	skill	20507	0	0	ME	0.0	0.0	0.0	0
233374	IDDreadgion_03_DrakanFiNamedFA_60_Ae	cycle	1	2	timer:1	4	arm	1	24000	0		0.0	0.0	0.0	0
233374	IDDreadgion_03_DrakanFiNamedFA_60_Ae	cycle	2	1	timer:2	0	skill	20247	0	0	ME	0.0	0.0	0.0	0
233374	IDDreadgion_03_DrakanFiNamedFA_60_Ae	cycle	2	1	timer:2	1	arm	2	25000	0		0.0	0.0	0.0	0
233375	IDDreadgion_03_DrakanFiNamedFB_60_Ae	arm	0	4		0	skill	20241	0	0	ME	0.0	0.0	0.0	0
233375	IDDreadgion_03_DrakanFiNamedFB_60_Ae	arm	0	4		1	arm	0	4000	0		0.0	0.0	0.0	0
233375	IDDreadgion_03_DrakanFiNamedFB_60_Ae	arm	0	4		2	arm	1	10000	0		0.0	0.0	0.0	0
233375	IDDreadgion_03_DrakanFiNamedFB_60_Ae	arm	0	4		3	arm	2	15000	0		0.0	0.0	0.0	0
233375	IDDreadgion_03_DrakanFiNamedFB_60_Ae	cycle	0	3	timer:0	0	skill	20504	0	0	MOST_HATED	0.0	0.0	0.0	0
233375	IDDreadgion_03_DrakanFiNamedFB_60_Ae	cycle	0	3	timer:0	1	arm	0	8000	0		0.0	0.0	0.0	0
233375	IDDreadgion_03_DrakanFiNamedFB_60_Ae	cycle	1	2	timer:1	0	skill	20505	0	0	ME	0.0	0.0	0.0	0
233375	IDDreadgion_03_DrakanFiNamedFB_60_Ae	cycle	1	2	timer:1	1	skill	20506	0	0	ME	0.0	0.0	0.0	0
233375	IDDreadgion_03_DrakanFiNamedFB_60_Ae	cycle	1	2	timer:1	2	skill	20507	0	0	ME	0.0	0.0	0.0	0
233375	IDDreadgion_03_DrakanFiNamedFB_60_Ae	cycle	1	2	timer:1	3	skill	20507	0	0	ME	0.0	0.0	0.0	0
233375	IDDreadgion_03_DrakanFiNamedFB_60_Ae	cycle	1	2	timer:1	4	arm	1	24000	0		0.0	0.0	0.0	0
233375	IDDreadgion_03_DrakanFiNamedFB_60_Ae	cycle	2	1	timer:2	0	skill	20247	0	0	ME	0.0	0.0	0.0	0
233375	IDDreadgion_03_DrakanFiNamedFB_60_Ae	cycle	2	1	timer:2	1	arm	2	25000	0		0.0	0.0	0.0	0
233376	IDDreadgion_03_DrakanGi_NamedA_60_Ae	arm	0	7		0	arm	0	7000	0		0.0	0.0	0.0	0
233376	IDDreadgion_03_DrakanGi_NamedA_60_Ae	arm	0	7		1	arm	1	23000	0		0.0	0.0	0.0	0
233376	IDDreadgion_03_DrakanGi_NamedA_60_Ae	arm	0	7		2	arm	2	6000	0		0.0	0.0	0.0	0
233376	IDDreadgion_03_DrakanGi_NamedA_60_Ae	arm	0	7		3	arm	3	6000	0		0.0	0.0	0.0	0
233376	IDDreadgion_03_DrakanGi_NamedA_60_Ae	cycle	0	6	timer:0	0	skill	20545	0	0	ME	0.0	0.0	0.0	0
233376	IDDreadgion_03_DrakanGi_NamedA_60_Ae	cycle	0	6	timer:0	1	skill	20546	0	0	ME	0.0	0.0	0.0	0
233376	IDDreadgion_03_DrakanGi_NamedA_60_Ae	cycle	0	6	timer:0	2	skill	20546	0	0	ME	0.0	0.0	0.0	0
233376	IDDreadgion_03_DrakanGi_NamedA_60_Ae	cycle	0	6	timer:0	3	arm	0	18000	0		0.0	0.0	0.0	0
233376	IDDreadgion_03_DrakanGi_NamedA_60_Ae	cycle	1	5	timer:1	0	skill	20547	0	0	ME	0.0	0.0	0.0	0
233376	IDDreadgion_03_DrakanGi_NamedA_60_Ae	cycle	1	5	timer:1	1	arm	1	26000	0		0.0	0.0	0.0	0
233376	IDDreadgion_03_DrakanGi_NamedA_60_Ae	cycle	2	4	hp_below:50|timer:2	0	skill	20544	0	0	ME	0.0	0.0	0.0	0
233376	IDDreadgion_03_DrakanGi_NamedA_60_Ae	cycle	3	3	timer:2	0	arm	2	6000	0		0.0	0.0	0.0	0
233376	IDDreadgion_03_DrakanGi_NamedA_60_Ae	cycle	4	2	hp_below:25|timer:3	0	skill	20543	0	0	ME	0.0	0.0	0.0	0
233376	IDDreadgion_03_DrakanGi_NamedA_60_Ae	cycle	5	1	timer:3	0	arm	3	6000	0		0.0	0.0	0.0	0
233377	IDDreadgion_03_DrakanGi_NamedB_60_Ae	arm	0	7		0	arm	0	7000	0		0.0	0.0	0.0	0
233377	IDDreadgion_03_DrakanGi_NamedB_60_Ae	arm	0	7		1	arm	1	23000	0		0.0	0.0	0.0	0
233377	IDDreadgion_03_DrakanGi_NamedB_60_Ae	arm	0	7		2	arm	2	6000	0		0.0	0.0	0.0	0
233377	IDDreadgion_03_DrakanGi_NamedB_60_Ae	arm	0	7		3	arm	3	6000	0		0.0	0.0	0.0	0
233377	IDDreadgion_03_DrakanGi_NamedB_60_Ae	cycle	0	6	timer:0	0	skill	20545	0	0	ME	0.0	0.0	0.0	0
233377	IDDreadgion_03_DrakanGi_NamedB_60_Ae	cycle	0	6	timer:0	1	skill	20546	0	0	ME	0.0	0.0	0.0	0
233377	IDDreadgion_03_DrakanGi_NamedB_60_Ae	cycle	0	6	timer:0	2	skill	20546	0	0	ME	0.0	0.0	0.0	0
233377	IDDreadgion_03_DrakanGi_NamedB_60_Ae	cycle	0	6	timer:0	3	arm	0	18000	0		0.0	0.0	0.0	0
233377	IDDreadgion_03_DrakanGi_NamedB_60_Ae	cycle	1	5	timer:1	0	skill	20547	0	0	ME	0.0	0.0	0.0	0
233377	IDDreadgion_03_DrakanGi_NamedB_60_Ae	cycle	1	5	timer:1	1	arm	1	26000	0		0.0	0.0	0.0	0
233377	IDDreadgion_03_DrakanGi_NamedB_60_Ae	cycle	2	4	hp_below:50|timer:2	0	skill	20544	0	0	ME	0.0	0.0	0.0	0
233377	IDDreadgion_03_DrakanGi_NamedB_60_Ae	cycle	3	3	timer:2	0	arm	2	6000	0		0.0	0.0	0.0	0
233377	IDDreadgion_03_DrakanGi_NamedB_60_Ae	cycle	4	2	hp_below:25|timer:3	0	skill	20543	0	0	ME	0.0	0.0	0.0	0
233377	IDDreadgion_03_DrakanGi_NamedB_60_Ae	cycle	5	1	timer:3	0	arm	3	6000	0		0.0	0.0	0.0	0
233378	IDDreadgion_03_DrakanGi_NamedC_60_Ae	arm	0	7		0	arm	0	7000	0		0.0	0.0	0.0	0
233378	IDDreadgion_03_DrakanGi_NamedC_60_Ae	arm	0	7		1	arm	1	23000	0		0.0	0.0	0.0	0
233378	IDDreadgion_03_DrakanGi_NamedC_60_Ae	arm	0	7		2	arm	2	6000	0		0.0	0.0	0.0	0
233378	IDDreadgion_03_DrakanGi_NamedC_60_Ae	arm	0	7		3	arm	3	6000	0		0.0	0.0	0.0	0
233378	IDDreadgion_03_DrakanGi_NamedC_60_Ae	cycle	0	6	timer:0	0	skill	20545	0	0	ME	0.0	0.0	0.0	0
233378	IDDreadgion_03_DrakanGi_NamedC_60_Ae	cycle	0	6	timer:0	1	skill	20546	0	0	ME	0.0	0.0	0.0	0
233378	IDDreadgion_03_DrakanGi_NamedC_60_Ae	cycle	0	6	timer:0	2	skill	20546	0	0	ME	0.0	0.0	0.0	0
233378	IDDreadgion_03_DrakanGi_NamedC_60_Ae	cycle	0	6	timer:0	3	arm	0	18000	0		0.0	0.0	0.0	0
233378	IDDreadgion_03_DrakanGi_NamedC_60_Ae	cycle	1	5	timer:1	0	skill	20547	0	0	ME	0.0	0.0	0.0	0
233378	IDDreadgion_03_DrakanGi_NamedC_60_Ae	cycle	1	5	timer:1	1	arm	1	26000	0		0.0	0.0	0.0	0
233378	IDDreadgion_03_DrakanGi_NamedC_60_Ae	cycle	2	4	hp_below:50|timer:2	0	skill	20544	0	0	ME	0.0	0.0	0.0	0
233378	IDDreadgion_03_DrakanGi_NamedC_60_Ae	cycle	3	3	timer:2	0	arm	2	6000	0		0.0	0.0	0.0	0
233378	IDDreadgion_03_DrakanGi_NamedC_60_Ae	cycle	4	2	hp_below:25|timer:3	0	skill	20543	0	0	ME	0.0	0.0	0.0	0
233378	IDDreadgion_03_DrakanGi_NamedC_60_Ae	cycle	5	1	timer:3	0	arm	3	6000	0		0.0	0.0	0.0	0
233379	IDDreadgion_03_DrakanGi_NamedA_60_Ae	arm	0	7		0	arm	0	7000	0		0.0	0.0	0.0	0
233379	IDDreadgion_03_DrakanGi_NamedA_60_Ae	arm	0	7		1	arm	1	23000	0		0.0	0.0	0.0	0
233379	IDDreadgion_03_DrakanGi_NamedA_60_Ae	arm	0	7		2	arm	2	6000	0		0.0	0.0	0.0	0
233379	IDDreadgion_03_DrakanGi_NamedA_60_Ae	arm	0	7		3	arm	3	6000	0		0.0	0.0	0.0	0
233379	IDDreadgion_03_DrakanGi_NamedA_60_Ae	cycle	0	6	timer:0	0	skill	20545	0	0	ME	0.0	0.0	0.0	0
233379	IDDreadgion_03_DrakanGi_NamedA_60_Ae	cycle	0	6	timer:0	1	skill	20546	0	0	ME	0.0	0.0	0.0	0
233379	IDDreadgion_03_DrakanGi_NamedA_60_Ae	cycle	0	6	timer:0	2	skill	20546	0	0	ME	0.0	0.0	0.0	0
233379	IDDreadgion_03_DrakanGi_NamedA_60_Ae	cycle	0	6	timer:0	3	arm	0	18000	0		0.0	0.0	0.0	0
233379	IDDreadgion_03_DrakanGi_NamedA_60_Ae	cycle	1	5	timer:1	0	skill	20547	0	0	ME	0.0	0.0	0.0	0
233379	IDDreadgion_03_DrakanGi_NamedA_60_Ae	cycle	1	5	timer:1	1	arm	1	26000	0		0.0	0.0	0.0	0
233379	IDDreadgion_03_DrakanGi_NamedA_60_Ae	cycle	2	4	hp_below:50|timer:2	0	skill	20544	0	0	ME	0.0	0.0	0.0	0
233379	IDDreadgion_03_DrakanGi_NamedA_60_Ae	cycle	3	3	timer:2	0	arm	2	6000	0		0.0	0.0	0.0	0
233379	IDDreadgion_03_DrakanGi_NamedA_60_Ae	cycle	4	2	hp_below:25|timer:3	0	skill	20543	0	0	ME	0.0	0.0	0.0	0
233379	IDDreadgion_03_DrakanGi_NamedA_60_Ae	cycle	5	1	timer:3	0	arm	3	6000	0		0.0	0.0	0.0	0
233390	IDF5_U2_ShulackF_Wi_party_65_Ae	arm	0	7		0	arm	0	5000	0		0.0	0.0	0.0	0
233390	IDF5_U2_ShulackF_Wi_party_65_Ae	cycle	0	22	timer:1	0	arm	0	10000	0		0.0	0.0	0.0	0
233390	IDF5_U2_ShulackF_Wi_party_65_Ae	cycle	0	22	timer:1	1	skill	16987	0	0	MOST_HATED	0.0	0.0	0.0	0
233390	IDF5_U2_ShulackF_Wi_party_65_Ae	cycle	1	21	timer:0	0	arm	1	13000	0		0.0	0.0	0.0	0
233390	IDF5_U2_ShulackF_Wi_party_65_Ae	cycle	1	21	timer:0	1	skill	18157	0	0	MOST_HATED	0.0	0.0	0.0	0
233415	IDF5_U2_ShulackM_As_solo_65_An	arm	0	7		0	arm	0	5000	0		0.0	0.0	0.0	0
233415	IDF5_U2_ShulackM_As_solo_65_An	cycle	0	24	timer:4	0	arm	0	8000	0		0.0	0.0	0.0	0
233415	IDF5_U2_ShulackM_As_solo_65_An	cycle	0	24	timer:4	1	skill	16540	0	0	MOST_HATED	0.0	0.0	0.0	0
233415	IDF5_U2_ShulackM_As_solo_65_An	cycle	1	23	timer:3	0	arm	4	10000	0		0.0	0.0	0.0	0
233415	IDF5_U2_ShulackM_As_solo_65_An	cycle	1	23	timer:3	1	skill	16678	0	0	MOST_HATED	0.0	0.0	0.0	0
233415	IDF5_U2_ShulackM_As_solo_65_An	cycle	2	22	timer:2	0	arm	3	8000	0		0.0	0.0	0.0	0
233415	IDF5_U2_ShulackM_As_solo_65_An	cycle	2	22	timer:2	1	skill	16540	0	0	MOST_HATED	0.0	0.0	0.0	0
233415	IDF5_U2_ShulackM_As_solo_65_An	cycle	3	21	timer:1	0	arm	2	8000	0		0.0	0.0	0.0	0
233415	IDF5_U2_ShulackM_As_solo_65_An	cycle	3	21	timer:1	1	skill	16540	0	0	MOST_HATED	0.0	0.0	0.0	0
233415	IDF5_U2_ShulackM_As_solo_65_An	cycle	4	20	timer:0	0	arm	1	12000	0		0.0	0.0	0.0	0
233415	IDF5_U2_ShulackM_As_solo_65_An	cycle	4	20	timer:0	1	skill	16782	0	0	MOST_HATED	0.0	0.0	0.0	0
233432	IDVritra_Base_Drakan_As_Officer_Re	arm	0	2		0	arm	0	9000	0		0.0	0.0	0.0	0
233432	IDVritra_Base_Drakan_As_Officer_Re	arm	0	2		1	skill	17332	0	0	MOST_HATED	0.0	0.0	0.0	0
233432	IDVritra_Base_Drakan_As_Officer_Re	cycle	0	6	timer:3	0	arm	0	9000	0		0.0	0.0	0.0	0
233432	IDVritra_Base_Drakan_As_Officer_Re	cycle	0	6	timer:3	1	skill	17332	0	0	MOST_HATED	0.0	0.0	0.0	0
233432	IDVritra_Base_Drakan_As_Officer_Re	cycle	1	5	timer:2	0	arm	3	12000	0		0.0	0.0	0.0	0
233432	IDVritra_Base_Drakan_As_Officer_Re	cycle	1	5	timer:2	1	skill	21286	0	0	MOST_HATED	0.0	0.0	0.0	0
233432	IDVritra_Base_Drakan_As_Officer_Re	cycle	1	5	timer:2	2	skill	21290	0	0	MOST_HATED	0.0	0.0	0.0	0
233432	IDVritra_Base_Drakan_As_Officer_Re	cycle	2	4	timer:1	0	arm	2	9000	0		0.0	0.0	0.0	0
233432	IDVritra_Base_Drakan_As_Officer_Re	cycle	2	4	timer:1	1	skill	17332	0	0	MOST_HATED	0.0	0.0	0.0	0
233432	IDVritra_Base_Drakan_As_Officer_Re	cycle	3	3	timer:0	0	arm	1	9000	0		0.0	0.0	0.0	0
233432	IDVritra_Base_Drakan_As_Officer_Re	cycle	3	3	timer:0	1	skill	17333	0	0	MOST_HATED	0.0	0.0	0.0	0
233435	IDVritra_Base_Drakan_Pr_Officer	arm	0	2		0	arm	0	10000	0		0.0	0.0	0.0	0
233435	IDVritra_Base_Drakan_Pr_Officer	arm	0	2		1	skill	17359	0	0	MOST_HATED	0.0	0.0	0.0	0
233435	IDVritra_Base_Drakan_Pr_Officer	cycle	0	6	timer:3	0	arm	0	10000	0		0.0	0.0	0.0	0
233435	IDVritra_Base_Drakan_Pr_Officer	cycle	0	6	timer:3	1	skill	17359	0	0	MOST_HATED	0.0	0.0	0.0	0
233435	IDVritra_Base_Drakan_Pr_Officer	cycle	1	5	timer:2	0	arm	3	10000	0		0.0	0.0	0.0	0
233435	IDVritra_Base_Drakan_Pr_Officer	cycle	1	5	timer:2	1	skill	21278	0	0	MOST_HATED	0.0	0.0	0.0	0
233435	IDVritra_Base_Drakan_Pr_Officer	cycle	2	4	timer:1	0	arm	2	10000	0		0.0	0.0	0.0	0
233435	IDVritra_Base_Drakan_Pr_Officer	cycle	2	4	timer:1	1	skill	17359	0	0	MOST_HATED	0.0	0.0	0.0	0
233435	IDVritra_Base_Drakan_Pr_Officer	cycle	3	3	timer:0	0	arm	1	10000	0		0.0	0.0	0.0	0
233435	IDVritra_Base_Drakan_Pr_Officer	cycle	3	3	timer:0	1	skill	17700	0	0	MOST_HATED	0.0	0.0	0.0	0
233436	IDVritra_Base_Drakan_Ri_Officer	arm	0	2		0	skill	20648	0	0	MOST_HATED	0.0	0.0	0.0	0
233436	IDVritra_Base_Drakan_Ri_Officer	arm	0	2		1	skill	20704	0	0	MOST_HATED	0.0	0.0	0.0	0
233436	IDVritra_Base_Drakan_Ri_Officer	cycle	0	6	timer:3	0	arm	0	10000	0		0.0	0.0	0.0	0
233436	IDVritra_Base_Drakan_Ri_Officer	cycle	0	6	timer:3	1	skill	21296	0	0	ME	0.0	0.0	0.0	0
233436	IDVritra_Base_Drakan_Ri_Officer	cycle	1	5	timer:2	0	arm	3	10000	0		0.0	0.0	0.0	0
233436	IDVritra_Base_Drakan_Ri_Officer	cycle	1	5	timer:2	1	skill	21294	0	0	MOST_HATED	0.0	0.0	0.0	0
233436	IDVritra_Base_Drakan_Ri_Officer	cycle	2	4	timer:1	0	arm	2	10000	0		0.0	0.0	0.0	0
233436	IDVritra_Base_Drakan_Ri_Officer	cycle	2	4	timer:1	1	skill	21297	0	0	ME	0.0	0.0	0.0	0
233436	IDVritra_Base_Drakan_Ri_Officer	cycle	3	3	timer:0	0	arm	1	10000	0		0.0	0.0	0.0	0
233436	IDVritra_Base_Drakan_Ri_Officer	cycle	3	3	timer:0	1	skill	21294	0	0	MOST_HATED	0.0	0.0	0.0	0
233439	IDVritra_Base_Drakan_Ba_Officer	arm	0	2		0	arm	0	9000	0		0.0	0.0	0.0	0
233439	IDVritra_Base_Drakan_Ba_Officer	arm	0	2		1	skill	20715	0	0	MOST_HATED	0.0	0.0	0.0	0
233439	IDVritra_Base_Drakan_Ba_Officer	cycle	0	6	timer:3	0	arm	0	12000	0		0.0	0.0	0.0	0
233439	IDVritra_Base_Drakan_Ba_Officer	cycle	0	6	timer:3	1	skill	20714	0	0	MOST_HATED	0.0	0.0	0.0	0
233439	IDVritra_Base_Drakan_Ba_Officer	cycle	1	5	timer:2	0	arm	3	9000	0		0.0	0.0	0.0	0
233439	IDVritra_Base_Drakan_Ba_Officer	cycle	1	5	timer:2	1	skill	20960	0	0	MOST_HATED	0.0	0.0	0.0	0
233439	IDVritra_Base_Drakan_Ba_Officer	cycle	2	4	timer:1	0	arm	2	9000	0		0.0	0.0	0.0	0
233439	IDVritra_Base_Drakan_Ba_Officer	cycle	2	4	timer:1	1	skill	20959	0	0	MOST_HATED	0.0	0.0	0.0	0
233439	IDVritra_Base_Drakan_Ba_Officer	cycle	3	3	timer:0	0	arm	1	9000	0		0.0	0.0	0.0	0
233439	IDVritra_Base_Drakan_Ba_Officer	cycle	3	3	timer:0	1	skill	20960	0	0	MOST_HATED	0.0	0.0	0.0	0
233547	IDF5_TD_War_Vri_El	arm	0	11		0	arm	0	10000	0		0.0	0.0	0.0	0
233547	IDF5_TD_War_Vri_El	arm	0	11		1	skill	17335	0	0	MOST_HATED	0.0	0.0	0.0	0
233547	IDF5_TD_War_Vri_El	cycle	0	13	timer:1	0	arm	0	10000	0		0.0	0.0	0.0	0
233547	IDF5_TD_War_Vri_El	cycle	0	13	timer:1	1	skill	16775	0	0	MOST_HATED	0.0	0.0	0.0	0
233547	IDF5_TD_War_Vri_El	cycle	1	12	timer:0	0	arm	1	10000	0		0.0	0.0	0.0	0
233547	IDF5_TD_War_Vri_El	cycle	1	12	timer:0	1	skill	17335	0	0	MOST_HATED	0.0	0.0	0.0	0
233548	IDF5_TD_War_Vri_Fi	arm	0	11		0	arm	0	10000	0		0.0	0.0	0.0	0
233548	IDF5_TD_War_Vri_Fi	arm	0	11		1	skill	17714	0	0	MOST_HATED	0.0	0.0	0.0	0
233548	IDF5_TD_War_Vri_Fi	cycle	0	13	timer:1	0	arm	0	10000	0		0.0	0.0	0.0	0
233548	IDF5_TD_War_Vri_Fi	cycle	0	13	timer:1	1	skill	21284	0	0	MOST_HATED	0.0	0.0	0.0	0
233548	IDF5_TD_War_Vri_Fi	cycle	1	12	timer:0	0	arm	1	10000	0		0.0	0.0	0.0	0
233548	IDF5_TD_War_Vri_Fi	cycle	1	12	timer:0	1	skill	17294	0	0	MOST_HATED	0.0	0.0	0.0	0
233560	IDF5_TD_War_Vri_Ra	arm	0	10		0	arm	0	10000	0		0.0	0.0	0.0	0
233560	IDF5_TD_War_Vri_Ra	arm	0	10		1	skill	17318	0	0	MOST_HATED	0.0	0.0	0.0	0
233560	IDF5_TD_War_Vri_Ra	cycle	0	12	timer:1	0	arm	0	10000	0		0.0	0.0	0.0	0
233560	IDF5_TD_War_Vri_Ra	cycle	0	12	timer:1	1	skill	17316	0	0	MOST_HATED	0.0	0.0	0.0	0
233560	IDF5_TD_War_Vri_Ra	cycle	1	11	timer:0	0	arm	1	10000	0		0.0	0.0	0.0	0
233560	IDF5_TD_War_Vri_Ra	cycle	1	11	timer:0	1	skill	17317	0	0	MOST_HATED	0.0	0.0	0.0	0
233561	IDF5_TD_War_Vri_Ri	arm	0	10		0	arm	0	10000	0		0.0	0.0	0.0	0
233561	IDF5_TD_War_Vri_Ri	arm	0	10		1	skill	20648	0	0	MOST_HATED	0.0	0.0	0.0	0
233561	IDF5_TD_War_Vri_Ri	cycle	0	12	timer:1	0	arm	0	10000	0		0.0	0.0	0.0	0
233561	IDF5_TD_War_Vri_Ri	cycle	0	12	timer:1	1	skill	21297	0	0	MOST_HATED	0.0	0.0	0.0	0
233561	IDF5_TD_War_Vri_Ri	cycle	1	11	timer:0	0	arm	1	10000	0		0.0	0.0	0.0	0
233561	IDF5_TD_War_Vri_Ri	cycle	1	11	timer:0	1	skill	21294	0	0	MOST_HATED	0.0	0.0	0.0	0
233860	Britra_As_Poison_LowNmd	arm	0	7		0	arm	0	5000	0		0.0	0.0	0.0	0
233860	Britra_As_Poison_LowNmd	arm	0	7		1	skill	17322	0	0	MOST_HATED	0.0	0.0	0.0	0
233860	Britra_As_Poison_LowNmd	cycle	0	100	timer:0	0	arm	1	7000	0		0.0	0.0	0.0	0
233860	Britra_As_Poison_LowNmd	cycle	0	100	timer:0	1	skill	16678	0	0	MOST_HATED	0.0	0.0	0.0	0
233860	Britra_As_Poison_LowNmd	cycle	1	99	timer:1	0	arm	2	7000	0		0.0	0.0	0.0	0
233860	Britra_As_Poison_LowNmd	cycle	1	99	timer:1	1	skill	17332	0	0	MOST_HATED	0.0	0.0	0.0	0
233860	Britra_As_Poison_LowNmd	cycle	2	98	timer:2	0	arm	3	10000	0		0.0	0.0	0.0	0
233860	Britra_As_Poison_LowNmd	cycle	2	98	timer:2	1	skill	17295	0	0	MOST_HATED	0.0	0.0	0.0	0
233860	Britra_As_Poison_LowNmd	cycle	3	96	timer:3	0	arm	4	7000	0		0.0	0.0	0.0	0
233860	Britra_As_Poison_LowNmd	cycle	3	96	timer:3	1	skill	17322	0	0	MOST_HATED	0.0	0.0	0.0	0
233860	Britra_As_Poison_LowNmd	cycle	4	95	timer:4	0	arm	5	7000	0		0.0	0.0	0.0	0
233860	Britra_As_Poison_LowNmd	cycle	4	95	timer:4	1	skill	16678	0	0	MOST_HATED	0.0	0.0	0.0	0
233860	Britra_As_Poison_LowNmd	cycle	5	94	timer:5	0	arm	6	7000	0		0.0	0.0	0.0	0
233860	Britra_As_Poison_LowNmd	cycle	5	94	timer:5	1	skill	17295	0	0	MOST_HATED	0.0	0.0	0.0	0
233860	Britra_As_Poison_LowNmd	cycle	6	93	timer:6	0	arm	2	7000	0		0.0	0.0	0.0	0
233860	Britra_As_Poison_LowNmd	cycle	6	93	timer:6	1	skill	17332	0	0	MOST_HATED	0.0	0.0	0.0	0
233861	Britra_As_Poison_LowNmd	arm	0	7		0	arm	0	5000	0		0.0	0.0	0.0	0
233861	Britra_As_Poison_LowNmd	arm	0	7		1	skill	17322	0	0	MOST_HATED	0.0	0.0	0.0	0
233861	Britra_As_Poison_LowNmd	cycle	0	100	timer:0	0	arm	1	7000	0		0.0	0.0	0.0	0
233861	Britra_As_Poison_LowNmd	cycle	0	100	timer:0	1	skill	16678	0	0	MOST_HATED	0.0	0.0	0.0	0
233861	Britra_As_Poison_LowNmd	cycle	1	99	timer:1	0	arm	2	7000	0		0.0	0.0	0.0	0
233861	Britra_As_Poison_LowNmd	cycle	1	99	timer:1	1	skill	17332	0	0	MOST_HATED	0.0	0.0	0.0	0
233861	Britra_As_Poison_LowNmd	cycle	2	98	timer:2	0	arm	3	10000	0		0.0	0.0	0.0	0
233861	Britra_As_Poison_LowNmd	cycle	2	98	timer:2	1	skill	17295	0	0	MOST_HATED	0.0	0.0	0.0	0
233861	Britra_As_Poison_LowNmd	cycle	3	96	timer:3	0	arm	4	7000	0		0.0	0.0	0.0	0
233861	Britra_As_Poison_LowNmd	cycle	3	96	timer:3	1	skill	17322	0	0	MOST_HATED	0.0	0.0	0.0	0
233861	Britra_As_Poison_LowNmd	cycle	4	95	timer:4	0	arm	5	7000	0		0.0	0.0	0.0	0
233861	Britra_As_Poison_LowNmd	cycle	4	95	timer:4	1	skill	16678	0	0	MOST_HATED	0.0	0.0	0.0	0
233861	Britra_As_Poison_LowNmd	cycle	5	94	timer:5	0	arm	6	7000	0		0.0	0.0	0.0	0
233861	Britra_As_Poison_LowNmd	cycle	5	94	timer:5	1	skill	17295	0	0	MOST_HATED	0.0	0.0	0.0	0
233861	Britra_As_Poison_LowNmd	cycle	6	93	timer:6	0	arm	2	7000	0		0.0	0.0	0.0	0
233861	Britra_As_Poison_LowNmd	cycle	6	93	timer:6	1	skill	17332	0	0	MOST_HATED	0.0	0.0	0.0	0
233865	Britra_As_Poison_LowNmd	arm	0	7		0	arm	0	5000	0		0.0	0.0	0.0	0
233865	Britra_As_Poison_LowNmd	arm	0	7		1	skill	17322	0	0	MOST_HATED	0.0	0.0	0.0	0
233865	Britra_As_Poison_LowNmd	cycle	0	100	timer:0	0	arm	1	7000	0		0.0	0.0	0.0	0
233865	Britra_As_Poison_LowNmd	cycle	0	100	timer:0	1	skill	16678	0	0	MOST_HATED	0.0	0.0	0.0	0
233865	Britra_As_Poison_LowNmd	cycle	1	99	timer:1	0	arm	2	7000	0		0.0	0.0	0.0	0
233865	Britra_As_Poison_LowNmd	cycle	1	99	timer:1	1	skill	17332	0	0	MOST_HATED	0.0	0.0	0.0	0
233865	Britra_As_Poison_LowNmd	cycle	2	98	timer:2	0	arm	3	10000	0		0.0	0.0	0.0	0
233865	Britra_As_Poison_LowNmd	cycle	2	98	timer:2	1	skill	17295	0	0	MOST_HATED	0.0	0.0	0.0	0
233865	Britra_As_Poison_LowNmd	cycle	3	96	timer:3	0	arm	4	7000	0		0.0	0.0	0.0	0
233865	Britra_As_Poison_LowNmd	cycle	3	96	timer:3	1	skill	17322	0	0	MOST_HATED	0.0	0.0	0.0	0
233865	Britra_As_Poison_LowNmd	cycle	4	95	timer:4	0	arm	5	7000	0		0.0	0.0	0.0	0
233865	Britra_As_Poison_LowNmd	cycle	4	95	timer:4	1	skill	16678	0	0	MOST_HATED	0.0	0.0	0.0	0
233865	Britra_As_Poison_LowNmd	cycle	5	94	timer:5	0	arm	6	7000	0		0.0	0.0	0.0	0
233865	Britra_As_Poison_LowNmd	cycle	5	94	timer:5	1	skill	17295	0	0	MOST_HATED	0.0	0.0	0.0	0
233865	Britra_As_Poison_LowNmd	cycle	6	93	timer:6	0	arm	2	7000	0		0.0	0.0	0.0	0
233865	Britra_As_Poison_LowNmd	cycle	6	93	timer:6	1	skill	17332	0	0	MOST_HATED	0.0	0.0	0.0	0
233868	Britra_As_Poison_LowNmd	arm	0	7		0	arm	0	5000	0		0.0	0.0	0.0	0
233868	Britra_As_Poison_LowNmd	arm	0	7		1	skill	17322	0	0	MOST_HATED	0.0	0.0	0.0	0
233868	Britra_As_Poison_LowNmd	cycle	0	100	timer:0	0	arm	1	7000	0		0.0	0.0	0.0	0
233868	Britra_As_Poison_LowNmd	cycle	0	100	timer:0	1	skill	16678	0	0	MOST_HATED	0.0	0.0	0.0	0
233868	Britra_As_Poison_LowNmd	cycle	1	99	timer:1	0	arm	2	7000	0		0.0	0.0	0.0	0
233868	Britra_As_Poison_LowNmd	cycle	1	99	timer:1	1	skill	17332	0	0	MOST_HATED	0.0	0.0	0.0	0
233868	Britra_As_Poison_LowNmd	cycle	2	98	timer:2	0	arm	3	10000	0		0.0	0.0	0.0	0
233868	Britra_As_Poison_LowNmd	cycle	2	98	timer:2	1	skill	17295	0	0	MOST_HATED	0.0	0.0	0.0	0
233868	Britra_As_Poison_LowNmd	cycle	3	96	timer:3	0	arm	4	7000	0		0.0	0.0	0.0	0
233868	Britra_As_Poison_LowNmd	cycle	3	96	timer:3	1	skill	17322	0	0	MOST_HATED	0.0	0.0	0.0	0
233868	Britra_As_Poison_LowNmd	cycle	4	95	timer:4	0	arm	5	7000	0		0.0	0.0	0.0	0
233868	Britra_As_Poison_LowNmd	cycle	4	95	timer:4	1	skill	16678	0	0	MOST_HATED	0.0	0.0	0.0	0
233868	Britra_As_Poison_LowNmd	cycle	5	94	timer:5	0	arm	6	7000	0		0.0	0.0	0.0	0
233868	Britra_As_Poison_LowNmd	cycle	5	94	timer:5	1	skill	17295	0	0	MOST_HATED	0.0	0.0	0.0	0
233868	Britra_As_Poison_LowNmd	cycle	6	93	timer:6	0	arm	2	7000	0		0.0	0.0	0.0	0
233868	Britra_As_Poison_LowNmd	cycle	6	93	timer:6	1	skill	17332	0	0	MOST_HATED	0.0	0.0	0.0	0
233869	IDLDF5Re_03_N_Vritra43_TiamatDrakan_Pr_65_An	arm	0	80		0	arm	0	5000	0		0.0	0.0	0.0	0
233869	IDLDF5Re_03_N_Vritra43_TiamatDrakan_Pr_65_An	cycle	0	33	timer:2	0	arm	0	10000	0		0.0	0.0	0.0	0
233869	IDLDF5Re_03_N_Vritra43_TiamatDrakan_Pr_65_An	cycle	0	33	timer:2	1	skill	20517	0	0	MOST_HATED	0.0	0.0	0.0	0
233869	IDLDF5Re_03_N_Vritra43_TiamatDrakan_Pr_65_An	cycle	1	32	timer:1	0	arm	2	10000	0		0.0	0.0	0.0	0
233869	IDLDF5Re_03_N_Vritra43_TiamatDrakan_Pr_65_An	cycle	1	32	timer:1	1	skill	20514	0	0	ME	0.0	0.0	0.0	0
233869	IDLDF5Re_03_N_Vritra43_TiamatDrakan_Pr_65_An	cycle	2	31	timer:0	0	arm	1	10000	0		0.0	0.0	0.0	0
233869	IDLDF5Re_03_N_Vritra43_TiamatDrakan_Pr_65_An	cycle	2	31	timer:0	1	skill	20517	0	0	MOST_HATED	0.0	0.0	0.0	0
233870	IDLDF5Re_03_N_Vritra43_TiamatDrakan_Pr_65_An	arm	0	80		0	arm	0	5000	0		0.0	0.0	0.0	0
233870	IDLDF5Re_03_N_Vritra43_TiamatDrakan_Pr_65_An	cycle	0	33	timer:2	0	arm	0	10000	0		0.0	0.0	0.0	0
233870	IDLDF5Re_03_N_Vritra43_TiamatDrakan_Pr_65_An	cycle	0	33	timer:2	1	skill	20517	0	0	MOST_HATED	0.0	0.0	0.0	0
233870	IDLDF5Re_03_N_Vritra43_TiamatDrakan_Pr_65_An	cycle	1	32	timer:1	0	arm	2	10000	0		0.0	0.0	0.0	0
233870	IDLDF5Re_03_N_Vritra43_TiamatDrakan_Pr_65_An	cycle	1	32	timer:1	1	skill	20514	0	0	ME	0.0	0.0	0.0	0
233870	IDLDF5Re_03_N_Vritra43_TiamatDrakan_Pr_65_An	cycle	2	31	timer:0	0	arm	1	10000	0		0.0	0.0	0.0	0
233870	IDLDF5Re_03_N_Vritra43_TiamatDrakan_Pr_65_An	cycle	2	31	timer:0	1	skill	20517	0	0	MOST_HATED	0.0	0.0	0.0	0
233872	Britra_Table	arm	0	7		0	arm	0	7000	0		0.0	0.0	0.0	0
233872	Britra_Table	arm	0	7		1	skill	17294	0	0	MOST_HATED	0.0	0.0	0.0	0
233872	Britra_Table	cycle	0	100	timer:0	0	arm	1	10000	0		0.0	0.0	0.0	0
233872	Britra_Table	cycle	0	100	timer:0	1	skill	17295	0	0	MOST_HATED	0.0	0.0	0.0	0
233872	Britra_Table	cycle	1	99	timer:1	0	arm	0	7000	0		0.0	0.0	0.0	0
233872	Britra_Table	cycle	1	99	timer:1	1	skill	17294	0	0	MOST_HATED	0.0	0.0	0.0	0
233873	Britra_As_Poison_LowNmd	arm	0	7		0	arm	0	5000	0		0.0	0.0	0.0	0
233873	Britra_As_Poison_LowNmd	arm	0	7		1	skill	17322	0	0	MOST_HATED	0.0	0.0	0.0	0
233873	Britra_As_Poison_LowNmd	cycle	0	100	timer:0	0	arm	1	7000	0		0.0	0.0	0.0	0
233873	Britra_As_Poison_LowNmd	cycle	0	100	timer:0	1	skill	16678	0	0	MOST_HATED	0.0	0.0	0.0	0
233873	Britra_As_Poison_LowNmd	cycle	1	99	timer:1	0	arm	2	7000	0		0.0	0.0	0.0	0
233873	Britra_As_Poison_LowNmd	cycle	1	99	timer:1	1	skill	17332	0	0	MOST_HATED	0.0	0.0	0.0	0
233873	Britra_As_Poison_LowNmd	cycle	2	98	timer:2	0	arm	3	10000	0		0.0	0.0	0.0	0
233873	Britra_As_Poison_LowNmd	cycle	2	98	timer:2	1	skill	17295	0	0	MOST_HATED	0.0	0.0	0.0	0
233873	Britra_As_Poison_LowNmd	cycle	3	96	timer:3	0	arm	4	7000	0		0.0	0.0	0.0	0
233873	Britra_As_Poison_LowNmd	cycle	3	96	timer:3	1	skill	17322	0	0	MOST_HATED	0.0	0.0	0.0	0
233873	Britra_As_Poison_LowNmd	cycle	4	95	timer:4	0	arm	5	7000	0		0.0	0.0	0.0	0
233873	Britra_As_Poison_LowNmd	cycle	4	95	timer:4	1	skill	16678	0	0	MOST_HATED	0.0	0.0	0.0	0
233873	Britra_As_Poison_LowNmd	cycle	5	94	timer:5	0	arm	6	7000	0		0.0	0.0	0.0	0
233873	Britra_As_Poison_LowNmd	cycle	5	94	timer:5	1	skill	17295	0	0	MOST_HATED	0.0	0.0	0.0	0
233873	Britra_As_Poison_LowNmd	cycle	6	93	timer:6	0	arm	2	7000	0		0.0	0.0	0.0	0
233873	Britra_As_Poison_LowNmd	cycle	6	93	timer:6	1	skill	17332	0	0	MOST_HATED	0.0	0.0	0.0	0
233875	Britra_Table	arm	0	7		0	arm	0	7000	0		0.0	0.0	0.0	0
233875	Britra_Table	arm	0	7		1	skill	17294	0	0	MOST_HATED	0.0	0.0	0.0	0
233875	Britra_Table	cycle	0	100	timer:0	0	arm	1	10000	0		0.0	0.0	0.0	0
233875	Britra_Table	cycle	0	100	timer:0	1	skill	17295	0	0	MOST_HATED	0.0	0.0	0.0	0
233875	Britra_Table	cycle	1	99	timer:1	0	arm	0	7000	0		0.0	0.0	0.0	0
233875	Britra_Table	cycle	1	99	timer:1	1	skill	17294	0	0	MOST_HATED	0.0	0.0	0.0	0
233876	Britra_As_Poison_LowNmd	arm	0	7		0	arm	0	5000	0		0.0	0.0	0.0	0
233876	Britra_As_Poison_LowNmd	arm	0	7		1	skill	17322	0	0	MOST_HATED	0.0	0.0	0.0	0
233876	Britra_As_Poison_LowNmd	cycle	0	100	timer:0	0	arm	1	7000	0		0.0	0.0	0.0	0
233876	Britra_As_Poison_LowNmd	cycle	0	100	timer:0	1	skill	16678	0	0	MOST_HATED	0.0	0.0	0.0	0
233876	Britra_As_Poison_LowNmd	cycle	1	99	timer:1	0	arm	2	7000	0		0.0	0.0	0.0	0
233876	Britra_As_Poison_LowNmd	cycle	1	99	timer:1	1	skill	17332	0	0	MOST_HATED	0.0	0.0	0.0	0
233876	Britra_As_Poison_LowNmd	cycle	2	98	timer:2	0	arm	3	10000	0		0.0	0.0	0.0	0
233876	Britra_As_Poison_LowNmd	cycle	2	98	timer:2	1	skill	17295	0	0	MOST_HATED	0.0	0.0	0.0	0
233876	Britra_As_Poison_LowNmd	cycle	3	96	timer:3	0	arm	4	7000	0		0.0	0.0	0.0	0
233876	Britra_As_Poison_LowNmd	cycle	3	96	timer:3	1	skill	17322	0	0	MOST_HATED	0.0	0.0	0.0	0
233876	Britra_As_Poison_LowNmd	cycle	4	95	timer:4	0	arm	5	7000	0		0.0	0.0	0.0	0
233876	Britra_As_Poison_LowNmd	cycle	4	95	timer:4	1	skill	16678	0	0	MOST_HATED	0.0	0.0	0.0	0
233876	Britra_As_Poison_LowNmd	cycle	5	94	timer:5	0	arm	6	7000	0		0.0	0.0	0.0	0
233876	Britra_As_Poison_LowNmd	cycle	5	94	timer:5	1	skill	17295	0	0	MOST_HATED	0.0	0.0	0.0	0
233876	Britra_As_Poison_LowNmd	cycle	6	93	timer:6	0	arm	2	7000	0		0.0	0.0	0.0	0
233876	Britra_As_Poison_LowNmd	cycle	6	93	timer:6	1	skill	17332	0	0	MOST_HATED	0.0	0.0	0.0	0
233885	Britra_Table	arm	0	7		0	arm	0	7000	0		0.0	0.0	0.0	0
233885	Britra_Table	arm	0	7		1	skill	17294	0	0	MOST_HATED	0.0	0.0	0.0	0
233885	Britra_Table	cycle	0	100	timer:0	0	arm	1	10000	0		0.0	0.0	0.0	0
233885	Britra_Table	cycle	0	100	timer:0	1	skill	17295	0	0	MOST_HATED	0.0	0.0	0.0	0
233885	Britra_Table	cycle	1	99	timer:1	0	arm	0	7000	0		0.0	0.0	0.0	0
233885	Britra_Table	cycle	1	99	timer:1	1	skill	17294	0	0	MOST_HATED	0.0	0.0	0.0	0
233886	Britra_Table	arm	0	7		0	arm	0	7000	0		0.0	0.0	0.0	0
233886	Britra_Table	arm	0	7		1	skill	17294	0	0	MOST_HATED	0.0	0.0	0.0	0
233886	Britra_Table	cycle	0	100	timer:0	0	arm	1	10000	0		0.0	0.0	0.0	0
233886	Britra_Table	cycle	0	100	timer:0	1	skill	17295	0	0	MOST_HATED	0.0	0.0	0.0	0
233886	Britra_Table	cycle	1	99	timer:1	0	arm	0	7000	0		0.0	0.0	0.0	0
233886	Britra_Table	cycle	1	99	timer:1	1	skill	17294	0	0	MOST_HATED	0.0	0.0	0.0	0
233888	IDLDF4_Re_01_DrakanRa	arm	0	7		0	arm	0	5000	0		0.0	0.0	0.0	0
233888	IDLDF4_Re_01_DrakanRa	arm	0	7		1	arm	1	5000	0		0.0	0.0	0.0	0
233888	IDLDF4_Re_01_DrakanRa	arm	0	7		2	broadcast	40001	50	0		0.0	0.0	0.0	0
233888	IDLDF4_Re_01_DrakanRa	cycle	0	6	hp_between:51:99|timer:0	0	arm	0	10000	0		0.0	0.0	0.0	0
233888	IDLDF4_Re_01_DrakanRa	cycle	0	6	hp_between:51:99|timer:0	1	skill	16812	0	0	MOST_HATED	0.0	0.0	0.0	0
233888	IDLDF4_Re_01_DrakanRa	cycle	1	5	hp_below:49|timer:1	0	arm	2	10000	0		0.0	0.0	0.0	0
233888	IDLDF4_Re_01_DrakanRa	cycle	1	5	hp_below:49|timer:1	1	skill	16517	0	0	ME	0.0	0.0	0.0	0
233888	IDLDF4_Re_01_DrakanRa	cycle	2	4	hp_below:49|timer:2	0	arm	3	10000	0		0.0	0.0	0.0	0
233888	IDLDF4_Re_01_DrakanRa	cycle	2	4	hp_below:49|timer:2	1	skill	16812	0	0	MOST_HATED	0.0	0.0	0.0	0
233888	IDLDF4_Re_01_DrakanRa	cycle	3	3	hp_below:49|timer:3	0	arm	3	10000	0		0.0	0.0	0.0	0
233888	IDLDF4_Re_01_DrakanRa	cycle	3	3	hp_below:49|timer:3	1	skill	16812	0	0	MOST_HATED	0.0	0.0	0.0	0
233888	IDLDF4_Re_01_DrakanRa	cycle	4	2	timer:1	0	arm	1	5000	0		0.0	0.0	0.0	0
233888	IDLDF4_Re_01_DrakanRa	cycle	5	1	timer:0	0	arm	0	5000	0		0.0	0.0	0.0	0
233889	IDLDF4_Re_01_DrakanAs	arm	0	7		0	arm	0	5000	0		0.0	0.0	0.0	0
233889	IDLDF4_Re_01_DrakanAs	arm	0	7		1	arm	1	5000	0		0.0	0.0	0.0	0
233889	IDLDF4_Re_01_DrakanAs	cycle	0	6	hp_between:51:99|timer:0	0	arm	0	10000	0		0.0	0.0	0.0	0
233889	IDLDF4_Re_01_DrakanAs	cycle	0	6	hp_between:51:99|timer:0	1	skill	17332	0	0	MOST_HATED	0.0	0.0	0.0	0
233889	IDLDF4_Re_01_DrakanAs	cycle	1	5	hp_below:49|timer:1	0	arm	2	10000	0		0.0	0.0	0.0	0
233889	IDLDF4_Re_01_DrakanAs	cycle	1	5	hp_below:49|timer:1	1	skill	21289	0	0	MOST_HATED	0.0	0.0	0.0	0
233889	IDLDF4_Re_01_DrakanAs	cycle	1	5	hp_below:49|timer:1	2	skill	17321	0	0	MOST_HATED	0.0	0.0	0.0	0
233889	IDLDF4_Re_01_DrakanAs	cycle	2	4	hp_below:49|timer:2	0	arm	3	10000	0		0.0	0.0	0.0	0
233889	IDLDF4_Re_01_DrakanAs	cycle	2	4	hp_below:49|timer:2	1	skill	17332	0	0	MOST_HATED	0.0	0.0	0.0	0
233889	IDLDF4_Re_01_DrakanAs	cycle	3	3	hp_below:49|timer:3	0	arm	3	10000	0		0.0	0.0	0.0	0
233889	IDLDF4_Re_01_DrakanAs	cycle	3	3	hp_below:49|timer:3	1	skill	17332	0	0	MOST_HATED	0.0	0.0	0.0	0
233889	IDLDF4_Re_01_DrakanAs	cycle	4	2	timer:1	0	arm	1	5000	0		0.0	0.0	0.0	0
233889	IDLDF4_Re_01_DrakanAs	cycle	5	1	timer:0	0	arm	0	5000	0		0.0	0.0	0.0	0
233890	IDLDF4_Re_01_DrakanFi	arm	0	7		0	arm	0	5000	0		0.0	0.0	0.0	0
233890	IDLDF4_Re_01_DrakanFi	arm	0	7		1	arm	1	5000	0		0.0	0.0	0.0	0
233890	IDLDF4_Re_01_DrakanFi	cycle	0	6	hp_between:51:99|timer:0	0	arm	0	10000	0		0.0	0.0	0.0	0
233890	IDLDF4_Re_01_DrakanFi	cycle	0	6	hp_between:51:99|timer:0	1	skill	17294	0	0	MOST_HATED	0.0	0.0	0.0	0
233890	IDLDF4_Re_01_DrakanFi	cycle	1	5	hp_below:49|timer:1	0	arm	2	10000	0		0.0	0.0	0.0	0
233890	IDLDF4_Re_01_DrakanFi	cycle	1	5	hp_below:49|timer:1	1	skill	16519	0	0	MOST_HATED	0.0	0.0	0.0	0
233890	IDLDF4_Re_01_DrakanFi	cycle	2	4	hp_below:49|timer:2	0	arm	3	10000	0		0.0	0.0	0.0	0
233890	IDLDF4_Re_01_DrakanFi	cycle	2	4	hp_below:49|timer:2	1	skill	17294	0	0	MOST_HATED	0.0	0.0	0.0	0
233890	IDLDF4_Re_01_DrakanFi	cycle	3	3	hp_below:49|timer:3	0	arm	3	10000	0		0.0	0.0	0.0	0
233890	IDLDF4_Re_01_DrakanFi	cycle	3	3	hp_below:49|timer:3	1	skill	17294	0	0	MOST_HATED	0.0	0.0	0.0	0
233890	IDLDF4_Re_01_DrakanFi	cycle	4	2	timer:1	0	arm	1	5000	0		0.0	0.0	0.0	0
233890	IDLDF4_Re_01_DrakanFi	cycle	5	1	timer:0	0	arm	0	5000	0		0.0	0.0	0.0	0
233914	LDF4_Advance_DrakanTiamat_Pr	arm	0	7		0	arm	1	6000	0		0.0	0.0	0.0	0
233914	LDF4_Advance_DrakanTiamat_Pr	cycle	0	7	timer:1	0	arm	1	10000	0		0.0	0.0	0.0	0
233914	LDF4_Advance_DrakanTiamat_Pr	cycle	0	7	timer:1	1	skill	20517	0	0	MOST_HATED	0.0	0.0	0.0	0
233915	LDF4_Advance_DrakanTiamat_Pr	arm	0	7		0	arm	1	6000	0		0.0	0.0	0.0	0
233915	LDF4_Advance_DrakanTiamat_Pr	cycle	0	7	timer:1	0	arm	1	10000	0		0.0	0.0	0.0	0
233915	LDF4_Advance_DrakanTiamat_Pr	cycle	0	7	timer:1	1	skill	20517	0	0	MOST_HATED	0.0	0.0	0.0	0
234006	TR_Drakan_As_Broad_First_solo	arm	0	5		0	arm	0	5000	0		0.0	0.0	0.0	0
234006	TR_Drakan_As_Broad_First_solo	cycle	0	9	timer:3	0	arm	2	15000	0		0.0	0.0	0.0	0
234006	TR_Drakan_As_Broad_First_solo	cycle	0	9	timer:3	1	skill	16516	0	0	MOST_HATED	0.0	0.0	0.0	0
234006	TR_Drakan_As_Broad_First_solo	cycle	1	8	timer:2	0	arm	3	15000	0		0.0	0.0	0.0	0
234006	TR_Drakan_As_Broad_First_solo	cycle	1	8	timer:2	1	skill	16519	0	0	MOST_HATED	0.0	0.0	0.0	0
234006	TR_Drakan_As_Broad_First_solo	cycle	2	7	timer:1	0	arm	2	10000	0		0.0	0.0	0.0	0
234006	TR_Drakan_As_Broad_First_solo	cycle	2	7	timer:1	1	skill	20562	0	0	ME	0.0	0.0	0.0	0
234006	TR_Drakan_As_Broad_First_solo	cycle	2	7	timer:1	2	say	1500836	0	0		0.0	0.0	0.0	0
234006	TR_Drakan_As_Broad_First_solo	cycle	2	7	timer:1	3	broadcast	22001	20	0		0.0	0.0	0.0	0
234006	TR_Drakan_As_Broad_First_solo	cycle	3	6	timer:0	0	arm	1	7000	0		0.0	0.0	0.0	0
234006	TR_Drakan_As_Broad_First_solo	cycle	3	6	timer:0	1	skill	16516	0	0	MOST_HATED	0.0	0.0	0.0	0
234162	LDF4_Advance_village_19	arm	0	7		0	arm	0	5000	0		0.0	0.0	0.0	0
234162	LDF4_Advance_village_19	arm	0	7		1	arm	1	60000	0		0.0	0.0	0.0	0
234162	LDF4_Advance_village_19	arm	0	7		2	broadcast	30004	50	0		0.0	0.0	0.0	0
234162	LDF4_Advance_village_19	arm	0	7		3	sysmsg	1402512	0	0		0.0	0.0	0.0	0
234162	LDF4_Advance_village_19	cycle	0	7	timer:0	0	arm	0	5000	0		0.0	0.0	0.0	0
234162	LDF4_Advance_village_19	cycle	0	7	timer:0	1	broadcast	30002	50	0		0.0	0.0	0.0	0
234162	LDF4_Advance_village_19	cycle	1	6	timer:1	0	arm	1	60000	0		0.0	0.0	0.0	0
234162	LDF4_Advance_village_19	cycle	1	6	timer:1	1	sysmsg	1402512	0	0		0.0	0.0	0.0	0
234164	LDF4_Advance_village_01	arm	0	7		0	arm	0	5000	0		0.0	0.0	0.0	0
234164	LDF4_Advance_village_01	arm	0	7		1	broadcast	30004	50	0		0.0	0.0	0.0	0
234164	LDF4_Advance_village_01	cycle	0	7	timer:0	0	arm	0	5000	0		0.0	0.0	0.0	0
234164	LDF4_Advance_village_01	cycle	0	7	timer:0	1	broadcast	30002	50	0		0.0	0.0	0.0	0
234166	LDF4_Advance_village_10	arm	0	7		0	arm	0	5000	0		0.0	0.0	0.0	0
234166	LDF4_Advance_village_10	arm	0	7		1	broadcast	30004	50	0		0.0	0.0	0.0	0
234166	LDF4_Advance_village_10	cycle	0	7	timer:0	0	arm	0	5000	0		0.0	0.0	0.0	0
234166	LDF4_Advance_village_10	cycle	0	7	timer:0	1	broadcast	30002	50	0		0.0	0.0	0.0	0
234174	LDF4_Advance_Rottentree_Green_Gi400	arm	0	7		0	arm	0	10000	0		0.0	0.0	0.0	0
234174	LDF4_Advance_Rottentree_Green_Gi400	cycle	0	10	timer:0	0	arm	1	13000	0		0.0	0.0	0.0	0
234174	LDF4_Advance_Rottentree_Green_Gi400	cycle	0	10	timer:0	1	skill	16524	0	0	MOST_HATED	0.0	0.0	0.0	0
234174	LDF4_Advance_Rottentree_Green_Gi400	cycle	1	9	timer:1	0	arm	2	13000	0		0.0	0.0	0.0	0
234174	LDF4_Advance_Rottentree_Green_Gi400	cycle	1	9	timer:1	1	skill	16605	0	0	MOST_HATED	0.0	0.0	0.0	0
234174	LDF4_Advance_Rottentree_Green_Gi400	cycle	2	8	timer:2	0	arm	3	13000	0		0.0	0.0	0.0	0
234174	LDF4_Advance_Rottentree_Green_Gi400	cycle	2	8	timer:2	1	skill	16524	0	0	MOST_HATED	0.0	0.0	0.0	0
234174	LDF4_Advance_Rottentree_Green_Gi400	cycle	3	7	timer:3	0	arm	0	13000	0		0.0	0.0	0.0	0
234174	LDF4_Advance_Rottentree_Green_Gi400	cycle	3	7	timer:3	1	skill	16563	0	0	ME	0.0	0.0	0.0	0
234240	LDF4_Advance_Rottentree_Green_Gi400	arm	0	7		0	arm	0	10000	0		0.0	0.0	0.0	0
234240	LDF4_Advance_Rottentree_Green_Gi400	cycle	0	10	timer:0	0	arm	1	13000	0		0.0	0.0	0.0	0
234240	LDF4_Advance_Rottentree_Green_Gi400	cycle	0	10	timer:0	1	skill	16524	0	0	MOST_HATED	0.0	0.0	0.0	0
234240	LDF4_Advance_Rottentree_Green_Gi400	cycle	1	9	timer:1	0	arm	2	13000	0		0.0	0.0	0.0	0
234240	LDF4_Advance_Rottentree_Green_Gi400	cycle	1	9	timer:1	1	skill	16605	0	0	MOST_HATED	0.0	0.0	0.0	0
234240	LDF4_Advance_Rottentree_Green_Gi400	cycle	2	8	timer:2	0	arm	3	13000	0		0.0	0.0	0.0	0
234240	LDF4_Advance_Rottentree_Green_Gi400	cycle	2	8	timer:2	1	skill	16524	0	0	MOST_HATED	0.0	0.0	0.0	0
234240	LDF4_Advance_Rottentree_Green_Gi400	cycle	3	7	timer:3	0	arm	0	13000	0		0.0	0.0	0.0	0
234240	LDF4_Advance_Rottentree_Green_Gi400	cycle	3	7	timer:3	1	skill	16563	0	0	ME	0.0	0.0	0.0	0
234242	LDF4_Advance_Rottentree_Green_Gi400	arm	0	7		0	arm	0	10000	0		0.0	0.0	0.0	0
234242	LDF4_Advance_Rottentree_Green_Gi400	cycle	0	10	timer:0	0	arm	1	13000	0		0.0	0.0	0.0	0
234242	LDF4_Advance_Rottentree_Green_Gi400	cycle	0	10	timer:0	1	skill	16524	0	0	MOST_HATED	0.0	0.0	0.0	0
234242	LDF4_Advance_Rottentree_Green_Gi400	cycle	1	9	timer:1	0	arm	2	13000	0		0.0	0.0	0.0	0
234242	LDF4_Advance_Rottentree_Green_Gi400	cycle	1	9	timer:1	1	skill	16605	0	0	MOST_HATED	0.0	0.0	0.0	0
234242	LDF4_Advance_Rottentree_Green_Gi400	cycle	2	8	timer:2	0	arm	3	13000	0		0.0	0.0	0.0	0
234242	LDF4_Advance_Rottentree_Green_Gi400	cycle	2	8	timer:2	1	skill	16524	0	0	MOST_HATED	0.0	0.0	0.0	0
234242	LDF4_Advance_Rottentree_Green_Gi400	cycle	3	7	timer:3	0	arm	0	13000	0		0.0	0.0	0.0	0
234242	LDF4_Advance_Rottentree_Green_Gi400	cycle	3	7	timer:3	1	skill	16563	0	0	ME	0.0	0.0	0.0	0
234647	Britra_Table	arm	0	7		0	arm	0	7000	0		0.0	0.0	0.0	0
234647	Britra_Table	arm	0	7		1	skill	17294	0	0	MOST_HATED	0.0	0.0	0.0	0
234647	Britra_Table	cycle	0	100	timer:0	0	arm	1	10000	0		0.0	0.0	0.0	0
234647	Britra_Table	cycle	0	100	timer:0	1	skill	17295	0	0	MOST_HATED	0.0	0.0	0.0	0
234647	Britra_Table	cycle	1	99	timer:1	0	arm	0	7000	0		0.0	0.0	0.0	0
234647	Britra_Table	cycle	1	99	timer:1	1	skill	17294	0	0	MOST_HATED	0.0	0.0	0.0	0
234648	Britra_Table	arm	0	7		0	arm	0	7000	0		0.0	0.0	0.0	0
234648	Britra_Table	arm	0	7		1	skill	17294	0	0	MOST_HATED	0.0	0.0	0.0	0
234648	Britra_Table	cycle	0	100	timer:0	0	arm	1	10000	0		0.0	0.0	0.0	0
234648	Britra_Table	cycle	0	100	timer:0	1	skill	17295	0	0	MOST_HATED	0.0	0.0	0.0	0
234648	Britra_Table	cycle	1	99	timer:1	0	arm	0	7000	0		0.0	0.0	0.0	0
234648	Britra_Table	cycle	1	99	timer:1	1	skill	17294	0	0	MOST_HATED	0.0	0.0	0.0	0
234649	Britra_Table	arm	0	7		0	arm	0	7000	0		0.0	0.0	0.0	0
234649	Britra_Table	arm	0	7		1	skill	17294	0	0	MOST_HATED	0.0	0.0	0.0	0
234649	Britra_Table	cycle	0	100	timer:0	0	arm	1	10000	0		0.0	0.0	0.0	0
234649	Britra_Table	cycle	0	100	timer:0	1	skill	17295	0	0	MOST_HATED	0.0	0.0	0.0	0
234649	Britra_Table	cycle	1	99	timer:1	0	arm	0	7000	0		0.0	0.0	0.0	0
234649	Britra_Table	cycle	1	99	timer:1	1	skill	17294	0	0	MOST_HATED	0.0	0.0	0.0	0
234650	Britra_Table	arm	0	7		0	arm	0	7000	0		0.0	0.0	0.0	0
234650	Britra_Table	arm	0	7		1	skill	17294	0	0	MOST_HATED	0.0	0.0	0.0	0
234650	Britra_Table	cycle	0	100	timer:0	0	arm	1	10000	0		0.0	0.0	0.0	0
234650	Britra_Table	cycle	0	100	timer:0	1	skill	17295	0	0	MOST_HATED	0.0	0.0	0.0	0
234650	Britra_Table	cycle	1	99	timer:1	0	arm	0	7000	0		0.0	0.0	0.0	0
234650	Britra_Table	cycle	1	99	timer:1	1	skill	17294	0	0	MOST_HATED	0.0	0.0	0.0	0
234651	Britra_As_Poison	arm	0	7		0	arm	0	5000	0		0.0	0.0	0.0	0
234651	Britra_As_Poison	arm	0	7		1	skill	17322	0	0	MOST_HATED	0.0	0.0	0.0	0
234651	Britra_As_Poison	cycle	0	100	timer:0	0	arm	1	7000	0		0.0	0.0	0.0	0
234651	Britra_As_Poison	cycle	0	100	timer:0	1	skill	17332	0	0	MOST_HATED	0.0	0.0	0.0	0
234651	Britra_As_Poison	cycle	1	99	timer:1	0	arm	2	10000	0		0.0	0.0	0.0	0
234651	Britra_As_Poison	cycle	1	99	timer:1	1	skill	17332	0	0	MOST_HATED	0.0	0.0	0.0	0
234651	Britra_As_Poison	cycle	2	98	timer:2	0	arm	3	10000	0		0.0	0.0	0.0	0
234651	Britra_As_Poison	cycle	2	98	timer:2	1	skill	17295	0	0	MOST_HATED	0.0	0.0	0.0	0
234651	Britra_As_Poison	cycle	3	97	timer:3	0	arm	0	7000	0		0.0	0.0	0.0	0
234651	Britra_As_Poison	cycle	3	97	timer:3	1	skill	17322	0	0	MOST_HATED	0.0	0.0	0.0	0
234652	Britra_As_Poison	arm	0	7		0	arm	0	5000	0		0.0	0.0	0.0	0
234652	Britra_As_Poison	arm	0	7		1	skill	17322	0	0	MOST_HATED	0.0	0.0	0.0	0
234652	Britra_As_Poison	cycle	0	100	timer:0	0	arm	1	7000	0		0.0	0.0	0.0	0
234652	Britra_As_Poison	cycle	0	100	timer:0	1	skill	17332	0	0	MOST_HATED	0.0	0.0	0.0	0
234652	Britra_As_Poison	cycle	1	99	timer:1	0	arm	2	10000	0		0.0	0.0	0.0	0
234652	Britra_As_Poison	cycle	1	99	timer:1	1	skill	17332	0	0	MOST_HATED	0.0	0.0	0.0	0
234652	Britra_As_Poison	cycle	2	98	timer:2	0	arm	3	10000	0		0.0	0.0	0.0	0
234652	Britra_As_Poison	cycle	2	98	timer:2	1	skill	17295	0	0	MOST_HATED	0.0	0.0	0.0	0
234652	Britra_As_Poison	cycle	3	97	timer:3	0	arm	0	7000	0		0.0	0.0	0.0	0
234652	Britra_As_Poison	cycle	3	97	timer:3	1	skill	17322	0	0	MOST_HATED	0.0	0.0	0.0	0
234669	Britra_As_Poison_LowNmd	arm	0	7		0	arm	0	5000	0		0.0	0.0	0.0	0
234669	Britra_As_Poison_LowNmd	arm	0	7		1	skill	17322	0	0	MOST_HATED	0.0	0.0	0.0	0
234669	Britra_As_Poison_LowNmd	cycle	0	100	timer:0	0	arm	1	7000	0		0.0	0.0	0.0	0
234669	Britra_As_Poison_LowNmd	cycle	0	100	timer:0	1	skill	16678	0	0	MOST_HATED	0.0	0.0	0.0	0
234669	Britra_As_Poison_LowNmd	cycle	1	99	timer:1	0	arm	2	7000	0		0.0	0.0	0.0	0
234669	Britra_As_Poison_LowNmd	cycle	1	99	timer:1	1	skill	17332	0	0	MOST_HATED	0.0	0.0	0.0	0
234669	Britra_As_Poison_LowNmd	cycle	2	98	timer:2	0	arm	3	10000	0		0.0	0.0	0.0	0
234669	Britra_As_Poison_LowNmd	cycle	2	98	timer:2	1	skill	17295	0	0	MOST_HATED	0.0	0.0	0.0	0
234669	Britra_As_Poison_LowNmd	cycle	3	96	timer:3	0	arm	4	7000	0		0.0	0.0	0.0	0
234669	Britra_As_Poison_LowNmd	cycle	3	96	timer:3	1	skill	17322	0	0	MOST_HATED	0.0	0.0	0.0	0
234669	Britra_As_Poison_LowNmd	cycle	4	95	timer:4	0	arm	5	7000	0		0.0	0.0	0.0	0
234669	Britra_As_Poison_LowNmd	cycle	4	95	timer:4	1	skill	16678	0	0	MOST_HATED	0.0	0.0	0.0	0
234669	Britra_As_Poison_LowNmd	cycle	5	94	timer:5	0	arm	6	7000	0		0.0	0.0	0.0	0
234669	Britra_As_Poison_LowNmd	cycle	5	94	timer:5	1	skill	17295	0	0	MOST_HATED	0.0	0.0	0.0	0
234669	Britra_As_Poison_LowNmd	cycle	6	93	timer:6	0	arm	2	7000	0		0.0	0.0	0.0	0
234669	Britra_As_Poison_LowNmd	cycle	6	93	timer:6	1	skill	17332	0	0	MOST_HATED	0.0	0.0	0.0	0
234680	IDLDF4_Re_01_DrakanRa	arm	0	7		0	arm	0	5000	0		0.0	0.0	0.0	0
234680	IDLDF4_Re_01_DrakanRa	arm	0	7		1	arm	1	5000	0		0.0	0.0	0.0	0
234680	IDLDF4_Re_01_DrakanRa	arm	0	7		2	broadcast	40001	50	0		0.0	0.0	0.0	0
234680	IDLDF4_Re_01_DrakanRa	cycle	0	6	hp_between:51:99|timer:0	0	arm	0	10000	0		0.0	0.0	0.0	0
234680	IDLDF4_Re_01_DrakanRa	cycle	0	6	hp_between:51:99|timer:0	1	skill	16812	0	0	MOST_HATED	0.0	0.0	0.0	0
234680	IDLDF4_Re_01_DrakanRa	cycle	1	5	hp_below:49|timer:1	0	arm	2	10000	0		0.0	0.0	0.0	0
234680	IDLDF4_Re_01_DrakanRa	cycle	1	5	hp_below:49|timer:1	1	skill	16517	0	0	ME	0.0	0.0	0.0	0
234680	IDLDF4_Re_01_DrakanRa	cycle	2	4	hp_below:49|timer:2	0	arm	3	10000	0		0.0	0.0	0.0	0
234680	IDLDF4_Re_01_DrakanRa	cycle	2	4	hp_below:49|timer:2	1	skill	16812	0	0	MOST_HATED	0.0	0.0	0.0	0
234680	IDLDF4_Re_01_DrakanRa	cycle	3	3	hp_below:49|timer:3	0	arm	3	10000	0		0.0	0.0	0.0	0
234680	IDLDF4_Re_01_DrakanRa	cycle	3	3	hp_below:49|timer:3	1	skill	16812	0	0	MOST_HATED	0.0	0.0	0.0	0
234680	IDLDF4_Re_01_DrakanRa	cycle	4	2	timer:1	0	arm	1	5000	0		0.0	0.0	0.0	0
234680	IDLDF4_Re_01_DrakanRa	cycle	5	1	timer:0	0	arm	0	5000	0		0.0	0.0	0.0	0
234681	IDLDF4_Re_01_DrakanFi	arm	0	7		0	arm	0	5000	0		0.0	0.0	0.0	0
234681	IDLDF4_Re_01_DrakanFi	arm	0	7		1	arm	1	5000	0		0.0	0.0	0.0	0
234681	IDLDF4_Re_01_DrakanFi	cycle	0	6	hp_between:51:99|timer:0	0	arm	0	10000	0		0.0	0.0	0.0	0
234681	IDLDF4_Re_01_DrakanFi	cycle	0	6	hp_between:51:99|timer:0	1	skill	17294	0	0	MOST_HATED	0.0	0.0	0.0	0
234681	IDLDF4_Re_01_DrakanFi	cycle	1	5	hp_below:49|timer:1	0	arm	2	10000	0		0.0	0.0	0.0	0
234681	IDLDF4_Re_01_DrakanFi	cycle	1	5	hp_below:49|timer:1	1	skill	16519	0	0	MOST_HATED	0.0	0.0	0.0	0
234681	IDLDF4_Re_01_DrakanFi	cycle	2	4	hp_below:49|timer:2	0	arm	3	10000	0		0.0	0.0	0.0	0
234681	IDLDF4_Re_01_DrakanFi	cycle	2	4	hp_below:49|timer:2	1	skill	17294	0	0	MOST_HATED	0.0	0.0	0.0	0
234681	IDLDF4_Re_01_DrakanFi	cycle	3	3	hp_below:49|timer:3	0	arm	3	10000	0		0.0	0.0	0.0	0
234681	IDLDF4_Re_01_DrakanFi	cycle	3	3	hp_below:49|timer:3	1	skill	17294	0	0	MOST_HATED	0.0	0.0	0.0	0
234681	IDLDF4_Re_01_DrakanFi	cycle	4	2	timer:1	0	arm	1	5000	0		0.0	0.0	0.0	0
234681	IDLDF4_Re_01_DrakanFi	cycle	5	1	timer:0	0	arm	0	5000	0		0.0	0.0	0.0	0
234699	LDF4_Advance_DrakanTiamat_Pr	arm	0	7		0	arm	1	6000	0		0.0	0.0	0.0	0
234699	LDF4_Advance_DrakanTiamat_Pr	cycle	0	7	timer:1	0	arm	1	10000	0		0.0	0.0	0.0	0
234699	LDF4_Advance_DrakanTiamat_Pr	cycle	0	7	timer:1	1	skill	20517	0	0	MOST_HATED	0.0	0.0	0.0	0
234700	LDF4_Advance_DrakanTiamat_Pr	arm	0	7		0	arm	1	6000	0		0.0	0.0	0.0	0
234700	LDF4_Advance_DrakanTiamat_Pr	cycle	0	7	timer:1	0	arm	1	10000	0		0.0	0.0	0.0	0
234700	LDF4_Advance_DrakanTiamat_Pr	cycle	0	7	timer:1	1	skill	20517	0	0	MOST_HATED	0.0	0.0	0.0	0
235586	AD2_BT10st0	arm	0	1		0	arm	0	10000	0		0.0	0.0	0.0	0
235586	AD2_BT10st0	cycle	0	2	timer:0	0	arm	0	10000	0		0.0	0.0	0.0	0
235586	AD2_BT10st0	cycle	0	2	timer:0	1	skill	17558	0	0	MOST_HATED	0.0	0.0	0.0	0
235612	AD2_BT10st0	arm	0	1		0	arm	0	10000	0		0.0	0.0	0.0	0
235612	AD2_BT10st0	cycle	0	2	timer:0	0	arm	0	10000	0		0.0	0.0	0.0	0
235612	AD2_BT10st0	cycle	0	2	timer:0	1	skill	17558	0	0	MOST_HATED	0.0	0.0	0.0	0
235722	IDF5_U1_Vri_Def_Ba_65_Ae	arm	0	7		0	arm	0	10000	0		0.0	0.0	0.0	0
235722	IDF5_U1_Vri_Def_Ba_65_Ae	arm	0	7		1	skill	20960	0	0	MOST_HATED	0.0	0.0	0.0	0
235722	IDF5_U1_Vri_Def_Ba_65_Ae	cycle	0	24	timer:4	0	arm	0	10000	0		0.0	0.0	0.0	0
235722	IDF5_U1_Vri_Def_Ba_65_Ae	cycle	0	24	timer:4	1	skill	20960	0	0	MOST_HATED	0.0	0.0	0.0	0
235722	IDF5_U1_Vri_Def_Ba_65_Ae	cycle	1	23	timer:3	0	arm	4	15000	0		0.0	0.0	0.0	0
235722	IDF5_U1_Vri_Def_Ba_65_Ae	cycle	1	23	timer:3	1	skill	20714	0	0	ME	0.0	0.0	0.0	0
235722	IDF5_U1_Vri_Def_Ba_65_Ae	cycle	2	22	timer:2	0	arm	3	15000	0		0.0	0.0	0.0	0
235722	IDF5_U1_Vri_Def_Ba_65_Ae	cycle	2	22	timer:2	1	skill	20959	0	0	MOST_HATED	0.0	0.0	0.0	0
235722	IDF5_U1_Vri_Def_Ba_65_Ae	cycle	3	21	timer:1	0	arm	2	10000	0		0.0	0.0	0.0	0
235722	IDF5_U1_Vri_Def_Ba_65_Ae	cycle	3	21	timer:1	1	skill	20960	0	0	MOST_HATED	0.0	0.0	0.0	0
235722	IDF5_U1_Vri_Def_Ba_65_Ae	cycle	4	20	timer:0	0	arm	1	5000	0		0.0	0.0	0.0	0
235722	IDF5_U1_Vri_Def_Ba_65_Ae	cycle	4	20	timer:0	1	skill	20715	0	0	ME	0.0	0.0	0.0	0
235729	IDF5_U1_Vri_Def_Ba_65_Ae	arm	0	7		0	arm	0	10000	0		0.0	0.0	0.0	0
235729	IDF5_U1_Vri_Def_Ba_65_Ae	arm	0	7		1	skill	20960	0	0	MOST_HATED	0.0	0.0	0.0	0
235729	IDF5_U1_Vri_Def_Ba_65_Ae	cycle	0	24	timer:4	0	arm	0	10000	0		0.0	0.0	0.0	0
235729	IDF5_U1_Vri_Def_Ba_65_Ae	cycle	0	24	timer:4	1	skill	20960	0	0	MOST_HATED	0.0	0.0	0.0	0
235729	IDF5_U1_Vri_Def_Ba_65_Ae	cycle	1	23	timer:3	0	arm	4	15000	0		0.0	0.0	0.0	0
235729	IDF5_U1_Vri_Def_Ba_65_Ae	cycle	1	23	timer:3	1	skill	20714	0	0	ME	0.0	0.0	0.0	0
235729	IDF5_U1_Vri_Def_Ba_65_Ae	cycle	2	22	timer:2	0	arm	3	15000	0		0.0	0.0	0.0	0
235729	IDF5_U1_Vri_Def_Ba_65_Ae	cycle	2	22	timer:2	1	skill	20959	0	0	MOST_HATED	0.0	0.0	0.0	0
235729	IDF5_U1_Vri_Def_Ba_65_Ae	cycle	3	21	timer:1	0	arm	2	10000	0		0.0	0.0	0.0	0
235729	IDF5_U1_Vri_Def_Ba_65_Ae	cycle	3	21	timer:1	1	skill	20960	0	0	MOST_HATED	0.0	0.0	0.0	0
235729	IDF5_U1_Vri_Def_Ba_65_Ae	cycle	4	20	timer:0	0	arm	1	5000	0		0.0	0.0	0.0	0
235729	IDF5_U1_Vri_Def_Ba_65_Ae	cycle	4	20	timer:0	1	skill	20715	0	0	ME	0.0	0.0	0.0	0
235736	IDF5_U1_Vri_Def_Ba_65_Ae	arm	0	7		0	arm	0	10000	0		0.0	0.0	0.0	0
235736	IDF5_U1_Vri_Def_Ba_65_Ae	arm	0	7		1	skill	20960	0	0	MOST_HATED	0.0	0.0	0.0	0
235736	IDF5_U1_Vri_Def_Ba_65_Ae	cycle	0	24	timer:4	0	arm	0	10000	0		0.0	0.0	0.0	0
235736	IDF5_U1_Vri_Def_Ba_65_Ae	cycle	0	24	timer:4	1	skill	20960	0	0	MOST_HATED	0.0	0.0	0.0	0
235736	IDF5_U1_Vri_Def_Ba_65_Ae	cycle	1	23	timer:3	0	arm	4	15000	0		0.0	0.0	0.0	0
235736	IDF5_U1_Vri_Def_Ba_65_Ae	cycle	1	23	timer:3	1	skill	20714	0	0	ME	0.0	0.0	0.0	0
235736	IDF5_U1_Vri_Def_Ba_65_Ae	cycle	2	22	timer:2	0	arm	3	15000	0		0.0	0.0	0.0	0
235736	IDF5_U1_Vri_Def_Ba_65_Ae	cycle	2	22	timer:2	1	skill	20959	0	0	MOST_HATED	0.0	0.0	0.0	0
235736	IDF5_U1_Vri_Def_Ba_65_Ae	cycle	3	21	timer:1	0	arm	2	10000	0		0.0	0.0	0.0	0
235736	IDF5_U1_Vri_Def_Ba_65_Ae	cycle	3	21	timer:1	1	skill	20960	0	0	MOST_HATED	0.0	0.0	0.0	0
235736	IDF5_U1_Vri_Def_Ba_65_Ae	cycle	4	20	timer:0	0	arm	1	5000	0		0.0	0.0	0.0	0
235736	IDF5_U1_Vri_Def_Ba_65_Ae	cycle	4	20	timer:0	1	skill	20715	0	0	ME	0.0	0.0	0.0	0
235743	IDF5_U1_Vri_Def_Ba_65_Ae	arm	0	7		0	arm	0	10000	0		0.0	0.0	0.0	0
235743	IDF5_U1_Vri_Def_Ba_65_Ae	arm	0	7		1	skill	20960	0	0	MOST_HATED	0.0	0.0	0.0	0
235743	IDF5_U1_Vri_Def_Ba_65_Ae	cycle	0	24	timer:4	0	arm	0	10000	0		0.0	0.0	0.0	0
235743	IDF5_U1_Vri_Def_Ba_65_Ae	cycle	0	24	timer:4	1	skill	20960	0	0	MOST_HATED	0.0	0.0	0.0	0
235743	IDF5_U1_Vri_Def_Ba_65_Ae	cycle	1	23	timer:3	0	arm	4	15000	0		0.0	0.0	0.0	0
235743	IDF5_U1_Vri_Def_Ba_65_Ae	cycle	1	23	timer:3	1	skill	20714	0	0	ME	0.0	0.0	0.0	0
235743	IDF5_U1_Vri_Def_Ba_65_Ae	cycle	2	22	timer:2	0	arm	3	15000	0		0.0	0.0	0.0	0
235743	IDF5_U1_Vri_Def_Ba_65_Ae	cycle	2	22	timer:2	1	skill	20959	0	0	MOST_HATED	0.0	0.0	0.0	0
235743	IDF5_U1_Vri_Def_Ba_65_Ae	cycle	3	21	timer:1	0	arm	2	10000	0		0.0	0.0	0.0	0
235743	IDF5_U1_Vri_Def_Ba_65_Ae	cycle	3	21	timer:1	1	skill	20960	0	0	MOST_HATED	0.0	0.0	0.0	0
235743	IDF5_U1_Vri_Def_Ba_65_Ae	cycle	4	20	timer:0	0	arm	1	5000	0		0.0	0.0	0.0	0
235743	IDF5_U1_Vri_Def_Ba_65_Ae	cycle	4	20	timer:0	1	skill	20715	0	0	ME	0.0	0.0	0.0	0
235750	BIDF5_U01_Monster_03	arm	0	7		0	arm	0	10000	0		0.0	0.0	0.0	0
235750	BIDF5_U01_Monster_03	arm	0	7		1	skill	20960	0	0	MOST_HATED	0.0	0.0	0.0	0
235750	BIDF5_U01_Monster_03	cycle	0	24	timer:4	0	arm	0	10000	0		0.0	0.0	0.0	0
235750	BIDF5_U01_Monster_03	cycle	0	24	timer:4	1	skill	20960	0	0	MOST_HATED	0.0	0.0	0.0	0
235750	BIDF5_U01_Monster_03	cycle	1	23	timer:3	0	arm	4	15000	0		0.0	0.0	0.0	0
235750	BIDF5_U01_Monster_03	cycle	1	23	timer:3	1	skill	20714	0	0	ME	0.0	0.0	0.0	0
235750	BIDF5_U01_Monster_03	cycle	2	22	timer:2	0	arm	3	15000	0		0.0	0.0	0.0	0
235750	BIDF5_U01_Monster_03	cycle	2	22	timer:2	1	skill	20959	0	0	MOST_HATED	0.0	0.0	0.0	0
235750	BIDF5_U01_Monster_03	cycle	3	21	timer:1	0	arm	2	10000	0		0.0	0.0	0.0	0
235750	BIDF5_U01_Monster_03	cycle	3	21	timer:1	1	skill	20960	0	0	MOST_HATED	0.0	0.0	0.0	0
235750	BIDF5_U01_Monster_03	cycle	4	20	timer:0	0	arm	1	5000	0		0.0	0.0	0.0	0
235750	BIDF5_U01_Monster_03	cycle	4	20	timer:0	1	skill	20715	0	0	ME	0.0	0.0	0.0	0
235838	LF5_NewSpecies_Sum_KJS	arm	0	90		0	arm	0	7000	0		0.0	0.0	0.0	0
235838	LF5_NewSpecies_Sum_KJS	cycle	0	20	timer:0	0	arm	0	7000	0		0.0	0.0	0.0	0
235838	LF5_NewSpecies_Sum_KJS	cycle	0	20	timer:0	1	skill	21300	0	0	MOST_HATED	0.0	0.0	0.0	0
235844	LF5_NewSpecies_Sum_KJS	arm	0	90		0	arm	0	7000	0		0.0	0.0	0.0	0
235844	LF5_NewSpecies_Sum_KJS	cycle	0	20	timer:0	0	arm	0	7000	0		0.0	0.0	0.0	0
235844	LF5_NewSpecies_Sum_KJS	cycle	0	20	timer:0	1	skill	17247	0	0	MOST_HATED	0.0	0.0	0.0	0
235850	LF5_NewSpecies_Sum_KJS	arm	0	90		0	arm	0	7000	0		0.0	0.0	0.0	0
235850	LF5_NewSpecies_Sum_KJS	cycle	0	20	timer:0	0	arm	0	7000	0		0.0	0.0	0.0	0
235850	LF5_NewSpecies_Sum_KJS	cycle	0	20	timer:0	1	skill	17247	0	0	MOST_HATED	0.0	0.0	0.0	0
235872	AD2_BT10st0	arm	0	1		0	arm	0	10000	0		0.0	0.0	0.0	0
235872	AD2_BT10st0	cycle	0	2	timer:0	0	arm	0	10000	0		0.0	0.0	0.0	0
235872	AD2_BT10st0	cycle	0	2	timer:0	1	skill	17558	0	0	MOST_HATED	0.0	0.0	0.0	0
235880	AD2_BT10st0	arm	0	1		0	arm	0	10000	0		0.0	0.0	0.0	0
235880	AD2_BT10st0	cycle	0	2	timer:0	0	arm	0	10000	0		0.0	0.0	0.0	0
235880	AD2_BT10st0	cycle	0	2	timer:0	1	skill	17558	0	0	MOST_HATED	0.0	0.0	0.0	0
235970	TiamatDown_TiamatAgent	arm	0	3		0	sysmsg	1401459	0	0		0.0	0.0	0.0	0
235970	TiamatDown_TiamatAgent	arm	0	3		1	skill	20651	0	0	ME	0.0	0.0	0.0	0
235970	TiamatDown_TiamatAgent	arm	0	3		2	arm	0	25000	0		0.0	0.0	0.0	0
235970	TiamatDown_TiamatAgent	arm	0	3		3	arm	1	11000	0		0.0	0.0	0.0	0
235970	TiamatDown_TiamatAgent	cycle	0	2	timer:0	0	arm	0	25000	0		0.0	0.0	0.0	0
235970	TiamatDown_TiamatAgent	cycle	0	2	timer:0	1	skill	20649	0	0	ME	0.0	0.0	0.0	0
235970	TiamatDown_TiamatAgent	cycle	1	1	timer:1	0	arm	1	15000	0		0.0	0.0	0.0	0
235970	TiamatDown_TiamatAgent	cycle	1	1	timer:1	1	skill	20650	0	0	ME	0.0	0.0	0.0	0
235978	IDF5_U1_Vri_Def_Ba_65_Ae	arm	0	7		0	arm	0	10000	0		0.0	0.0	0.0	0
235978	IDF5_U1_Vri_Def_Ba_65_Ae	arm	0	7		1	skill	20960	0	0	MOST_HATED	0.0	0.0	0.0	0
235978	IDF5_U1_Vri_Def_Ba_65_Ae	cycle	0	24	timer:4	0	arm	0	10000	0		0.0	0.0	0.0	0
235978	IDF5_U1_Vri_Def_Ba_65_Ae	cycle	0	24	timer:4	1	skill	20960	0	0	MOST_HATED	0.0	0.0	0.0	0
235978	IDF5_U1_Vri_Def_Ba_65_Ae	cycle	1	23	timer:3	0	arm	4	15000	0		0.0	0.0	0.0	0
235978	IDF5_U1_Vri_Def_Ba_65_Ae	cycle	1	23	timer:3	1	skill	20714	0	0	ME	0.0	0.0	0.0	0
235978	IDF5_U1_Vri_Def_Ba_65_Ae	cycle	2	22	timer:2	0	arm	3	15000	0		0.0	0.0	0.0	0
235978	IDF5_U1_Vri_Def_Ba_65_Ae	cycle	2	22	timer:2	1	skill	20959	0	0	MOST_HATED	0.0	0.0	0.0	0
235978	IDF5_U1_Vri_Def_Ba_65_Ae	cycle	3	21	timer:1	0	arm	2	10000	0		0.0	0.0	0.0	0
235978	IDF5_U1_Vri_Def_Ba_65_Ae	cycle	3	21	timer:1	1	skill	20960	0	0	MOST_HATED	0.0	0.0	0.0	0
235978	IDF5_U1_Vri_Def_Ba_65_Ae	cycle	4	20	timer:0	0	arm	1	5000	0		0.0	0.0	0.0	0
235978	IDF5_U1_Vri_Def_Ba_65_Ae	cycle	4	20	timer:0	1	skill	20715	0	0	ME	0.0	0.0	0.0	0
235985	IDF5_U1_Vri_Def_Ba_65_Ae	arm	0	7		0	arm	0	10000	0		0.0	0.0	0.0	0
235985	IDF5_U1_Vri_Def_Ba_65_Ae	arm	0	7		1	skill	20960	0	0	MOST_HATED	0.0	0.0	0.0	0
235985	IDF5_U1_Vri_Def_Ba_65_Ae	cycle	0	24	timer:4	0	arm	0	10000	0		0.0	0.0	0.0	0
235985	IDF5_U1_Vri_Def_Ba_65_Ae	cycle	0	24	timer:4	1	skill	20960	0	0	MOST_HATED	0.0	0.0	0.0	0
235985	IDF5_U1_Vri_Def_Ba_65_Ae	cycle	1	23	timer:3	0	arm	4	15000	0		0.0	0.0	0.0	0
235985	IDF5_U1_Vri_Def_Ba_65_Ae	cycle	1	23	timer:3	1	skill	20714	0	0	ME	0.0	0.0	0.0	0
235985	IDF5_U1_Vri_Def_Ba_65_Ae	cycle	2	22	timer:2	0	arm	3	15000	0		0.0	0.0	0.0	0
235985	IDF5_U1_Vri_Def_Ba_65_Ae	cycle	2	22	timer:2	1	skill	20959	0	0	MOST_HATED	0.0	0.0	0.0	0
235985	IDF5_U1_Vri_Def_Ba_65_Ae	cycle	3	21	timer:1	0	arm	2	10000	0		0.0	0.0	0.0	0
235985	IDF5_U1_Vri_Def_Ba_65_Ae	cycle	3	21	timer:1	1	skill	20960	0	0	MOST_HATED	0.0	0.0	0.0	0
235985	IDF5_U1_Vri_Def_Ba_65_Ae	cycle	4	20	timer:0	0	arm	1	5000	0		0.0	0.0	0.0	0
235985	IDF5_U1_Vri_Def_Ba_65_Ae	cycle	4	20	timer:0	1	skill	20715	0	0	ME	0.0	0.0	0.0	0
235992	IDF5_U1_Vri_Def_Ba_65_Ae	arm	0	7		0	arm	0	10000	0		0.0	0.0	0.0	0
235992	IDF5_U1_Vri_Def_Ba_65_Ae	arm	0	7		1	skill	20960	0	0	MOST_HATED	0.0	0.0	0.0	0
235992	IDF5_U1_Vri_Def_Ba_65_Ae	cycle	0	24	timer:4	0	arm	0	10000	0		0.0	0.0	0.0	0
235992	IDF5_U1_Vri_Def_Ba_65_Ae	cycle	0	24	timer:4	1	skill	20960	0	0	MOST_HATED	0.0	0.0	0.0	0
235992	IDF5_U1_Vri_Def_Ba_65_Ae	cycle	1	23	timer:3	0	arm	4	15000	0		0.0	0.0	0.0	0
235992	IDF5_U1_Vri_Def_Ba_65_Ae	cycle	1	23	timer:3	1	skill	20714	0	0	ME	0.0	0.0	0.0	0
235992	IDF5_U1_Vri_Def_Ba_65_Ae	cycle	2	22	timer:2	0	arm	3	15000	0		0.0	0.0	0.0	0
235992	IDF5_U1_Vri_Def_Ba_65_Ae	cycle	2	22	timer:2	1	skill	20959	0	0	MOST_HATED	0.0	0.0	0.0	0
235992	IDF5_U1_Vri_Def_Ba_65_Ae	cycle	3	21	timer:1	0	arm	2	10000	0		0.0	0.0	0.0	0
235992	IDF5_U1_Vri_Def_Ba_65_Ae	cycle	3	21	timer:1	1	skill	20960	0	0	MOST_HATED	0.0	0.0	0.0	0
235992	IDF5_U1_Vri_Def_Ba_65_Ae	cycle	4	20	timer:0	0	arm	1	5000	0		0.0	0.0	0.0	0
235992	IDF5_U1_Vri_Def_Ba_65_Ae	cycle	4	20	timer:0	1	skill	20715	0	0	ME	0.0	0.0	0.0	0
235999	IDF5_U1_Vri_Def_Ba_65_Ae	arm	0	7		0	arm	0	10000	0		0.0	0.0	0.0	0
235999	IDF5_U1_Vri_Def_Ba_65_Ae	arm	0	7		1	skill	20960	0	0	MOST_HATED	0.0	0.0	0.0	0
235999	IDF5_U1_Vri_Def_Ba_65_Ae	cycle	0	24	timer:4	0	arm	0	10000	0		0.0	0.0	0.0	0
235999	IDF5_U1_Vri_Def_Ba_65_Ae	cycle	0	24	timer:4	1	skill	20960	0	0	MOST_HATED	0.0	0.0	0.0	0
235999	IDF5_U1_Vri_Def_Ba_65_Ae	cycle	1	23	timer:3	0	arm	4	15000	0		0.0	0.0	0.0	0
235999	IDF5_U1_Vri_Def_Ba_65_Ae	cycle	1	23	timer:3	1	skill	20714	0	0	ME	0.0	0.0	0.0	0
235999	IDF5_U1_Vri_Def_Ba_65_Ae	cycle	2	22	timer:2	0	arm	3	15000	0		0.0	0.0	0.0	0
235999	IDF5_U1_Vri_Def_Ba_65_Ae	cycle	2	22	timer:2	1	skill	20959	0	0	MOST_HATED	0.0	0.0	0.0	0
235999	IDF5_U1_Vri_Def_Ba_65_Ae	cycle	3	21	timer:1	0	arm	2	10000	0		0.0	0.0	0.0	0
235999	IDF5_U1_Vri_Def_Ba_65_Ae	cycle	3	21	timer:1	1	skill	20960	0	0	MOST_HATED	0.0	0.0	0.0	0
235999	IDF5_U1_Vri_Def_Ba_65_Ae	cycle	4	20	timer:0	0	arm	1	5000	0		0.0	0.0	0.0	0
235999	IDF5_U1_Vri_Def_Ba_65_Ae	cycle	4	20	timer:0	1	skill	20715	0	0	ME	0.0	0.0	0.0	0
236007	Britra_As_Poison	arm	0	7		0	arm	0	5000	0		0.0	0.0	0.0	0
236007	Britra_As_Poison	arm	0	7		1	skill	17322	0	0	MOST_HATED	0.0	0.0	0.0	0
236007	Britra_As_Poison	cycle	0	100	timer:0	0	arm	1	7000	0		0.0	0.0	0.0	0
236007	Britra_As_Poison	cycle	0	100	timer:0	1	skill	17332	0	0	MOST_HATED	0.0	0.0	0.0	0
236007	Britra_As_Poison	cycle	1	99	timer:1	0	arm	2	10000	0		0.0	0.0	0.0	0
236007	Britra_As_Poison	cycle	1	99	timer:1	1	skill	17332	0	0	MOST_HATED	0.0	0.0	0.0	0
236007	Britra_As_Poison	cycle	2	98	timer:2	0	arm	3	10000	0		0.0	0.0	0.0	0
236007	Britra_As_Poison	cycle	2	98	timer:2	1	skill	17295	0	0	MOST_HATED	0.0	0.0	0.0	0
236007	Britra_As_Poison	cycle	3	97	timer:3	0	arm	0	7000	0		0.0	0.0	0.0	0
236007	Britra_As_Poison	cycle	3	97	timer:3	1	skill	17322	0	0	MOST_HATED	0.0	0.0	0.0	0
236008	Britra_Table	arm	0	7		0	arm	0	7000	0		0.0	0.0	0.0	0
236008	Britra_Table	arm	0	7		1	skill	17294	0	0	MOST_HATED	0.0	0.0	0.0	0
236008	Britra_Table	cycle	0	100	timer:0	0	arm	1	10000	0		0.0	0.0	0.0	0
236008	Britra_Table	cycle	0	100	timer:0	1	skill	17295	0	0	MOST_HATED	0.0	0.0	0.0	0
236008	Britra_Table	cycle	1	99	timer:1	0	arm	0	7000	0		0.0	0.0	0.0	0
236008	Britra_Table	cycle	1	99	timer:1	1	skill	17294	0	0	MOST_HATED	0.0	0.0	0.0	0
236085	IDTiamat_S1_NobleDrakanFi_60_Ae	arm	0	3		0	arm	0	6000	0		0.0	0.0	0.0	0
236085	IDTiamat_S1_NobleDrakanFi_60_Ae	arm	0	3		1	arm	1	15000	0		0.0	0.0	0.0	0
236085	IDTiamat_S1_NobleDrakanFi_60_Ae	arm	0	3		2	skill	20897	0	0	ME	0.0	0.0	0.0	0
236085	IDTiamat_S1_NobleDrakanFi_60_Ae	cycle	0	2	timer:0	0	arm	0	15000	0		0.0	0.0	0.0	0
236085	IDTiamat_S1_NobleDrakanFi_60_Ae	cycle	0	2	timer:0	1	skill	20504	0	0	MOST_HATED	0.0	0.0	0.0	0
236085	IDTiamat_S1_NobleDrakanFi_60_Ae	cycle	0	2	timer:0	2	skill	20898	0	0	ME	0.0	0.0	0.0	0
236085	IDTiamat_S1_NobleDrakanFi_60_Ae	cycle	1	1	timer:1	0	arm	1	25000	0		0.0	0.0	0.0	0
236085	IDTiamat_S1_NobleDrakanFi_60_Ae	cycle	1	1	timer:1	1	skill	20505	0	0	ME	0.0	0.0	0.0	0
236085	IDTiamat_S1_NobleDrakanFi_60_Ae	cycle	1	1	timer:1	2	skill	20506	0	0	ME	0.0	0.0	0.0	0
236085	IDTiamat_S1_NobleDrakanFi_60_Ae	cycle	1	1	timer:1	3	skill	20507	0	0	ME	0.0	0.0	0.0	0
236085	IDTiamat_S1_NobleDrakanFi_60_Ae	cycle	1	1	timer:1	4	skill	20507	0	0	ME	0.0	0.0	0.0	0
236098	AD2_BT10st0	arm	0	1		0	arm	0	10000	0		0.0	0.0	0.0	0
236098	AD2_BT10st0	cycle	0	2	timer:0	0	arm	0	10000	0		0.0	0.0	0.0	0
236098	AD2_BT10st0	cycle	0	2	timer:0	1	skill	17558	0	0	MOST_HATED	0.0	0.0	0.0	0
236229	IDSeal_Immortal_Lv2	arm	0	10		0	arm	0	3000	0		0.0	0.0	0.0	0
236229	IDSeal_Immortal_Lv2	arm	0	10		1	var	2	0	0	IMMORTAL	0.0	0.0	0.0	0
236229	IDSeal_Immortal_Lv2	cycle	0	7	timer:0	0	broadcast	22744	100	0		0.0	0.0	0.0	0
236255	LF5_Quest_Nmd_Fi_HpDrain	arm	0	100		0	arm	0	5000	0		0.0	0.0	0.0	0
236255	LF5_Quest_Nmd_Fi_HpDrain	arm	0	100		1	say	349776	0	0		0.0	0.0	0.0	0
236255	LF5_Quest_Nmd_Fi_HpDrain	cycle	0	10	timer:0	0	arm	1	7000	0		0.0	0.0	0.0	0
236255	LF5_Quest_Nmd_Fi_HpDrain	cycle	0	10	timer:0	1	skill	17294	0	0	MOST_HATED	0.0	0.0	0.0	0
236255	LF5_Quest_Nmd_Fi_HpDrain	cycle	1	9	timer:1	0	arm	2	10000	0		0.0	0.0	0.0	0
236255	LF5_Quest_Nmd_Fi_HpDrain	cycle	1	9	timer:1	1	skill	17294	0	0	MOST_HATED	0.0	0.0	0.0	0
236255	LF5_Quest_Nmd_Fi_HpDrain	cycle	2	8	timer:2	0	arm	0	7000	0		0.0	0.0	0.0	0
236255	LF5_Quest_Nmd_Fi_HpDrain	cycle	2	8	timer:2	1	skill	17294	0	0	MOST_HATED	0.0	0.0	0.0	0
236258	Britra_Fi_HpDrain	arm	0	7		0	arm	0	7000	0		0.0	0.0	0.0	0
236258	Britra_Fi_HpDrain	arm	0	7		1	skill	16517	0	0	ME	0.0	0.0	0.0	0
236258	Britra_Fi_HpDrain	cycle	0	100	timer:0	0	arm	1	10000	0		0.0	0.0	0.0	0
236258	Britra_Fi_HpDrain	cycle	0	100	timer:0	1	skill	20703	0	0	MOST_HATED	0.0	0.0	0.0	0
236258	Britra_Fi_HpDrain	cycle	1	99	timer:1	0	arm	2	7000	0		0.0	0.0	0.0	0
236258	Britra_Fi_HpDrain	cycle	1	99	timer:1	1	skill	17294	0	0	MOST_HATED	0.0	0.0	0.0	0
236258	Britra_Fi_HpDrain	cycle	2	98	timer:2	0	arm	3	10000	0		0.0	0.0	0.0	0
236258	Britra_Fi_HpDrain	cycle	2	98	timer:2	1	skill	17294	0	0	MOST_HATED	0.0	0.0	0.0	0
236258	Britra_Fi_HpDrain	cycle	3	97	timer:3	0	arm	4	7000	0		0.0	0.0	0.0	0
236258	Britra_Fi_HpDrain	cycle	3	97	timer:3	1	skill	17294	0	0	MOST_HATED	0.0	0.0	0.0	0
236258	Britra_Fi_HpDrain	cycle	4	96	timer:4	0	arm	5	15000	0		0.0	0.0	0.0	0
236258	Britra_Fi_HpDrain	cycle	4	96	timer:4	1	skill	20703	0	0	MOST_HATED	0.0	0.0	0.0	0
236258	Britra_Fi_HpDrain	cycle	5	95	timer:5	0	arm	6	7000	0		0.0	0.0	0.0	0
236258	Britra_Fi_HpDrain	cycle	5	95	timer:5	1	skill	17294	0	0	MOST_HATED	0.0	0.0	0.0	0
236258	Britra_Fi_HpDrain	cycle	6	94	timer:6	0	arm	2	15000	0		0.0	0.0	0.0	0
236258	Britra_Fi_HpDrain	cycle	6	94	timer:6	1	skill	20703	0	0	MOST_HATED	0.0	0.0	0.0	0
236259	LF5_Quest_Nmd_Strike_Wi	arm	0	7		0	arm	0	10000	0		0.0	0.0	0.0	0
236259	LF5_Quest_Nmd_Strike_Wi	arm	0	7		1	skill	21287	0	0	MOST_HATED	0.0	0.0	0.0	0
236259	LF5_Quest_Nmd_Strike_Wi	cycle	0	7	timer:0	0	arm	1	7000	0		0.0	0.0	0.0	0
236259	LF5_Quest_Nmd_Strike_Wi	cycle	0	7	timer:0	1	skill	17335	0	0	MOST_HATED	0.0	0.0	0.0	0
236259	LF5_Quest_Nmd_Strike_Wi	cycle	1	7	timer:1	0	arm	0	7000	0		0.0	0.0	0.0	0
236259	LF5_Quest_Nmd_Strike_Wi	cycle	1	7	timer:1	1	skill	21287	0	0	MOST_HATED	0.0	0.0	0.0	0
236260	Britra_As_Poison_LowNmd	arm	0	7		0	arm	0	5000	0		0.0	0.0	0.0	0
236260	Britra_As_Poison_LowNmd	arm	0	7		1	skill	17322	0	0	MOST_HATED	0.0	0.0	0.0	0
236260	Britra_As_Poison_LowNmd	cycle	0	100	timer:0	0	arm	1	7000	0		0.0	0.0	0.0	0
236260	Britra_As_Poison_LowNmd	cycle	0	100	timer:0	1	skill	16678	0	0	MOST_HATED	0.0	0.0	0.0	0
236260	Britra_As_Poison_LowNmd	cycle	1	99	timer:1	0	arm	2	7000	0		0.0	0.0	0.0	0
236260	Britra_As_Poison_LowNmd	cycle	1	99	timer:1	1	skill	17332	0	0	MOST_HATED	0.0	0.0	0.0	0
236260	Britra_As_Poison_LowNmd	cycle	2	98	timer:2	0	arm	3	10000	0		0.0	0.0	0.0	0
236260	Britra_As_Poison_LowNmd	cycle	2	98	timer:2	1	skill	17295	0	0	MOST_HATED	0.0	0.0	0.0	0
236260	Britra_As_Poison_LowNmd	cycle	3	96	timer:3	0	arm	4	7000	0		0.0	0.0	0.0	0
236260	Britra_As_Poison_LowNmd	cycle	3	96	timer:3	1	skill	17322	0	0	MOST_HATED	0.0	0.0	0.0	0
236260	Britra_As_Poison_LowNmd	cycle	4	95	timer:4	0	arm	5	7000	0		0.0	0.0	0.0	0
236260	Britra_As_Poison_LowNmd	cycle	4	95	timer:4	1	skill	16678	0	0	MOST_HATED	0.0	0.0	0.0	0
236260	Britra_As_Poison_LowNmd	cycle	5	94	timer:5	0	arm	6	7000	0		0.0	0.0	0.0	0
236260	Britra_As_Poison_LowNmd	cycle	5	94	timer:5	1	skill	17295	0	0	MOST_HATED	0.0	0.0	0.0	0
236260	Britra_As_Poison_LowNmd	cycle	6	93	timer:6	0	arm	2	7000	0		0.0	0.0	0.0	0
236260	Britra_As_Poison_LowNmd	cycle	6	93	timer:6	1	skill	17332	0	0	MOST_HATED	0.0	0.0	0.0	0
236263	Britra_Fi_HpDrain	arm	0	7		0	arm	0	7000	0		0.0	0.0	0.0	0
236263	Britra_Fi_HpDrain	arm	0	7		1	skill	16517	0	0	ME	0.0	0.0	0.0	0
236263	Britra_Fi_HpDrain	cycle	0	100	timer:0	0	arm	1	10000	0		0.0	0.0	0.0	0
236263	Britra_Fi_HpDrain	cycle	0	100	timer:0	1	skill	20703	0	0	MOST_HATED	0.0	0.0	0.0	0
236263	Britra_Fi_HpDrain	cycle	1	99	timer:1	0	arm	2	7000	0		0.0	0.0	0.0	0
236263	Britra_Fi_HpDrain	cycle	1	99	timer:1	1	skill	17294	0	0	MOST_HATED	0.0	0.0	0.0	0
236263	Britra_Fi_HpDrain	cycle	2	98	timer:2	0	arm	3	10000	0		0.0	0.0	0.0	0
236263	Britra_Fi_HpDrain	cycle	2	98	timer:2	1	skill	17294	0	0	MOST_HATED	0.0	0.0	0.0	0
236263	Britra_Fi_HpDrain	cycle	3	97	timer:3	0	arm	4	7000	0		0.0	0.0	0.0	0
236263	Britra_Fi_HpDrain	cycle	3	97	timer:3	1	skill	17294	0	0	MOST_HATED	0.0	0.0	0.0	0
236263	Britra_Fi_HpDrain	cycle	4	96	timer:4	0	arm	5	15000	0		0.0	0.0	0.0	0
236263	Britra_Fi_HpDrain	cycle	4	96	timer:4	1	skill	20703	0	0	MOST_HATED	0.0	0.0	0.0	0
236263	Britra_Fi_HpDrain	cycle	5	95	timer:5	0	arm	6	7000	0		0.0	0.0	0.0	0
236263	Britra_Fi_HpDrain	cycle	5	95	timer:5	1	skill	17294	0	0	MOST_HATED	0.0	0.0	0.0	0
236263	Britra_Fi_HpDrain	cycle	6	94	timer:6	0	arm	2	15000	0		0.0	0.0	0.0	0
236263	Britra_Fi_HpDrain	cycle	6	94	timer:6	1	skill	20703	0	0	MOST_HATED	0.0	0.0	0.0	0
236266	LF5_Quest_Nmd_Oritsa_Fi	arm	0	7		0	arm	0	10000	0		0.0	0.0	0.0	0
236266	LF5_Quest_Nmd_Oritsa_Fi	arm	0	7		1	skill	21630	0	0	MOST_HATED	0.0	0.0	0.0	0
236266	LF5_Quest_Nmd_Oritsa_Fi	cycle	0	7	timer:0	0	arm	1	7000	0		0.0	0.0	0.0	0
236266	LF5_Quest_Nmd_Oritsa_Fi	cycle	0	7	timer:0	1	skill	21632	0	0	MOST_HATED	0.0	0.0	0.0	0
236266	LF5_Quest_Nmd_Oritsa_Fi	cycle	1	7	timer:1	0	arm	0	7000	0		0.0	0.0	0.0	0
236266	LF5_Quest_Nmd_Oritsa_Fi	cycle	1	7	timer:1	1	skill	21630	0	0	MOST_HATED	0.0	0.0	0.0	0
236267	IDYun_Temp_31	arm	0	3		0	arm	0	6000	0		0.0	0.0	0.0	0
236267	IDYun_Temp_31	arm	0	3		1	arm	1	15000	0		0.0	0.0	0.0	0
236267	IDYun_Temp_31	cycle	0	1	timer:0	0	skill	19914	0	0	ME	0.0	0.0	0.0	0
236268	IDYun_Temp_32	arm	0	3		0	arm	0	6000	0		0.0	0.0	0.0	0
236268	IDYun_Temp_32	arm	0	3		1	arm	1	15000	0		0.0	0.0	0.0	0
236268	IDYun_Temp_32	cycle	0	2	timer:0	0	skill	19912	0	0	ME	0.0	0.0	0.0	0
236268	IDYun_Temp_32	cycle	0	2	timer:0	1	arm	0	8000	0		0.0	0.0	0.0	0
236268	IDYun_Temp_32	cycle	1	1	timer:1	0	skill	19914	0	0	ME	0.0	0.0	0.0	0
236268	IDYun_Temp_32	cycle	1	1	timer:1	1	arm	1	25000	0		0.0	0.0	0.0	0
236270	IDYun_Drakan_ND4	arm	0	3		0	arm	0	6000	0		0.0	0.0	0.0	0
236270	IDYun_Drakan_ND4	arm	0	3		1	arm	1	15000	0		0.0	0.0	0.0	0
236270	IDYun_Drakan_ND4	cycle	0	2	timer:0	0	skill	19912	0	0	ME	0.0	0.0	0.0	0
236270	IDYun_Drakan_ND4	cycle	0	2	timer:0	1	arm	0	8000	0		0.0	0.0	0.0	0
236270	IDYun_Drakan_ND4	cycle	1	1	timer:1	0	skill	19914	0	0	ME	0.0	0.0	0.0	0
236270	IDYun_Drakan_ND4	cycle	1	1	timer:1	1	arm	1	25000	0		0.0	0.0	0.0	0
236273	LF5_Quest_Nmd_Oritsa_Fi	arm	0	7		0	arm	0	10000	0		0.0	0.0	0.0	0
236273	LF5_Quest_Nmd_Oritsa_Fi	arm	0	7		1	skill	21630	0	0	MOST_HATED	0.0	0.0	0.0	0
236273	LF5_Quest_Nmd_Oritsa_Fi	cycle	0	7	timer:0	0	arm	1	7000	0		0.0	0.0	0.0	0
236273	LF5_Quest_Nmd_Oritsa_Fi	cycle	0	7	timer:0	1	skill	21632	0	0	MOST_HATED	0.0	0.0	0.0	0
236273	LF5_Quest_Nmd_Oritsa_Fi	cycle	1	7	timer:1	0	arm	0	7000	0		0.0	0.0	0.0	0
236273	LF5_Quest_Nmd_Oritsa_Fi	cycle	1	7	timer:1	1	skill	21630	0	0	MOST_HATED	0.0	0.0	0.0	0
236282	IDYun_Drakan_ND1	arm	0	2		0	arm	0	6000	0		0.0	0.0	0.0	0
236282	IDYun_Drakan_ND1	cycle	0	1	timer:0	0	skill	19912	0	0	MOST_HATED	0.0	0.0	0.0	0
236282	IDYun_Drakan_ND1	cycle	0	1	timer:0	1	arm	0	8000	0		0.0	0.0	0.0	0
236286	IDYun_Temp_26	arm	0	2		0	arm	0	3000	0		0.0	0.0	0.0	0
236286	IDYun_Temp_26	cycle	0	1	timer:0	0	skill	19913	0	0	ME	0.0	0.0	0.0	0
236286	IDYun_Temp_26	cycle	0	1	timer:0	1	arm	0	3000	0		0.0	0.0	0.0	0
236289	IDYun_Drakan_ND1	arm	0	2		0	arm	0	6000	0		0.0	0.0	0.0	0
236289	IDYun_Drakan_ND1	cycle	0	1	timer:0	0	skill	19912	0	0	MOST_HATED	0.0	0.0	0.0	0
236289	IDYun_Drakan_ND1	cycle	0	1	timer:0	1	arm	0	8000	0		0.0	0.0	0.0	0
236293	IDYun_Temp_26	arm	0	2		0	arm	0	3000	0		0.0	0.0	0.0	0
236293	IDYun_Temp_26	cycle	0	1	timer:0	0	skill	19913	0	0	ME	0.0	0.0	0.0	0
236293	IDYun_Temp_26	cycle	0	1	timer:0	1	arm	0	3000	0		0.0	0.0	0.0	0
236424	F4_Rotation_Force_Monster	arm	0	7		0	arm	0	8000	0		0.0	0.0	0.0	0
236424	F4_Rotation_Force_Monster	arm	0	7		1	skill	16669	0	0	ME	0.0	0.0	0.0	0
236424	F4_Rotation_Force_Monster	cycle	0	12	timer:5|hp_below:49	0	arm	0	10000	0		0.0	0.0	0.0	0
236424	F4_Rotation_Force_Monster	cycle	0	12	timer:5|hp_below:49	1	skill	21785	0	0	ME	0.0	0.0	0.0	0
236424	F4_Rotation_Force_Monster	cycle	1	11	timer:4|hp_below:49	0	arm	5	13000	0		0.0	0.0	0.0	0
236424	F4_Rotation_Force_Monster	cycle	1	11	timer:4|hp_below:49	1	skill	18770	0	0	ME	0.0	0.0	0.0	0
236424	F4_Rotation_Force_Monster	cycle	1	11	timer:4|hp_below:49	2	skill	21784	0	0	MOST_HATED	0.0	0.0	0.0	0
236424	F4_Rotation_Force_Monster	cycle	2	10	timer:3|hp_below:49	0	arm	4	10000	0		0.0	0.0	0.0	0
236424	F4_Rotation_Force_Monster	cycle	2	10	timer:3|hp_below:49	1	skill	21301	0	0	MOST_HATED	0.0	0.0	0.0	0
236424	F4_Rotation_Force_Monster	cycle	3	9	timer:2|hp_below:49	0	arm	3	11000	0		0.0	0.0	0.0	0
236424	F4_Rotation_Force_Monster	cycle	3	9	timer:2|hp_below:49	1	skill	21786	0	0	ME	0.0	0.0	0.0	0
236424	F4_Rotation_Force_Monster	cycle	4	8	timer:1|hp_below:49	0	arm	2	13000	0		0.0	0.0	0.0	0
236424	F4_Rotation_Force_Monster	cycle	4	8	timer:1|hp_below:49	1	skill	18770	0	0	ME	0.0	0.0	0.0	0
236424	F4_Rotation_Force_Monster	cycle	4	8	timer:1|hp_below:49	2	skill	21784	0	0	MOST_HATED	0.0	0.0	0.0	0
236424	F4_Rotation_Force_Monster	cycle	5	7	timer:0|hp_below:49	0	arm	1	10000	0		0.0	0.0	0.0	0
236424	F4_Rotation_Force_Monster	cycle	5	7	timer:0|hp_below:49	1	skill	21785	0	0	ME	0.0	0.0	0.0	0
236424	F4_Rotation_Force_Monster	cycle	6	6	timer:4|hp_between:51:99	0	arm	0	10000	0		0.0	0.0	0.0	0
236424	F4_Rotation_Force_Monster	cycle	6	6	timer:4|hp_between:51:99	1	skill	21785	0	0	ME	0.0	0.0	0.0	0
236424	F4_Rotation_Force_Monster	cycle	7	5	timer:3|hp_between:51:99	0	arm	4	11000	0		0.0	0.0	0.0	0
236424	F4_Rotation_Force_Monster	cycle	7	5	timer:3|hp_between:51:99	1	skill	21301	0	0	MOST_HATED	0.0	0.0	0.0	0
236424	F4_Rotation_Force_Monster	cycle	8	4	timer:2|hp_between:51:99	0	arm	3	13000	0		0.0	0.0	0.0	0
236424	F4_Rotation_Force_Monster	cycle	8	4	timer:2|hp_between:51:99	1	skill	18770	0	0	ME	0.0	0.0	0.0	0
236424	F4_Rotation_Force_Monster	cycle	8	4	timer:2|hp_between:51:99	2	skill	21786	0	0	MOST_HATED	0.0	0.0	0.0	0
236424	F4_Rotation_Force_Monster	cycle	9	3	timer:1|hp_between:51:99	0	arm	2	11000	0		0.0	0.0	0.0	0
236424	F4_Rotation_Force_Monster	cycle	9	3	timer:1|hp_between:51:99	1	skill	21301	0	0	MOST_HATED	0.0	0.0	0.0	0
236424	F4_Rotation_Force_Monster	cycle	10	2	timer:0|hp_between:51:99	0	arm	1	10000	0		0.0	0.0	0.0	0
236424	F4_Rotation_Force_Monster	cycle	10	2	timer:0|hp_between:51:99	1	skill	21300	0	0	MOST_HATED	0.0	0.0	0.0	0
236424	F4_Rotation_Force_Monster	cycle	11	1	timer:0	0	arm	0	6000	0		0.0	0.0	0.0	0
236660	F4_Rotation_Force_Monster	arm	0	7		0	arm	0	8000	0		0.0	0.0	0.0	0
236660	F4_Rotation_Force_Monster	arm	0	7		1	skill	16669	0	0	ME	0.0	0.0	0.0	0
236660	F4_Rotation_Force_Monster	cycle	0	12	timer:5|hp_below:49	0	arm	0	10000	0		0.0	0.0	0.0	0
236660	F4_Rotation_Force_Monster	cycle	0	12	timer:5|hp_below:49	1	skill	21785	0	0	ME	0.0	0.0	0.0	0
236660	F4_Rotation_Force_Monster	cycle	1	11	timer:4|hp_below:49	0	arm	5	13000	0		0.0	0.0	0.0	0
236660	F4_Rotation_Force_Monster	cycle	1	11	timer:4|hp_below:49	1	skill	18770	0	0	ME	0.0	0.0	0.0	0
236660	F4_Rotation_Force_Monster	cycle	1	11	timer:4|hp_below:49	2	skill	21784	0	0	MOST_HATED	0.0	0.0	0.0	0
236660	F4_Rotation_Force_Monster	cycle	2	10	timer:3|hp_below:49	0	arm	4	10000	0		0.0	0.0	0.0	0
236660	F4_Rotation_Force_Monster	cycle	2	10	timer:3|hp_below:49	1	skill	21301	0	0	MOST_HATED	0.0	0.0	0.0	0
236660	F4_Rotation_Force_Monster	cycle	3	9	timer:2|hp_below:49	0	arm	3	11000	0		0.0	0.0	0.0	0
236660	F4_Rotation_Force_Monster	cycle	3	9	timer:2|hp_below:49	1	skill	21786	0	0	ME	0.0	0.0	0.0	0
236660	F4_Rotation_Force_Monster	cycle	4	8	timer:1|hp_below:49	0	arm	2	13000	0		0.0	0.0	0.0	0
236660	F4_Rotation_Force_Monster	cycle	4	8	timer:1|hp_below:49	1	skill	18770	0	0	ME	0.0	0.0	0.0	0
236660	F4_Rotation_Force_Monster	cycle	4	8	timer:1|hp_below:49	2	skill	21784	0	0	MOST_HATED	0.0	0.0	0.0	0
236660	F4_Rotation_Force_Monster	cycle	5	7	timer:0|hp_below:49	0	arm	1	10000	0		0.0	0.0	0.0	0
236660	F4_Rotation_Force_Monster	cycle	5	7	timer:0|hp_below:49	1	skill	21785	0	0	ME	0.0	0.0	0.0	0
236660	F4_Rotation_Force_Monster	cycle	6	6	timer:4|hp_between:51:99	0	arm	0	10000	0		0.0	0.0	0.0	0
236660	F4_Rotation_Force_Monster	cycle	6	6	timer:4|hp_between:51:99	1	skill	21785	0	0	ME	0.0	0.0	0.0	0
236660	F4_Rotation_Force_Monster	cycle	7	5	timer:3|hp_between:51:99	0	arm	4	11000	0		0.0	0.0	0.0	0
236660	F4_Rotation_Force_Monster	cycle	7	5	timer:3|hp_between:51:99	1	skill	21301	0	0	MOST_HATED	0.0	0.0	0.0	0
236660	F4_Rotation_Force_Monster	cycle	8	4	timer:2|hp_between:51:99	0	arm	3	13000	0		0.0	0.0	0.0	0
236660	F4_Rotation_Force_Monster	cycle	8	4	timer:2|hp_between:51:99	1	skill	18770	0	0	ME	0.0	0.0	0.0	0
236660	F4_Rotation_Force_Monster	cycle	8	4	timer:2|hp_between:51:99	2	skill	21786	0	0	MOST_HATED	0.0	0.0	0.0	0
236660	F4_Rotation_Force_Monster	cycle	9	3	timer:1|hp_between:51:99	0	arm	2	11000	0		0.0	0.0	0.0	0
236660	F4_Rotation_Force_Monster	cycle	9	3	timer:1|hp_between:51:99	1	skill	21301	0	0	MOST_HATED	0.0	0.0	0.0	0
236660	F4_Rotation_Force_Monster	cycle	10	2	timer:0|hp_between:51:99	0	arm	1	10000	0		0.0	0.0	0.0	0
236660	F4_Rotation_Force_Monster	cycle	10	2	timer:0|hp_between:51:99	1	skill	21300	0	0	MOST_HATED	0.0	0.0	0.0	0
236660	F4_Rotation_Force_Monster	cycle	11	1	timer:0	0	arm	0	6000	0		0.0	0.0	0.0	0
236707	IDYun_Temp_31	arm	0	3		0	arm	0	6000	0		0.0	0.0	0.0	0
236707	IDYun_Temp_31	arm	0	3		1	arm	1	15000	0		0.0	0.0	0.0	0
236707	IDYun_Temp_31	cycle	0	1	timer:0	0	skill	19914	0	0	ME	0.0	0.0	0.0	0
236708	IDYun_Temp_32	arm	0	3		0	arm	0	6000	0		0.0	0.0	0.0	0
236708	IDYun_Temp_32	arm	0	3		1	arm	1	15000	0		0.0	0.0	0.0	0
236708	IDYun_Temp_32	cycle	0	2	timer:0	0	skill	19912	0	0	ME	0.0	0.0	0.0	0
236708	IDYun_Temp_32	cycle	0	2	timer:0	1	arm	0	8000	0		0.0	0.0	0.0	0
236708	IDYun_Temp_32	cycle	1	1	timer:1	0	skill	19914	0	0	ME	0.0	0.0	0.0	0
236708	IDYun_Temp_32	cycle	1	1	timer:1	1	arm	1	25000	0		0.0	0.0	0.0	0
236710	IDYun_Temp_21	arm	0	2		0	arm	0	3000	0		0.0	0.0	0.0	0
236710	IDYun_Temp_21	cycle	0	1	timer:0	0	skill	19913	0	0	ME	0.0	0.0	0.0	0
236710	IDYun_Temp_21	cycle	0	1	timer:0	1	arm	0	3000	0		0.0	0.0	0.0	0
253687	AD2_BT15st0	arm	0	1		0	arm	0	15000	0		0.0	0.0	0.0	0
253687	AD2_BT15st0	cycle	0	2	timer:0	0	arm	0	15000	0		0.0	0.0	0.0	0
253687	AD2_BT15st0	cycle	0	2	timer:0	1	skill	16545	0	0	MOST_HATED	0.0	0.0	0.0	0
253688	AD2_BT15st0	arm	0	1		0	arm	0	15000	0		0.0	0.0	0.0	0
253688	AD2_BT15st0	cycle	0	2	timer:0	0	arm	0	15000	0		0.0	0.0	0.0	0
253688	AD2_BT15st0	cycle	0	2	timer:0	1	skill	16545	0	0	MOST_HATED	0.0	0.0	0.0	0
253692	AD2_BT15st0	arm	0	1		0	arm	0	15000	0		0.0	0.0	0.0	0
253692	AD2_BT15st0	cycle	0	2	timer:0	0	arm	0	15000	0		0.0	0.0	0.0	0
253692	AD2_BT15st0	cycle	0	2	timer:0	1	skill	16812	0	0	MOST_HATED	0.0	0.0	0.0	0
253693	AD2_BT15st0	arm	0	1		0	arm	0	15000	0		0.0	0.0	0.0	0
253693	AD2_BT15st0	cycle	0	2	timer:0	0	arm	0	15000	0		0.0	0.0	0.0	0
253693	AD2_BT15st0	cycle	0	2	timer:0	1	skill	16812	0	0	MOST_HATED	0.0	0.0	0.0	0
253714	AD2_Wss0BT15st1	arm	0	3		0	arm	0	15000	0		0.0	0.0	0.0	0
253714	AD2_Wss0BT15st1	cycle	0	2	timer:0	0	arm	0	15000	0		0.0	0.0	0.0	0
253714	AD2_Wss0BT15st1	cycle	0	2	timer:0	1	skill	16723	0	0	MOST_HATED	0.0	0.0	0.0	0
253714	AD2_Wss0BT15st1	cycle	1	1	timer:0	0	arm	0	3000	0		0.0	0.0	0.0	0
253715	AD2_Wss0BT15st1	arm	0	3		0	arm	0	15000	0		0.0	0.0	0.0	0
253715	AD2_Wss0BT15st1	cycle	0	2	timer:0	0	arm	0	15000	0		0.0	0.0	0.0	0
253715	AD2_Wss0BT15st1	cycle	0	2	timer:0	1	skill	16723	0	0	MOST_HATED	0.0	0.0	0.0	0
253715	AD2_Wss0BT15st1	cycle	1	1	timer:0	0	arm	0	3000	0		0.0	0.0	0.0	0
253717	AD2_Wss0BT15st1	arm	0	3		0	arm	0	15000	0		0.0	0.0	0.0	0
253717	AD2_Wss0BT15st1	cycle	0	2	timer:0	0	arm	0	15000	0		0.0	0.0	0.0	0
253717	AD2_Wss0BT15st1	cycle	0	2	timer:0	1	skill	16723	0	0	MOST_HATED	0.0	0.0	0.0	0
253717	AD2_Wss0BT15st1	cycle	1	1	timer:0	0	arm	0	3000	0		0.0	0.0	0.0	0
254550	AD2_BT15st0	arm	0	1		0	arm	0	15000	0		0.0	0.0	0.0	0
254550	AD2_BT15st0	cycle	0	2	timer:0	0	arm	0	15000	0		0.0	0.0	0.0	0
254550	AD2_BT15st0	cycle	0	2	timer:0	1	skill	16570	0	0	MOST_HATED	0.0	0.0	0.0	0
254551	AD2_BT15st0	arm	0	1		0	arm	0	15000	0		0.0	0.0	0.0	0
254551	AD2_BT15st0	cycle	0	2	timer:0	0	arm	0	15000	0		0.0	0.0	0.0	0
254551	AD2_BT15st0	cycle	0	2	timer:0	1	skill	16570	0	0	MOST_HATED	0.0	0.0	0.0	0
259908	LDF4b_ArtifactKiller_A	arm	0	4		0	arm	0	9000	0		0.0	0.0	0.0	0
259908	LDF4b_ArtifactKiller_A	cycle	0	3	timer:0	0	skill	17572	0	0	MOST_HATED	0.0	0.0	0.0	0
259908	LDF4b_ArtifactKiller_A	cycle	0	3	timer:0	1	arm	0	12000	0		0.0	0.0	0.0	0
259908	LDF4b_ArtifactKiller_A	cycle	1	2	timer:0	0	arm	0	3000	0		0.0	0.0	0.0	0
259909	LDF4b_ArtifactKiller_B	arm	0	4		0	arm	0	9000	0		0.0	0.0	0.0	0
259909	LDF4b_ArtifactKiller_B	cycle	0	3	timer:0	0	skill	17572	0	0	MOST_HATED	0.0	0.0	0.0	0
259909	LDF4b_ArtifactKiller_B	cycle	0	3	timer:0	1	arm	0	12000	0		0.0	0.0	0.0	0
259909	LDF4b_ArtifactKiller_B	cycle	1	2	timer:0	0	arm	0	3000	0		0.0	0.0	0.0	0
259910	LDF4b_ArtifactKiller_C	arm	0	4		0	arm	0	9000	0		0.0	0.0	0.0	0
259910	LDF4b_ArtifactKiller_C	cycle	0	3	timer:0	0	skill	17572	0	0	MOST_HATED	0.0	0.0	0.0	0
259910	LDF4b_ArtifactKiller_C	cycle	0	3	timer:0	1	arm	0	12000	0		0.0	0.0	0.0	0
259910	LDF4b_ArtifactKiller_C	cycle	1	2	timer:0	0	arm	0	3000	0		0.0	0.0	0.0	0
259911	LDF4b_ArtifactKiller_D	arm	0	4		0	arm	0	9000	0		0.0	0.0	0.0	0
259911	LDF4b_ArtifactKiller_D	cycle	0	3	timer:0	0	skill	17572	0	0	MOST_HATED	0.0	0.0	0.0	0
259911	LDF4b_ArtifactKiller_D	cycle	0	3	timer:0	1	arm	0	12000	0		0.0	0.0	0.0	0
259911	LDF4b_ArtifactKiller_D	cycle	1	2	timer:0	0	arm	0	3000	0		0.0	0.0	0.0	0
259912	LDF4b_ArtifactKiller_E	arm	0	4		0	arm	0	9000	0		0.0	0.0	0.0	0
259912	LDF4b_ArtifactKiller_E	cycle	0	3	timer:0	0	skill	17572	0	0	MOST_HATED	0.0	0.0	0.0	0
259912	LDF4b_ArtifactKiller_E	cycle	0	3	timer:0	1	arm	0	12000	0		0.0	0.0	0.0	0
259912	LDF4b_ArtifactKiller_E	cycle	1	2	timer:0	0	arm	0	3000	0		0.0	0.0	0.0	0
260012	BGuard_ChiefA_Renew_Dr	arm	0	7		0	arm	0	1000	0		0.0	0.0	0.0	0
260012	BGuard_ChiefA_Renew_Dr	arm	0	7		1	arm	11	60000	0		0.0	0.0	0.0	0
260012	BGuard_ChiefA_Renew_Dr	arm	0	7		2	broadcast	10004	10	0		0.0	0.0	0.0	0
260012	BGuard_ChiefA_Renew_Dr	arm	0	7		3	broadcast	23300	10	0		0.0	0.0	0.0	0
260012	BGuard_ChiefA_Renew_Dr	arm	0	7		4	say	341526	0	0		0.0	0.0	0.0	0
260012	BGuard_ChiefA_Renew_Dr	cycle	0	51	timer:8	0	arm	0	30000	0		0.0	0.0	0.0	0
260012	BGuard_ChiefA_Renew_Dr	cycle	0	51	timer:8	1	skill	19108	0	0	MOST_HATED	0.0	0.0	0.0	0
260012	BGuard_ChiefA_Renew_Dr	cycle	0	51	timer:8	2	broadcast	23432	50	0		0.0	0.0	0.0	0
260012	BGuard_ChiefA_Renew_Dr	cycle	0	51	timer:8	3	skill	21509	0	0	ME	0.0	0.0	0.0	0
260012	BGuard_ChiefA_Renew_Dr	cycle	1	41	timer:6	0	arm	0	30000	0		0.0	0.0	0.0	0
260012	BGuard_ChiefA_Renew_Dr	cycle	1	41	timer:6	1	skill	19101	0	0	MOST_HATED	0.0	0.0	0.0	0
260012	BGuard_ChiefA_Renew_Dr	cycle	1	41	timer:6	2	broadcast	23431	50	0		0.0	0.0	0.0	0
260012	BGuard_ChiefA_Renew_Dr	cycle	1	41	timer:6	3	skill	21509	0	0	ME	0.0	0.0	0.0	0
260014	BGuard_ChiefA_Renew_Dr	arm	0	7		0	arm	0	1000	0		0.0	0.0	0.0	0
260014	BGuard_ChiefA_Renew_Dr	arm	0	7		1	arm	11	60000	0		0.0	0.0	0.0	0
260014	BGuard_ChiefA_Renew_Dr	arm	0	7		2	broadcast	10004	10	0		0.0	0.0	0.0	0
260014	BGuard_ChiefA_Renew_Dr	arm	0	7		3	broadcast	23300	10	0		0.0	0.0	0.0	0
260014	BGuard_ChiefA_Renew_Dr	arm	0	7		4	say	341526	0	0		0.0	0.0	0.0	0
260014	BGuard_ChiefA_Renew_Dr	cycle	0	51	timer:8	0	arm	0	30000	0		0.0	0.0	0.0	0
260014	BGuard_ChiefA_Renew_Dr	cycle	0	51	timer:8	1	skill	19108	0	0	MOST_HATED	0.0	0.0	0.0	0
260014	BGuard_ChiefA_Renew_Dr	cycle	0	51	timer:8	2	broadcast	23432	50	0		0.0	0.0	0.0	0
260014	BGuard_ChiefA_Renew_Dr	cycle	0	51	timer:8	3	skill	21509	0	0	ME	0.0	0.0	0.0	0
260014	BGuard_ChiefA_Renew_Dr	cycle	1	41	timer:6	0	arm	0	30000	0		0.0	0.0	0.0	0
260014	BGuard_ChiefA_Renew_Dr	cycle	1	41	timer:6	1	skill	19101	0	0	MOST_HATED	0.0	0.0	0.0	0
260014	BGuard_ChiefA_Renew_Dr	cycle	1	41	timer:6	2	broadcast	23431	50	0		0.0	0.0	0.0	0
260014	BGuard_ChiefA_Renew_Dr	cycle	1	41	timer:6	3	skill	21509	0	0	ME	0.0	0.0	0.0	0
277768	Gab1_VritraGuard_BossKiller_01_01	arm	0	7		0	arm	0	10000	0		0.0	0.0	0.0	0
277768	Gab1_VritraGuard_BossKiller_01_01	arm	0	7		1	skill	17320	0	0	MOST_HATED	0.0	0.0	0.0	0
277768	Gab1_VritraGuard_BossKiller_01_01	arm	0	7		2	skill	17321	0	0	MOST_HATED	0.0	0.0	0.0	0
277768	Gab1_VritraGuard_BossKiller_01_01	cycle	0	7	timer:0	0	arm	0	10000	0		0.0	0.0	0.0	0
277768	Gab1_VritraGuard_BossKiller_01_01	cycle	0	7	timer:0	1	skill	16531	0	0	MOST_HATED	0.0	0.0	0.0	0
277834	Gab1_DArtiGuard_Boss_03_01_4	arm	0	7		0	arm	0	7000	0		0.0	0.0	0.0	0
277834	Gab1_DArtiGuard_Boss_03_01_4	arm	0	7		1	broadcast	42101	13	0		0.0	0.0	0.0	0
277834	Gab1_DArtiGuard_Boss_03_01_4	cycle	0	7	timer:0	0	arm	0	7000	0		0.0	0.0	0.0	0
277834	Gab1_DArtiGuard_Boss_03_01_4	cycle	0	7	timer:0	1	broadcast	42101	13	0		0.0	0.0	0.0	0
277835	Gab1_DArtiGuard_Boss_03_01_4	arm	0	7		0	arm	0	7000	0		0.0	0.0	0.0	0
277835	Gab1_DArtiGuard_Boss_03_01_4	arm	0	7		1	broadcast	42101	13	0		0.0	0.0	0.0	0
277835	Gab1_DArtiGuard_Boss_03_01_4	cycle	0	7	timer:0	0	arm	0	7000	0		0.0	0.0	0.0	0
277835	Gab1_DArtiGuard_Boss_03_01_4	cycle	0	7	timer:0	1	broadcast	42101	13	0		0.0	0.0	0.0	0
277836	Gab1_DArtiGuard_Boss_03_01_4	arm	0	7		0	arm	0	7000	0		0.0	0.0	0.0	0
277836	Gab1_DArtiGuard_Boss_03_01_4	arm	0	7		1	broadcast	42101	13	0		0.0	0.0	0.0	0
277836	Gab1_DArtiGuard_Boss_03_01_4	cycle	0	7	timer:0	0	arm	0	7000	0		0.0	0.0	0.0	0
277836	Gab1_DArtiGuard_Boss_03_01_4	cycle	0	7	timer:0	1	broadcast	42101	13	0		0.0	0.0	0.0	0
277837	Gab1_DArtiGuard_Boss_03_01_4	arm	0	7		0	arm	0	7000	0		0.0	0.0	0.0	0
277837	Gab1_DArtiGuard_Boss_03_01_4	arm	0	7		1	broadcast	42101	13	0		0.0	0.0	0.0	0
277837	Gab1_DArtiGuard_Boss_03_01_4	cycle	0	7	timer:0	0	arm	0	7000	0		0.0	0.0	0.0	0
277837	Gab1_DArtiGuard_Boss_03_01_4	cycle	0	7	timer:0	1	broadcast	42101	13	0		0.0	0.0	0.0	0
277838	Gab1_DArtiGuard_Boss_03_01_4	arm	0	7		0	arm	0	7000	0		0.0	0.0	0.0	0
277838	Gab1_DArtiGuard_Boss_03_01_4	arm	0	7		1	broadcast	42101	13	0		0.0	0.0	0.0	0
277838	Gab1_DArtiGuard_Boss_03_01_4	cycle	0	7	timer:0	0	arm	0	7000	0		0.0	0.0	0.0	0
277838	Gab1_DArtiGuard_Boss_03_01_4	cycle	0	7	timer:0	1	broadcast	42101	13	0		0.0	0.0	0.0	0
277864	Gab1_LArtiGuard_Boss_02_01_3	arm	0	7		0	arm	0	7000	0		0.0	0.0	0.0	0
277864	Gab1_LArtiGuard_Boss_02_01_3	arm	0	7		1	broadcast	42001	13	0		0.0	0.0	0.0	0
277864	Gab1_LArtiGuard_Boss_02_01_3	cycle	0	7	timer:0	0	arm	0	7000	0		0.0	0.0	0.0	0
277864	Gab1_LArtiGuard_Boss_02_01_3	cycle	0	7	timer:0	1	broadcast	42001	13	0		0.0	0.0	0.0	0
277865	Gab1_LArtiGuard_Boss_02_01_3	arm	0	7		0	arm	0	7000	0		0.0	0.0	0.0	0
277865	Gab1_LArtiGuard_Boss_02_01_3	arm	0	7		1	broadcast	42001	13	0		0.0	0.0	0.0	0
277865	Gab1_LArtiGuard_Boss_02_01_3	cycle	0	7	timer:0	0	arm	0	7000	0		0.0	0.0	0.0	0
277865	Gab1_LArtiGuard_Boss_02_01_3	cycle	0	7	timer:0	1	broadcast	42001	13	0		0.0	0.0	0.0	0
277866	Gab1_LArtiGuard_Boss_02_01_3	arm	0	7		0	arm	0	7000	0		0.0	0.0	0.0	0
277866	Gab1_LArtiGuard_Boss_02_01_3	arm	0	7		1	broadcast	42001	13	0		0.0	0.0	0.0	0
277866	Gab1_LArtiGuard_Boss_02_01_3	cycle	0	7	timer:0	0	arm	0	7000	0		0.0	0.0	0.0	0
277866	Gab1_LArtiGuard_Boss_02_01_3	cycle	0	7	timer:0	1	broadcast	42001	13	0		0.0	0.0	0.0	0
277867	Gab1_LArtiGuard_Boss_02_01_3	arm	0	7		0	arm	0	7000	0		0.0	0.0	0.0	0
277867	Gab1_LArtiGuard_Boss_02_01_3	arm	0	7		1	broadcast	42001	13	0		0.0	0.0	0.0	0
277867	Gab1_LArtiGuard_Boss_02_01_3	cycle	0	7	timer:0	0	arm	0	7000	0		0.0	0.0	0.0	0
277867	Gab1_LArtiGuard_Boss_02_01_3	cycle	0	7	timer:0	1	broadcast	42001	13	0		0.0	0.0	0.0	0
277868	Gab1_LArtiGuard_Boss_02_01_3	arm	0	7		0	arm	0	7000	0		0.0	0.0	0.0	0
277868	Gab1_LArtiGuard_Boss_02_01_3	arm	0	7		1	broadcast	42001	13	0		0.0	0.0	0.0	0
277868	Gab1_LArtiGuard_Boss_02_01_3	cycle	0	7	timer:0	0	arm	0	7000	0		0.0	0.0	0.0	0
277868	Gab1_LArtiGuard_Boss_02_01_3	cycle	0	7	timer:0	1	broadcast	42001	13	0		0.0	0.0	0.0	0
277894	Gab1_BossSum_Vritra_01	arm	0	7		0	arm	0	7000	0		0.0	0.0	0.0	0
277894	Gab1_BossSum_Vritra_01	arm	0	7		1	broadcast	42101	13	0		0.0	0.0	0.0	0
277894	Gab1_BossSum_Vritra_01	cycle	0	7	timer:0	0	arm	0	7000	0		0.0	0.0	0.0	0
277894	Gab1_BossSum_Vritra_01	cycle	0	7	timer:0	1	broadcast	42101	13	0		0.0	0.0	0.0	0
277895	Gab1_BossSum_Vritra_01	arm	0	7		0	arm	0	7000	0		0.0	0.0	0.0	0
277895	Gab1_BossSum_Vritra_01	arm	0	7		1	broadcast	42101	13	0		0.0	0.0	0.0	0
277895	Gab1_BossSum_Vritra_01	cycle	0	7	timer:0	0	arm	0	7000	0		0.0	0.0	0.0	0
277895	Gab1_BossSum_Vritra_01	cycle	0	7	timer:0	1	broadcast	42101	13	0		0.0	0.0	0.0	0
277896	Gab1_BossSum_Vritra_01	arm	0	7		0	arm	0	7000	0		0.0	0.0	0.0	0
277896	Gab1_BossSum_Vritra_01	arm	0	7		1	broadcast	42101	13	0		0.0	0.0	0.0	0
277896	Gab1_BossSum_Vritra_01	cycle	0	7	timer:0	0	arm	0	7000	0		0.0	0.0	0.0	0
277896	Gab1_BossSum_Vritra_01	cycle	0	7	timer:0	1	broadcast	42101	13	0		0.0	0.0	0.0	0
277897	Gab1_BossSum_Vritra_01	arm	0	7		0	arm	0	7000	0		0.0	0.0	0.0	0
277897	Gab1_BossSum_Vritra_01	arm	0	7		1	broadcast	42101	13	0		0.0	0.0	0.0	0
277897	Gab1_BossSum_Vritra_01	cycle	0	7	timer:0	0	arm	0	7000	0		0.0	0.0	0.0	0
277897	Gab1_BossSum_Vritra_01	cycle	0	7	timer:0	1	broadcast	42101	13	0		0.0	0.0	0.0	0
277898	Gab1_BossSum_Vritra_01	arm	0	7		0	arm	0	7000	0		0.0	0.0	0.0	0
277898	Gab1_BossSum_Vritra_01	arm	0	7		1	broadcast	42101	13	0		0.0	0.0	0.0	0
277898	Gab1_BossSum_Vritra_01	cycle	0	7	timer:0	0	arm	0	7000	0		0.0	0.0	0.0	0
277898	Gab1_BossSum_Vritra_01	cycle	0	7	timer:0	1	broadcast	42101	13	0		0.0	0.0	0.0	0
277935	Gab1_DArtiGuard_Boss_04_01_3	arm	0	7		0	arm	0	7000	0		0.0	0.0	0.0	0
277935	Gab1_DArtiGuard_Boss_04_01_3	arm	0	7		1	broadcast	42001	13	0		0.0	0.0	0.0	0
277935	Gab1_DArtiGuard_Boss_04_01_3	cycle	0	7	timer:0	0	arm	0	7000	0		0.0	0.0	0.0	0
277935	Gab1_DArtiGuard_Boss_04_01_3	cycle	0	7	timer:0	1	broadcast	42001	13	0		0.0	0.0	0.0	0
277936	Gab1_DArtiGuard_Boss_04_01_3	arm	0	7		0	arm	0	7000	0		0.0	0.0	0.0	0
277936	Gab1_DArtiGuard_Boss_04_01_3	arm	0	7		1	broadcast	42001	13	0		0.0	0.0	0.0	0
277936	Gab1_DArtiGuard_Boss_04_01_3	cycle	0	7	timer:0	0	arm	0	7000	0		0.0	0.0	0.0	0
277936	Gab1_DArtiGuard_Boss_04_01_3	cycle	0	7	timer:0	1	broadcast	42001	13	0		0.0	0.0	0.0	0
277937	Gab1_DArtiGuard_Boss_04_01_3	arm	0	7		0	arm	0	7000	0		0.0	0.0	0.0	0
277937	Gab1_DArtiGuard_Boss_04_01_3	arm	0	7		1	broadcast	42001	13	0		0.0	0.0	0.0	0
277937	Gab1_DArtiGuard_Boss_04_01_3	cycle	0	7	timer:0	0	arm	0	7000	0		0.0	0.0	0.0	0
277937	Gab1_DArtiGuard_Boss_04_01_3	cycle	0	7	timer:0	1	broadcast	42001	13	0		0.0	0.0	0.0	0
277938	Gab1_DArtiGuard_Boss_04_01_3	arm	0	7		0	arm	0	7000	0		0.0	0.0	0.0	0
277938	Gab1_DArtiGuard_Boss_04_01_3	arm	0	7		1	broadcast	42001	13	0		0.0	0.0	0.0	0
277938	Gab1_DArtiGuard_Boss_04_01_3	cycle	0	7	timer:0	0	arm	0	7000	0		0.0	0.0	0.0	0
277938	Gab1_DArtiGuard_Boss_04_01_3	cycle	0	7	timer:0	1	broadcast	42001	13	0		0.0	0.0	0.0	0
277939	Gab1_DArtiGuard_Boss_04_01_3	arm	0	7		0	arm	0	7000	0		0.0	0.0	0.0	0
277939	Gab1_DArtiGuard_Boss_04_01_3	arm	0	7		1	broadcast	42001	13	0		0.0	0.0	0.0	0
277939	Gab1_DArtiGuard_Boss_04_01_3	cycle	0	7	timer:0	0	arm	0	7000	0		0.0	0.0	0.0	0
277939	Gab1_DArtiGuard_Boss_04_01_3	cycle	0	7	timer:0	1	broadcast	42001	13	0		0.0	0.0	0.0	0
277940	Gab1_LArtiGuard_Boss_01_01_2	arm	0	7		0	arm	0	7000	0		0.0	0.0	0.0	0
277940	Gab1_LArtiGuard_Boss_01_01_2	arm	0	7		1	broadcast	42101	13	0		0.0	0.0	0.0	0
277940	Gab1_LArtiGuard_Boss_01_01_2	cycle	0	7	timer:0	0	arm	0	7000	0		0.0	0.0	0.0	0
277940	Gab1_LArtiGuard_Boss_01_01_2	cycle	0	7	timer:0	1	broadcast	42101	13	0		0.0	0.0	0.0	0
277941	Gab1_LArtiGuard_Boss_01_01_2	arm	0	7		0	arm	0	7000	0		0.0	0.0	0.0	0
277941	Gab1_LArtiGuard_Boss_01_01_2	arm	0	7		1	broadcast	42101	13	0		0.0	0.0	0.0	0
277941	Gab1_LArtiGuard_Boss_01_01_2	cycle	0	7	timer:0	0	arm	0	7000	0		0.0	0.0	0.0	0
277941	Gab1_LArtiGuard_Boss_01_01_2	cycle	0	7	timer:0	1	broadcast	42101	13	0		0.0	0.0	0.0	0
277942	Gab1_LArtiGuard_Boss_01_01_2	arm	0	7		0	arm	0	7000	0		0.0	0.0	0.0	0
277942	Gab1_LArtiGuard_Boss_01_01_2	arm	0	7		1	broadcast	42101	13	0		0.0	0.0	0.0	0
277942	Gab1_LArtiGuard_Boss_01_01_2	cycle	0	7	timer:0	0	arm	0	7000	0		0.0	0.0	0.0	0
277942	Gab1_LArtiGuard_Boss_01_01_2	cycle	0	7	timer:0	1	broadcast	42101	13	0		0.0	0.0	0.0	0
277943	Gab1_LArtiGuard_Boss_01_01_2	arm	0	7		0	arm	0	7000	0		0.0	0.0	0.0	0
277943	Gab1_LArtiGuard_Boss_01_01_2	arm	0	7		1	broadcast	42101	13	0		0.0	0.0	0.0	0
277943	Gab1_LArtiGuard_Boss_01_01_2	cycle	0	7	timer:0	0	arm	0	7000	0		0.0	0.0	0.0	0
277943	Gab1_LArtiGuard_Boss_01_01_2	cycle	0	7	timer:0	1	broadcast	42101	13	0		0.0	0.0	0.0	0
277944	Gab1_LArtiGuard_Boss_01_01_2	arm	0	7		0	arm	0	7000	0		0.0	0.0	0.0	0
277944	Gab1_LArtiGuard_Boss_01_01_2	arm	0	7		1	broadcast	42101	13	0		0.0	0.0	0.0	0
277944	Gab1_LArtiGuard_Boss_01_01_2	cycle	0	7	timer:0	0	arm	0	7000	0		0.0	0.0	0.0	0
277944	Gab1_LArtiGuard_Boss_01_01_2	cycle	0	7	timer:0	1	broadcast	42101	13	0		0.0	0.0	0.0	0
277945	Gab1_LArtiGuard_Boss_01_01_4	arm	0	7		0	arm	0	7000	0		0.0	0.0	0.0	0
277945	Gab1_LArtiGuard_Boss_01_01_4	arm	0	7		1	broadcast	42101	13	0		0.0	0.0	0.0	0
277945	Gab1_LArtiGuard_Boss_01_01_4	cycle	0	7	timer:0	0	arm	0	7000	0		0.0	0.0	0.0	0
277945	Gab1_LArtiGuard_Boss_01_01_4	cycle	0	7	timer:0	1	broadcast	42101	13	0		0.0	0.0	0.0	0
277946	Gab1_LArtiGuard_Boss_01_01_4	arm	0	7		0	arm	0	7000	0		0.0	0.0	0.0	0
277946	Gab1_LArtiGuard_Boss_01_01_4	arm	0	7		1	broadcast	42101	13	0		0.0	0.0	0.0	0
277946	Gab1_LArtiGuard_Boss_01_01_4	cycle	0	7	timer:0	0	arm	0	7000	0		0.0	0.0	0.0	0
277946	Gab1_LArtiGuard_Boss_01_01_4	cycle	0	7	timer:0	1	broadcast	42101	13	0		0.0	0.0	0.0	0
277947	Gab1_LArtiGuard_Boss_01_01_4	arm	0	7		0	arm	0	7000	0		0.0	0.0	0.0	0
277947	Gab1_LArtiGuard_Boss_01_01_4	arm	0	7		1	broadcast	42101	13	0		0.0	0.0	0.0	0
277947	Gab1_LArtiGuard_Boss_01_01_4	cycle	0	7	timer:0	0	arm	0	7000	0		0.0	0.0	0.0	0
277947	Gab1_LArtiGuard_Boss_01_01_4	cycle	0	7	timer:0	1	broadcast	42101	13	0		0.0	0.0	0.0	0
277948	Gab1_LArtiGuard_Boss_01_01_4	arm	0	7		0	arm	0	7000	0		0.0	0.0	0.0	0
277948	Gab1_LArtiGuard_Boss_01_01_4	arm	0	7		1	broadcast	42101	13	0		0.0	0.0	0.0	0
277948	Gab1_LArtiGuard_Boss_01_01_4	cycle	0	7	timer:0	0	arm	0	7000	0		0.0	0.0	0.0	0
277948	Gab1_LArtiGuard_Boss_01_01_4	cycle	0	7	timer:0	1	broadcast	42101	13	0		0.0	0.0	0.0	0
277949	Gab1_LArtiGuard_Boss_01_01_4	arm	0	7		0	arm	0	7000	0		0.0	0.0	0.0	0
277949	Gab1_LArtiGuard_Boss_01_01_4	arm	0	7		1	broadcast	42101	13	0		0.0	0.0	0.0	0
277949	Gab1_LArtiGuard_Boss_01_01_4	cycle	0	7	timer:0	0	arm	0	7000	0		0.0	0.0	0.0	0
277949	Gab1_LArtiGuard_Boss_01_01_4	cycle	0	7	timer:0	1	broadcast	42101	13	0		0.0	0.0	0.0	0
277950	Gab1_LArtiGuard_Boss_03_01_2	arm	0	7		0	arm	0	7000	0		0.0	0.0	0.0	0
277950	Gab1_LArtiGuard_Boss_03_01_2	arm	0	7		1	broadcast	42101	13	0		0.0	0.0	0.0	0
277950	Gab1_LArtiGuard_Boss_03_01_2	cycle	0	7	timer:0	0	arm	0	7000	0		0.0	0.0	0.0	0
277950	Gab1_LArtiGuard_Boss_03_01_2	cycle	0	7	timer:0	1	broadcast	42101	13	0		0.0	0.0	0.0	0
277951	Gab1_LArtiGuard_Boss_03_01_2	arm	0	7		0	arm	0	7000	0		0.0	0.0	0.0	0
277951	Gab1_LArtiGuard_Boss_03_01_2	arm	0	7		1	broadcast	42101	13	0		0.0	0.0	0.0	0
277951	Gab1_LArtiGuard_Boss_03_01_2	cycle	0	7	timer:0	0	arm	0	7000	0		0.0	0.0	0.0	0
277951	Gab1_LArtiGuard_Boss_03_01_2	cycle	0	7	timer:0	1	broadcast	42101	13	0		0.0	0.0	0.0	0
277952	Gab1_LArtiGuard_Boss_03_01_2	arm	0	7		0	arm	0	7000	0		0.0	0.0	0.0	0
277952	Gab1_LArtiGuard_Boss_03_01_2	arm	0	7		1	broadcast	42101	13	0		0.0	0.0	0.0	0
277952	Gab1_LArtiGuard_Boss_03_01_2	cycle	0	7	timer:0	0	arm	0	7000	0		0.0	0.0	0.0	0
277952	Gab1_LArtiGuard_Boss_03_01_2	cycle	0	7	timer:0	1	broadcast	42101	13	0		0.0	0.0	0.0	0
277953	Gab1_LArtiGuard_Boss_03_01_2	arm	0	7		0	arm	0	7000	0		0.0	0.0	0.0	0
277953	Gab1_LArtiGuard_Boss_03_01_2	arm	0	7		1	broadcast	42101	13	0		0.0	0.0	0.0	0
277953	Gab1_LArtiGuard_Boss_03_01_2	cycle	0	7	timer:0	0	arm	0	7000	0		0.0	0.0	0.0	0
277953	Gab1_LArtiGuard_Boss_03_01_2	cycle	0	7	timer:0	1	broadcast	42101	13	0		0.0	0.0	0.0	0
277954	Gab1_LArtiGuard_Boss_03_01_2	arm	0	7		0	arm	0	7000	0		0.0	0.0	0.0	0
277954	Gab1_LArtiGuard_Boss_03_01_2	arm	0	7		1	broadcast	42101	13	0		0.0	0.0	0.0	0
277954	Gab1_LArtiGuard_Boss_03_01_2	cycle	0	7	timer:0	0	arm	0	7000	0		0.0	0.0	0.0	0
277954	Gab1_LArtiGuard_Boss_03_01_2	cycle	0	7	timer:0	1	broadcast	42101	13	0		0.0	0.0	0.0	0
277955	Gab1_LArtiGuard_Boss_03_01_4	arm	0	7		0	arm	0	7000	0		0.0	0.0	0.0	0
277955	Gab1_LArtiGuard_Boss_03_01_4	arm	0	7		1	broadcast	42101	13	0		0.0	0.0	0.0	0
277955	Gab1_LArtiGuard_Boss_03_01_4	cycle	0	7	timer:0	0	arm	0	7000	0		0.0	0.0	0.0	0
277955	Gab1_LArtiGuard_Boss_03_01_4	cycle	0	7	timer:0	1	broadcast	42101	13	0		0.0	0.0	0.0	0
277956	Gab1_LArtiGuard_Boss_03_01_4	arm	0	7		0	arm	0	7000	0		0.0	0.0	0.0	0
277956	Gab1_LArtiGuard_Boss_03_01_4	arm	0	7		1	broadcast	42101	13	0		0.0	0.0	0.0	0
277956	Gab1_LArtiGuard_Boss_03_01_4	cycle	0	7	timer:0	0	arm	0	7000	0		0.0	0.0	0.0	0
277956	Gab1_LArtiGuard_Boss_03_01_4	cycle	0	7	timer:0	1	broadcast	42101	13	0		0.0	0.0	0.0	0
277957	Gab1_LArtiGuard_Boss_03_01_4	arm	0	7		0	arm	0	7000	0		0.0	0.0	0.0	0
277957	Gab1_LArtiGuard_Boss_03_01_4	arm	0	7		1	broadcast	42101	13	0		0.0	0.0	0.0	0
277957	Gab1_LArtiGuard_Boss_03_01_4	cycle	0	7	timer:0	0	arm	0	7000	0		0.0	0.0	0.0	0
277957	Gab1_LArtiGuard_Boss_03_01_4	cycle	0	7	timer:0	1	broadcast	42101	13	0		0.0	0.0	0.0	0
277958	Gab1_LArtiGuard_Boss_03_01_4	arm	0	7		0	arm	0	7000	0		0.0	0.0	0.0	0
277958	Gab1_LArtiGuard_Boss_03_01_4	arm	0	7		1	broadcast	42101	13	0		0.0	0.0	0.0	0
277958	Gab1_LArtiGuard_Boss_03_01_4	cycle	0	7	timer:0	0	arm	0	7000	0		0.0	0.0	0.0	0
277958	Gab1_LArtiGuard_Boss_03_01_4	cycle	0	7	timer:0	1	broadcast	42101	13	0		0.0	0.0	0.0	0
277959	Gab1_LArtiGuard_Boss_03_01_4	arm	0	7		0	arm	0	7000	0		0.0	0.0	0.0	0
277959	Gab1_LArtiGuard_Boss_03_01_4	arm	0	7		1	broadcast	42101	13	0		0.0	0.0	0.0	0
277959	Gab1_LArtiGuard_Boss_03_01_4	cycle	0	7	timer:0	0	arm	0	7000	0		0.0	0.0	0.0	0
277959	Gab1_LArtiGuard_Boss_03_01_4	cycle	0	7	timer:0	1	broadcast	42101	13	0		0.0	0.0	0.0	0
277960	Gab1_LArtiGuard_Boss_04_01_3	arm	0	7		0	arm	0	7000	0		0.0	0.0	0.0	0
277960	Gab1_LArtiGuard_Boss_04_01_3	arm	0	7		1	broadcast	42001	13	0		0.0	0.0	0.0	0
277960	Gab1_LArtiGuard_Boss_04_01_3	cycle	0	7	timer:0	0	arm	0	7000	0		0.0	0.0	0.0	0
277960	Gab1_LArtiGuard_Boss_04_01_3	cycle	0	7	timer:0	1	broadcast	42001	13	0		0.0	0.0	0.0	0
277961	Gab1_LArtiGuard_Boss_04_01_3	arm	0	7		0	arm	0	7000	0		0.0	0.0	0.0	0
277961	Gab1_LArtiGuard_Boss_04_01_3	arm	0	7		1	broadcast	42001	13	0		0.0	0.0	0.0	0
277961	Gab1_LArtiGuard_Boss_04_01_3	cycle	0	7	timer:0	0	arm	0	7000	0		0.0	0.0	0.0	0
277961	Gab1_LArtiGuard_Boss_04_01_3	cycle	0	7	timer:0	1	broadcast	42001	13	0		0.0	0.0	0.0	0
277962	Gab1_LArtiGuard_Boss_04_01_3	arm	0	7		0	arm	0	7000	0		0.0	0.0	0.0	0
277962	Gab1_LArtiGuard_Boss_04_01_3	arm	0	7		1	broadcast	42001	13	0		0.0	0.0	0.0	0
277962	Gab1_LArtiGuard_Boss_04_01_3	cycle	0	7	timer:0	0	arm	0	7000	0		0.0	0.0	0.0	0
277962	Gab1_LArtiGuard_Boss_04_01_3	cycle	0	7	timer:0	1	broadcast	42001	13	0		0.0	0.0	0.0	0
277963	Gab1_LArtiGuard_Boss_04_01_3	arm	0	7		0	arm	0	7000	0		0.0	0.0	0.0	0
277963	Gab1_LArtiGuard_Boss_04_01_3	arm	0	7		1	broadcast	42001	13	0		0.0	0.0	0.0	0
277963	Gab1_LArtiGuard_Boss_04_01_3	cycle	0	7	timer:0	0	arm	0	7000	0		0.0	0.0	0.0	0
277963	Gab1_LArtiGuard_Boss_04_01_3	cycle	0	7	timer:0	1	broadcast	42001	13	0		0.0	0.0	0.0	0
277964	Gab1_LArtiGuard_Boss_04_01_3	arm	0	7		0	arm	0	7000	0		0.0	0.0	0.0	0
277964	Gab1_LArtiGuard_Boss_04_01_3	arm	0	7		1	broadcast	42001	13	0		0.0	0.0	0.0	0
277964	Gab1_LArtiGuard_Boss_04_01_3	cycle	0	7	timer:0	0	arm	0	7000	0		0.0	0.0	0.0	0
277964	Gab1_LArtiGuard_Boss_04_01_3	cycle	0	7	timer:0	1	broadcast	42001	13	0		0.0	0.0	0.0	0
277965	Gab1_BossSum_Vritra_03	arm	0	7		0	arm	0	7000	0		0.0	0.0	0.0	0
277965	Gab1_BossSum_Vritra_03	arm	0	7		1	broadcast	42101	13	0		0.0	0.0	0.0	0
277965	Gab1_BossSum_Vritra_03	cycle	0	7	timer:0	0	arm	0	7000	0		0.0	0.0	0.0	0
277965	Gab1_BossSum_Vritra_03	cycle	0	7	timer:0	1	broadcast	42101	13	0		0.0	0.0	0.0	0
277966	Gab1_BossSum_Vritra_03	arm	0	7		0	arm	0	7000	0		0.0	0.0	0.0	0
277966	Gab1_BossSum_Vritra_03	arm	0	7		1	broadcast	42101	13	0		0.0	0.0	0.0	0
277966	Gab1_BossSum_Vritra_03	cycle	0	7	timer:0	0	arm	0	7000	0		0.0	0.0	0.0	0
277966	Gab1_BossSum_Vritra_03	cycle	0	7	timer:0	1	broadcast	42101	13	0		0.0	0.0	0.0	0
277967	Gab1_BossSum_Vritra_03	arm	0	7		0	arm	0	7000	0		0.0	0.0	0.0	0
277967	Gab1_BossSum_Vritra_03	arm	0	7		1	broadcast	42101	13	0		0.0	0.0	0.0	0
277967	Gab1_BossSum_Vritra_03	cycle	0	7	timer:0	0	arm	0	7000	0		0.0	0.0	0.0	0
277967	Gab1_BossSum_Vritra_03	cycle	0	7	timer:0	1	broadcast	42101	13	0		0.0	0.0	0.0	0
277968	Gab1_BossSum_Vritra_03	arm	0	7		0	arm	0	7000	0		0.0	0.0	0.0	0
277968	Gab1_BossSum_Vritra_03	arm	0	7		1	broadcast	42101	13	0		0.0	0.0	0.0	0
277968	Gab1_BossSum_Vritra_03	cycle	0	7	timer:0	0	arm	0	7000	0		0.0	0.0	0.0	0
277968	Gab1_BossSum_Vritra_03	cycle	0	7	timer:0	1	broadcast	42101	13	0		0.0	0.0	0.0	0
277969	Gab1_BossSum_Vritra_03	arm	0	7		0	arm	0	7000	0		0.0	0.0	0.0	0
277969	Gab1_BossSum_Vritra_03	arm	0	7		1	broadcast	42101	13	0		0.0	0.0	0.0	0
277969	Gab1_BossSum_Vritra_03	cycle	0	7	timer:0	0	arm	0	7000	0		0.0	0.0	0.0	0
277969	Gab1_BossSum_Vritra_03	cycle	0	7	timer:0	1	broadcast	42101	13	0		0.0	0.0	0.0	0
277970	Gab1_BossSum_Vritra_05	arm	0	7		0	arm	0	7000	0		0.0	0.0	0.0	0
277970	Gab1_BossSum_Vritra_05	arm	0	7		1	broadcast	42101	13	0		0.0	0.0	0.0	0
277970	Gab1_BossSum_Vritra_05	cycle	0	7	timer:0	0	arm	0	7000	0		0.0	0.0	0.0	0
277970	Gab1_BossSum_Vritra_05	cycle	0	7	timer:0	1	broadcast	42101	13	0		0.0	0.0	0.0	0
277971	Gab1_BossSum_Vritra_05	arm	0	7		0	arm	0	7000	0		0.0	0.0	0.0	0
277971	Gab1_BossSum_Vritra_05	arm	0	7		1	broadcast	42101	13	0		0.0	0.0	0.0	0
277971	Gab1_BossSum_Vritra_05	cycle	0	7	timer:0	0	arm	0	7000	0		0.0	0.0	0.0	0
277971	Gab1_BossSum_Vritra_05	cycle	0	7	timer:0	1	broadcast	42101	13	0		0.0	0.0	0.0	0
277972	Gab1_BossSum_Vritra_05	arm	0	7		0	arm	0	7000	0		0.0	0.0	0.0	0
277972	Gab1_BossSum_Vritra_05	arm	0	7		1	broadcast	42101	13	0		0.0	0.0	0.0	0
277972	Gab1_BossSum_Vritra_05	cycle	0	7	timer:0	0	arm	0	7000	0		0.0	0.0	0.0	0
277972	Gab1_BossSum_Vritra_05	cycle	0	7	timer:0	1	broadcast	42101	13	0		0.0	0.0	0.0	0
277973	Gab1_BossSum_Vritra_05	arm	0	7		0	arm	0	7000	0		0.0	0.0	0.0	0
277973	Gab1_BossSum_Vritra_05	arm	0	7		1	broadcast	42101	13	0		0.0	0.0	0.0	0
277973	Gab1_BossSum_Vritra_05	cycle	0	7	timer:0	0	arm	0	7000	0		0.0	0.0	0.0	0
277973	Gab1_BossSum_Vritra_05	cycle	0	7	timer:0	1	broadcast	42101	13	0		0.0	0.0	0.0	0
277974	Gab1_BossSum_Vritra_05	arm	0	7		0	arm	0	7000	0		0.0	0.0	0.0	0
277974	Gab1_BossSum_Vritra_05	arm	0	7		1	broadcast	42101	13	0		0.0	0.0	0.0	0
277974	Gab1_BossSum_Vritra_05	cycle	0	7	timer:0	0	arm	0	7000	0		0.0	0.0	0.0	0
277974	Gab1_BossSum_Vritra_05	cycle	0	7	timer:0	1	broadcast	42101	13	0		0.0	0.0	0.0	0
277975	Gab1_BossSum_Vritra_07	arm	0	7		0	arm	0	7000	0		0.0	0.0	0.0	0
277975	Gab1_BossSum_Vritra_07	arm	0	7		1	broadcast	42101	13	0		0.0	0.0	0.0	0
277975	Gab1_BossSum_Vritra_07	cycle	0	7	timer:0	0	arm	0	7000	0		0.0	0.0	0.0	0
277975	Gab1_BossSum_Vritra_07	cycle	0	7	timer:0	1	broadcast	42101	13	0		0.0	0.0	0.0	0
277976	Gab1_BossSum_Vritra_07	arm	0	7		0	arm	0	7000	0		0.0	0.0	0.0	0
277976	Gab1_BossSum_Vritra_07	arm	0	7		1	broadcast	42101	13	0		0.0	0.0	0.0	0
277976	Gab1_BossSum_Vritra_07	cycle	0	7	timer:0	0	arm	0	7000	0		0.0	0.0	0.0	0
277976	Gab1_BossSum_Vritra_07	cycle	0	7	timer:0	1	broadcast	42101	13	0		0.0	0.0	0.0	0
277977	Gab1_BossSum_Vritra_07	arm	0	7		0	arm	0	7000	0		0.0	0.0	0.0	0
277977	Gab1_BossSum_Vritra_07	arm	0	7		1	broadcast	42101	13	0		0.0	0.0	0.0	0
277977	Gab1_BossSum_Vritra_07	cycle	0	7	timer:0	0	arm	0	7000	0		0.0	0.0	0.0	0
277977	Gab1_BossSum_Vritra_07	cycle	0	7	timer:0	1	broadcast	42101	13	0		0.0	0.0	0.0	0
277978	Gab1_BossSum_Vritra_07	arm	0	7		0	arm	0	7000	0		0.0	0.0	0.0	0
277978	Gab1_BossSum_Vritra_07	arm	0	7		1	broadcast	42101	13	0		0.0	0.0	0.0	0
277978	Gab1_BossSum_Vritra_07	cycle	0	7	timer:0	0	arm	0	7000	0		0.0	0.0	0.0	0
277978	Gab1_BossSum_Vritra_07	cycle	0	7	timer:0	1	broadcast	42101	13	0		0.0	0.0	0.0	0
277979	Gab1_BossSum_Vritra_07	arm	0	7		0	arm	0	7000	0		0.0	0.0	0.0	0
277979	Gab1_BossSum_Vritra_07	arm	0	7		1	broadcast	42101	13	0		0.0	0.0	0.0	0
277979	Gab1_BossSum_Vritra_07	cycle	0	7	timer:0	0	arm	0	7000	0		0.0	0.0	0.0	0
277979	Gab1_BossSum_Vritra_07	cycle	0	7	timer:0	1	broadcast	42101	13	0		0.0	0.0	0.0	0
279739	BGuard_ChiefA_Renew_Dr	arm	0	7		0	arm	0	1000	0		0.0	0.0	0.0	0
279739	BGuard_ChiefA_Renew_Dr	arm	0	7		1	arm	11	60000	0		0.0	0.0	0.0	0
279739	BGuard_ChiefA_Renew_Dr	arm	0	7		2	broadcast	10004	10	0		0.0	0.0	0.0	0
279739	BGuard_ChiefA_Renew_Dr	arm	0	7		3	broadcast	23300	10	0		0.0	0.0	0.0	0
279739	BGuard_ChiefA_Renew_Dr	arm	0	7		4	say	341526	0	0		0.0	0.0	0.0	0
279739	BGuard_ChiefA_Renew_Dr	cycle	0	51	timer:8	0	arm	0	30000	0		0.0	0.0	0.0	0
279739	BGuard_ChiefA_Renew_Dr	cycle	0	51	timer:8	1	skill	19108	0	0	MOST_HATED	0.0	0.0	0.0	0
279739	BGuard_ChiefA_Renew_Dr	cycle	0	51	timer:8	2	broadcast	23432	50	0		0.0	0.0	0.0	0
279739	BGuard_ChiefA_Renew_Dr	cycle	0	51	timer:8	3	skill	21509	0	0	ME	0.0	0.0	0.0	0
279739	BGuard_ChiefA_Renew_Dr	cycle	1	41	timer:6	0	arm	0	30000	0		0.0	0.0	0.0	0
279739	BGuard_ChiefA_Renew_Dr	cycle	1	41	timer:6	1	skill	19101	0	0	MOST_HATED	0.0	0.0	0.0	0
279739	BGuard_ChiefA_Renew_Dr	cycle	1	41	timer:6	2	broadcast	23431	50	0		0.0	0.0	0.0	0
279739	BGuard_ChiefA_Renew_Dr	cycle	1	41	timer:6	3	skill	21509	0	0	ME	0.0	0.0	0.0	0
279740	BGuard_ChiefA_Renew_Dr	arm	0	7		0	arm	0	1000	0		0.0	0.0	0.0	0
279740	BGuard_ChiefA_Renew_Dr	arm	0	7		1	arm	11	60000	0		0.0	0.0	0.0	0
279740	BGuard_ChiefA_Renew_Dr	arm	0	7		2	broadcast	10004	10	0		0.0	0.0	0.0	0
279740	BGuard_ChiefA_Renew_Dr	arm	0	7		3	broadcast	23300	10	0		0.0	0.0	0.0	0
279740	BGuard_ChiefA_Renew_Dr	arm	0	7		4	say	341526	0	0		0.0	0.0	0.0	0
279740	BGuard_ChiefA_Renew_Dr	cycle	0	51	timer:8	0	arm	0	30000	0		0.0	0.0	0.0	0
279740	BGuard_ChiefA_Renew_Dr	cycle	0	51	timer:8	1	skill	19108	0	0	MOST_HATED	0.0	0.0	0.0	0
279740	BGuard_ChiefA_Renew_Dr	cycle	0	51	timer:8	2	broadcast	23432	50	0		0.0	0.0	0.0	0
279740	BGuard_ChiefA_Renew_Dr	cycle	0	51	timer:8	3	skill	21509	0	0	ME	0.0	0.0	0.0	0
279740	BGuard_ChiefA_Renew_Dr	cycle	1	41	timer:6	0	arm	0	30000	0		0.0	0.0	0.0	0
279740	BGuard_ChiefA_Renew_Dr	cycle	1	41	timer:6	1	skill	19101	0	0	MOST_HATED	0.0	0.0	0.0	0
279740	BGuard_ChiefA_Renew_Dr	cycle	1	41	timer:6	2	broadcast	23431	50	0		0.0	0.0	0.0	0
279740	BGuard_ChiefA_Renew_Dr	cycle	1	41	timer:6	3	skill	21509	0	0	ME	0.0	0.0	0.0	0
279741	BGuard_ChiefA_Renew_Dr	arm	0	7		0	arm	0	1000	0		0.0	0.0	0.0	0
279741	BGuard_ChiefA_Renew_Dr	arm	0	7		1	arm	11	60000	0		0.0	0.0	0.0	0
279741	BGuard_ChiefA_Renew_Dr	arm	0	7		2	broadcast	10004	10	0		0.0	0.0	0.0	0
279741	BGuard_ChiefA_Renew_Dr	arm	0	7		3	broadcast	23300	10	0		0.0	0.0	0.0	0
279741	BGuard_ChiefA_Renew_Dr	arm	0	7		4	say	341526	0	0		0.0	0.0	0.0	0
279741	BGuard_ChiefA_Renew_Dr	cycle	0	51	timer:8	0	arm	0	30000	0		0.0	0.0	0.0	0
279741	BGuard_ChiefA_Renew_Dr	cycle	0	51	timer:8	1	skill	19108	0	0	MOST_HATED	0.0	0.0	0.0	0
279741	BGuard_ChiefA_Renew_Dr	cycle	0	51	timer:8	2	broadcast	23432	50	0		0.0	0.0	0.0	0
279741	BGuard_ChiefA_Renew_Dr	cycle	0	51	timer:8	3	skill	21509	0	0	ME	0.0	0.0	0.0	0
279741	BGuard_ChiefA_Renew_Dr	cycle	1	41	timer:6	0	arm	0	30000	0		0.0	0.0	0.0	0
279741	BGuard_ChiefA_Renew_Dr	cycle	1	41	timer:6	1	skill	19101	0	0	MOST_HATED	0.0	0.0	0.0	0
279741	BGuard_ChiefA_Renew_Dr	cycle	1	41	timer:6	2	broadcast	23431	50	0		0.0	0.0	0.0	0
279741	BGuard_ChiefA_Renew_Dr	cycle	1	41	timer:6	3	skill	21509	0	0	ME	0.0	0.0	0.0	0
279836	BGuard_ChiefA_Renew_Dr	arm	0	7		0	arm	0	1000	0		0.0	0.0	0.0	0
279836	BGuard_ChiefA_Renew_Dr	arm	0	7		1	arm	11	60000	0		0.0	0.0	0.0	0
279836	BGuard_ChiefA_Renew_Dr	arm	0	7		2	broadcast	10004	10	0		0.0	0.0	0.0	0
279836	BGuard_ChiefA_Renew_Dr	arm	0	7		3	broadcast	23300	10	0		0.0	0.0	0.0	0
279836	BGuard_ChiefA_Renew_Dr	arm	0	7		4	say	341526	0	0		0.0	0.0	0.0	0
279836	BGuard_ChiefA_Renew_Dr	cycle	0	51	timer:8	0	arm	0	30000	0		0.0	0.0	0.0	0
279836	BGuard_ChiefA_Renew_Dr	cycle	0	51	timer:8	1	skill	19108	0	0	MOST_HATED	0.0	0.0	0.0	0
279836	BGuard_ChiefA_Renew_Dr	cycle	0	51	timer:8	2	broadcast	23432	50	0		0.0	0.0	0.0	0
279836	BGuard_ChiefA_Renew_Dr	cycle	0	51	timer:8	3	skill	21509	0	0	ME	0.0	0.0	0.0	0
279836	BGuard_ChiefA_Renew_Dr	cycle	1	41	timer:6	0	arm	0	30000	0		0.0	0.0	0.0	0
279836	BGuard_ChiefA_Renew_Dr	cycle	1	41	timer:6	1	skill	19101	0	0	MOST_HATED	0.0	0.0	0.0	0
279836	BGuard_ChiefA_Renew_Dr	cycle	1	41	timer:6	2	broadcast	23431	50	0		0.0	0.0	0.0	0
279836	BGuard_ChiefA_Renew_Dr	cycle	1	41	timer:6	3	skill	21509	0	0	ME	0.0	0.0	0.0	0
279837	BGuard_ChiefA_Renew_Dr	arm	0	7		0	arm	0	1000	0		0.0	0.0	0.0	0
279837	BGuard_ChiefA_Renew_Dr	arm	0	7		1	arm	11	60000	0		0.0	0.0	0.0	0
279837	BGuard_ChiefA_Renew_Dr	arm	0	7		2	broadcast	10004	10	0		0.0	0.0	0.0	0
279837	BGuard_ChiefA_Renew_Dr	arm	0	7		3	broadcast	23300	10	0		0.0	0.0	0.0	0
279837	BGuard_ChiefA_Renew_Dr	arm	0	7		4	say	341526	0	0		0.0	0.0	0.0	0
279837	BGuard_ChiefA_Renew_Dr	cycle	0	51	timer:8	0	arm	0	30000	0		0.0	0.0	0.0	0
279837	BGuard_ChiefA_Renew_Dr	cycle	0	51	timer:8	1	skill	19108	0	0	MOST_HATED	0.0	0.0	0.0	0
279837	BGuard_ChiefA_Renew_Dr	cycle	0	51	timer:8	2	broadcast	23432	50	0		0.0	0.0	0.0	0
279837	BGuard_ChiefA_Renew_Dr	cycle	0	51	timer:8	3	skill	21509	0	0	ME	0.0	0.0	0.0	0
279837	BGuard_ChiefA_Renew_Dr	cycle	1	41	timer:6	0	arm	0	30000	0		0.0	0.0	0.0	0
279837	BGuard_ChiefA_Renew_Dr	cycle	1	41	timer:6	1	skill	19101	0	0	MOST_HATED	0.0	0.0	0.0	0
279837	BGuard_ChiefA_Renew_Dr	cycle	1	41	timer:6	2	broadcast	23431	50	0		0.0	0.0	0.0	0
279837	BGuard_ChiefA_Renew_Dr	cycle	1	41	timer:6	3	skill	21509	0	0	ME	0.0	0.0	0.0	0
279838	BGuard_ChiefA_Renew_Dr	arm	0	7		0	arm	0	1000	0		0.0	0.0	0.0	0
279838	BGuard_ChiefA_Renew_Dr	arm	0	7		1	arm	11	60000	0		0.0	0.0	0.0	0
279838	BGuard_ChiefA_Renew_Dr	arm	0	7		2	broadcast	10004	10	0		0.0	0.0	0.0	0
279838	BGuard_ChiefA_Renew_Dr	arm	0	7		3	broadcast	23300	10	0		0.0	0.0	0.0	0
279838	BGuard_ChiefA_Renew_Dr	arm	0	7		4	say	341526	0	0		0.0	0.0	0.0	0
279838	BGuard_ChiefA_Renew_Dr	cycle	0	51	timer:8	0	arm	0	30000	0		0.0	0.0	0.0	0
279838	BGuard_ChiefA_Renew_Dr	cycle	0	51	timer:8	1	skill	19108	0	0	MOST_HATED	0.0	0.0	0.0	0
279838	BGuard_ChiefA_Renew_Dr	cycle	0	51	timer:8	2	broadcast	23432	50	0		0.0	0.0	0.0	0
279838	BGuard_ChiefA_Renew_Dr	cycle	0	51	timer:8	3	skill	21509	0	0	ME	0.0	0.0	0.0	0
279838	BGuard_ChiefA_Renew_Dr	cycle	1	41	timer:6	0	arm	0	30000	0		0.0	0.0	0.0	0
279838	BGuard_ChiefA_Renew_Dr	cycle	1	41	timer:6	1	skill	19101	0	0	MOST_HATED	0.0	0.0	0.0	0
279838	BGuard_ChiefA_Renew_Dr	cycle	1	41	timer:6	2	broadcast	23431	50	0		0.0	0.0	0.0	0
279838	BGuard_ChiefA_Renew_Dr	cycle	1	41	timer:6	3	skill	21509	0	0	ME	0.0	0.0	0.0	0
279933	BGuard_ChiefA_Renew_Dr	arm	0	7		0	arm	0	1000	0		0.0	0.0	0.0	0
279933	BGuard_ChiefA_Renew_Dr	arm	0	7		1	arm	11	60000	0		0.0	0.0	0.0	0
279933	BGuard_ChiefA_Renew_Dr	arm	0	7		2	broadcast	10004	10	0		0.0	0.0	0.0	0
279933	BGuard_ChiefA_Renew_Dr	arm	0	7		3	broadcast	23300	10	0		0.0	0.0	0.0	0
279933	BGuard_ChiefA_Renew_Dr	arm	0	7		4	say	341526	0	0		0.0	0.0	0.0	0
279933	BGuard_ChiefA_Renew_Dr	cycle	0	51	timer:8	0	arm	0	30000	0		0.0	0.0	0.0	0
279933	BGuard_ChiefA_Renew_Dr	cycle	0	51	timer:8	1	skill	19108	0	0	MOST_HATED	0.0	0.0	0.0	0
279933	BGuard_ChiefA_Renew_Dr	cycle	0	51	timer:8	2	broadcast	23432	50	0		0.0	0.0	0.0	0
279933	BGuard_ChiefA_Renew_Dr	cycle	0	51	timer:8	3	skill	21509	0	0	ME	0.0	0.0	0.0	0
279933	BGuard_ChiefA_Renew_Dr	cycle	1	41	timer:6	0	arm	0	30000	0		0.0	0.0	0.0	0
279933	BGuard_ChiefA_Renew_Dr	cycle	1	41	timer:6	1	skill	19101	0	0	MOST_HATED	0.0	0.0	0.0	0
279933	BGuard_ChiefA_Renew_Dr	cycle	1	41	timer:6	2	broadcast	23431	50	0		0.0	0.0	0.0	0
279933	BGuard_ChiefA_Renew_Dr	cycle	1	41	timer:6	3	skill	21509	0	0	ME	0.0	0.0	0.0	0
279934	BGuard_ChiefA_Renew_Dr	arm	0	7		0	arm	0	1000	0		0.0	0.0	0.0	0
279934	BGuard_ChiefA_Renew_Dr	arm	0	7		1	arm	11	60000	0		0.0	0.0	0.0	0
279934	BGuard_ChiefA_Renew_Dr	arm	0	7		2	broadcast	10004	10	0		0.0	0.0	0.0	0
279934	BGuard_ChiefA_Renew_Dr	arm	0	7		3	broadcast	23300	10	0		0.0	0.0	0.0	0
279934	BGuard_ChiefA_Renew_Dr	arm	0	7		4	say	341526	0	0		0.0	0.0	0.0	0
279934	BGuard_ChiefA_Renew_Dr	cycle	0	51	timer:8	0	arm	0	30000	0		0.0	0.0	0.0	0
279934	BGuard_ChiefA_Renew_Dr	cycle	0	51	timer:8	1	skill	19108	0	0	MOST_HATED	0.0	0.0	0.0	0
279934	BGuard_ChiefA_Renew_Dr	cycle	0	51	timer:8	2	broadcast	23432	50	0		0.0	0.0	0.0	0
279934	BGuard_ChiefA_Renew_Dr	cycle	0	51	timer:8	3	skill	21509	0	0	ME	0.0	0.0	0.0	0
279934	BGuard_ChiefA_Renew_Dr	cycle	1	41	timer:6	0	arm	0	30000	0		0.0	0.0	0.0	0
279934	BGuard_ChiefA_Renew_Dr	cycle	1	41	timer:6	1	skill	19101	0	0	MOST_HATED	0.0	0.0	0.0	0
279934	BGuard_ChiefA_Renew_Dr	cycle	1	41	timer:6	2	broadcast	23431	50	0		0.0	0.0	0.0	0
279934	BGuard_ChiefA_Renew_Dr	cycle	1	41	timer:6	3	skill	21509	0	0	ME	0.0	0.0	0.0	0
279935	BGuard_ChiefA_Renew_Dr	arm	0	7		0	arm	0	1000	0		0.0	0.0	0.0	0
279935	BGuard_ChiefA_Renew_Dr	arm	0	7		1	arm	11	60000	0		0.0	0.0	0.0	0
279935	BGuard_ChiefA_Renew_Dr	arm	0	7		2	broadcast	10004	10	0		0.0	0.0	0.0	0
279935	BGuard_ChiefA_Renew_Dr	arm	0	7		3	broadcast	23300	10	0		0.0	0.0	0.0	0
279935	BGuard_ChiefA_Renew_Dr	arm	0	7		4	say	341526	0	0		0.0	0.0	0.0	0
279935	BGuard_ChiefA_Renew_Dr	cycle	0	51	timer:8	0	arm	0	30000	0		0.0	0.0	0.0	0
279935	BGuard_ChiefA_Renew_Dr	cycle	0	51	timer:8	1	skill	19108	0	0	MOST_HATED	0.0	0.0	0.0	0
279935	BGuard_ChiefA_Renew_Dr	cycle	0	51	timer:8	2	broadcast	23432	50	0		0.0	0.0	0.0	0
279935	BGuard_ChiefA_Renew_Dr	cycle	0	51	timer:8	3	skill	21509	0	0	ME	0.0	0.0	0.0	0
279935	BGuard_ChiefA_Renew_Dr	cycle	1	41	timer:6	0	arm	0	30000	0		0.0	0.0	0.0	0
279935	BGuard_ChiefA_Renew_Dr	cycle	1	41	timer:6	1	skill	19101	0	0	MOST_HATED	0.0	0.0	0.0	0
279935	BGuard_ChiefA_Renew_Dr	cycle	1	41	timer:6	2	broadcast	23431	50	0		0.0	0.0	0.0	0
279935	BGuard_ChiefA_Renew_Dr	cycle	1	41	timer:6	3	skill	21509	0	0	ME	0.0	0.0	0.0	0
280003	Brownie_FnH	arm	0	1		0	arm	0	7000	0		0.0	0.0	0.0	0
280003	Brownie_FnH	arm	0	1		1	skill	16439	0	0	ME	0.0	0.0	0.0	0
280003	Brownie_FnH	arm	0	1		2	broadcast	1001	25	0		0.0	0.0	0.0	0
280003	Brownie_FnH	arm	0	1		3	say	340411	0	0		0.0	0.0	0.0	0
280003	Brownie_FnH	cycle	0	2	timer:0	0	arm	0	7000	0		0.0	0.0	0.0	0
280003	Brownie_FnH	cycle	0	2	timer:0	1	skill	16439	0	0	ME	0.0	0.0	0.0	0
280003	Brownie_FnH	cycle	0	2	timer:0	2	broadcast	1001	25	0		0.0	0.0	0.0	0
280003	Brownie_FnH	cycle	0	2	timer:0	3	say	340411	0	0		0.0	0.0	0.0	0
280431	NLycan_Pet_B	arm	0	5		0	arm	0	6000	0		0.0	0.0	0.0	0
280431	NLycan_Pet_B	cycle	0	2	timer:0|hp_below:35	0	skill	16984	0	0	MOST_HATED	0.0	0.0	0.0	0
280431	NLycan_Pet_B	cycle	1	1	timer:0	0	arm	0	6000	0		0.0	0.0	0.0	0
280437	NLycan_WeC	arm	0	2		0	arm	0	15000	0		0.0	0.0	0.0	0
280437	NLycan_WeC	cycle	0	1	timer:0	0	arm	0	15000	0		0.0	0.0	0.0	0
280437	NLycan_WeC	cycle	0	1	timer:0	1	skill	16520	0	0	MOST_HATED	0.0	0.0	0.0	0
280438	NLycan_WeC	arm	0	2		0	arm	0	15000	0		0.0	0.0	0.0	0
280438	NLycan_WeC	cycle	0	1	timer:0	0	arm	0	15000	0		0.0	0.0	0.0	0
280438	NLycan_WeC	cycle	0	1	timer:0	1	skill	16749	0	0	MOST_HATED	0.0	0.0	0.0	0
280724	ND2_PeA	arm	0	2		0	arm	0	15000	0		0.0	0.0	0.0	0
280724	ND2_PeA	arm	0	2		1	skill	16852	0	0	ME	0.0	0.0	0.0	0
280724	ND2_PeA	cycle	0	1	timer:0	0	arm	0	40000	0		0.0	0.0	0.0	0
280724	ND2_PeA	cycle	0	1	timer:0	1	skill	17938	0	0	ME	0.0	0.0	0.0	0
280724	ND2_PeA	cycle	0	1	timer:0	2	skill	17935	0	0	ME	0.0	0.0	0.0	0
280724	ND2_PeA	cycle	0	1	timer:0	3	skill	17936	0	0	ME	0.0	0.0	0.0	0
280777	ND2_ChB	arm	0	2		0	arm	0	8000	0		0.0	0.0	0.0	0
280777	ND2_ChB	arm	0	2		1	skill	16828	0	0	ME	0.0	0.0	0.0	0
280777	ND2_ChB	cycle	0	1	timer:0	0	arm	0	40000	0		0.0	0.0	0.0	0
280777	ND2_ChB	cycle	0	1	timer:0	1	skill	17968	0	0	ME	0.0	0.0	0.0	0
280777	ND2_ChB	cycle	0	1	timer:0	2	skill	17981	0	0	ME	0.0	0.0	0.0	0
280968	ND2_GKSum1	arm	0	7		0	arm	0	10000	0		0.0	0.0	0.0	0
280968	ND2_GKSum1	cycle	0	7	timer:0	0	spawn	280969	2	60	self	0.0	0.0	0.0	1
280987	ND2_FeJSum	arm	0	7		0	arm	0	10000	0		0.0	0.0	0.0	0
280987	ND2_FeJSum	cycle	0	7	timer:0	0	arm	0	10000	0		0.0	0.0	0.0	0
280987	ND2_FeJSum	cycle	0	7	timer:0	1	skill	18486	0	0	MOST_HATED	0.0	0.0	0.0	0
280989	ND2_WeHSum	arm	0	7		0	arm	0	10000	0		0.0	0.0	0.0	0
280989	ND2_WeHSum	cycle	0	7	timer:0	0	arm	0	10000	0		0.0	0.0	0.0	0
280989	ND2_WeHSum	cycle	0	7	timer:0	1	skill	18483	0	0	MOST_HATED	0.0	0.0	0.0	0
280991	ND2_PeDSum	arm	0	7		0	arm	0	15000	0		0.0	0.0	0.0	0
280991	ND2_PeDSum	cycle	0	7	timer:0	0	skill	16521	0	0	MOST_HATED	0.0	0.0	0.0	0
280993	ND2_AeDSum	arm	0	7		0	arm	0	10000	0		0.0	0.0	0.0	0
280993	ND2_AeDSum	cycle	0	7	timer:0	0	skill	18484	0	0	MOST_HATED	0.0	0.0	0.0	0
281068	AD2_BT15ss0	arm	0	1		0	arm	0	15000	0		0.0	0.0	0.0	0
281068	AD2_BT15ss0	cycle	0	2	timer:0	0	arm	0	15000	0		0.0	0.0	0.0	0
281068	AD2_BT15ss0	cycle	0	2	timer:0	1	skill	16595	0	0	ME	0.0	0.0	0.0	0
281131	Shulack_Brownie	arm	0	7		0	arm	0	20000	0		0.0	0.0	0.0	0
281131	Shulack_Brownie	cycle	0	1	timer:0	0	arm	0	20000	0		0.0	0.0	0.0	0
281131	Shulack_Brownie	cycle	0	1	timer:0	1	skill	16536	0	0	ME	0.0	0.0	0.0	0
281131	Shulack_Brownie	cycle	0	1	timer:0	2	skill	16666	0	0	MOST_HATED	0.0	0.0	0.0	0
281133	ND2_BT15_1	arm	0	7		0	arm	0	15000	0		0.0	0.0	0.0	0
281133	ND2_BT15_1	cycle	0	1	timer:0	0	arm	0	15000	0		0.0	0.0	0.0	0
281133	ND2_BT15_1	cycle	0	1	timer:0	1	skill	16686	0	0	ME	0.0	0.0	0.0	0
281133	ND2_BT15_1	cycle	0	1	timer:0	2	skill	16673	0	0	MOST_HATED	0.0	0.0	0.0	0
281189	ND2_Xipeto3_1	arm	0	2		0	arm	0	7000	0		0.0	0.0	0.0	0
281189	ND2_Xipeto3_1	cycle	0	1	timer:0|hp_between:1:99	0	skill	16689	0	0	ME	0.0	0.0	0.0	0
281189	ND2_Xipeto3_1	cycle	0	1	timer:0|hp_between:1:99	1	arm	0	7000	0		0.0	0.0	0.0	0
281190	ND2_Xipeto3	arm	0	3		0	arm	0	7000	0		0.0	0.0	0.0	0
281190	ND2_Xipeto3	cycle	0	2	timer:0|hp_between:1:99	0	skill	16991	0	0	ME	0.0	0.0	0.0	0
281190	ND2_Xipeto3	cycle	0	2	timer:0|hp_between:1:99	1	despawn_self	0	0	0		0.0	0.0	0.0	0
281190	ND2_Xipeto3	cycle	1	1	timer:0	0	arm	0	7000	0		0.0	0.0	0.0	0
281334	ND2_Xipeto3	arm	0	3		0	arm	0	7000	0		0.0	0.0	0.0	0
281334	ND2_Xipeto3	cycle	0	2	timer:0|hp_between:1:99	0	skill	18583	0	0	ME	0.0	0.0	0.0	0
281334	ND2_Xipeto3	cycle	0	2	timer:0|hp_between:1:99	1	despawn_self	0	0	0		0.0	0.0	0.0	0
281334	ND2_Xipeto3	cycle	1	1	timer:0	0	arm	0	7000	0		0.0	0.0	0.0	0
281359	AD2_BT15ss0	arm	0	1		0	arm	0	15000	0		0.0	0.0	0.0	0
281359	AD2_BT15ss0	cycle	0	2	timer:0	0	arm	0	15000	0		0.0	0.0	0.0	0
281359	AD2_BT15ss0	cycle	0	2	timer:0	1	skill	16595	0	0	ME	0.0	0.0	0.0	0
281362	IDTP_Fanatic_KeC	arm	0	6		0	say	341975	0	0		0.0	0.0	0.0	0
281362	IDTP_Fanatic_KeC	arm	0	6		1	skill	17547	0	0	ME	0.0	0.0	0.0	0
281362	IDTP_Fanatic_KeC	arm	0	6		2	arm	0	15000	0		0.0	0.0	0.0	0
281362	IDTP_Fanatic_KeC	arm	0	6		3	arm	1	20000	0		0.0	0.0	0.0	0
281362	IDTP_Fanatic_KeC	cycle	0	2	timer:0	0	skill	16735	0	0	MOST_HATED	0.0	0.0	0.0	0
281362	IDTP_Fanatic_KeC	cycle	0	2	timer:0	1	broadcast	6932	10	0		0.0	0.0	0.0	0
281362	IDTP_Fanatic_KeC	cycle	0	2	timer:0	2	arm	0	15000	0		0.0	0.0	0.0	0
281362	IDTP_Fanatic_KeC	cycle	1	1	timer:1	0	skill	18765	0	0	MOST_HATED	0.0	0.0	0.0	0
281362	IDTP_Fanatic_KeC	cycle	1	1	timer:1	1	arm	1	20000	0		0.0	0.0	0.0	0
281364	IDTP_Fanatic_FeB	arm	0	5		0	arm	0	16000	0		0.0	0.0	0.0	0
281364	IDTP_Fanatic_FeB	cycle	0	6	timer:0	0	skill	18759	0	0	MOST_HATED	0.0	0.0	0.0	0
281364	IDTP_Fanatic_FeB	cycle	0	6	timer:0	1	broadcast	6932	15	0		0.0	0.0	0.0	0
281364	IDTP_Fanatic_FeB	cycle	0	6	timer:0	2	arm	0	16000	0		0.0	0.0	0.0	0
281367	IDTP_Fanatic_PeB	arm	0	4		0	arm	0	15000	0		0.0	0.0	0.0	0
281367	IDTP_Fanatic_PeB	cycle	0	5	timer:0	0	skill	17126	0	0	ME	0.0	0.0	0.0	0
281367	IDTP_Fanatic_PeB	cycle	0	5	timer:0	1	arm	0	20000	0		0.0	0.0	0.0	0
281371	IDTP_Fanatic_CeB	arm	0	4		0	arm	0	10000	0		0.0	0.0	0.0	0
281371	IDTP_Fanatic_CeB	arm	0	4		1	skill	16749	0	0	ME	0.0	0.0	0.0	0
281371	IDTP_Fanatic_CeB	cycle	0	3	timer:0	0	skill	17322	0	0	MOST_HATED	0.0	0.0	0.0	0
281371	IDTP_Fanatic_CeB	cycle	0	3	timer:0	1	arm	0	10000	0		0.0	0.0	0.0	0
281374	IDTP_Fanatic_ReA	arm	0	7		0	arm	0	18000	0		0.0	0.0	0.0	0
281374	IDTP_Fanatic_ReA	cycle	0	8	timer:0	0	skill	18166	0	0	MOST_HATED	0.0	0.0	0.0	0
281380	IDTP_Fanatic_Summon1	arm	0	6		0	arm	0	10000	0		0.0	0.0	0.0	0
281380	IDTP_Fanatic_Summon1	cycle	0	4	timer:0	0	skill	16462	0	0	MOST_HATED	0.0	0.0	0.0	0
281380	IDTP_Fanatic_Summon1	cycle	0	4	timer:0	1	arm	0	10000	0		0.0	0.0	0.0	0
281381	IDTP_Fanatic_Summon2	arm	0	5		0	arm	0	4000	0		0.0	0.0	0.0	0
281381	IDTP_Fanatic_Summon2	cycle	0	3	timer:0	0	skill	18597	0	0	ME	0.0	0.0	0.0	0
281381	IDTP_Fanatic_Summon2	cycle	0	3	timer:0	1	arm	0	5000	0		0.0	0.0	0.0	0
281382	IDTP_Fanatic_Summon3	arm	0	5		0	arm	0	6000	0		0.0	0.0	0.0	0
281382	IDTP_Fanatic_Summon3	cycle	0	3	timer:0	0	skill	18598	0	0	ME	0.0	0.0	0.0	0
281382	IDTP_Fanatic_Summon3	cycle	0	3	timer:0	1	arm	0	6000	0		0.0	0.0	0.0	0
281384	IDTP_Fanatic_Elementalearth4	arm	0	4		0	arm	0	4000	0		0.0	0.0	0.0	0
281384	IDTP_Fanatic_Elementalearth4	cycle	0	2	timer:0	0	skill	18597	0	0	ME	0.0	0.0	0.0	0
281384	IDTP_Fanatic_Elementalearth4	cycle	0	2	timer:0	1	arm	0	4000	0		0.0	0.0	0.0	0
281416	IDTP_Keeper1	arm	0	9		0	say	1500040	0	0		0.0	0.0	0.0	0
281416	IDTP_Keeper1	arm	0	9		1	broadcast	6955	50	0		0.0	0.0	0.0	0
281416	IDTP_Keeper1	arm	0	9		2	spawn	281417	1	0	absolute	1025.0	1648.0	154.0	0
281416	IDTP_Keeper1	arm	0	9		3	arm	0	20000	0		0.0	0.0	0.0	0
281416	IDTP_Keeper1	arm	0	9		4	arm	1	12000	0		0.0	0.0	0.0	0
281416	IDTP_Keeper1	cycle	0	10	timer:0	0	say	341991	0	0		0.0	0.0	0.0	0
281416	IDTP_Keeper1	cycle	0	10	timer:0	1	skill	18643	0	0	ME	0.0	0.0	0.0	0
281416	IDTP_Keeper1	cycle	0	10	timer:0	2	arm	0	20000	0		0.0	0.0	0.0	0
281416	IDTP_Keeper1	cycle	1	10	timer:1	0	skill	18647	0	0	ME	0.0	0.0	0.0	0
281416	IDTP_Keeper1	cycle	1	10	timer:1	1	arm	1	12000	0		0.0	0.0	0.0	0
281425	IDTP_NepTe1	arm	0	6		0	broadcast	6955	10	0		0.0	0.0	0.0	0
281425	IDTP_NepTe1	arm	0	6		1	skill	18639	0	0	MOST_HATED	0.0	0.0	0.0	0
281425	IDTP_NepTe1	arm	0	6		2	arm	0	12000	0		0.0	0.0	0.0	0
281425	IDTP_NepTe1	cycle	0	8	timer:0	0	skill	18639	0	0	ME	0.0	0.0	0.0	0
281425	IDTP_NepTe1	cycle	0	8	timer:0	1	arm	0	12000	0		0.0	0.0	0.0	0
281426	IDTP_Nep1	arm	0	6		0	broadcast	6955	10	0		0.0	0.0	0.0	0
281426	IDTP_Nep1	arm	0	6		1	skill	18651	0	0	MOST_HATED	0.0	0.0	0.0	0
281426	IDTP_Nep1	arm	0	6		2	arm	0	12000	0		0.0	0.0	0.0	0
281426	IDTP_Nep1	cycle	0	8	timer:0	0	skill	18651	0	0	MOST_HATED	0.0	0.0	0.0	0
281426	IDTP_Nep1	cycle	0	8	timer:0	1	arm	0	12000	0		0.0	0.0	0.0	0
281429	IDTP_wh	arm	0	3		0	skill	18647	0	0	MOST_HATED	0.0	0.0	0.0	0
281429	IDTP_wh	arm	0	3		1	arm	0	12000	0		0.0	0.0	0.0	0
281429	IDTP_wh	cycle	0	4	timer:0	0	skill	18647	0	0	ME	0.0	0.0	0.0	0
281429	IDTP_wh	cycle	0	4	timer:0	1	arm	0	12000	0		0.0	0.0	0.0	0
281434	LF4_GHPetA_KJS	arm	0	7		0	arm	0	30000	0		0.0	0.0	0.0	0
281434	LF4_GHPetA_KJS	cycle	0	7	timer:0	0	arm	0	30000	0		0.0	0.0	0.0	0
281434	LF4_GHPetA_KJS	cycle	0	7	timer:0	1	skill	20120	0	0	MOST_HATED	0.0	0.0	0.0	0
281435	LF4_GHPetA_KJS	arm	0	7		0	arm	0	30000	0		0.0	0.0	0.0	0
281435	LF4_GHPetA_KJS	cycle	0	7	timer:0	0	arm	0	30000	0		0.0	0.0	0.0	0
281435	LF4_GHPetA_KJS	cycle	0	7	timer:0	1	skill	20122	0	0	MOST_HATED	0.0	0.0	0.0	0
281436	LF4_GHPetA_KJS	arm	0	7		0	arm	0	30000	0		0.0	0.0	0.0	0
281436	LF4_GHPetA_KJS	cycle	0	7	timer:0	0	arm	0	30000	0		0.0	0.0	0.0	0
281436	LF4_GHPetA_KJS	cycle	0	7	timer:0	1	skill	20123	0	0	MOST_HATED	0.0	0.0	0.0	0
281437	LF4_GHPetA_KJS	arm	0	7		0	arm	0	30000	0		0.0	0.0	0.0	0
281437	LF4_GHPetA_KJS	cycle	0	7	timer:0	0	arm	0	30000	0		0.0	0.0	0.0	0
281437	LF4_GHPetA_KJS	cycle	0	7	timer:0	1	skill	20121	0	0	MOST_HATED	0.0	0.0	0.0	0
281453	LF4_DramataSumB	arm	0	7		0	arm	0	15000	0		0.0	0.0	0.0	0
281453	LF4_DramataSumB	arm	0	7		1	skill	18732	0	0	MOST_HATED	0.0	0.0	0.0	0
281453	LF4_DramataSumB	cycle	0	7	timer:0	0	arm	0	15000	0		0.0	0.0	0.0	0
281453	LF4_DramataSumB	cycle	0	7	timer:0	1	skill	18732	0	0	MOST_HATED	0.0	0.0	0.0	0
281458	DF4_DramataSumA	arm	0	7		0	arm	0	3000	0		0.0	0.0	0.0	0
281458	DF4_DramataSumA	arm	0	7		1	skill	18733	0	0	ME	0.0	0.0	0.0	0
281458	DF4_DramataSumA	cycle	0	7	timer:0	0	arm	0	3000	0		0.0	0.0	0.0	0
281458	DF4_DramataSumA	cycle	0	7	timer:0	1	skill	18733	0	0	ME	0.0	0.0	0.0	0
281515	Elim_Sheluk	arm	0	7		0	arm	0	10000	0		0.0	0.0	0.0	0
281515	Elim_Sheluk	cycle	0	6	timer:0	0	arm	0	10000	0		0.0	0.0	0.0	0
281515	Elim_Sheluk	cycle	0	6	timer:0	1	skill	18824	0	0	MOST_HATED	0.0	0.0	0.0	0
281515	Elim_Sheluk	cycle	1	5	timer:0	0	arm	0	10000	0		0.0	0.0	0.0	0
281517	Elim_Criton	arm	0	7		0	arm	0	7000	0		0.0	0.0	0.0	0
281517	Elim_Criton	arm	0	7		1	skill	18814	0	0	MOST_HATED	0.0	0.0	0.0	0
281517	Elim_Criton	cycle	0	6	timer:0|hp_below:40	0	arm	0	7000	0		0.0	0.0	0.0	0
281517	Elim_Criton	cycle	0	6	timer:0|hp_below:40	1	skill	18823	0	0	MOST_HATED	0.0	0.0	0.0	0
281517	Elim_Criton	cycle	1	5	timer:0	0	arm	0	7000	0		0.0	0.0	0.0	0
281535	IDCT_Boss_TombsDrakan	arm	0	7		0	arm	0	14000	0		0.0	0.0	0.0	0
281535	IDCT_Boss_TombsDrakan	arm	0	7		1	arm	1	30000	0		0.0	0.0	0.0	0
281535	IDCT_Boss_TombsDrakan	arm	0	7		2	arm	2	35000	0		0.0	0.0	0.0	0
281535	IDCT_Boss_TombsDrakan	arm	0	7		3	say	342025	0	0		0.0	0.0	0.0	0
281535	IDCT_Boss_TombsDrakan	cycle	0	5	timer:2	0	say	340921	0	0		0.0	0.0	0.0	0
281535	IDCT_Boss_TombsDrakan	cycle	0	5	timer:2	1	arm	2	35000	0		0.0	0.0	0.0	0
281535	IDCT_Boss_TombsDrakan	cycle	0	5	timer:2	2	skill	19090	0	0	ME	0.0	0.0	0.0	0
281535	IDCT_Boss_TombsDrakan	cycle	0	5	timer:2	3	skill	19090	0	0	ME	0.0	0.0	0.0	0
281535	IDCT_Boss_TombsDrakan	cycle	0	5	timer:2	4	skill	19090	0	0	ME	0.0	0.0	0.0	0
281535	IDCT_Boss_TombsDrakan	cycle	1	3	timer:0|hp_between:17:99	0	arm	0	14000	0		0.0	0.0	0.0	0
281535	IDCT_Boss_TombsDrakan	cycle	1	3	timer:0|hp_between:17:99	1	skill	18889	0	0	MOST_HATED	0.0	0.0	0.0	0
281535	IDCT_Boss_TombsDrakan	cycle	2	2	timer:1	0	skill	18890	0	0	ME	0.0	0.0	0.0	0
281535	IDCT_Boss_TombsDrakan	cycle	2	2	timer:1	1	arm	1	32000	0		0.0	0.0	0.0	0
281536	IDCT_Boss_DeathKnight	arm	0	8		0	arm	0	5000	0		0.0	0.0	0.0	0
281536	IDCT_Boss_DeathKnight	arm	0	8		1	arm	3	1000	0		0.0	0.0	0.0	0
281536	IDCT_Boss_DeathKnight	arm	0	8		2	arm	4	1500	0		0.0	0.0	0.0	0
281536	IDCT_Boss_DeathKnight	arm	0	8		3	arm	5	2000	0		0.0	0.0	0.0	0
281536	IDCT_Boss_DeathKnight	arm	0	8		4	arm	6	17000	0		0.0	0.0	0.0	0
281536	IDCT_Boss_DeathKnight	cycle	0	6	timer:5	0	say	342029	0	0		0.0	0.0	0.0	0
281536	IDCT_Boss_DeathKnight	cycle	1	5	timer:4	0	say	342028	0	0		0.0	0.0	0.0	0
281536	IDCT_Boss_DeathKnight	cycle	2	4	timer:3	0	say	342027	0	0		0.0	0.0	0.0	0
281536	IDCT_Boss_DeathKnight	cycle	3	3	timer:2	0	skill	18741	0	0	ME	0.0	0.0	0.0	0
281536	IDCT_Boss_DeathKnight	cycle	4	2	timer:1	0	skill	18740	0	0	ME	0.0	0.0	0.0	0
281536	IDCT_Boss_DeathKnight	cycle	4	2	timer:1	1	arm	1	30000	0		0.0	0.0	0.0	0
281536	IDCT_Boss_DeathKnight	cycle	5	1	timer:0|hp_between:26:98	0	skill	18742	0	0	MOST_HATED	0.0	0.0	0.0	0
281536	IDCT_Boss_DeathKnight	cycle	5	1	timer:0|hp_between:26:98	1	arm	0	5000	0		0.0	0.0	0.0	0
281649	IDCT_Boss_Shulack_Knight	arm	0	6		0	arm	0	4500	0		0.0	0.0	0.0	0
281649	IDCT_Boss_Shulack_Knight	arm	0	6		1	arm	1	40000	0		0.0	0.0	0.0	0
281649	IDCT_Boss_Shulack_Knight	arm	0	6		2	arm	2	2000	0		0.0	0.0	0.0	0
281649	IDCT_Boss_Shulack_Knight	arm	0	6		3	arm	3	3500	0		0.0	0.0	0.0	0
281649	IDCT_Boss_Shulack_Knight	cycle	0	5	timer:2	0	say	342022	0	0		0.0	0.0	0.0	0
281649	IDCT_Boss_Shulack_Knight	cycle	1	4	timer:3	0	say	342023	0	0		0.0	0.0	0.0	0
281649	IDCT_Boss_Shulack_Knight	cycle	2	3	timer:0	0	say	342024	0	0		0.0	0.0	0.0	0
281649	IDCT_Boss_Shulack_Knight	cycle	2	3	timer:0	1	skill	18974	0	0	ME	0.0	0.0	0.0	0
281649	IDCT_Boss_Shulack_Knight	cycle	2	3	timer:0	2	arm	0	4500	0		0.0	0.0	0.0	0
281649	IDCT_Boss_Shulack_Knight	cycle	3	2	timer:1	0	skill	18975	0	0	ME	0.0	0.0	0.0	0
281649	IDCT_Boss_Shulack_Knight	cycle	3	2	timer:1	1	arm	1	60000	0		0.0	0.0	0.0	0
281662	IDCT_Boss_Shulack	arm	0	10		0	arm	1	3000	0		0.0	0.0	0.0	0
281662	IDCT_Boss_Shulack	arm	0	10		1	arm	2	5000	0		0.0	0.0	0.0	0
281662	IDCT_Boss_Shulack	arm	0	10		2	arm	3	7000	0		0.0	0.0	0.0	0
281662	IDCT_Boss_Shulack	arm	0	10		3	arm	4	9000	0		0.0	0.0	0.0	0
281662	IDCT_Boss_Shulack	arm	0	10		4	arm	5	11000	0		0.0	0.0	0.0	0
281662	IDCT_Boss_Shulack	cycle	0	8	timer:1	0	skill	19001	0	0	MOST_HATED	0.0	0.0	0.0	0
281662	IDCT_Boss_Shulack	cycle	0	8	timer:1	1	arm	1	30000	0		0.0	0.0	0.0	0
281662	IDCT_Boss_Shulack	cycle	1	7	timer:2	0	skill	19002	0	0	MOST_HATED	0.0	0.0	0.0	0
281662	IDCT_Boss_Shulack	cycle	1	7	timer:2	1	arm	1	30000	0		0.0	0.0	0.0	0
281662	IDCT_Boss_Shulack	cycle	2	6	timer:3	0	skill	19003	0	0	MOST_HATED	0.0	0.0	0.0	0
281662	IDCT_Boss_Shulack	cycle	2	6	timer:3	1	arm	3	30000	0		0.0	0.0	0.0	0
281662	IDCT_Boss_Shulack	cycle	3	5	timer:4	0	skill	19004	0	0	MOST_HATED	0.0	0.0	0.0	0
281662	IDCT_Boss_Shulack	cycle	3	5	timer:4	1	arm	4	30000	0		0.0	0.0	0.0	0
281662	IDCT_Boss_Shulack	cycle	4	4	timer:5	0	skill	19005	0	0	MOST_HATED	0.0	0.0	0.0	0
281662	IDCT_Boss_Shulack	cycle	4	4	timer:5	1	arm	5	30000	0		0.0	0.0	0.0	0
281662	IDCT_Boss_Shulack	cycle	5	1	timer:0	0	skill	18969	0	0	ME	0.0	0.0	0.0	0
281662	IDCT_Boss_Shulack	cycle	5	1	timer:0	1	arm	0	30000	0		0.0	0.0	0.0	0
281663	IDCT_Boss_Hidden	arm	0	6		0	arm	0	14000	0		0.0	0.0	0.0	0
281663	IDCT_Boss_Hidden	arm	0	6		1	arm	2	25000	0		0.0	0.0	0.0	0
281663	IDCT_Boss_Hidden	cycle	0	6	timer:2	0	arm	2	25000	0		0.0	0.0	0.0	0
281663	IDCT_Boss_Hidden	cycle	0	6	timer:2	1	skill	19043	0	0	ME	0.0	0.0	0.0	0
281663	IDCT_Boss_Hidden	cycle	1	5	timer:0	0	arm	0	14000	0		0.0	0.0	0.0	0
281663	IDCT_Boss_Hidden	cycle	1	5	timer:0	1	skill	19042	0	0	ME	0.0	0.0	0.0	0
281664	IDCT_Boss_Hidden_Sum1	arm	0	6		0	arm	0	1000	0		0.0	0.0	0.0	0
281664	IDCT_Boss_Hidden_Sum1	cycle	0	5	timer:0	0	arm	0	1000	0		0.0	0.0	0.0	0
281664	IDCT_Boss_Hidden_Sum1	cycle	0	5	timer:0	1	skill	19045	0	0	ME	0.0	0.0	0.0	0
281668	IDCT_Normal_Drake01	arm	0	2		0	arm	0	15000	0		0.0	0.0	0.0	0
281668	IDCT_Normal_Drake01	arm	0	2		1	skill	19065	0	0	MOST_HATED	0.0	0.0	0.0	0
281668	IDCT_Normal_Drake01	cycle	0	1	timer:0	0	arm	0	15000	0		0.0	0.0	0.0	0
281668	IDCT_Normal_Drake01	cycle	0	1	timer:0	1	skill	19065	0	0	MOST_HATED	0.0	0.0	0.0	0
281669	IDCT_Normal_Drake02	arm	0	7		0	arm	0	12000	0		0.0	0.0	0.0	0
281669	IDCT_Normal_Drake02	arm	0	7		1	arm	1	9000	0		0.0	0.0	0.0	0
281669	IDCT_Normal_Drake02	arm	0	7		2	skill	19065	0	0	MOST_HATED	0.0	0.0	0.0	0
281669	IDCT_Normal_Drake02	cycle	0	7	timer:0	0	arm	0	12000	0		0.0	0.0	0.0	0
281669	IDCT_Normal_Drake02	cycle	0	7	timer:0	1	skill	19065	0	0	MOST_HATED	0.0	0.0	0.0	0
281669	IDCT_Normal_Drake02	cycle	1	7	timer:1	0	arm	1	9000	0		0.0	0.0	0.0	0
281669	IDCT_Normal_Drake02	cycle	1	7	timer:1	1	skill	19066	0	0	MOST_HATED	0.0	0.0	0.0	0
281670	IDCT_Normal_Slime01	arm	0	2		0	arm	0	15000	0		0.0	0.0	0.0	0
281670	IDCT_Normal_Slime01	cycle	0	7	timer:0	0	arm	0	15000	0		0.0	0.0	0.0	0
281670	IDCT_Normal_Slime01	cycle	0	7	timer:0	1	skill	19067	0	0	ME	0.0	0.0	0.0	0
281676	IDCT_Normal_LightPr	arm	0	3		0	arm	1	3000	0		0.0	0.0	0.0	0
281676	IDCT_Normal_LightPr	cycle	0	2	timer:1	0	arm	1	3000	0		0.0	0.0	0.0	0
281676	IDCT_Normal_LightPr	cycle	0	2	timer:1	1	skill	19075	0	0	MOST_HATED	0.0	0.0	0.0	0
281678	IDCT_Normal_DarkWi	arm	0	3		0	arm	0	10000	0		0.0	0.0	0.0	0
281678	IDCT_Normal_DarkWi	cycle	0	2	timer:0	0	arm	0	10000	0		0.0	0.0	0.0	0
281678	IDCT_Normal_DarkWi	cycle	0	2	timer:0	1	skill	19078	0	0	ME	0.0	0.0	0.0	0
281680	IDCT_Normal_DarkPr	arm	0	3		0	arm	0	6000	0		0.0	0.0	0.0	0
281680	IDCT_Normal_DarkPr	cycle	0	2	timer:0	0	arm	0	6000	0		0.0	0.0	0.0	0
281680	IDCT_Normal_DarkPr	cycle	0	2	timer:0	1	skill	19080	0	0	MOST_HATED	0.0	0.0	0.0	0
281681	IDCT_Normal_Stalker01	arm	0	3		0	arm	0	7000	0		0.0	0.0	0.0	0
281681	IDCT_Normal_Stalker01	arm	0	3		1	skill	19081	0	0	ME	0.0	0.0	0.0	0
281681	IDCT_Normal_Stalker01	cycle	0	2	timer:0	0	arm	0	7000	0		0.0	0.0	0.0	0
281681	IDCT_Normal_Stalker01	cycle	0	2	timer:0	1	skill	19068	0	0	MOST_HATED	0.0	0.0	0.0	0
281693	IDCT_Normal_ShulackAs	arm	0	3		0	arm	0	9000	0		0.0	0.0	0.0	0
281693	IDCT_Normal_ShulackAs	cycle	0	2	timer:0	0	arm	0	9000	0		0.0	0.0	0.0	0
281693	IDCT_Normal_ShulackAs	cycle	0	2	timer:0	1	skill	19087	0	0	MOST_HATED	0.0	0.0	0.0	0
281808	IDCT_Normal_Slime01	arm	0	2		0	arm	0	15000	0		0.0	0.0	0.0	0
281808	IDCT_Normal_Slime01	cycle	0	7	timer:0	0	arm	0	15000	0		0.0	0.0	0.0	0
281808	IDCT_Normal_Slime01	cycle	0	7	timer:0	1	skill	19067	0	0	ME	0.0	0.0	0.0	0
281809	IDCT_Normal_Slime01	arm	0	2		0	arm	0	15000	0		0.0	0.0	0.0	0
281809	IDCT_Normal_Slime01	cycle	0	7	timer:0	0	arm	0	15000	0		0.0	0.0	0.0	0
281809	IDCT_Normal_Slime01	cycle	0	7	timer:0	1	skill	19067	0	0	ME	0.0	0.0	0.0	0
281815	IDTP_Fanatic_Summon2	arm	0	5		0	arm	0	4000	0		0.0	0.0	0.0	0
281815	IDTP_Fanatic_Summon2	cycle	0	3	timer:0	0	skill	18597	0	0	ME	0.0	0.0	0.0	0
281815	IDTP_Fanatic_Summon2	cycle	0	3	timer:0	1	arm	0	5000	0		0.0	0.0	0.0	0
281816	IDTP_Fanatic_Summon3	arm	0	5		0	arm	0	6000	0		0.0	0.0	0.0	0
281816	IDTP_Fanatic_Summon3	cycle	0	3	timer:0	0	skill	18598	0	0	ME	0.0	0.0	0.0	0
281816	IDTP_Fanatic_Summon3	cycle	0	3	timer:0	1	arm	0	6000	0		0.0	0.0	0.0	0
281828	BGuard_FrostPillar	arm	0	7		0	arm	0	4000	0		0.0	0.0	0.0	0
281828	BGuard_FrostPillar	arm	0	7		1	skill	18479	0	0	ME	0.0	0.0	0.0	0
281828	BGuard_FrostPillar	cycle	0	4	timer:0	0	arm	1	4000	0		0.0	0.0	0.0	0
281828	BGuard_FrostPillar	cycle	0	4	timer:0	1	skill	18479	0	0	ME	0.0	0.0	0.0	0
281828	BGuard_FrostPillar	cycle	1	3	timer:1	0	arm	2	4000	0		0.0	0.0	0.0	0
281828	BGuard_FrostPillar	cycle	1	3	timer:1	1	skill	18479	0	0	ME	0.0	0.0	0.0	0
281828	BGuard_FrostPillar	cycle	2	2	timer:2	0	skill	18479	0	0	ME	0.0	0.0	0.0	0
281828	BGuard_FrostPillar	cycle	2	2	timer:2	1	despawn_self	0	0	0		0.0	0.0	0.0	0
281891	IDAbRe_Core_Cannon	arm	0	2		0	arm	0	10000	0		0.0	0.0	0.0	0
281891	IDAbRe_Core_Cannon	cycle	0	1	timer:0	0	skill	19139	0	0	ME	0.0	0.0	0.0	0
281891	IDAbRe_Core_Cannon	cycle	0	1	timer:0	1	arm	0	10000	0		0.0	0.0	0.0	0
281892	IDAbRe_Core_Souled	arm	0	2		0	arm	0	3000	0		0.0	0.0	0.0	0
281892	IDAbRe_Core_Souled	cycle	0	1	timer:0	0	skill	19138	0	0	MOST_HATED	0.0	0.0	0.0	0
281892	IDAbRe_Core_Souled	cycle	0	1	timer:0	1	arm	0	24000	0		0.0	0.0	0.0	0
281911	IDAbRe_Core_Summon9	arm	0	20		0	arm	0	10000	0		0.0	0.0	0.0	0
281911	IDAbRe_Core_Summon9	cycle	0	10	timer:0	0	arm	0	15000	0		0.0	0.0	0.0	0
281911	IDAbRe_Core_Summon9	cycle	0	10	timer:0	1	skill	19088	0	0	MOST_HATED	0.0	0.0	0.0	0
281912	IDAbRe_Core_Summon10	arm	0	20		0	arm	0	10000	0		0.0	0.0	0.0	0
281912	IDAbRe_Core_Summon10	cycle	0	10	timer:0	0	arm	0	15000	0		0.0	0.0	0.0	0
281912	IDAbRe_Core_Summon10	cycle	0	10	timer:0	1	skill	19086	0	0	MOST_HATED	0.0	0.0	0.0	0
281913	IDAbRe_Core_Cannon	arm	0	2		0	arm	0	10000	0		0.0	0.0	0.0	0
281913	IDAbRe_Core_Cannon	cycle	0	1	timer:0	0	skill	19139	0	0	ME	0.0	0.0	0.0	0
281913	IDAbRe_Core_Cannon	cycle	0	1	timer:0	1	arm	0	10000	0		0.0	0.0	0.0	0
281914	IDAbRe_Core_Cannon	arm	0	2		0	arm	0	10000	0		0.0	0.0	0.0	0
281914	IDAbRe_Core_Cannon	cycle	0	1	timer:0	0	skill	19139	0	0	ME	0.0	0.0	0.0	0
281914	IDAbRe_Core_Cannon	cycle	0	1	timer:0	1	arm	0	10000	0		0.0	0.0	0.0	0
281915	IDAbRe_Core_Souled	arm	0	2		0	arm	0	3000	0		0.0	0.0	0.0	0
281915	IDAbRe_Core_Souled	cycle	0	1	timer:0	0	skill	19138	0	0	MOST_HATED	0.0	0.0	0.0	0
281915	IDAbRe_Core_Souled	cycle	0	1	timer:0	1	arm	0	24000	0		0.0	0.0	0.0	0
281916	IDAbRe_Core_Souled	arm	0	2		0	arm	0	3000	0		0.0	0.0	0.0	0
281916	IDAbRe_Core_Souled	cycle	0	1	timer:0	0	skill	19138	0	0	MOST_HATED	0.0	0.0	0.0	0
281916	IDAbRe_Core_Souled	cycle	0	1	timer:0	1	arm	0	24000	0		0.0	0.0	0.0	0
281923	IDAbRe_Core_Decoration3	arm	0	2		0	arm	0	5000	0		0.0	0.0	0.0	0
281923	IDAbRe_Core_Decoration3	cycle	0	1	timer:0	0	skill	19090	0	0	ME	0.0	0.0	0.0	0
281923	IDAbRe_Core_Decoration3	cycle	0	1	timer:0	1	broadcast	11110	50	0		0.0	0.0	0.0	0
281923	IDAbRe_Core_Decoration3	cycle	0	1	timer:0	2	spawn	281920	1	0	absolute	644.71	148.5	447.43	1
281923	IDAbRe_Core_Decoration3	cycle	0	1	timer:0	3	arm	0	20000	0		0.0	0.0	0.0	0
281987	AD2_Wss0BT15st1	arm	0	3		0	arm	0	15000	0		0.0	0.0	0.0	0
281987	AD2_Wss0BT15st1	cycle	0	2	timer:0	0	arm	0	15000	0		0.0	0.0	0.0	0
281987	AD2_Wss0BT15st1	cycle	0	2	timer:0	1	skill	16516	0	0	MOST_HATED	0.0	0.0	0.0	0
281987	AD2_Wss0BT15st1	cycle	1	1	timer:0	0	arm	0	3000	0		0.0	0.0	0.0	0
281999	Elim_Sheluk	arm	0	7		0	arm	0	10000	0		0.0	0.0	0.0	0
281999	Elim_Sheluk	cycle	0	6	timer:0	0	arm	0	10000	0		0.0	0.0	0.0	0
281999	Elim_Sheluk	cycle	0	6	timer:0	1	skill	18824	0	0	MOST_HATED	0.0	0.0	0.0	0
281999	Elim_Sheluk	cycle	1	5	timer:0	0	arm	0	10000	0		0.0	0.0	0.0	0
282005	Elim_ShelukNm	arm	0	7		0	arm	0	19000	0		0.0	0.0	0.0	0
282005	Elim_ShelukNm	arm	0	7		1	arm	1	9000	0		0.0	0.0	0.0	0
282005	Elim_ShelukNm	arm	0	7		2	skill	19285	0	0	MOST_HATED	0.0	0.0	0.0	0
282005	Elim_ShelukNm	cycle	0	7	timer:0	0	arm	0	19000	0		0.0	0.0	0.0	0
282005	Elim_ShelukNm	cycle	0	7	timer:0	1	skill	19285	0	0	MOST_HATED	0.0	0.0	0.0	0
282005	Elim_ShelukNm	cycle	1	7	timer:1	0	arm	1	9000	0		0.0	0.0	0.0	0
282005	Elim_ShelukNm	cycle	1	7	timer:1	1	skill	18816	0	0	MOST_HATED	0.0	0.0	0.0	0
282021	Elim_Criton	arm	0	7		0	arm	0	7000	0		0.0	0.0	0.0	0
282021	Elim_Criton	arm	0	7		1	skill	18816	0	0	MOST_HATED	0.0	0.0	0.0	0
282021	Elim_Criton	cycle	0	6	timer:0|hp_below:40	0	arm	0	7000	0		0.0	0.0	0.0	0
282021	Elim_Criton	cycle	0	6	timer:0|hp_below:40	1	skill	18823	0	0	MOST_HATED	0.0	0.0	0.0	0
282021	Elim_Criton	cycle	1	5	timer:0	0	arm	0	7000	0		0.0	0.0	0.0	0
282025	Elim_Sheluk	arm	0	7		0	arm	0	10000	0		0.0	0.0	0.0	0
282025	Elim_Sheluk	cycle	0	6	timer:0	0	arm	0	10000	0		0.0	0.0	0.0	0
282025	Elim_Sheluk	cycle	0	6	timer:0	1	skill	18824	0	0	MOST_HATED	0.0	0.0	0.0	0
282025	Elim_Sheluk	cycle	1	5	timer:0	0	arm	0	10000	0		0.0	0.0	0.0	0
282057	IDAbRe_Core_Summon9	arm	0	20		0	arm	0	10000	0		0.0	0.0	0.0	0
282057	IDAbRe_Core_Summon9	cycle	0	10	timer:0	0	arm	0	15000	0		0.0	0.0	0.0	0
282057	IDAbRe_Core_Summon9	cycle	0	10	timer:0	1	skill	19088	0	0	MOST_HATED	0.0	0.0	0.0	0
282073	XDrakan_RaztahSumA	arm	0	7		0	arm	0	5000	0		0.0	0.0	0.0	0
282073	XDrakan_RaztahSumA	cycle	0	7	timer:0	0	broadcast	7020	50	0		0.0	0.0	0.0	0
282074	XDrakan_RaztahSumA	arm	0	7		0	arm	0	5000	0		0.0	0.0	0.0	0
282074	XDrakan_RaztahSumA	cycle	0	7	timer:0	0	broadcast	7020	50	0		0.0	0.0	0.0	0
282079	LF4_ZitanSumA	arm	0	7		0	arm	0	15000	0		0.0	0.0	0.0	0
282079	LF4_ZitanSumA	cycle	0	7	timer:0	0	arm	0	15000	0		0.0	0.0	0.0	0
282079	LF4_ZitanSumA	cycle	0	7	timer:0	1	skill	19119	0	0	ME	0.0	0.0	0.0	0
282080	LF4_ZitanSumB	arm	0	7		0	arm	0	15000	0		0.0	0.0	0.0	0
282080	LF4_ZitanSumB	cycle	0	7	timer:0	0	arm	0	15000	0		0.0	0.0	0.0	0
282080	LF4_ZitanSumB	cycle	0	7	timer:0	1	skill	16684	0	0	ME	0.0	0.0	0.0	0
282111	Cromede_Healyou_Noshow	arm	0	7		0	arm	0	10000	0		0.0	0.0	0.0	0
282111	Cromede_Healyou_Noshow	cycle	0	7	timer:0	0	arm	0	10000	0		0.0	0.0	0.0	0
282111	Cromede_Healyou_Noshow	cycle	0	7	timer:0	1	skill	19272	0	0	ME	0.0	0.0	0.0	0
282141	IDAbRe_Core_Summon4	arm	0	2		0	arm	0	3000	0		0.0	0.0	0.0	0
282141	IDAbRe_Core_Summon4	cycle	0	1	timer:0	0	spawn	281903	1	70	absolute	309.95	738.02	217.12	1
282141	IDAbRe_Core_Summon4	cycle	0	1	timer:0	1	arm	0	12000	0		0.0	0.0	0.0	0
282142	IDAbRe_Core_Summon4_3	arm	0	2		0	arm	0	3000	0		0.0	0.0	0.0	0
282142	IDAbRe_Core_Summon4_3	cycle	0	1	timer:0	0	spawn	281903	1	70	absolute	331.33	722.18	212.93	1
282142	IDAbRe_Core_Summon4_3	cycle	0	1	timer:0	1	arm	0	12000	0		0.0	0.0	0.0	0
282143	IDAbRe_Core_Summon4_6	arm	0	2		0	arm	0	3000	0		0.0	0.0	0.0	0
282143	IDAbRe_Core_Summon4_6	cycle	0	1	timer:0	0	spawn	281903	1	70	absolute	348.55	741.76	212.93	1
282143	IDAbRe_Core_Summon4_6	cycle	0	1	timer:0	1	arm	0	12000	0		0.0	0.0	0.0	0
282144	IDAbRe_Core_Summon4_Low	arm	0	2		0	arm	0	9000	0		0.0	0.0	0.0	0
282144	IDAbRe_Core_Summon4_Low	cycle	0	1	timer:0	0	spawn	281904	1	13	self	0.0	0.0	0.0	1
282144	IDAbRe_Core_Summon4_Low	cycle	0	1	timer:0	1	arm	0	9000	0		0.0	0.0	0.0	0
282147	IDHouse_Prime_Sum2	arm	0	1		0	skill	19301	0	0	ME	0.0	0.0	0.0	0
282147	IDHouse_Prime_Sum2	arm	0	1		1	arm	0	6000	0		0.0	0.0	0.0	0
282147	IDHouse_Prime_Sum2	cycle	0	2	timer:0	0	skill	19302	0	0	MOST_HATED	0.0	0.0	0.0	0
282148	IDHouse_Prime_Sum3	arm	0	2		0	skill	19306	0	0	ME	0.0	0.0	0.0	0
282148	IDHouse_Prime_Sum3	arm	0	2		1	arm	0	1000	0		0.0	0.0	0.0	0
282148	IDHouse_Prime_Sum3	cycle	0	1	timer:0	0	skill	19306	0	0	ME	0.0	0.0	0.0	0
282148	IDHouse_Prime_Sum3	cycle	0	1	timer:0	1	arm	0	3000	0		0.0	0.0	0.0	0
282183	IDHouse_Zadra_Blaze_Move	arm	0	3		0	arm	0	1000	0		0.0	0.0	0.0	0
282183	IDHouse_Zadra_Blaze_Move	arm	0	3		1	spawn	282184	1	38	self	0.0	0.0	0.0	1
282183	IDHouse_Zadra_Blaze_Move	cycle	0	1	timer:0	0	arm	0	2000	0		0.0	0.0	0.0	0
282183	IDHouse_Zadra_Blaze_Move	cycle	0	1	timer:0	1	spawn	282184	1	38	self	0.0	0.0	0.0	1
282184	IDHouse_Zadra_Blaze_NoMove	arm	0	3		0	arm	0	1000	0		0.0	0.0	0.0	0
282184	IDHouse_Zadra_Blaze_NoMove	cycle	0	1	timer:0	0	arm	0	2000	0		0.0	0.0	0.0	0
282184	IDHouse_Zadra_Blaze_NoMove	cycle	0	1	timer:0	1	skill	19389	0	0	ME	0.0	0.0	0.0	0
282191	IDForest_Wave_Spaky_Bomb	arm	0	2		0	arm	0	5000	0		0.0	0.0	0.0	0
282191	IDForest_Wave_Spaky_Bomb	cycle	0	1	timer:0	0	skill	19397	0	0	ME	0.0	0.0	0.0	0
282191	IDForest_Wave_Spaky_Bomb	cycle	0	1	timer:0	1	arm	0	5000	0		0.0	0.0	0.0	0
282193	IDForest_Wave_Spaky_Boss	arm	0	2		0	arm	0	7000	0		0.0	0.0	0.0	0
282193	IDForest_Wave_Spaky_Boss	cycle	0	1	timer:0	0	skill	19400	0	0	ME	0.0	0.0	0.0	0
282193	IDForest_Wave_Spaky_Boss	cycle	0	1	timer:0	1	arm	0	7000	0		0.0	0.0	0.0	0
282195	IDForest_Wave_Laphilima_Bomb	arm	0	2		0	arm	0	5000	0		0.0	0.0	0.0	0
282195	IDForest_Wave_Laphilima_Bomb	cycle	0	1	timer:0	0	skill	19398	0	0	ME	0.0	0.0	0.0	0
282195	IDForest_Wave_Laphilima_Bomb	cycle	0	1	timer:0	1	arm	0	5000	0		0.0	0.0	0.0	0
282197	IDForest_Wave_Laphilima_Boss	arm	0	2		0	arm	0	7000	0		0.0	0.0	0.0	0
282197	IDForest_Wave_Laphilima_Boss	cycle	0	1	timer:0	0	skill	19400	0	0	ME	0.0	0.0	0.0	0
282197	IDForest_Wave_Laphilima_Boss	cycle	0	1	timer:0	1	arm	0	7000	0		0.0	0.0	0.0	0
282264	D3_NeP_S	arm	0	19		0	arm	0	2000	0		0.0	0.0	0.0	0
282264	D3_NeP_S	cycle	0	1	timer:0	0	spawn	282184	1	0	self	0.0	0.0	0.0	1
282264	D3_NeP_S	cycle	0	1	timer:0	1	arm	0	1000	0		0.0	0.0	0.0	0
282271	Station_Shu_FI	arm	0	6		0	arm	0	12000	0		0.0	0.0	0.0	0
282271	Station_Shu_FI	cycle	0	8	timer:0	0	arm	0	12000	0		0.0	0.0	0.0	0
282271	Station_Shu_FI	cycle	0	8	timer:0	1	skill	19489	0	0	MOST_HATED	0.0	0.0	0.0	0
282272	Station_Shu_KN	arm	0	6		0	arm	0	12000	0		0.0	0.0	0.0	0
282272	Station_Shu_KN	cycle	0	8	timer:0	0	arm	0	12000	0		0.0	0.0	0.0	0
282272	Station_Shu_KN	cycle	0	8	timer:0	1	skill	19489	0	0	MOST_HATED	0.0	0.0	0.0	0
282275	Station_Shu_PR	arm	0	7		0	arm	0	2000	0		0.0	0.0	0.0	0
282275	Station_Shu_PR	cycle	0	7	timer:0|hp_below:40	0	skill	19492	0	0	ME	0.0	0.0	0.0	0
282275	Station_Shu_PR	cycle	1	6	timer:0	0	arm	0	2000	0		0.0	0.0	0.0	0
282276	Station_Shu_AS	arm	0	6		0	arm	1	6000	0		0.0	0.0	0.0	0
282276	Station_Shu_AS	cycle	0	7	timer:1	0	arm	0	6000	0		0.0	0.0	0.0	0
282276	Station_Shu_AS	cycle	0	7	timer:1	1	say	342337	0	0		0.0	0.0	0.0	0
282276	Station_Shu_AS	cycle	1	5	timer:0	0	arm	0	12000	0		0.0	0.0	0.0	0
282276	Station_Shu_AS	cycle	1	5	timer:0	1	skill	19494	0	0	MOST_HATED	0.0	0.0	0.0	0
282283	Station_HugenB	arm	0	8		0	arm	0	10000	0		0.0	0.0	0.0	0
282283	Station_HugenB	arm	0	8		1	skill	19496	0	0	ME	0.0	0.0	0.0	0
282283	Station_HugenB	cycle	0	7	timer:0	0	arm	0	20000	0		0.0	0.0	0.0	0
282283	Station_HugenB	cycle	0	7	timer:0	1	skill	19496	0	0	ME	0.0	0.0	0.0	0
282284	Station_MaravataNM	arm	0	7		0	arm	0	3000	0		0.0	0.0	0.0	0
282284	Station_MaravataNM	cycle	0	8	timer:0	0	skill	19497	0	0	MOST_HATED	0.0	0.0	0.0	0
282285	Station_MaravataNM	arm	0	7		0	arm	0	3000	0		0.0	0.0	0.0	0
282285	Station_MaravataNM	cycle	0	8	timer:0	0	skill	19497	0	0	MOST_HATED	0.0	0.0	0.0	0
282286	Station_eye_Br	arm	0	7		0	arm	0	17000	0		0.0	0.0	0.0	0
282286	Station_eye_Br	arm	0	7		1	say	342310	0	0		0.0	0.0	0.0	0
282286	Station_eye_Br	arm	0	7		2	skill	19498	0	0	ME	0.0	0.0	0.0	0
282286	Station_eye_Br	arm	0	7		3	broadcast	7106	30	0		0.0	0.0	0.0	0
282286	Station_eye_Br	cycle	0	6	timer:0	0	arm	0	17000	0		0.0	0.0	0.0	0
282286	Station_eye_Br	cycle	0	6	timer:0	1	say	342310	0	0		0.0	0.0	0.0	0
282286	Station_eye_Br	cycle	0	6	timer:0	2	skill	19498	0	0	ME	0.0	0.0	0.0	0
282286	Station_eye_Br	cycle	0	6	timer:0	3	broadcast	7106	30	0		0.0	0.0	0.0	0
282299	IDForest_Bridge_invisible	arm	0	2		0	arm	0	7000	0		0.0	0.0	0.0	0
282299	IDForest_Bridge_invisible	arm	0	2		1	skill	19504	0	0	MOST_HATED	0.0	0.0	0.0	0
282299	IDForest_Bridge_invisible	cycle	0	1	timer:0	0	skill	19505	0	0	MOST_HATED	0.0	0.0	0.0	0
282299	IDForest_Bridge_invisible	cycle	0	1	timer:0	1	despawn_self	0	0	0		0.0	0.0	0.0	0
282307	IDForest_Prime_Sum1	arm	0	2		0	arm	0	3000	0		0.0	0.0	0.0	0
282307	IDForest_Prime_Sum1	cycle	0	1	timer:0	0	spawn	282465	1	6	self	0.0	0.0	0.0	1
282307	IDForest_Prime_Sum1	cycle	0	1	timer:0	1	spawn	282308	1	0	self	0.0	0.0	0.0	1
282307	IDForest_Prime_Sum1	cycle	0	1	timer:0	2	despawn_self	0	0	0		0.0	0.0	0.0	0
282321	Raksha_DrakanStatuePoison	arm	0	7		0	arm	1	13000	0		0.0	0.0	0.0	0
282321	Raksha_DrakanStatuePoison	arm	0	7		1	arm	0	9000	0		0.0	0.0	0.0	0
282321	Raksha_DrakanStatuePoison	arm	0	7		2	skill	16570	0	0	MOST_HATED	0.0	0.0	0.0	0
282321	Raksha_DrakanStatuePoison	cycle	0	9	timer:1|hp_below:49	0	arm	1	13000	0		0.0	0.0	0.0	0
282321	Raksha_DrakanStatuePoison	cycle	1	9	timer:1|hp_between:51:99	0	arm	1	13000	0		0.0	0.0	0.0	0
282321	Raksha_DrakanStatuePoison	cycle	2	9	timer:0|hp_below:49	0	arm	0	9000	0		0.0	0.0	0.0	0
282321	Raksha_DrakanStatuePoison	cycle	3	1	timer:1	0	arm	1	13000	0		0.0	0.0	0.0	0
282321	Raksha_DrakanStatuePoison	cycle	4	1	timer:0	0	arm	0	9000	0		0.0	0.0	0.0	0
282322	Raksha_DrakanStatueEarth	arm	0	7		0	arm	0	9000	0		0.0	0.0	0.0	0
282322	Raksha_DrakanStatueEarth	arm	0	7		1	arm	1	13000	0		0.0	0.0	0.0	0
282322	Raksha_DrakanStatueEarth	cycle	0	2	timer:0|hp_below:49	0	arm	0	9000	0		0.0	0.0	0.0	0
282322	Raksha_DrakanStatueEarth	cycle	1	2	timer:1|hp_between:52:99	0	arm	1	13000	0		0.0	0.0	0.0	0
282322	Raksha_DrakanStatueEarth	cycle	2	1	timer:0	0	arm	0	9000	0		0.0	0.0	0.0	0
282322	Raksha_DrakanStatueEarth	cycle	3	1	timer:1	0	arm	1	13000	0		0.0	0.0	0.0	0
282323	Raksha_DrakanStatueMain	arm	0	7		0	arm	0	11000	0		0.0	0.0	0.0	0
282323	Raksha_DrakanStatueMain	arm	0	7		1	arm	1	9000	0		0.0	0.0	0.0	0
282323	Raksha_DrakanStatueMain	arm	0	7		2	arm	2	7000	0		0.0	0.0	0.0	0
282323	Raksha_DrakanStatueMain	cycle	0	2	timer:0|hp_below:49	0	arm	0	11000	0		0.0	0.0	0.0	0
282323	Raksha_DrakanStatueMain	cycle	1	2	timer:1|hp_between:52:99	0	arm	1	9000	0		0.0	0.0	0.0	0
282323	Raksha_DrakanStatueMain	cycle	2	1	timer:0	0	arm	0	11000	0		0.0	0.0	0.0	0
282323	Raksha_DrakanStatueMain	cycle	3	1	timer:1	0	arm	1	9000	0		0.0	0.0	0.0	0
282323	Raksha_DrakanStatueMain	cycle	4	1	timer:2	0	arm	2	7000	0		0.0	0.0	0.0	0
282327	Raksha_Evileye	arm	0	7		0	arm	0	12000	0		0.0	0.0	0.0	0
282327	Raksha_Evileye	cycle	0	7	timer:0	0	skill	19125	0	0	ME	0.0	0.0	0.0	0
282327	Raksha_Evileye	cycle	0	7	timer:0	1	despawn_self	0	0	0		0.0	0.0	0.0	0
282328	Raksha_EvileyeLight	arm	0	7		0	arm	0	12000	0		0.0	0.0	0.0	0
282328	Raksha_EvileyeLight	arm	0	7		1	say	1401158	0	0		0.0	0.0	0.0	0
282328	Raksha_EvileyeLight	cycle	0	7	timer:0	0	arm	0	12000	0		0.0	0.0	0.0	0
282328	Raksha_EvileyeLight	cycle	0	7	timer:0	1	skill	19125	0	0	MOST_HATED	0.0	0.0	0.0	0
282338	Raksha_BoneDrake	arm	0	7		0	arm	0	8000	0		0.0	0.0	0.0	0
282338	Raksha_BoneDrake	arm	0	7		1	arm	1	9000	0		0.0	0.0	0.0	0
282338	Raksha_BoneDrake	cycle	0	3	timer:1|hp_below:39	0	arm	1	9000	0		0.0	0.0	0.0	0
282338	Raksha_BoneDrake	cycle	0	3	timer:1|hp_below:39	1	skill	16673	0	0	MOST_HATED	0.0	0.0	0.0	0
282338	Raksha_BoneDrake	cycle	1	2	timer:0|hp_between:41:99	0	arm	0	8000	0		0.0	0.0	0.0	0
282338	Raksha_BoneDrake	cycle	1	2	timer:0|hp_between:41:99	1	skill	16516	0	0	MOST_HATED	0.0	0.0	0.0	0
282338	Raksha_BoneDrake	cycle	2	1	timer:1	0	arm	1	9000	0		0.0	0.0	0.0	0
282339	Raksha_Drynac	arm	0	7		0	arm	0	8000	0		0.0	0.0	0.0	0
282339	Raksha_Drynac	cycle	0	1	timer:0	0	arm	0	8000	0		0.0	0.0	0.0	0
282339	Raksha_Drynac	cycle	0	1	timer:0	1	skill	16673	0	0	MOST_HATED	0.0	0.0	0.0	0
282341	Raksha_SehllizaardUndead	arm	0	2		0	arm	0	7000	0		0.0	0.0	0.0	0
282341	Raksha_SehllizaardUndead	arm	0	2		1	skill	18575	0	0	MOST_HATED	0.0	0.0	0.0	0
282341	Raksha_SehllizaardUndead	cycle	0	1	timer:0	0	arm	0	7000	0		0.0	0.0	0.0	0
282341	Raksha_SehllizaardUndead	cycle	0	1	timer:0	1	skill	16516	0	0	MOST_HATED	0.0	0.0	0.0	0
282342	Raksha_Bat	arm	0	7		0	arm	0	7000	0		0.0	0.0	0.0	0
282342	Raksha_Bat	cycle	0	1	timer:0	0	arm	0	7000	0		0.0	0.0	0.0	0
282342	Raksha_Bat	cycle	0	1	timer:0	1	skill	19284	0	0	MOST_HATED	0.0	0.0	0.0	0
282357	IDHouse_Zadra_Blaze_NoMove	arm	0	3		0	arm	0	1000	0		0.0	0.0	0.0	0
282357	IDHouse_Zadra_Blaze_NoMove	cycle	0	1	timer:0	0	arm	0	2000	0		0.0	0.0	0.0	0
282357	IDHouse_Zadra_Blaze_NoMove	cycle	0	1	timer:0	1	skill	19321	0	0	ME	0.0	0.0	0.0	0
282384	IDYun_Nmd1_Sum2	arm	0	1		0	broadcast	16	100	0		0.0	0.0	0.0	0
282384	IDYun_Nmd1_Sum2	arm	0	1		1	arm	0	1000	0		0.0	0.0	0.0	0
282384	IDYun_Nmd1_Sum2	cycle	0	1	timer:0	0	broadcast	16	100	0		0.0	0.0	0.0	0
282384	IDYun_Nmd1_Sum2	cycle	0	1	timer:0	1	arm	0	1000	0		0.0	0.0	0.0	0
282397	BDrakan_W	arm	0	8		0	arm	0	3000	0		0.0	0.0	0.0	0
282397	BDrakan_W	arm	0	8		1	skill	16672	0	0	MOST_HATED	0.0	0.0	0.0	0
282397	BDrakan_W	cycle	0	7	timer:0	0	arm	1	10000	0		0.0	0.0	0.0	0
282397	BDrakan_W	cycle	0	7	timer:0	1	skill	17294	0	0	MOST_HATED	0.0	0.0	0.0	0
282397	BDrakan_W	cycle	1	6	timer:1	0	arm	0	6000	0		0.0	0.0	0.0	0
282397	BDrakan_W	cycle	1	6	timer:1	1	skill	17699	0	0	MOST_HATED	0.0	0.0	0.0	0
282398	BDrakan_R	arm	0	8		0	arm	0	3000	0		0.0	0.0	0.0	0
282398	BDrakan_R	arm	0	8		1	skill	17318	0	0	MOST_HATED	0.0	0.0	0.0	0
282398	BDrakan_R	cycle	0	7	timer:0	0	arm	1	10000	0		0.0	0.0	0.0	0
282398	BDrakan_R	cycle	0	7	timer:0	1	skill	16543	0	0	MOST_HATED	0.0	0.0	0.0	0
282398	BDrakan_R	cycle	1	6	timer:1	0	arm	0	6000	0		0.0	0.0	0.0	0
282398	BDrakan_R	cycle	1	6	timer:1	1	skill	17317	0	0	MOST_HATED	0.0	0.0	0.0	0
282399	BDrakan_M	arm	0	8		0	arm	0	3000	0		0.0	0.0	0.0	0
282399	BDrakan_M	arm	0	8		1	skill	17334	0	0	MOST_HATED	0.0	0.0	0.0	0
282399	BDrakan_M	cycle	0	7	timer:0	0	arm	1	10000	0		0.0	0.0	0.0	0
282399	BDrakan_M	cycle	0	7	timer:0	1	skill	17582	0	0	MOST_HATED	0.0	0.0	0.0	0
282399	BDrakan_M	cycle	1	6	timer:1	0	arm	0	6000	0		0.0	0.0	0.0	0
282399	BDrakan_M	cycle	1	6	timer:1	1	skill	16570	0	0	MOST_HATED	0.0	0.0	0.0	0
282413	Dragon_G1Slave	arm	0	3		0	arm	0	10000	0		0.0	0.0	0.0	0
282413	Dragon_G1Slave	cycle	0	2	timer:2	0	despawn_self	0	0	0		0.0	0.0	0.0	0
282413	Dragon_G1Slave	cycle	1	1	timer:0	0	arm	2	4000	0		0.0	0.0	0.0	0
282413	Dragon_G1Slave	cycle	1	1	timer:0	1	skill	18219	0	0	ME	0.0	0.0	0.0	0
282438	IDArena_S10_Summon_2	arm	0	7		0	arm	0	30000	0		0.0	0.0	0.0	0
282438	IDArena_S10_Summon_2	cycle	0	7	timer:0	0	despawn_self	0	0	0		0.0	0.0	0.0	0
282469	LDF4a_B2_OdNucleus1	arm	0	7		0	arm	0	2000	0		0.0	0.0	0.0	0
282469	LDF4a_B2_OdNucleus1	arm	0	7		1	arm	1	60000	0		0.0	0.0	0.0	0
282469	LDF4a_B2_OdNucleus1	arm	0	7		2	arm	2	3000	0		0.0	0.0	0.0	0
282469	LDF4a_B2_OdNucleus1	arm	0	7		3	skill	20265	0	0	ME	0.0	0.0	0.0	0
282469	LDF4a_B2_OdNucleus1	cycle	0	20	timer:1	0	spawn	282749	1	0	self	0.0	0.0	0.0	0
282469	LDF4a_B2_OdNucleus1	cycle	0	20	timer:1	1	despawn_self	0	0	0		0.0	0.0	0.0	0
282469	LDF4a_B2_OdNucleus1	cycle	1	10	timer:0	0	arm	0	2000	0		0.0	0.0	0.0	0
282469	LDF4a_B2_OdNucleus1	cycle	1	10	timer:0	1	skill	20265	0	0	ME	0.0	0.0	0.0	0
282471	Test_JM_Monster_1	arm	0	7		0	arm	0	15000	0		0.0	0.0	0.0	0
282471	Test_JM_Monster_1	cycle	0	7	timer:0	0	arm	0	15000	0		0.0	0.0	0.0	0
282471	Test_JM_Monster_1	cycle	0	7	timer:0	1	skill	16482	0	0	MOST_HATED	0.0	0.0	0.0	0
282481	LDF4a_Fox_Night	arm	0	7		0	arm	0	5000	0		0.0	0.0	0.0	0
282481	LDF4a_Fox_Night	arm	0	7		1	skill	19874	0	0	MOST_HATED	0.0	0.0	0.0	0
282481	LDF4a_Fox_Night	cycle	0	6	timer:0|hp_below:40	0	skill	19853	0	0	ME	0.0	0.0	0.0	0
282481	LDF4a_Fox_Night	cycle	1	5	timer:0	0	arm	0	5000	0		0.0	0.0	0.0	0
282489	1Skill_Ev15s_UseSk1T	arm	0	7		0	arm	0	15000	0		0.0	0.0	0.0	0
282489	1Skill_Ev15s_UseSk1T	cycle	0	7	timer:0	0	arm	0	15000	0		0.0	0.0	0.0	0
282489	1Skill_Ev15s_UseSk1T	cycle	0	7	timer:0	1	skill	19828	0	0	MOST_HATED	0.0	0.0	0.0	0
282490	1Skill_Ev15s_UseSk1T	arm	0	7		0	arm	0	15000	0		0.0	0.0	0.0	0
282490	1Skill_Ev15s_UseSk1T	cycle	0	7	timer:0	0	arm	0	15000	0		0.0	0.0	0.0	0
282490	1Skill_Ev15s_UseSk1T	cycle	0	7	timer:0	1	skill	19829	0	0	MOST_HATED	0.0	0.0	0.0	0
282491	LDF4a_ElementalWater	arm	0	7		0	arm	0	10000	0		0.0	0.0	0.0	0
282491	LDF4a_ElementalWater	cycle	0	7	timer:0	0	arm	0	15000	0		0.0	0.0	0.0	0
282491	LDF4a_ElementalWater	cycle	0	7	timer:0	1	skill	20180	0	0	MOST_HATED	0.0	0.0	0.0	0
282492	LDF4a_Owllau_Fighter	arm	0	7		0	say	1500311	0	0		0.0	0.0	0.0	0
282492	LDF4a_Owllau_Fighter	arm	0	7		1	arm	0	5000	0		0.0	0.0	0.0	0
282492	LDF4a_Owllau_Fighter	arm	0	7		2	skill	20077	0	0	ME	0.0	0.0	0.0	0
282492	LDF4a_Owllau_Fighter	cycle	0	7	timer:0	0	arm	0	20000	0		0.0	0.0	0.0	0
282492	LDF4a_Owllau_Fighter	cycle	0	7	timer:0	1	skill	20078	0	0	MOST_HATED	0.0	0.0	0.0	0
282493	LDF4a_Owllau_Assassin	arm	0	7		0	arm	0	5000	0		0.0	0.0	0.0	0
282493	LDF4a_Owllau_Assassin	cycle	0	7	timer:0	0	arm	0	15000	0		0.0	0.0	0.0	0
282493	LDF4a_Owllau_Assassin	cycle	0	7	timer:0	1	skill	20079	0	0	MOST_HATED	0.0	0.0	0.0	0
282494	LDF4a_Owllau_Priest	arm	0	7		0	arm	0	5000	0		0.0	0.0	0.0	0
282494	LDF4a_Owllau_Priest	arm	0	7		1	arm	1	5000	0		0.0	0.0	0.0	0
282494	LDF4a_Owllau_Priest	cycle	0	15	timer:1|hp_below:25	0	say	1500310	0	0		0.0	0.0	0.0	0
282494	LDF4a_Owllau_Priest	cycle	0	15	timer:1|hp_below:25	1	skill	20076	0	0	ME	0.0	0.0	0.0	0
282494	LDF4a_Owllau_Priest	cycle	1	10	timer:0|hp_between:1:49	0	arm	0	30000	0		0.0	0.0	0.0	0
282494	LDF4a_Owllau_Priest	cycle	1	10	timer:0|hp_between:1:49	1	skill	20075	0	0	ME	0.0	0.0	0.0	0
282494	LDF4a_Owllau_Priest	cycle	2	5	timer:0	0	arm	0	5000	0		0.0	0.0	0.0	0
282494	LDF4a_Owllau_Priest	cycle	3	5	timer:1	0	arm	1	5000	0		0.0	0.0	0.0	0
282499	LDF4a_Calydon_Fighter	arm	0	7		0	arm	0	5000	0		0.0	0.0	0.0	0
282499	LDF4a_Calydon_Fighter	arm	0	7		1	skill	20081	0	0	ME	0.0	0.0	0.0	0
282499	LDF4a_Calydon_Fighter	cycle	0	7	timer:0	0	arm	0	20000	0		0.0	0.0	0.0	0
282499	LDF4a_Calydon_Fighter	cycle	0	7	timer:0	1	skill	20078	0	0	MOST_HATED	0.0	0.0	0.0	0
282503	LDF4a_Calydon_Priest	arm	0	7		0	arm	0	5000	0		0.0	0.0	0.0	0
282503	LDF4a_Calydon_Priest	arm	0	7		1	arm	1	5000	0		0.0	0.0	0.0	0
282503	LDF4a_Calydon_Priest	cycle	0	15	timer:1|hp_below:25	0	say	1500314	0	0		0.0	0.0	0.0	0
282503	LDF4a_Calydon_Priest	cycle	0	15	timer:1|hp_below:25	1	skill	20076	0	0	ME	0.0	0.0	0.0	0
282503	LDF4a_Calydon_Priest	cycle	1	10	timer:0|hp_between:1:49	0	arm	0	30000	0		0.0	0.0	0.0	0
282503	LDF4a_Calydon_Priest	cycle	1	10	timer:0|hp_between:1:49	1	skill	20075	0	0	ME	0.0	0.0	0.0	0
282503	LDF4a_Calydon_Priest	cycle	2	5	timer:0	0	arm	0	5000	0		0.0	0.0	0.0	0
282503	LDF4a_Calydon_Priest	cycle	3	5	timer:1	0	arm	1	5000	0		0.0	0.0	0.0	0
282506	LDF4a_ForestSpider_Ranger	arm	0	7		0	arm	0	5000	0		0.0	0.0	0.0	0
282506	LDF4a_ForestSpider_Ranger	cycle	0	7	timer:0	0	arm	0	25000	0		0.0	0.0	0.0	0
282506	LDF4a_ForestSpider_Ranger	cycle	0	7	timer:0	1	skill	19880	0	0	MOST_HATED	0.0	0.0	0.0	0
282509	LDF4a_BrohumM_Fighter	arm	0	7		0	arm	0	10000	0		0.0	0.0	0.0	0
282509	LDF4a_BrohumM_Fighter	cycle	0	7	timer:0	0	arm	0	15000	0		0.0	0.0	0.0	0
282509	LDF4a_BrohumM_Fighter	cycle	0	7	timer:0	1	skill	19882	0	0	MOST_HATED	0.0	0.0	0.0	0
282514	1Skill_Ev15s_UseSk1T	arm	0	7		0	arm	0	15000	0		0.0	0.0	0.0	0
282514	1Skill_Ev15s_UseSk1T	cycle	0	7	timer:0	0	arm	0	15000	0		0.0	0.0	0.0	0
282514	1Skill_Ev15s_UseSk1T	cycle	0	7	timer:0	1	skill	19834	0	0	MOST_HATED	0.0	0.0	0.0	0
282519	LDF4a_DrakanWorker_Bomber	arm	0	7		0	arm	0	5000	0		0.0	0.0	0.0	0
282519	LDF4a_DrakanWorker_Bomber	arm	0	7		1	arm	1	10000	0		0.0	0.0	0.0	0
282519	LDF4a_DrakanWorker_Bomber	cycle	0	10	timer:0|hp_below:25	0	say	1500338	0	0		0.0	0.0	0.0	0
282519	LDF4a_DrakanWorker_Bomber	cycle	0	10	timer:0|hp_below:25	1	skill	19836	0	0	ME	0.0	0.0	0.0	0
282519	LDF4a_DrakanWorker_Bomber	cycle	1	7	timer:1	0	arm	1	15000	0		0.0	0.0	0.0	0
282519	LDF4a_DrakanWorker_Bomber	cycle	1	7	timer:1	1	skill	19828	0	0	MOST_HATED	0.0	0.0	0.0	0
282519	LDF4a_DrakanWorker_Bomber	cycle	2	5	timer:0	0	arm	0	5000	0		0.0	0.0	0.0	0
282520	LDF4A_DrakanScout_UnarmedFighter	arm	0	7		0	arm	0	10000	0		0.0	0.0	0.0	0
282520	LDF4A_DrakanScout_UnarmedFighter	cycle	0	7	timer:0	0	arm	0	10000	0		0.0	0.0	0.0	0
282520	LDF4A_DrakanScout_UnarmedFighter	cycle	0	7	timer:0	1	skill	19828	0	0	MOST_HATED	0.0	0.0	0.0	0
282521	IDStation_Darkan_1F_P1	arm	0	7		0	skill	19853	0	0	ME	0.0	0.0	0.0	0
282521	IDStation_Darkan_1F_P1	arm	0	7		1	arm	0	10000	0		0.0	0.0	0.0	0
282521	IDStation_Darkan_1F_P1	arm	0	7		2	arm	1	5000	0		0.0	0.0	0.0	0
282521	IDStation_Darkan_1F_P1	cycle	0	7	timer:1|hp_below:30	0	skill	19830	0	0	MOST_HATED	0.0	0.0	0.0	0
282521	IDStation_Darkan_1F_P1	cycle	1	6	timer:1	0	arm	1	5000	0		0.0	0.0	0.0	0
282521	IDStation_Darkan_1F_P1	cycle	2	5	timer:0	0	skill	19828	0	0	MOST_HATED	0.0	0.0	0.0	0
282521	IDStation_Darkan_1F_P1	cycle	2	5	timer:0	1	arm	0	10000	0		0.0	0.0	0.0	0
282522	IDStation_Darkan_1F_P1	arm	0	7		0	skill	19853	0	0	ME	0.0	0.0	0.0	0
282522	IDStation_Darkan_1F_P1	arm	0	7		1	arm	0	10000	0		0.0	0.0	0.0	0
282522	IDStation_Darkan_1F_P1	arm	0	7		2	arm	1	5000	0		0.0	0.0	0.0	0
282522	IDStation_Darkan_1F_P1	cycle	0	7	timer:1|hp_below:30	0	skill	19830	0	0	MOST_HATED	0.0	0.0	0.0	0
282522	IDStation_Darkan_1F_P1	cycle	1	6	timer:1	0	arm	1	5000	0		0.0	0.0	0.0	0
282522	IDStation_Darkan_1F_P1	cycle	2	5	timer:0	0	skill	19828	0	0	MOST_HATED	0.0	0.0	0.0	0
282522	IDStation_Darkan_1F_P1	cycle	2	5	timer:0	1	arm	0	10000	0		0.0	0.0	0.0	0
282523	IDStation_Darkan_1F_P2	arm	0	7		0	skill	19883	0	0	MOST_HATED	0.0	0.0	0.0	0
282523	IDStation_Darkan_1F_P2	arm	0	7		1	arm	0	10000	0		0.0	0.0	0.0	0
282523	IDStation_Darkan_1F_P2	arm	0	7		2	arm	1	5000	0		0.0	0.0	0.0	0
282523	IDStation_Darkan_1F_P2	cycle	0	7	timer:1|hp_below:30	0	skill	19853	0	0	ME	0.0	0.0	0.0	0
282523	IDStation_Darkan_1F_P2	cycle	1	6	timer:1	0	arm	1	5000	0		0.0	0.0	0.0	0
282523	IDStation_Darkan_1F_P2	cycle	2	5	timer:0	0	skill	19829	0	0	MOST_HATED	0.0	0.0	0.0	0
282523	IDStation_Darkan_1F_P2	cycle	2	5	timer:0	1	arm	0	10000	0		0.0	0.0	0.0	0
282524	IDStation_Darkan_1F_P1	arm	0	7		0	skill	19855	0	0	ME	0.0	0.0	0.0	0
282524	IDStation_Darkan_1F_P1	arm	0	7		1	arm	0	10000	0		0.0	0.0	0.0	0
282524	IDStation_Darkan_1F_P1	arm	0	7		2	arm	1	5000	0		0.0	0.0	0.0	0
282524	IDStation_Darkan_1F_P1	cycle	0	7	timer:1|hp_below:30	0	skill	19834	0	0	MOST_HATED	0.0	0.0	0.0	0
282524	IDStation_Darkan_1F_P1	cycle	1	6	timer:1	0	arm	1	5000	0		0.0	0.0	0.0	0
282524	IDStation_Darkan_1F_P1	cycle	2	5	timer:0	0	skill	19833	0	0	MOST_HATED	0.0	0.0	0.0	0
282524	IDStation_Darkan_1F_P1	cycle	2	5	timer:0	1	arm	0	10000	0		0.0	0.0	0.0	0
282525	LDF4a_Owllau_Priest	arm	0	7		0	arm	0	5000	0		0.0	0.0	0.0	0
282525	LDF4a_Owllau_Priest	arm	0	7		1	arm	1	5000	0		0.0	0.0	0.0	0
282525	LDF4a_Owllau_Priest	cycle	0	15	timer:1|hp_below:25	0	say	1500310	0	0		0.0	0.0	0.0	0
282525	LDF4a_Owllau_Priest	cycle	0	15	timer:1|hp_below:25	1	skill	20076	0	0	ME	0.0	0.0	0.0	0
282525	LDF4a_Owllau_Priest	cycle	1	10	timer:0|hp_between:1:49	0	arm	0	30000	0		0.0	0.0	0.0	0
282525	LDF4a_Owllau_Priest	cycle	1	10	timer:0|hp_between:1:49	1	skill	20075	0	0	ME	0.0	0.0	0.0	0
282525	LDF4a_Owllau_Priest	cycle	2	5	timer:0	0	arm	0	5000	0		0.0	0.0	0.0	0
282525	LDF4a_Owllau_Priest	cycle	3	5	timer:1	0	arm	1	5000	0		0.0	0.0	0.0	0
282535	LDF4a_SandWarm_Monarch_Summon_1	arm	0	6		0	arm	0	90000	0		0.0	0.0	0.0	0
282535	LDF4a_SandWarm_Monarch_Summon_1	cycle	0	5	timer:0	0	skill	19708	0	0	ME	0.0	0.0	0.0	0
282539	LDF4a_SandWarm_Monarch_Summon_2	arm	0	7		0	arm	0	3000	0		0.0	0.0	0.0	0
282539	LDF4a_SandWarm_Monarch_Summon_2	arm	0	7		1	arm	1	30000	0		0.0	0.0	0.0	0
282539	LDF4a_SandWarm_Monarch_Summon_2	cycle	0	10	timer:1	0	despawn_self	0	0	0		0.0	0.0	0.0	0
282539	LDF4a_SandWarm_Monarch_Summon_2	cycle	1	7	timer:0	0	skill	19900	0	0	ME	0.0	0.0	0.0	0
282539	LDF4a_SandWarm_Monarch_Summon_2	cycle	1	7	timer:0	1	arm	0	3000	0		0.0	0.0	0.0	0
282592	IDYun_Temp_48	arm	0	2		0	arm	0	3000	0		0.0	0.0	0.0	0
282592	IDYun_Temp_48	arm	0	2		1	skill	19947	0	0	ME	0.0	0.0	0.0	0
282592	IDYun_Temp_48	cycle	0	1	timer:0	0	skill	19947	0	0	ME	0.0	0.0	0.0	0
282592	IDYun_Temp_48	cycle	0	1	timer:0	1	arm	0	2000	0		0.0	0.0	0.0	0
282593	IDYun_Temp_48	arm	0	2		0	arm	0	3000	0		0.0	0.0	0.0	0
282593	IDYun_Temp_48	arm	0	2		1	skill	19948	0	0	ME	0.0	0.0	0.0	0
282593	IDYun_Temp_48	cycle	0	1	timer:0	0	skill	19948	0	0	ME	0.0	0.0	0.0	0
282593	IDYun_Temp_48	cycle	0	1	timer:0	1	arm	0	2000	0		0.0	0.0	0.0	0
282594	IDYun_Temp_48	arm	0	2		0	arm	0	3000	0		0.0	0.0	0.0	0
282594	IDYun_Temp_48	arm	0	2		1	skill	19949	0	0	ME	0.0	0.0	0.0	0
282594	IDYun_Temp_48	cycle	0	1	timer:0	0	skill	19949	0	0	ME	0.0	0.0	0.0	0
282594	IDYun_Temp_48	cycle	0	1	timer:0	1	arm	0	2000	0		0.0	0.0	0.0	0
282602	IDYun_Nmd1_Sum2	arm	0	1		0	broadcast	16	100	0		0.0	0.0	0.0	0
282602	IDYun_Nmd1_Sum2	arm	0	1		1	arm	0	1000	0		0.0	0.0	0.0	0
282602	IDYun_Nmd1_Sum2	cycle	0	1	timer:0	0	broadcast	16	100	0		0.0	0.0	0.0	0
282602	IDYun_Nmd1_Sum2	cycle	0	1	timer:0	1	arm	0	1000	0		0.0	0.0	0.0	0
282612	LDF4a_Lost_Guardian_002	arm	0	7		0	arm	0	2000	0		0.0	0.0	0.0	0
282612	LDF4a_Lost_Guardian_002	arm	0	7		1	arm	1	20000	0		0.0	0.0	0.0	0
282612	LDF4a_Lost_Guardian_002	arm	0	7		2	skill	20006	0	0	ME	0.0	0.0	0.0	0
282612	LDF4a_Lost_Guardian_002	cycle	0	10	timer:1	0	despawn_self	0	0	0		0.0	0.0	0.0	0
282612	LDF4a_Lost_Guardian_002	cycle	1	7	timer:0	0	arm	0	2000	0		0.0	0.0	0.0	0
282612	LDF4a_Lost_Guardian_002	cycle	1	7	timer:0	1	skill	20006	0	0	ME	0.0	0.0	0.0	0
282636	1Skill_Ev15s_UseSk1T	arm	0	7		0	arm	0	15000	0		0.0	0.0	0.0	0
282636	1Skill_Ev15s_UseSk1T	cycle	0	7	timer:0	0	arm	0	15000	0		0.0	0.0	0.0	0
282636	1Skill_Ev15s_UseSk1T	cycle	0	7	timer:0	1	skill	19828	0	0	MOST_HATED	0.0	0.0	0.0	0
282643	IDStation_Darkan_1F_P1	arm	0	7		0	skill	19853	0	0	ME	0.0	0.0	0.0	0
282643	IDStation_Darkan_1F_P1	arm	0	7		1	arm	0	10000	0		0.0	0.0	0.0	0
282643	IDStation_Darkan_1F_P1	arm	0	7		2	arm	1	5000	0		0.0	0.0	0.0	0
282643	IDStation_Darkan_1F_P1	cycle	0	7	timer:1|hp_below:30	0	skill	19830	0	0	MOST_HATED	0.0	0.0	0.0	0
282643	IDStation_Darkan_1F_P1	cycle	1	6	timer:1	0	arm	1	5000	0		0.0	0.0	0.0	0
282643	IDStation_Darkan_1F_P1	cycle	2	5	timer:0	0	skill	19828	0	0	MOST_HATED	0.0	0.0	0.0	0
282643	IDStation_Darkan_1F_P1	cycle	2	5	timer:0	1	arm	0	10000	0		0.0	0.0	0.0	0
282644	IDStation_Darkan_1F_P2	arm	0	7		0	skill	19883	0	0	MOST_HATED	0.0	0.0	0.0	0
282644	IDStation_Darkan_1F_P2	arm	0	7		1	arm	0	10000	0		0.0	0.0	0.0	0
282644	IDStation_Darkan_1F_P2	arm	0	7		2	arm	1	5000	0		0.0	0.0	0.0	0
282644	IDStation_Darkan_1F_P2	cycle	0	7	timer:1|hp_below:30	0	skill	19853	0	0	ME	0.0	0.0	0.0	0
282644	IDStation_Darkan_1F_P2	cycle	1	6	timer:1	0	arm	1	5000	0		0.0	0.0	0.0	0
282644	IDStation_Darkan_1F_P2	cycle	2	5	timer:0	0	skill	19829	0	0	MOST_HATED	0.0	0.0	0.0	0
282644	IDStation_Darkan_1F_P2	cycle	2	5	timer:0	1	arm	0	10000	0		0.0	0.0	0.0	0
282645	IDStation_Darkan_1F_P1	arm	0	7		0	skill	19855	0	0	ME	0.0	0.0	0.0	0
282645	IDStation_Darkan_1F_P1	arm	0	7		1	arm	0	10000	0		0.0	0.0	0.0	0
282645	IDStation_Darkan_1F_P1	arm	0	7		2	arm	1	5000	0		0.0	0.0	0.0	0
282645	IDStation_Darkan_1F_P1	cycle	0	7	timer:1|hp_below:30	0	skill	19834	0	0	MOST_HATED	0.0	0.0	0.0	0
282645	IDStation_Darkan_1F_P1	cycle	1	6	timer:1	0	arm	1	5000	0		0.0	0.0	0.0	0
282645	IDStation_Darkan_1F_P1	cycle	2	5	timer:0	0	skill	19833	0	0	MOST_HATED	0.0	0.0	0.0	0
282645	IDStation_Darkan_1F_P1	cycle	2	5	timer:0	1	arm	0	10000	0		0.0	0.0	0.0	0
282647	LDF4a_DrakanWorker_Bomber	arm	0	7		0	arm	0	5000	0		0.0	0.0	0.0	0
282647	LDF4a_DrakanWorker_Bomber	arm	0	7		1	arm	1	10000	0		0.0	0.0	0.0	0
282647	LDF4a_DrakanWorker_Bomber	cycle	0	10	timer:0|hp_below:25	0	say	1500338	0	0		0.0	0.0	0.0	0
282647	LDF4a_DrakanWorker_Bomber	cycle	0	10	timer:0|hp_below:25	1	skill	19836	0	0	ME	0.0	0.0	0.0	0
282647	LDF4a_DrakanWorker_Bomber	cycle	1	7	timer:1	0	arm	1	15000	0		0.0	0.0	0.0	0
282647	LDF4a_DrakanWorker_Bomber	cycle	1	7	timer:1	1	skill	19828	0	0	MOST_HATED	0.0	0.0	0.0	0
282647	LDF4a_DrakanWorker_Bomber	cycle	2	5	timer:0	0	arm	0	5000	0		0.0	0.0	0.0	0
282655	LDF4a_Mosbear	arm	0	7		0	arm	0	15000	0		0.0	0.0	0.0	0
282655	LDF4a_Mosbear	arm	0	7		1	skill	19853	0	0	ME	0.0	0.0	0.0	0
282655	LDF4a_Mosbear	cycle	0	7	timer:0	0	arm	0	30000	0		0.0	0.0	0.0	0
282655	LDF4a_Mosbear	cycle	0	7	timer:0	1	skill	20129	0	0	ME	0.0	0.0	0.0	0
282656	LDF4a_Mosbear	arm	0	7		0	arm	0	15000	0		0.0	0.0	0.0	0
282656	LDF4a_Mosbear	arm	0	7		1	skill	19853	0	0	ME	0.0	0.0	0.0	0
282656	LDF4a_Mosbear	cycle	0	7	timer:0	0	arm	0	30000	0		0.0	0.0	0.0	0
282656	LDF4a_Mosbear	cycle	0	7	timer:0	1	skill	20129	0	0	ME	0.0	0.0	0.0	0
282663	1Skill_Ev15s_UseSk1T	arm	0	7		0	arm	0	15000	0		0.0	0.0	0.0	0
282663	1Skill_Ev15s_UseSk1T	cycle	0	7	timer:0	0	arm	0	15000	0		0.0	0.0	0.0	0
282663	1Skill_Ev15s_UseSk1T	cycle	0	7	timer:0	1	skill	19828	0	0	MOST_HATED	0.0	0.0	0.0	0
282665	1Skill_Ev15s_UseSk1T	arm	0	7		0	arm	0	15000	0		0.0	0.0	0.0	0
282665	1Skill_Ev15s_UseSk1T	cycle	0	7	timer:0	0	arm	0	15000	0		0.0	0.0	0.0	0
282665	1Skill_Ev15s_UseSk1T	cycle	0	7	timer:0	1	skill	19835	0	0	MOST_HATED	0.0	0.0	0.0	0
282684	LDF4a_Condor	arm	0	7		0	arm	0	15000	0		0.0	0.0	0.0	0
282684	LDF4a_Condor	arm	0	7		1	skill	19853	0	0	ME	0.0	0.0	0.0	0
282684	LDF4a_Condor	cycle	0	7	timer:0	0	arm	0	25000	0		0.0	0.0	0.0	0
282684	LDF4a_Condor	cycle	0	7	timer:0	1	skill	20126	0	0	ME	0.0	0.0	0.0	0
282686	LDF4a_Owllau_Fighter	arm	0	7		0	say	1500311	0	0		0.0	0.0	0.0	0
282686	LDF4a_Owllau_Fighter	arm	0	7		1	arm	0	5000	0		0.0	0.0	0.0	0
282686	LDF4a_Owllau_Fighter	arm	0	7		2	skill	20077	0	0	ME	0.0	0.0	0.0	0
282686	LDF4a_Owllau_Fighter	cycle	0	7	timer:0	0	arm	0	20000	0		0.0	0.0	0.0	0
282686	LDF4a_Owllau_Fighter	cycle	0	7	timer:0	1	skill	20078	0	0	MOST_HATED	0.0	0.0	0.0	0
282687	LDF4a_Owllau_Assassin	arm	0	7		0	arm	0	5000	0		0.0	0.0	0.0	0
282687	LDF4a_Owllau_Assassin	cycle	0	7	timer:0	0	arm	0	15000	0		0.0	0.0	0.0	0
282687	LDF4a_Owllau_Assassin	cycle	0	7	timer:0	1	skill	20079	0	0	MOST_HATED	0.0	0.0	0.0	0
282688	LDF4a_Owllau_Priest	arm	0	7		0	arm	0	5000	0		0.0	0.0	0.0	0
282688	LDF4a_Owllau_Priest	arm	0	7		1	arm	1	5000	0		0.0	0.0	0.0	0
282688	LDF4a_Owllau_Priest	cycle	0	15	timer:1|hp_below:25	0	say	1500310	0	0		0.0	0.0	0.0	0
282688	LDF4a_Owllau_Priest	cycle	0	15	timer:1|hp_below:25	1	skill	20076	0	0	ME	0.0	0.0	0.0	0
282688	LDF4a_Owllau_Priest	cycle	1	10	timer:0|hp_between:1:49	0	arm	0	30000	0		0.0	0.0	0.0	0
282688	LDF4a_Owllau_Priest	cycle	1	10	timer:0|hp_between:1:49	1	skill	20075	0	0	ME	0.0	0.0	0.0	0
282688	LDF4a_Owllau_Priest	cycle	2	5	timer:0	0	arm	0	5000	0		0.0	0.0	0.0	0
282688	LDF4a_Owllau_Priest	cycle	3	5	timer:1	0	arm	1	5000	0		0.0	0.0	0.0	0
282691	LDF4a_Calydon_Fighter	arm	0	7		0	arm	0	5000	0		0.0	0.0	0.0	0
282691	LDF4a_Calydon_Fighter	arm	0	7		1	skill	20081	0	0	ME	0.0	0.0	0.0	0
282691	LDF4a_Calydon_Fighter	cycle	0	7	timer:0	0	arm	0	20000	0		0.0	0.0	0.0	0
282691	LDF4a_Calydon_Fighter	cycle	0	7	timer:0	1	skill	20078	0	0	MOST_HATED	0.0	0.0	0.0	0
282695	LDF4a_Calydon_Priest	arm	0	7		0	arm	0	5000	0		0.0	0.0	0.0	0
282695	LDF4a_Calydon_Priest	arm	0	7		1	arm	1	5000	0		0.0	0.0	0.0	0
282695	LDF4a_Calydon_Priest	cycle	0	15	timer:1|hp_below:25	0	say	1500314	0	0		0.0	0.0	0.0	0
282695	LDF4a_Calydon_Priest	cycle	0	15	timer:1|hp_below:25	1	skill	20076	0	0	ME	0.0	0.0	0.0	0
282695	LDF4a_Calydon_Priest	cycle	1	10	timer:0|hp_between:1:49	0	arm	0	30000	0		0.0	0.0	0.0	0
282695	LDF4a_Calydon_Priest	cycle	1	10	timer:0|hp_between:1:49	1	skill	20075	0	0	ME	0.0	0.0	0.0	0
282695	LDF4a_Calydon_Priest	cycle	2	5	timer:0	0	arm	0	5000	0		0.0	0.0	0.0	0
282695	LDF4a_Calydon_Priest	cycle	3	5	timer:1	0	arm	1	5000	0		0.0	0.0	0.0	0
282721	LDF4b_D2_Temp_1	arm	0	3		0	arm	0	2000	0		0.0	0.0	0.0	0
282721	LDF4b_D2_Temp_1	arm	0	3		1	arm	1	10000	0		0.0	0.0	0.0	0
282721	LDF4b_D2_Temp_1	arm	0	3		2	skill	20348	0	0	ME	0.0	0.0	0.0	0
282721	LDF4b_D2_Temp_1	cycle	0	2	timer:1	0	arm	1	11000	0		0.0	0.0	0.0	0
282721	LDF4b_D2_Temp_1	cycle	0	2	timer:1	1	despawn_self	0	0	0		0.0	0.0	0.0	0
282721	LDF4b_D2_Temp_1	cycle	1	1	timer:0	0	arm	0	2000	0		0.0	0.0	0.0	0
282721	LDF4b_D2_Temp_1	cycle	1	1	timer:0	1	skill	20348	0	0	ME	0.0	0.0	0.0	0
282722	LDF4b_D2_Temp_2	arm	0	7		0	arm	0	2000	0		0.0	0.0	0.0	0
282722	LDF4b_D2_Temp_2	arm	0	7		1	arm	1	10000	0		0.0	0.0	0.0	0
282722	LDF4b_D2_Temp_2	arm	0	7		2	skill	20409	0	0	ME	0.0	0.0	0.0	0
282722	LDF4b_D2_Temp_2	cycle	0	4	timer:1	0	despawn_self	0	0	0		0.0	0.0	0.0	0
282722	LDF4b_D2_Temp_2	cycle	1	1	timer:0	0	arm	0	2000	0		0.0	0.0	0.0	0
282722	LDF4b_D2_Temp_2	cycle	1	1	timer:0	1	skill	20409	0	0	ME	0.0	0.0	0.0	0
282723	LDF4b_D2_Temp_3	arm	0	3		0	arm	0	2000	0		0.0	0.0	0.0	0
282723	LDF4b_D2_Temp_3	arm	0	3		1	arm	1	10000	0		0.0	0.0	0.0	0
282723	LDF4b_D2_Temp_3	arm	0	3		2	skill	20442	0	0	ME	0.0	0.0	0.0	0
282723	LDF4b_D2_Temp_3	cycle	0	2	timer:1	0	arm	1	11000	0		0.0	0.0	0.0	0
282723	LDF4b_D2_Temp_3	cycle	0	2	timer:1	1	despawn_self	0	0	0		0.0	0.0	0.0	0
282723	LDF4b_D2_Temp_3	cycle	1	1	timer:0	0	arm	0	2000	0		0.0	0.0	0.0	0
282723	LDF4b_D2_Temp_3	cycle	1	1	timer:0	1	skill	20442	0	0	ME	0.0	0.0	0.0	0
282769	LDF4a_Mosbear	arm	0	7		0	arm	0	15000	0		0.0	0.0	0.0	0
282769	LDF4a_Mosbear	arm	0	7		1	skill	19884	0	0	ME	0.0	0.0	0.0	0
282769	LDF4a_Mosbear	cycle	0	7	timer:0	0	arm	0	30000	0		0.0	0.0	0.0	0
282769	LDF4a_Mosbear	cycle	0	7	timer:0	1	skill	20129	0	0	ME	0.0	0.0	0.0	0
282770	LDF4a_Mosbear	arm	0	7		0	arm	0	15000	0		0.0	0.0	0.0	0
282770	LDF4a_Mosbear	arm	0	7		1	skill	19853	0	0	ME	0.0	0.0	0.0	0
282770	LDF4a_Mosbear	cycle	0	7	timer:0	0	arm	0	30000	0		0.0	0.0	0.0	0
282770	LDF4a_Mosbear	cycle	0	7	timer:0	1	skill	20129	0	0	ME	0.0	0.0	0.0	0
282780	1Skill_Ev15s_UseSk1T	arm	0	7		0	arm	0	15000	0		0.0	0.0	0.0	0
282780	1Skill_Ev15s_UseSk1T	cycle	0	7	timer:0	0	arm	0	15000	0		0.0	0.0	0.0	0
282780	1Skill_Ev15s_UseSk1T	cycle	0	7	timer:0	1	skill	19828	0	0	MOST_HATED	0.0	0.0	0.0	0
282783	1Skill_Ev15s_UseSk1T	arm	0	7		0	arm	0	15000	0		0.0	0.0	0.0	0
282783	1Skill_Ev15s_UseSk1T	cycle	0	7	timer:0	0	arm	0	15000	0		0.0	0.0	0.0	0
282783	1Skill_Ev15s_UseSk1T	cycle	0	7	timer:0	1	skill	19829	0	0	MOST_HATED	0.0	0.0	0.0	0
282785	Station_Shu_AS	arm	0	6		0	arm	1	6000	0		0.0	0.0	0.0	0
282785	Station_Shu_AS	cycle	0	7	timer:1	0	arm	0	6000	0		0.0	0.0	0.0	0
282785	Station_Shu_AS	cycle	0	7	timer:1	1	say	342337	0	0		0.0	0.0	0.0	0
282785	Station_Shu_AS	cycle	1	5	timer:0	0	arm	0	12000	0		0.0	0.0	0.0	0
282785	Station_Shu_AS	cycle	1	5	timer:0	1	skill	19494	0	0	MOST_HATED	0.0	0.0	0.0	0
282803	LDF4b_T1_MutantBeast_Undead_An	arm	0	3		0	arm	0	8000	0		0.0	0.0	0.0	0
282803	LDF4b_T1_MutantBeast_Undead_An	arm	0	3		1	skill	20256	0	0	ME	0.0	0.0	0.0	0
282803	LDF4b_T1_MutantBeast_Undead_An	cycle	0	1	timer:0	0	arm	0	13000	0		0.0	0.0	0.0	0
282803	LDF4b_T1_MutantBeast_Undead_An	cycle	0	1	timer:0	1	skill	20232	0	0	MOST_HATED	0.0	0.0	0.0	0
282804	LDF4b_T1_Twister_Crack_An	arm	0	2		0	arm	0	8000	0		0.0	0.0	0.0	0
282804	LDF4b_T1_Twister_Crack_An	arm	0	2		1	skill	20238	0	0	MOST_HATED	0.0	0.0	0.0	0
282804	LDF4b_T1_Twister_Crack_An	cycle	0	1	timer:0	0	arm	0	14000	0		0.0	0.0	0.0	0
282804	LDF4b_T1_Twister_Crack_An	cycle	0	1	timer:0	1	skill	20349	0	0	MOST_HATED	0.0	0.0	0.0	0
282805	LDF4b_T1_Slime_Snail_Sand_An	arm	0	2		0	arm	0	8000	0		0.0	0.0	0.0	0
282805	LDF4b_T1_Slime_Snail_Sand_An	arm	0	2		1	skill	20241	0	0	ME	0.0	0.0	0.0	0
282805	LDF4b_T1_Slime_Snail_Sand_An	cycle	0	1	timer:0	0	arm	0	16000	0		0.0	0.0	0.0	0
282805	LDF4b_T1_Slime_Snail_Sand_An	cycle	0	1	timer:0	1	skill	20249	0	0	ME	0.0	0.0	0.0	0
282806	LDF4b_T1_Dionaea_An	arm	0	5		0	arm	0	7000	0		0.0	0.0	0.0	0
282806	LDF4b_T1_Dionaea_An	cycle	0	1	timer:0	0	arm	0	13000	0		0.0	0.0	0.0	0
282806	LDF4b_T1_Dionaea_An	cycle	0	1	timer:0	1	skill	16885	0	0	MOST_HATED	0.0	0.0	0.0	0
282807	LDF4b_T1_Mimic_An	arm	0	2		0	arm	0	8000	0		0.0	0.0	0.0	0
282807	LDF4b_T1_Mimic_An	cycle	0	2	timer:0	0	arm	0	14000	0		0.0	0.0	0.0	0
282807	LDF4b_T1_Mimic_An	cycle	0	2	timer:0	1	skill	20232	0	0	MOST_HATED	0.0	0.0	0.0	0
282808	LDF4b_T1_Flyingeye_An	arm	0	3		0	arm	0	7000	0		0.0	0.0	0.0	0
282808	LDF4b_T1_Flyingeye_An	cycle	0	1	timer:0	0	arm	0	16000	0		0.0	0.0	0.0	0
282808	LDF4b_T1_Flyingeye_An	cycle	0	1	timer:0	1	skill	20349	0	0	MOST_HATED	0.0	0.0	0.0	0
282809	LDF4b_T1_Sandshark_An	arm	0	2		0	arm	0	9000	0		0.0	0.0	0.0	0
282809	LDF4b_T1_Sandshark_An	cycle	0	1	timer:0	0	arm	0	15000	0		0.0	0.0	0.0	0
282809	LDF4b_T1_Sandshark_An	cycle	0	1	timer:0	1	skill	20349	0	0	MOST_HATED	0.0	0.0	0.0	0
282811	LDF4b_T1_Fungy_An	arm	0	2		0	arm	0	7000	0		0.0	0.0	0.0	0
282811	LDF4b_T1_Fungy_An	cycle	0	1	timer:0|hp_below:70	0	arm	0	15000	0		0.0	0.0	0.0	0
282811	LDF4b_T1_Fungy_An	cycle	0	1	timer:0|hp_below:70	1	skill	20250	0	0	ME	0.0	0.0	0.0	0
282812	LDF4b_T1_Cyclops_An	arm	0	2		0	arm	0	8000	0		0.0	0.0	0.0	0
282812	LDF4b_T1_Cyclops_An	cycle	0	1	timer:0	0	arm	0	12000	0		0.0	0.0	0.0	0
282812	LDF4b_T1_Cyclops_An	cycle	0	1	timer:0	1	skill	20232	0	0	MOST_HATED	0.0	0.0	0.0	0
282814	LDF4b_T1_Frillfaimam_An	arm	0	3		0	arm	0	7000	0		0.0	0.0	0.0	0
282814	LDF4b_T1_Frillfaimam_An	arm	0	3		1	skill	20240	0	0	ME	0.0	0.0	0.0	0
282814	LDF4b_T1_Frillfaimam_An	cycle	0	1	timer:0	0	arm	0	16000	0		0.0	0.0	0.0	0
282814	LDF4b_T1_Frillfaimam_An	cycle	0	1	timer:0	1	skill	20232	0	0	MOST_HATED	0.0	0.0	0.0	0
282817	LDF4b_T2_SouledStone_An	arm	0	2		0	arm	0	7000	0		0.0	0.0	0.0	0
282817	LDF4b_T2_SouledStone_An	cycle	0	1	timer:0	0	arm	0	14000	0		0.0	0.0	0.0	0
282817	LDF4b_T2_SouledStone_An	cycle	0	1	timer:0	1	skill	20232	0	0	MOST_HATED	0.0	0.0	0.0	0
282818	LDF4b_T2_Neutfly_Gravity_An	arm	0	2		0	arm	0	8000	0		0.0	0.0	0.0	0
282818	LDF4b_T2_Neutfly_Gravity_An	cycle	0	1	timer:0	0	arm	0	15000	0		0.0	0.0	0.0	0
282818	LDF4b_T2_Neutfly_Gravity_An	cycle	0	1	timer:0	1	skill	20349	0	0	MOST_HATED	0.0	0.0	0.0	0
282821	LDF4b_T2_Millipede_An	arm	0	1		0	arm	0	8000	0		0.0	0.0	0.0	0
282821	LDF4b_T2_Millipede_An	cycle	0	1	timer:0	0	arm	0	14000	0		0.0	0.0	0.0	0
282821	LDF4b_T2_Millipede_An	cycle	0	1	timer:0	1	skill	20349	0	0	MOST_HATED	0.0	0.0	0.0	0
282823	LDF4b_T2_Guardian_An	arm	0	2		0	arm	0	8000	0		0.0	0.0	0.0	0
282823	LDF4b_T2_Guardian_An	cycle	0	1	timer:0	0	arm	0	11000	0		0.0	0.0	0.0	0
282823	LDF4b_T2_Guardian_An	cycle	0	1	timer:0	1	skill	20232	0	0	MOST_HATED	0.0	0.0	0.0	0
282824	LDF4b_T2_Kuillus_An	arm	0	2		0	arm	0	7000	0		0.0	0.0	0.0	0
282824	LDF4b_T2_Kuillus_An	arm	0	2		1	skill	20349	0	0	MOST_HATED	0.0	0.0	0.0	0
282824	LDF4b_T2_Kuillus_An	cycle	0	1	timer:0	0	arm	0	11000	0		0.0	0.0	0.0	0
282824	LDF4b_T2_Kuillus_An	cycle	0	1	timer:0	1	skill	20349	0	0	MOST_HATED	0.0	0.0	0.0	0
282827	LDF4b_T2_NagaGaurdAs_An	arm	0	2		0	arm	0	8000	0		0.0	0.0	0.0	0
282827	LDF4b_T2_NagaGaurdAs_An	arm	0	2		1	skill	20240	0	0	ME	0.0	0.0	0.0	0
282827	LDF4b_T2_NagaGaurdAs_An	cycle	0	1	timer:0	0	arm	0	12000	0		0.0	0.0	0.0	0
282827	LDF4b_T2_NagaGaurdAs_An	cycle	0	1	timer:0	1	skill	20350	0	0	MOST_HATED	0.0	0.0	0.0	0
282829	LDF4b_T2_Rottentree_An	arm	0	2		0	arm	0	8000	0		0.0	0.0	0.0	0
282829	LDF4b_T2_Rottentree_An	arm	0	2		1	skill	20241	0	0	ME	0.0	0.0	0.0	0
282829	LDF4b_T2_Rottentree_An	cycle	0	1	timer:0	0	arm	0	12000	0		0.0	0.0	0.0	0
282829	LDF4b_T2_Rottentree_An	cycle	0	1	timer:0	1	skill	20232	0	0	MOST_HATED	0.0	0.0	0.0	0
282830	LDF4b_T2_Rottentree_Flower_An	arm	0	2		0	arm	0	8000	0		0.0	0.0	0.0	0
282830	LDF4b_T2_Rottentree_Flower_An	arm	0	2		1	skill	20242	0	0	ME	0.0	0.0	0.0	0
282830	LDF4b_T2_Rottentree_Flower_An	cycle	0	1	timer:0	0	arm	0	15000	0		0.0	0.0	0.0	0
282830	LDF4b_T2_Rottentree_Flower_An	cycle	0	1	timer:0	1	skill	20239	0	0	MOST_HATED	0.0	0.0	0.0	0
282831	LDF4b_T2_Spider_Leaf_An	arm	0	2		0	arm	0	7000	0		0.0	0.0	0.0	0
282831	LDF4b_T2_Spider_Leaf_An	cycle	0	1	timer:0	0	arm	0	11000	0		0.0	0.0	0.0	0
282831	LDF4b_T2_Spider_Leaf_An	cycle	0	1	timer:0	1	skill	20350	0	0	MOST_HATED	0.0	0.0	0.0	0
282837	LDF4b_T3_Xipeto_Rage_An	arm	0	2		0	arm	0	7000	0		0.0	0.0	0.0	0
282837	LDF4b_T3_Xipeto_Rage_An	arm	0	2		1	skill	20242	0	0	ME	0.0	0.0	0.0	0
282837	LDF4b_T3_Xipeto_Rage_An	cycle	0	1	timer:0	0	arm	0	18000	0		0.0	0.0	0.0	0
282837	LDF4b_T3_Xipeto_Rage_An	cycle	0	1	timer:0	1	skill	20236	0	0	MOST_HATED	0.0	0.0	0.0	0
282839	LDF4b_T3_Displacerbeast_Rage_An	arm	0	3		0	arm	0	8000	0		0.0	0.0	0.0	0
282839	LDF4b_T3_Displacerbeast_Rage_An	arm	0	3		1	skill	20240	0	0	ME	0.0	0.0	0.0	0
282839	LDF4b_T3_Displacerbeast_Rage_An	cycle	0	1	timer:0	0	arm	0	12000	0		0.0	0.0	0.0	0
282839	LDF4b_T3_Displacerbeast_Rage_An	cycle	0	1	timer:0	1	skill	20232	0	0	MOST_HATED	0.0	0.0	0.0	0
282840	LDF4b_T3_Mudthorn_An	arm	0	2		0	arm	0	7000	0		0.0	0.0	0.0	0
282840	LDF4b_T3_Mudthorn_An	cycle	0	1	timer:0	0	arm	0	16000	0		0.0	0.0	0.0	0
282840	LDF4b_T3_Mudthorn_An	cycle	0	1	timer:0	1	skill	16641	0	0	ME	0.0	0.0	0.0	0
282841	LDF4b_T3_Cyclops_An	arm	0	2		0	arm	0	7000	0		0.0	0.0	0.0	0
282841	LDF4b_T3_Cyclops_An	cycle	0	2	timer:0	0	arm	0	12000	0		0.0	0.0	0.0	0
282841	LDF4b_T3_Cyclops_An	cycle	0	2	timer:0	1	skill	20232	0	0	MOST_HATED	0.0	0.0	0.0	0
282843	LDF4b_T3_Dragonfly_An	arm	0	3		0	arm	0	8000	0		0.0	0.0	0.0	0
282843	LDF4b_T3_Dragonfly_An	arm	0	3		1	skill	20240	0	0	ME	0.0	0.0	0.0	0
282843	LDF4b_T3_Dragonfly_An	cycle	0	1	timer:0	0	arm	0	12000	0		0.0	0.0	0.0	0
282843	LDF4b_T3_Dragonfly_An	cycle	0	1	timer:0	1	skill	20232	0	0	MOST_HATED	0.0	0.0	0.0	0
282844	LDF4b_T3_Cherubim_An	arm	0	2		0	arm	0	8000	0		0.0	0.0	0.0	0
282844	LDF4b_T3_Cherubim_An	arm	0	2		1	skill	20240	0	0	ME	0.0	0.0	0.0	0
282844	LDF4b_T3_Cherubim_An	cycle	0	1	timer:0	0	arm	0	12000	0		0.0	0.0	0.0	0
282844	LDF4b_T3_Cherubim_An	cycle	0	1	timer:0	1	skill	20232	0	0	MOST_HATED	0.0	0.0	0.0	0
282845	LDF4b_T3_ElementalFire1_An	arm	0	2		0	arm	0	7000	0		0.0	0.0	0.0	0
282845	LDF4b_T3_ElementalFire1_An	cycle	0	1	timer:0	0	arm	0	16000	0		0.0	0.0	0.0	0
282845	LDF4b_T3_ElementalFire1_An	cycle	0	1	timer:0	1	skill	16723	0	0	MOST_HATED	0.0	0.0	0.0	0
282846	LDF4b_T3_ElementalFire2_An	arm	0	2		0	arm	0	7000	0		0.0	0.0	0.0	0
282846	LDF4b_T3_ElementalFire2_An	arm	0	2		1	arm	1	9000	0		0.0	0.0	0.0	0
282846	LDF4b_T3_ElementalFire2_An	arm	0	2		2	skill	16589	0	0	MOST_HATED	0.0	0.0	0.0	0
282846	LDF4b_T3_ElementalFire2_An	cycle	0	2	timer:1	0	arm	1	12000	0		0.0	0.0	0.0	0
282846	LDF4b_T3_ElementalFire2_An	cycle	0	2	timer:1	1	skill	16561	0	0	MOST_HATED	0.0	0.0	0.0	0
282846	LDF4b_T3_ElementalFire2_An	cycle	1	1	timer:0	0	arm	0	13000	0		0.0	0.0	0.0	0
282846	LDF4b_T3_ElementalFire2_An	cycle	1	1	timer:0	1	skill	16589	0	0	MOST_HATED	0.0	0.0	0.0	0
282852	LDF4b_T3_Corn_Spring_An	arm	0	2		0	arm	0	7000	0		0.0	0.0	0.0	0
282852	LDF4b_T3_Corn_Spring_An	arm	0	2		1	skill	20238	0	0	MOST_HATED	0.0	0.0	0.0	0
282852	LDF4b_T3_Corn_Spring_An	cycle	0	1	timer:0	0	arm	0	14000	0		0.0	0.0	0.0	0
282852	LDF4b_T3_Corn_Spring_An	cycle	0	1	timer:0	1	skill	20350	0	0	MOST_HATED	0.0	0.0	0.0	0
282854	LDF4b_T3_StarturtleBaby_An	arm	0	2		0	arm	0	8000	0		0.0	0.0	0.0	0
282854	LDF4b_T3_StarturtleBaby_An	cycle	0	1	timer:0	0	arm	0	14000	0		0.0	0.0	0.0	0
282854	LDF4b_T3_StarturtleBaby_An	cycle	0	1	timer:0	1	skill	20232	0	0	MOST_HATED	0.0	0.0	0.0	0
282855	LDF4b_T3_Agrint_Burn_An	arm	0	2		0	arm	0	7000	0		0.0	0.0	0.0	0
282855	LDF4b_T3_Agrint_Burn_An	cycle	0	1	timer:0	0	arm	0	14000	0		0.0	0.0	0.0	0
282855	LDF4b_T3_Agrint_Burn_An	cycle	0	1	timer:0	1	skill	20236	0	0	MOST_HATED	0.0	0.0	0.0	0
282858	LDF4b_T4_Twister_Aurora_An	arm	0	3		0	arm	0	7000	0		0.0	0.0	0.0	0
282858	LDF4b_T4_Twister_Aurora_An	arm	0	3		1	skill	20238	0	0	MOST_HATED	0.0	0.0	0.0	0
282858	LDF4b_T4_Twister_Aurora_An	cycle	0	1	timer:0	0	arm	0	14000	0		0.0	0.0	0.0	0
282858	LDF4b_T4_Twister_Aurora_An	cycle	0	1	timer:0	1	skill	20349	0	0	MOST_HATED	0.0	0.0	0.0	0
282859	LDF4b_T4_Neut2_Crystal_An	arm	0	3		0	arm	0	7000	0		0.0	0.0	0.0	0
282859	LDF4b_T4_Neut2_Crystal_An	arm	0	3		1	skill	20240	0	0	ME	0.0	0.0	0.0	0
282859	LDF4b_T4_Neut2_Crystal_An	cycle	0	1	timer:0	0	arm	0	14000	0		0.0	0.0	0.0	0
282859	LDF4b_T4_Neut2_Crystal_An	cycle	0	1	timer:0	1	skill	20232	0	0	MOST_HATED	0.0	0.0	0.0	0
282860	LDF4b_T4_Neut1_An	arm	0	2		0	arm	0	5000	0		0.0	0.0	0.0	0
282860	LDF4b_T4_Neut1_An	arm	0	2		1	skill	20241	0	0	ME	0.0	0.0	0.0	0
282860	LDF4b_T4_Neut1_An	cycle	0	2	timer:0	0	arm	0	16000	0		0.0	0.0	0.0	0
282860	LDF4b_T4_Neut1_An	cycle	0	2	timer:0	1	skill	20349	0	0	MOST_HATED	0.0	0.0	0.0	0
282871	LDF4b_T4_Cyclops_An	arm	0	2		0	arm	0	7000	0		0.0	0.0	0.0	0
282871	LDF4b_T4_Cyclops_An	arm	0	2		1	skill	20238	0	0	MOST_HATED	0.0	0.0	0.0	0
282871	LDF4b_T4_Cyclops_An	cycle	0	1	timer:0	0	arm	0	12000	0		0.0	0.0	0.0	0
282871	LDF4b_T4_Cyclops_An	cycle	0	1	timer:0	1	skill	20232	0	0	MOST_HATED	0.0	0.0	0.0	0
282875	LDF4b_C1_Mimic_An	arm	0	2		0	arm	0	8000	0		0.0	0.0	0.0	0
282875	LDF4b_C1_Mimic_An	arm	0	2		1	skill	20349	0	0	MOST_HATED	0.0	0.0	0.0	0
282875	LDF4b_C1_Mimic_An	cycle	0	1	timer:0	0	arm	0	12000	0		0.0	0.0	0.0	0
282875	LDF4b_C1_Mimic_An	cycle	0	1	timer:0	1	skill	20232	0	0	MOST_HATED	0.0	0.0	0.0	0
282876	LDF4b_C1_Mandurit_Leaf_An	arm	0	2		0	arm	0	7000	0		0.0	0.0	0.0	0
282876	LDF4b_C1_Mandurit_Leaf_An	cycle	0	1	timer:0	0	arm	0	12000	0		0.0	0.0	0.0	0
282876	LDF4b_C1_Mandurit_Leaf_An	cycle	0	1	timer:0	1	skill	20234	0	0	MOST_HATED	0.0	0.0	0.0	0
282877	LDF4b_C1_Xipeto_An	arm	0	2		0	arm	0	8000	0		0.0	0.0	0.0	0
282877	LDF4b_C1_Xipeto_An	arm	0	2		1	skill	20238	0	0	MOST_HATED	0.0	0.0	0.0	0
282877	LDF4b_C1_Xipeto_An	cycle	0	1	timer:0	0	arm	0	14000	0		0.0	0.0	0.0	0
282877	LDF4b_C1_Xipeto_An	cycle	0	1	timer:0	1	skill	20350	0	0	MOST_HATED	0.0	0.0	0.0	0
282878	LDF4b_C1_Brax_An	arm	0	2		0	arm	0	8000	0		0.0	0.0	0.0	0
282878	LDF4b_C1_Brax_An	arm	0	2		1	skill	20241	0	0	ME	0.0	0.0	0.0	0
282878	LDF4b_C1_Brax_An	cycle	0	1	timer:0	0	arm	0	12000	0		0.0	0.0	0.0	0
282878	LDF4b_C1_Brax_An	cycle	0	1	timer:0	1	skill	20232	0	0	MOST_HATED	0.0	0.0	0.0	0
282879	LDF4b_C1_Slime_Snail_An	arm	0	2		0	arm	0	7000	0		0.0	0.0	0.0	0
282879	LDF4b_C1_Slime_Snail_An	cycle	0	1	timer:0	0	arm	0	12000	0		0.0	0.0	0.0	0
282879	LDF4b_C1_Slime_Snail_An	cycle	0	1	timer:0	1	skill	20238	0	0	MOST_HATED	0.0	0.0	0.0	0
282886	LDF4b_C2_Souledstone_Ae	arm	0	3		0	arm	0	7000	0		0.0	0.0	0.0	0
282886	LDF4b_C2_Souledstone_Ae	arm	0	3		1	arm	1	9000	0		0.0	0.0	0.0	0
282886	LDF4b_C2_Souledstone_Ae	arm	0	3		2	skill	16885	0	0	MOST_HATED	0.0	0.0	0.0	0
282886	LDF4b_C2_Souledstone_Ae	cycle	0	4	timer:1	0	arm	1	20000	0		0.0	0.0	0.0	0
282886	LDF4b_C2_Souledstone_Ae	cycle	0	4	timer:1	1	skill	20243	0	0	ME	0.0	0.0	0.0	0
282886	LDF4b_C2_Souledstone_Ae	cycle	1	3	timer:0	0	arm	0	18000	0		0.0	0.0	0.0	0
282886	LDF4b_C2_Souledstone_Ae	cycle	1	3	timer:0	1	skill	20234	0	0	MOST_HATED	0.0	0.0	0.0	0
282890	LF4_GHPetA_KJS	arm	0	7		0	arm	0	30000	0		0.0	0.0	0.0	0
282890	LF4_GHPetA_KJS	cycle	0	7	timer:0	0	arm	0	30000	0		0.0	0.0	0.0	0
282890	LF4_GHPetA_KJS	cycle	0	7	timer:0	1	skill	20120	0	0	MOST_HATED	0.0	0.0	0.0	0
282891	LF4_GHPetA_KJS	arm	0	7		0	arm	0	30000	0		0.0	0.0	0.0	0
282891	LF4_GHPetA_KJS	cycle	0	7	timer:0	0	arm	0	30000	0		0.0	0.0	0.0	0
282891	LF4_GHPetA_KJS	cycle	0	7	timer:0	1	skill	20122	0	0	MOST_HATED	0.0	0.0	0.0	0
282892	LF4_GHPetA_KJS	arm	0	7		0	arm	0	30000	0		0.0	0.0	0.0	0
282892	LF4_GHPetA_KJS	cycle	0	7	timer:0	0	arm	0	30000	0		0.0	0.0	0.0	0
282892	LF4_GHPetA_KJS	cycle	0	7	timer:0	1	skill	20123	0	0	MOST_HATED	0.0	0.0	0.0	0
282893	LF4_GHPetA_KJS	arm	0	7		0	arm	0	30000	0		0.0	0.0	0.0	0
282893	LF4_GHPetA_KJS	cycle	0	7	timer:0	0	arm	0	30000	0		0.0	0.0	0.0	0
282893	LF4_GHPetA_KJS	cycle	0	7	timer:0	1	skill	20121	0	0	MOST_HATED	0.0	0.0	0.0	0
282924	LDF4a_Public_Mob_005	arm	0	7		0	arm	0	2000	0		0.0	0.0	0.0	0
282924	LDF4a_Public_Mob_005	arm	0	7		1	arm	1	36000	0		0.0	0.0	0.0	0
282924	LDF4a_Public_Mob_005	arm	0	7		2	skill	20471	0	0	ME	0.0	0.0	0.0	0
282924	LDF4a_Public_Mob_005	cycle	0	10	timer:1	0	despawn_self	0	0	0		0.0	0.0	0.0	0
282924	LDF4a_Public_Mob_005	cycle	1	7	timer:0	0	arm	0	2000	0		0.0	0.0	0.0	0
282924	LDF4a_Public_Mob_005	cycle	1	7	timer:0	1	skill	20471	0	0	ME	0.0	0.0	0.0	0
282933	1Skill_Ev15s_UseSk1T	arm	0	7		0	arm	0	15000	0		0.0	0.0	0.0	0
282933	1Skill_Ev15s_UseSk1T	cycle	0	7	timer:0	0	arm	0	15000	0		0.0	0.0	0.0	0
282933	1Skill_Ev15s_UseSk1T	cycle	0	7	timer:0	1	skill	19828	0	0	MOST_HATED	0.0	0.0	0.0	0
282934	1Skill_Ev15s_UseSk1T	arm	0	7		0	arm	0	15000	0		0.0	0.0	0.0	0
282934	1Skill_Ev15s_UseSk1T	cycle	0	7	timer:0	0	arm	0	15000	0		0.0	0.0	0.0	0
282934	1Skill_Ev15s_UseSk1T	cycle	0	7	timer:0	1	skill	19828	0	0	MOST_HATED	0.0	0.0	0.0	0
282935	1Skill_Ev15s_UseSk1T	arm	0	7		0	arm	0	15000	0		0.0	0.0	0.0	0
282935	1Skill_Ev15s_UseSk1T	cycle	0	7	timer:0	0	arm	0	15000	0		0.0	0.0	0.0	0
282935	1Skill_Ev15s_UseSk1T	cycle	0	7	timer:0	1	skill	19828	0	0	MOST_HATED	0.0	0.0	0.0	0
282936	1Skill_Ev15s_UseSk1T	arm	0	7		0	arm	0	15000	0		0.0	0.0	0.0	0
282936	1Skill_Ev15s_UseSk1T	cycle	0	7	timer:0	0	arm	0	15000	0		0.0	0.0	0.0	0
282936	1Skill_Ev15s_UseSk1T	cycle	0	7	timer:0	1	skill	19828	0	0	MOST_HATED	0.0	0.0	0.0	0
282937	1Skill_Ev15s_UseSk1T	arm	0	7		0	arm	0	15000	0		0.0	0.0	0.0	0
282937	1Skill_Ev15s_UseSk1T	cycle	0	7	timer:0	0	arm	0	15000	0		0.0	0.0	0.0	0
282937	1Skill_Ev15s_UseSk1T	cycle	0	7	timer:0	1	skill	19828	0	0	MOST_HATED	0.0	0.0	0.0	0
282938	1Skill_Ev15s_UseSk1T	arm	0	7		0	arm	0	15000	0		0.0	0.0	0.0	0
282938	1Skill_Ev15s_UseSk1T	cycle	0	7	timer:0	0	arm	0	15000	0		0.0	0.0	0.0	0
282938	1Skill_Ev15s_UseSk1T	cycle	0	7	timer:0	1	skill	19828	0	0	MOST_HATED	0.0	0.0	0.0	0
282939	1Skill_Ev15s_UseSk1T	arm	0	7		0	arm	0	15000	0		0.0	0.0	0.0	0
282939	1Skill_Ev15s_UseSk1T	cycle	0	7	timer:0	0	arm	0	15000	0		0.0	0.0	0.0	0
282939	1Skill_Ev15s_UseSk1T	cycle	0	7	timer:0	1	skill	19828	0	0	MOST_HATED	0.0	0.0	0.0	0
282940	1Skill_Ev15s_UseSk1T	arm	0	7		0	arm	0	15000	0		0.0	0.0	0.0	0
282940	1Skill_Ev15s_UseSk1T	cycle	0	7	timer:0	0	arm	0	15000	0		0.0	0.0	0.0	0
282940	1Skill_Ev15s_UseSk1T	cycle	0	7	timer:0	1	skill	19828	0	0	MOST_HATED	0.0	0.0	0.0	0
282941	1Skill_Ev15s_UseSk1T	arm	0	7		0	arm	0	15000	0		0.0	0.0	0.0	0
282941	1Skill_Ev15s_UseSk1T	cycle	0	7	timer:0	0	arm	0	15000	0		0.0	0.0	0.0	0
282941	1Skill_Ev15s_UseSk1T	cycle	0	7	timer:0	1	skill	19828	0	0	MOST_HATED	0.0	0.0	0.0	0
282942	1Skill_Ev15s_UseSk1T	arm	0	7		0	arm	0	15000	0		0.0	0.0	0.0	0
282942	1Skill_Ev15s_UseSk1T	cycle	0	7	timer:0	0	arm	0	15000	0		0.0	0.0	0.0	0
282942	1Skill_Ev15s_UseSk1T	cycle	0	7	timer:0	1	skill	19828	0	0	MOST_HATED	0.0	0.0	0.0	0
282943	1Skill_Ev15s_UseSk1T	arm	0	7		0	arm	0	15000	0		0.0	0.0	0.0	0
282943	1Skill_Ev15s_UseSk1T	cycle	0	7	timer:0	0	arm	0	15000	0		0.0	0.0	0.0	0
282943	1Skill_Ev15s_UseSk1T	cycle	0	7	timer:0	1	skill	19828	0	0	MOST_HATED	0.0	0.0	0.0	0
282944	1Skill_Ev15s_UseSk1T	arm	0	7		0	arm	0	15000	0		0.0	0.0	0.0	0
282944	1Skill_Ev15s_UseSk1T	cycle	0	7	timer:0	0	arm	0	15000	0		0.0	0.0	0.0	0
282944	1Skill_Ev15s_UseSk1T	cycle	0	7	timer:0	1	skill	19828	0	0	MOST_HATED	0.0	0.0	0.0	0
283000	IDYun_Vasharti_illusion_Red	arm	0	2		0	skill	19345	0	0	ME	0.0	0.0	0.0	0
283000	IDYun_Vasharti_illusion_Red	arm	0	2		1	arm	0	8000	0		0.0	0.0	0.0	0
283000	IDYun_Vasharti_illusion_Red	cycle	0	1	timer:0	0	skill	19707	0	0	ME	0.0	0.0	0.0	0
283000	IDYun_Vasharti_illusion_Red	cycle	0	1	timer:0	1	arm	0	10000	0		0.0	0.0	0.0	0
283001	IDYun_Vasharti_illusion_Blue	arm	0	2		0	skill	19346	0	0	ME	0.0	0.0	0.0	0
283001	IDYun_Vasharti_illusion_Blue	arm	0	2		1	arm	0	8000	0		0.0	0.0	0.0	0
283001	IDYun_Vasharti_illusion_Blue	cycle	0	1	timer:0	0	skill	19706	0	0	ME	0.0	0.0	0.0	0
283001	IDYun_Vasharti_illusion_Blue	cycle	0	1	timer:0	1	arm	0	10000	0		0.0	0.0	0.0	0
283106	IDTiamat_Tahabata_Blaze	arm	0	2		0	arm	0	2000	0		0.0	0.0	0.0	0
283106	IDTiamat_Tahabata_Blaze	cycle	0	1	timer:0	0	arm	0	1000	0		0.0	0.0	0.0	0
283106	IDTiamat_Tahabata_Blaze	cycle	0	1	timer:0	1	spawn	283108	1	3	self	0.0	0.0	0.0	1
283107	IDTiamat_Tahabata_Blaze	arm	0	2		0	arm	0	2000	0		0.0	0.0	0.0	0
283107	IDTiamat_Tahabata_Blaze	cycle	0	1	timer:0	0	arm	0	1000	0		0.0	0.0	0.0	0
283107	IDTiamat_Tahabata_Blaze	cycle	0	1	timer:0	1	spawn	283108	1	3	self	0.0	0.0	0.0	1
283188	IDAbRe_Core_Cannon	arm	0	2		0	arm	0	10000	0		0.0	0.0	0.0	0
283188	IDAbRe_Core_Cannon	cycle	0	1	timer:0	0	skill	19139	0	0	ME	0.0	0.0	0.0	0
283188	IDAbRe_Core_Cannon	cycle	0	1	timer:0	1	arm	0	10000	0		0.0	0.0	0.0	0
283189	IDAbRe_Core_Souled	arm	0	2		0	arm	0	3000	0		0.0	0.0	0.0	0
283189	IDAbRe_Core_Souled	cycle	0	1	timer:0	0	skill	19138	0	0	MOST_HATED	0.0	0.0	0.0	0
283189	IDAbRe_Core_Souled	cycle	0	1	timer:0	1	arm	0	24000	0		0.0	0.0	0.0	0
283220	IDAbRe_Core_Decoration3	arm	0	2		0	arm	0	5000	0		0.0	0.0	0.0	0
283220	IDAbRe_Core_Decoration3	cycle	0	1	timer:0	0	skill	19090	0	0	ME	0.0	0.0	0.0	0
283220	IDAbRe_Core_Decoration3	cycle	0	1	timer:0	1	broadcast	11110	50	0		0.0	0.0	0.0	0
283220	IDAbRe_Core_Decoration3	cycle	0	1	timer:0	2	spawn	281920	1	0	absolute	644.71	148.5	447.43	1
283220	IDAbRe_Core_Decoration3	cycle	0	1	timer:0	3	arm	0	20000	0		0.0	0.0	0.0	0
283227	IDAbRe_Core_Summon9	arm	0	20		0	arm	0	10000	0		0.0	0.0	0.0	0
283227	IDAbRe_Core_Summon9	cycle	0	10	timer:0	0	arm	0	15000	0		0.0	0.0	0.0	0
283227	IDAbRe_Core_Summon9	cycle	0	10	timer:0	1	skill	19088	0	0	MOST_HATED	0.0	0.0	0.0	0
283230	IDAbRe_Core_Summon4	arm	0	2		0	arm	0	3000	0		0.0	0.0	0.0	0
283230	IDAbRe_Core_Summon4	cycle	0	1	timer:0	0	spawn	281903	1	70	absolute	309.95	738.02	217.12	1
283230	IDAbRe_Core_Summon4	cycle	0	1	timer:0	1	arm	0	12000	0		0.0	0.0	0.0	0
283231	IDAbRe_Core_Summon4_3	arm	0	2		0	arm	0	3000	0		0.0	0.0	0.0	0
283231	IDAbRe_Core_Summon4_3	cycle	0	1	timer:0	0	spawn	281903	1	70	absolute	331.33	722.18	212.93	1
283231	IDAbRe_Core_Summon4_3	cycle	0	1	timer:0	1	arm	0	12000	0		0.0	0.0	0.0	0
283232	IDAbRe_Core_Summon4_6	arm	0	2		0	arm	0	3000	0		0.0	0.0	0.0	0
283232	IDAbRe_Core_Summon4_6	cycle	0	1	timer:0	0	spawn	281903	1	70	absolute	348.55	741.76	212.93	1
283232	IDAbRe_Core_Summon4_6	cycle	0	1	timer:0	1	arm	0	12000	0		0.0	0.0	0.0	0
283501	ShulackRose_Fi_Tanker	arm	0	7		0	arm	0	7000	0		0.0	0.0	0.0	0
283501	ShulackRose_Fi_Tanker	cycle	0	100	timer:0	0	arm	1	15000	0		0.0	0.0	0.0	0
283501	ShulackRose_Fi_Tanker	cycle	0	100	timer:0	1	skill	16518	0	0	ME	0.0	0.0	0.0	0
283501	ShulackRose_Fi_Tanker	cycle	1	99	timer:1	0	arm	0	7000	0		0.0	0.0	0.0	0
283501	ShulackRose_Fi_Tanker	cycle	1	99	timer:1	1	skill	21300	0	0	MOST_HATED	0.0	0.0	0.0	0
283505	ShulackRose_Rid_StunTank	arm	0	7		0	arm	0	5000	0		0.0	0.0	0.0	0
283505	ShulackRose_Rid_StunTank	cycle	0	100	timer:0	0	arm	1	15000	0		0.0	0.0	0.0	0
283505	ShulackRose_Rid_StunTank	cycle	0	100	timer:0	1	skill	20648	0	0	MOST_HATED	0.0	0.0	0.0	0
283505	ShulackRose_Rid_StunTank	cycle	0	100	timer:0	2	skill	16529	0	0	MOST_HATED	0.0	0.0	0.0	0
283505	ShulackRose_Rid_StunTank	cycle	1	99	timer:1	0	arm	2	7000	0		0.0	0.0	0.0	0
283505	ShulackRose_Rid_StunTank	cycle	1	99	timer:1	1	skill	21300	0	0	MOST_HATED	0.0	0.0	0.0	0
283505	ShulackRose_Rid_StunTank	cycle	2	98	timer:2	0	arm	0	13000	0		0.0	0.0	0.0	0
283505	ShulackRose_Rid_StunTank	cycle	2	98	timer:2	1	skill	21300	0	0	MOST_HATED	0.0	0.0	0.0	0
283508	ShulackRose_Fi_Tanker	arm	0	7		0	arm	0	7000	0		0.0	0.0	0.0	0
283508	ShulackRose_Fi_Tanker	cycle	0	100	timer:0	0	arm	1	15000	0		0.0	0.0	0.0	0
283508	ShulackRose_Fi_Tanker	cycle	0	100	timer:0	1	skill	16518	0	0	ME	0.0	0.0	0.0	0
283508	ShulackRose_Fi_Tanker	cycle	1	99	timer:1	0	arm	0	7000	0		0.0	0.0	0.0	0
283508	ShulackRose_Fi_Tanker	cycle	1	99	timer:1	1	skill	21300	0	0	MOST_HATED	0.0	0.0	0.0	0
283511	ShulackRose_Rid_StunTank	arm	0	7		0	arm	0	5000	0		0.0	0.0	0.0	0
283511	ShulackRose_Rid_StunTank	cycle	0	100	timer:0	0	arm	1	15000	0		0.0	0.0	0.0	0
283511	ShulackRose_Rid_StunTank	cycle	0	100	timer:0	1	skill	18135	0	0	MOST_HATED	0.0	0.0	0.0	0
283511	ShulackRose_Rid_StunTank	cycle	0	100	timer:0	2	skill	16529	0	0	MOST_HATED	0.0	0.0	0.0	0
283511	ShulackRose_Rid_StunTank	cycle	1	99	timer:1	0	arm	2	7000	0		0.0	0.0	0.0	0
283511	ShulackRose_Rid_StunTank	cycle	1	99	timer:1	1	skill	16418	0	0	MOST_HATED	0.0	0.0	0.0	0
283511	ShulackRose_Rid_StunTank	cycle	2	98	timer:2	0	arm	0	13000	0		0.0	0.0	0.0	0
283511	ShulackRose_Rid_StunTank	cycle	2	98	timer:2	1	skill	16418	0	0	MOST_HATED	0.0	0.0	0.0	0
283514	ShulackRose_Fi_Tanker	arm	0	7		0	arm	0	7000	0		0.0	0.0	0.0	0
283514	ShulackRose_Fi_Tanker	cycle	0	100	timer:0	0	arm	1	15000	0		0.0	0.0	0.0	0
283514	ShulackRose_Fi_Tanker	cycle	0	100	timer:0	1	skill	16518	0	0	ME	0.0	0.0	0.0	0
283514	ShulackRose_Fi_Tanker	cycle	1	99	timer:1	0	arm	0	7000	0		0.0	0.0	0.0	0
283514	ShulackRose_Fi_Tanker	cycle	1	99	timer:1	1	skill	21300	0	0	MOST_HATED	0.0	0.0	0.0	0
283517	ShulackRose_Rid_StunTank	arm	0	7		0	arm	0	5000	0		0.0	0.0	0.0	0
283517	ShulackRose_Rid_StunTank	cycle	0	100	timer:0	0	arm	1	15000	0		0.0	0.0	0.0	0
283517	ShulackRose_Rid_StunTank	cycle	0	100	timer:0	1	skill	18135	0	0	MOST_HATED	0.0	0.0	0.0	0
283517	ShulackRose_Rid_StunTank	cycle	0	100	timer:0	2	skill	16529	0	0	MOST_HATED	0.0	0.0	0.0	0
283517	ShulackRose_Rid_StunTank	cycle	1	99	timer:1	0	arm	2	7000	0		0.0	0.0	0.0	0
283517	ShulackRose_Rid_StunTank	cycle	1	99	timer:1	1	skill	16418	0	0	MOST_HATED	0.0	0.0	0.0	0
283517	ShulackRose_Rid_StunTank	cycle	2	98	timer:2	0	arm	0	13000	0		0.0	0.0	0.0	0
283517	ShulackRose_Rid_StunTank	cycle	2	98	timer:2	1	skill	16418	0	0	MOST_HATED	0.0	0.0	0.0	0
283520	ShulackRose_Fi_Move_party	arm	0	7		0	arm	0	5000	0		0.0	0.0	0.0	0
283520	ShulackRose_Fi_Move_party	cycle	0	100	timer:0	0	arm	1	15000	0		0.0	0.0	0.0	0
283520	ShulackRose_Fi_Move_party	cycle	0	100	timer:0	1	skill	16525	0	0	ME	0.0	0.0	0.0	0
283520	ShulackRose_Fi_Move_party	cycle	1	99	timer:1	0	arm	0	9000	0		0.0	0.0	0.0	0
283520	ShulackRose_Fi_Move_party	cycle	1	99	timer:1	1	skill	21300	0	0	MOST_HATED	0.0	0.0	0.0	0
283522	ShulackRose_As_DotDD	arm	0	7		0	arm	0	3000	0		0.0	0.0	0.0	0
283522	ShulackRose_As_DotDD	cycle	0	100	timer:0	0	arm	1	12000	0		0.0	0.0	0.0	0
283522	ShulackRose_As_DotDD	cycle	0	100	timer:0	1	skill	17006	0	0	MOST_HATED	0.0	0.0	0.0	0
283522	ShulackRose_As_DotDD	cycle	1	99	timer:1	0	arm	2	13000	0		0.0	0.0	0.0	0
283522	ShulackRose_As_DotDD	cycle	1	99	timer:1	1	skill	16678	0	0	MOST_HATED	0.0	0.0	0.0	0
283522	ShulackRose_As_DotDD	cycle	2	99	timer:2	0	arm	0	10000	0		0.0	0.0	0.0	0
283522	ShulackRose_As_DotDD	cycle	2	99	timer:2	1	skill	16540	0	0	MOST_HATED	0.0	0.0	0.0	0
283524	ShulackRose_Wi_DotD_Party	arm	0	7		0	arm	0	3000	0		0.0	0.0	0.0	0
283524	ShulackRose_Wi_DotD_Party	cycle	0	100	timer:0	0	arm	1	15000	0		0.0	0.0	0.0	0
283524	ShulackRose_Wi_DotD_Party	cycle	0	100	timer:0	1	skill	18365	0	0	MOST_HATED	0.0	0.0	0.0	0
283524	ShulackRose_Wi_DotD_Party	cycle	1	99	timer:1	0	arm	0	10000	0		0.0	0.0	0.0	0
283524	ShulackRose_Wi_DotD_Party	cycle	1	99	timer:1	1	skill	16653	0	0	MOST_HATED	0.0	0.0	0.0	0
283526	ShulackRose_Gun_DDTower	arm	0	7		0	arm	0	6000	0		0.0	0.0	0.0	0
283526	ShulackRose_Gun_DDTower	arm	0	7		1	skill	16545	0	0	MOST_HATED	0.0	0.0	0.0	0
283526	ShulackRose_Gun_DDTower	cycle	0	100	timer:0	0	arm	1	12000	0		0.0	0.0	0.0	0
283526	ShulackRose_Gun_DDTower	cycle	0	100	timer:0	1	skill	17946	0	0	MOST_HATED	0.0	0.0	0.0	0
283526	ShulackRose_Gun_DDTower	cycle	1	99	timer:1	0	arm	0	8000	0		0.0	0.0	0.0	0
283526	ShulackRose_Gun_DDTower	cycle	1	99	timer:1	1	skill	16653	0	0	MOST_HATED	0.0	0.0	0.0	0
283530	ShulackRose_Wi_DotD_Party	arm	0	7		0	arm	0	3000	0		0.0	0.0	0.0	0
283530	ShulackRose_Wi_DotD_Party	cycle	0	100	timer:0	0	arm	1	15000	0		0.0	0.0	0.0	0
283530	ShulackRose_Wi_DotD_Party	cycle	0	100	timer:0	1	skill	18365	0	0	MOST_HATED	0.0	0.0	0.0	0
283530	ShulackRose_Wi_DotD_Party	cycle	1	99	timer:1	0	arm	0	10000	0		0.0	0.0	0.0	0
283530	ShulackRose_Wi_DotD_Party	cycle	1	99	timer:1	1	skill	16987	0	0	MOST_HATED	0.0	0.0	0.0	0
283532	ShulackRose_Gun_DDTower	arm	0	7		0	arm	0	6000	0		0.0	0.0	0.0	0
283532	ShulackRose_Gun_DDTower	arm	0	7		1	skill	16545	0	0	MOST_HATED	0.0	0.0	0.0	0
283532	ShulackRose_Gun_DDTower	cycle	0	100	timer:0	0	arm	1	12000	0		0.0	0.0	0.0	0
283532	ShulackRose_Gun_DDTower	cycle	0	100	timer:0	1	skill	17946	0	0	MOST_HATED	0.0	0.0	0.0	0
283532	ShulackRose_Gun_DDTower	cycle	1	99	timer:1	0	arm	0	8000	0		0.0	0.0	0.0	0
283532	ShulackRose_Gun_DDTower	cycle	1	99	timer:1	1	skill	16653	0	0	MOST_HATED	0.0	0.0	0.0	0
283536	ShulackRose_Wi_DotD_Party	arm	0	7		0	arm	0	3000	0		0.0	0.0	0.0	0
283536	ShulackRose_Wi_DotD_Party	cycle	0	100	timer:0	0	arm	1	15000	0		0.0	0.0	0.0	0
283536	ShulackRose_Wi_DotD_Party	cycle	0	100	timer:0	1	skill	18365	0	0	MOST_HATED	0.0	0.0	0.0	0
283536	ShulackRose_Wi_DotD_Party	cycle	1	99	timer:1	0	arm	0	10000	0		0.0	0.0	0.0	0
283536	ShulackRose_Wi_DotD_Party	cycle	1	99	timer:1	1	skill	16987	0	0	MOST_HATED	0.0	0.0	0.0	0
283538	ShulackRose_Gun_DDTower	arm	0	7		0	arm	0	6000	0		0.0	0.0	0.0	0
283538	ShulackRose_Gun_DDTower	arm	0	7		1	skill	16545	0	0	MOST_HATED	0.0	0.0	0.0	0
283538	ShulackRose_Gun_DDTower	cycle	0	100	timer:0	0	arm	1	12000	0		0.0	0.0	0.0	0
283538	ShulackRose_Gun_DDTower	cycle	0	100	timer:0	1	skill	17946	0	0	MOST_HATED	0.0	0.0	0.0	0
283538	ShulackRose_Gun_DDTower	cycle	1	99	timer:1	0	arm	0	8000	0		0.0	0.0	0.0	0
283538	ShulackRose_Gun_DDTower	cycle	1	99	timer:1	1	skill	16653	0	0	MOST_HATED	0.0	0.0	0.0	0
283547	ShulackRose_Wi_DotD	arm	0	7		0	arm	0	5000	0		0.0	0.0	0.0	0
283547	ShulackRose_Wi_DotD	cycle	0	100	timer:0	0	arm	1	15000	0		0.0	0.0	0.0	0
283547	ShulackRose_Wi_DotD	cycle	0	100	timer:0	1	skill	16780	0	0	MOST_HATED	0.0	0.0	0.0	0
283547	ShulackRose_Wi_DotD	cycle	0	100	timer:0	2	skill	20646	0	0	MOST_HATED	0.0	0.0	0.0	0
283547	ShulackRose_Wi_DotD	cycle	1	100	timer:1	0	arm	2	10000	0		0.0	0.0	0.0	0
283547	ShulackRose_Wi_DotD	cycle	1	100	timer:1	1	skill	16987	0	0	MOST_HATED	0.0	0.0	0.0	0
283547	ShulackRose_Wi_DotD	cycle	2	100	timer:2	0	arm	1	15000	0		0.0	0.0	0.0	0
283547	ShulackRose_Wi_DotD	cycle	2	100	timer:2	1	skill	16780	0	0	MOST_HATED	0.0	0.0	0.0	0
283556	TR_Drakan_As_Broad_First_solo	arm	0	5		0	arm	0	5000	0		0.0	0.0	0.0	0
283556	TR_Drakan_As_Broad_First_solo	cycle	0	9	timer:3	0	arm	2	15000	0		0.0	0.0	0.0	0
283556	TR_Drakan_As_Broad_First_solo	cycle	0	9	timer:3	1	skill	16516	0	0	MOST_HATED	0.0	0.0	0.0	0
283556	TR_Drakan_As_Broad_First_solo	cycle	1	8	timer:2	0	arm	3	15000	0		0.0	0.0	0.0	0
283556	TR_Drakan_As_Broad_First_solo	cycle	1	8	timer:2	1	skill	16519	0	0	MOST_HATED	0.0	0.0	0.0	0
283556	TR_Drakan_As_Broad_First_solo	cycle	2	7	timer:1	0	arm	2	10000	0		0.0	0.0	0.0	0
283556	TR_Drakan_As_Broad_First_solo	cycle	2	7	timer:1	1	skill	20562	0	0	ME	0.0	0.0	0.0	0
283556	TR_Drakan_As_Broad_First_solo	cycle	2	7	timer:1	2	say	1500836	0	0		0.0	0.0	0.0	0
283556	TR_Drakan_As_Broad_First_solo	cycle	2	7	timer:1	3	broadcast	22001	20	0		0.0	0.0	0.0	0
283556	TR_Drakan_As_Broad_First_solo	cycle	3	6	timer:0	0	arm	1	7000	0		0.0	0.0	0.0	0
283556	TR_Drakan_As_Broad_First_solo	cycle	3	6	timer:0	1	skill	16516	0	0	MOST_HATED	0.0	0.0	0.0	0
283557	TR_Drakan_As_Broad_Second_solo	arm	0	5		0	arm	0	5000	0		0.0	0.0	0.0	0
283557	TR_Drakan_As_Broad_Second_solo	cycle	0	9	timer:3	0	arm	2	15000	0		0.0	0.0	0.0	0
283557	TR_Drakan_As_Broad_Second_solo	cycle	0	9	timer:3	1	skill	16516	0	0	MOST_HATED	0.0	0.0	0.0	0
283557	TR_Drakan_As_Broad_Second_solo	cycle	1	8	timer:2	0	arm	3	15000	0		0.0	0.0	0.0	0
283557	TR_Drakan_As_Broad_Second_solo	cycle	1	8	timer:2	1	skill	16519	0	0	MOST_HATED	0.0	0.0	0.0	0
283557	TR_Drakan_As_Broad_Second_solo	cycle	2	7	timer:1	0	arm	2	10000	0		0.0	0.0	0.0	0
283557	TR_Drakan_As_Broad_Second_solo	cycle	2	7	timer:1	1	skill	20562	0	0	ME	0.0	0.0	0.0	0
283557	TR_Drakan_As_Broad_Second_solo	cycle	2	7	timer:1	2	say	1500837	0	0		0.0	0.0	0.0	0
283557	TR_Drakan_As_Broad_Second_solo	cycle	2	7	timer:1	3	broadcast	22002	20	0		0.0	0.0	0.0	0
283557	TR_Drakan_As_Broad_Second_solo	cycle	3	6	timer:0	0	arm	1	7000	0		0.0	0.0	0.0	0
283557	TR_Drakan_As_Broad_Second_solo	cycle	3	6	timer:0	1	skill	16516	0	0	MOST_HATED	0.0	0.0	0.0	0
283558	TR_Drakan_As_Broad_Third_solo	arm	0	5		0	arm	0	5000	0		0.0	0.0	0.0	0
283558	TR_Drakan_As_Broad_Third_solo	cycle	0	9	timer:3	0	arm	2	15000	0		0.0	0.0	0.0	0
283558	TR_Drakan_As_Broad_Third_solo	cycle	0	9	timer:3	1	skill	16516	0	0	MOST_HATED	0.0	0.0	0.0	0
283558	TR_Drakan_As_Broad_Third_solo	cycle	1	8	timer:2	0	arm	3	15000	0		0.0	0.0	0.0	0
283558	TR_Drakan_As_Broad_Third_solo	cycle	1	8	timer:2	1	skill	16519	0	0	MOST_HATED	0.0	0.0	0.0	0
283558	TR_Drakan_As_Broad_Third_solo	cycle	2	7	timer:1	0	arm	2	10000	0		0.0	0.0	0.0	0
283558	TR_Drakan_As_Broad_Third_solo	cycle	2	7	timer:1	1	skill	20562	0	0	ME	0.0	0.0	0.0	0
283558	TR_Drakan_As_Broad_Third_solo	cycle	2	7	timer:1	2	say	1500836	0	0		0.0	0.0	0.0	0
283558	TR_Drakan_As_Broad_Third_solo	cycle	2	7	timer:1	3	broadcast	22001	20	0		0.0	0.0	0.0	0
283558	TR_Drakan_As_Broad_Third_solo	cycle	3	6	timer:0	0	arm	1	7000	0		0.0	0.0	0.0	0
283558	TR_Drakan_As_Broad_Third_solo	cycle	3	6	timer:0	1	skill	16516	0	0	MOST_HATED	0.0	0.0	0.0	0
283559	TR_Drakan_As_Broad_Fourth_solo	arm	0	5		0	arm	0	5000	0		0.0	0.0	0.0	0
283559	TR_Drakan_As_Broad_Fourth_solo	cycle	0	9	timer:3	0	arm	2	15000	0		0.0	0.0	0.0	0
283559	TR_Drakan_As_Broad_Fourth_solo	cycle	0	9	timer:3	1	skill	16516	0	0	MOST_HATED	0.0	0.0	0.0	0
283559	TR_Drakan_As_Broad_Fourth_solo	cycle	1	8	timer:2	0	arm	3	15000	0		0.0	0.0	0.0	0
283559	TR_Drakan_As_Broad_Fourth_solo	cycle	1	8	timer:2	1	skill	16519	0	0	MOST_HATED	0.0	0.0	0.0	0
283559	TR_Drakan_As_Broad_Fourth_solo	cycle	2	7	timer:1	0	arm	2	10000	0		0.0	0.0	0.0	0
283559	TR_Drakan_As_Broad_Fourth_solo	cycle	2	7	timer:1	1	skill	20562	0	0	ME	0.0	0.0	0.0	0
283559	TR_Drakan_As_Broad_Fourth_solo	cycle	2	7	timer:1	2	broadcast	22004	20	0		0.0	0.0	0.0	0
283559	TR_Drakan_As_Broad_Fourth_solo	cycle	2	7	timer:1	3	say	1500837	0	0		0.0	0.0	0.0	0
283559	TR_Drakan_As_Broad_Fourth_solo	cycle	3	6	timer:0	0	arm	1	7000	0		0.0	0.0	0.0	0
283559	TR_Drakan_As_Broad_Fourth_solo	cycle	3	6	timer:0	1	skill	16516	0	0	MOST_HATED	0.0	0.0	0.0	0
283562	TR_Drakan_Pr_Heal_solo_65	arm	0	5		0	arm	0	7000	0		0.0	0.0	0.0	0
283562	TR_Drakan_Pr_Heal_solo_65	cycle	0	7	timer:1	0	arm	0	13000	0		0.0	0.0	0.0	0
283562	TR_Drakan_Pr_Heal_solo_65	cycle	0	7	timer:1	1	skill	20514	0	0	ME	0.0	0.0	0.0	0
283562	TR_Drakan_Pr_Heal_solo_65	cycle	1	6	timer:0	0	arm	1	10000	0		0.0	0.0	0.0	0
283562	TR_Drakan_Pr_Heal_solo_65	cycle	1	6	timer:0	1	skill	20517	0	0	MOST_HATED	0.0	0.0	0.0	0
283565	TR_Drakan_Fi_Stun_solo	arm	0	5		0	arm	0	5000	0		0.0	0.0	0.0	0
283565	TR_Drakan_Fi_Stun_solo	cycle	0	9	timer:3	0	arm	2	15000	0		0.0	0.0	0.0	0
283565	TR_Drakan_Fi_Stun_solo	cycle	0	9	timer:3	1	skill	16516	0	0	MOST_HATED	0.0	0.0	0.0	0
283565	TR_Drakan_Fi_Stun_solo	cycle	1	8	timer:2	0	arm	3	15000	0		0.0	0.0	0.0	0
283565	TR_Drakan_Fi_Stun_solo	cycle	1	8	timer:2	1	skill	18322	0	0	MOST_HATED	0.0	0.0	0.0	0
283565	TR_Drakan_Fi_Stun_solo	cycle	2	7	timer:1	0	arm	2	12000	0		0.0	0.0	0.0	0
283565	TR_Drakan_Fi_Stun_solo	cycle	2	7	timer:1	1	skill	20078	0	0	MOST_HATED	0.0	0.0	0.0	0
283565	TR_Drakan_Fi_Stun_solo	cycle	2	7	timer:1	2	skill	21148	0	0	MOST_HATED	0.0	0.0	0.0	0
283565	TR_Drakan_Fi_Stun_solo	cycle	3	6	timer:0	0	arm	1	8000	0		0.0	0.0	0.0	0
283565	TR_Drakan_Fi_Stun_solo	cycle	3	6	timer:0	1	skill	16516	0	0	MOST_HATED	0.0	0.0	0.0	0
283579	TR_Lizard_Fi_DD_First_Party	arm	0	6		0	arm	0	5000	0		0.0	0.0	0.0	0
283579	TR_Lizard_Fi_DD_First_Party	cycle	0	9	timer:2	0	arm	0	11000	0		0.0	0.0	0.0	0
283579	TR_Lizard_Fi_DD_First_Party	cycle	0	9	timer:2	1	skill	16516	0	0	MOST_HATED	0.0	0.0	0.0	0
283579	TR_Lizard_Fi_DD_First_Party	cycle	1	8	timer:1	0	arm	2	11000	0		0.0	0.0	0.0	0
283579	TR_Lizard_Fi_DD_First_Party	cycle	1	8	timer:1	1	skill	16608	0	0	ME	0.0	0.0	0.0	0
283579	TR_Lizard_Fi_DD_First_Party	cycle	2	7	timer:0	0	arm	1	10000	0		0.0	0.0	0.0	0
283579	TR_Lizard_Fi_DD_First_Party	cycle	2	7	timer:0	1	skill	16516	0	0	MOST_HATED	0.0	0.0	0.0	0
283581	TR_Lizard_Fi_DD_Second_Party	arm	0	6		0	arm	0	5000	0		0.0	0.0	0.0	0
283581	TR_Lizard_Fi_DD_Second_Party	cycle	0	9	timer:2	0	arm	0	10000	0		0.0	0.0	0.0	0
283581	TR_Lizard_Fi_DD_Second_Party	cycle	0	9	timer:2	1	skill	16516	0	0	MOST_HATED	0.0	0.0	0.0	0
283581	TR_Lizard_Fi_DD_Second_Party	cycle	1	8	timer:1	0	arm	2	11000	0		0.0	0.0	0.0	0
283581	TR_Lizard_Fi_DD_Second_Party	cycle	1	8	timer:1	1	skill	16608	0	0	ME	0.0	0.0	0.0	0
283581	TR_Lizard_Fi_DD_Second_Party	cycle	2	7	timer:0	0	arm	1	10000	0		0.0	0.0	0.0	0
283581	TR_Lizard_Fi_DD_Second_Party	cycle	2	7	timer:0	1	skill	16516	0	0	MOST_HATED	0.0	0.0	0.0	0
283583	TR_Lizard_Fi_DD_Third_Party	arm	0	6		0	arm	0	5000	0		0.0	0.0	0.0	0
283583	TR_Lizard_Fi_DD_Third_Party	cycle	0	9	timer:2	0	arm	0	10000	0		0.0	0.0	0.0	0
283583	TR_Lizard_Fi_DD_Third_Party	cycle	0	9	timer:2	1	skill	16516	0	0	MOST_HATED	0.0	0.0	0.0	0
283583	TR_Lizard_Fi_DD_Third_Party	cycle	1	8	timer:1	0	arm	2	11000	0		0.0	0.0	0.0	0
283583	TR_Lizard_Fi_DD_Third_Party	cycle	1	8	timer:1	1	skill	16608	0	0	ME	0.0	0.0	0.0	0
283583	TR_Lizard_Fi_DD_Third_Party	cycle	2	7	timer:0	0	arm	1	10000	0		0.0	0.0	0.0	0
283583	TR_Lizard_Fi_DD_Third_Party	cycle	2	7	timer:0	1	skill	16516	0	0	MOST_HATED	0.0	0.0	0.0	0
283585	TR_Lizard_Fi_DD_Fourth_Party	arm	0	6		0	arm	0	5000	0		0.0	0.0	0.0	0
283585	TR_Lizard_Fi_DD_Fourth_Party	cycle	0	9	timer:2	0	arm	0	10000	0		0.0	0.0	0.0	0
283585	TR_Lizard_Fi_DD_Fourth_Party	cycle	0	9	timer:2	1	skill	16516	0	0	MOST_HATED	0.0	0.0	0.0	0
283585	TR_Lizard_Fi_DD_Fourth_Party	cycle	1	8	timer:1	0	arm	2	11000	0		0.0	0.0	0.0	0
283585	TR_Lizard_Fi_DD_Fourth_Party	cycle	1	8	timer:1	1	skill	16608	0	0	ME	0.0	0.0	0.0	0
283585	TR_Lizard_Fi_DD_Fourth_Party	cycle	2	7	timer:0	0	arm	1	10000	0		0.0	0.0	0.0	0
283585	TR_Lizard_Fi_DD_Fourth_Party	cycle	2	7	timer:0	1	skill	16516	0	0	MOST_HATED	0.0	0.0	0.0	0
283587	TR_Drakan_As_Broad_First_Party	arm	0	5		0	arm	0	7000	0		0.0	0.0	0.0	0
283587	TR_Drakan_As_Broad_First_Party	arm	0	5		1	skill	20562	0	0	ME	0.0	0.0	0.0	0
283587	TR_Drakan_As_Broad_First_Party	arm	0	5		2	broadcast	22001	20	0		0.0	0.0	0.0	0
283587	TR_Drakan_As_Broad_First_Party	arm	0	5		3	say	1500836	0	0		0.0	0.0	0.0	0
283587	TR_Drakan_As_Broad_First_Party	cycle	0	8	timer:2	0	arm	0	7000	0		0.0	0.0	0.0	0
283587	TR_Drakan_As_Broad_First_Party	cycle	0	8	timer:2	1	skill	20562	0	0	ME	0.0	0.0	0.0	0
283587	TR_Drakan_As_Broad_First_Party	cycle	0	8	timer:2	2	say	1500836	0	0		0.0	0.0	0.0	0
283587	TR_Drakan_As_Broad_First_Party	cycle	0	8	timer:2	3	broadcast	22001	20	0		0.0	0.0	0.0	0
283587	TR_Drakan_As_Broad_First_Party	cycle	1	7	timer:1	0	arm	2	12000	0		0.0	0.0	0.0	0
283587	TR_Drakan_As_Broad_First_Party	cycle	1	7	timer:1	1	skill	20525	0	0	ME	0.0	0.0	0.0	0
283587	TR_Drakan_As_Broad_First_Party	cycle	2	6	timer:0	0	arm	1	7000	0		0.0	0.0	0.0	0
283587	TR_Drakan_As_Broad_First_Party	cycle	2	6	timer:0	1	skill	16516	0	0	MOST_HATED	0.0	0.0	0.0	0
283588	TR_Drakan_As_Broad_Second_Party	arm	0	5		0	arm	0	7000	0		0.0	0.0	0.0	0
283588	TR_Drakan_As_Broad_Second_Party	arm	0	5		1	skill	20562	0	0	ME	0.0	0.0	0.0	0
283588	TR_Drakan_As_Broad_Second_Party	arm	0	5		2	say	1500837	0	0		0.0	0.0	0.0	0
283588	TR_Drakan_As_Broad_Second_Party	arm	0	5		3	broadcast	22002	20	0		0.0	0.0	0.0	0
283588	TR_Drakan_As_Broad_Second_Party	cycle	0	8	timer:2	0	arm	0	7000	0		0.0	0.0	0.0	0
283588	TR_Drakan_As_Broad_Second_Party	cycle	0	8	timer:2	1	skill	20562	0	0	ME	0.0	0.0	0.0	0
283588	TR_Drakan_As_Broad_Second_Party	cycle	0	8	timer:2	2	say	1500837	0	0		0.0	0.0	0.0	0
283588	TR_Drakan_As_Broad_Second_Party	cycle	0	8	timer:2	3	broadcast	22002	20	0		0.0	0.0	0.0	0
283588	TR_Drakan_As_Broad_Second_Party	cycle	1	7	timer:1	0	arm	2	12000	0		0.0	0.0	0.0	0
283588	TR_Drakan_As_Broad_Second_Party	cycle	1	7	timer:1	1	skill	20525	0	0	ME	0.0	0.0	0.0	0
283588	TR_Drakan_As_Broad_Second_Party	cycle	2	6	timer:0	0	arm	1	7000	0		0.0	0.0	0.0	0
283588	TR_Drakan_As_Broad_Second_Party	cycle	2	6	timer:0	1	skill	16516	0	0	MOST_HATED	0.0	0.0	0.0	0
283589	TR_Drakan_As_Broad_Third_Party	arm	0	5		0	arm	0	7000	0		0.0	0.0	0.0	0
283589	TR_Drakan_As_Broad_Third_Party	arm	0	5		1	skill	20562	0	0	ME	0.0	0.0	0.0	0
283589	TR_Drakan_As_Broad_Third_Party	arm	0	5		2	say	1500836	0	0		0.0	0.0	0.0	0
283589	TR_Drakan_As_Broad_Third_Party	arm	0	5		3	broadcast	22001	20	0		0.0	0.0	0.0	0
283589	TR_Drakan_As_Broad_Third_Party	cycle	0	8	timer:2	0	arm	0	7000	0		0.0	0.0	0.0	0
283589	TR_Drakan_As_Broad_Third_Party	cycle	0	8	timer:2	1	skill	20562	0	0	ME	0.0	0.0	0.0	0
283589	TR_Drakan_As_Broad_Third_Party	cycle	0	8	timer:2	2	say	1500836	0	0		0.0	0.0	0.0	0
283589	TR_Drakan_As_Broad_Third_Party	cycle	0	8	timer:2	3	broadcast	22001	20	0		0.0	0.0	0.0	0
283589	TR_Drakan_As_Broad_Third_Party	cycle	1	7	timer:1	0	arm	2	12000	0		0.0	0.0	0.0	0
283589	TR_Drakan_As_Broad_Third_Party	cycle	1	7	timer:1	1	skill	20525	0	0	ME	0.0	0.0	0.0	0
283589	TR_Drakan_As_Broad_Third_Party	cycle	2	6	timer:0	0	arm	1	7000	0		0.0	0.0	0.0	0
283589	TR_Drakan_As_Broad_Third_Party	cycle	2	6	timer:0	1	skill	16516	0	0	MOST_HATED	0.0	0.0	0.0	0
283590	TR_Drakan_As_Broad_Fourth_Party	arm	0	5		0	arm	0	7000	0		0.0	0.0	0.0	0
283590	TR_Drakan_As_Broad_Fourth_Party	arm	0	5		1	skill	20562	0	0	ME	0.0	0.0	0.0	0
283590	TR_Drakan_As_Broad_Fourth_Party	arm	0	5		2	say	1500837	0	0		0.0	0.0	0.0	0
283590	TR_Drakan_As_Broad_Fourth_Party	arm	0	5		3	broadcast	22002	20	0		0.0	0.0	0.0	0
283590	TR_Drakan_As_Broad_Fourth_Party	cycle	0	8	timer:2	0	arm	0	7000	0		0.0	0.0	0.0	0
283590	TR_Drakan_As_Broad_Fourth_Party	cycle	0	8	timer:2	1	skill	20562	0	0	ME	0.0	0.0	0.0	0
283590	TR_Drakan_As_Broad_Fourth_Party	cycle	0	8	timer:2	2	say	1500837	0	0		0.0	0.0	0.0	0
283590	TR_Drakan_As_Broad_Fourth_Party	cycle	0	8	timer:2	3	broadcast	22002	20	0		0.0	0.0	0.0	0
283590	TR_Drakan_As_Broad_Fourth_Party	cycle	1	7	timer:1	0	arm	2	12000	0		0.0	0.0	0.0	0
283590	TR_Drakan_As_Broad_Fourth_Party	cycle	1	7	timer:1	1	skill	20525	0	0	ME	0.0	0.0	0.0	0
283590	TR_Drakan_As_Broad_Fourth_Party	cycle	2	6	timer:0	0	arm	1	7000	0		0.0	0.0	0.0	0
283590	TR_Drakan_As_Broad_Fourth_Party	cycle	2	6	timer:0	1	skill	16516	0	0	MOST_HATED	0.0	0.0	0.0	0
283591	TR_Drakan_Fi_DD_Party	arm	0	5		0	arm	0	4000	0		0.0	0.0	0.0	0
283591	TR_Drakan_Fi_DD_Party	cycle	0	8	timer:2	0	arm	0	10000	0		0.0	0.0	0.0	0
283591	TR_Drakan_Fi_DD_Party	cycle	0	8	timer:2	1	skill	16519	0	0	MOST_HATED	0.0	0.0	0.0	0
283591	TR_Drakan_Fi_DD_Party	cycle	1	7	timer:1	0	arm	2	10000	0		0.0	0.0	0.0	0
283591	TR_Drakan_Fi_DD_Party	cycle	1	7	timer:1	1	skill	16519	0	0	MOST_HATED	0.0	0.0	0.0	0
283591	TR_Drakan_Fi_DD_Party	cycle	2	6	timer:0	0	arm	1	10000	0		0.0	0.0	0.0	0
283591	TR_Drakan_Fi_DD_Party	cycle	2	6	timer:0	1	skill	16984	0	0	ME	0.0	0.0	0.0	0
283592	TR_Drakan_Wi_Dot_Party	arm	0	5		0	arm	0	5000	0		0.0	0.0	0.0	0
283592	TR_Drakan_Wi_Dot_Party	cycle	0	8	timer:2	0	arm	0	8000	0		0.0	0.0	0.0	0
283592	TR_Drakan_Wi_Dot_Party	cycle	0	8	timer:2	1	skill	17548	0	0	MOST_HATED	0.0	0.0	0.0	0
283592	TR_Drakan_Wi_Dot_Party	cycle	1	7	timer:1	0	arm	2	10000	0		0.0	0.0	0.0	0
283592	TR_Drakan_Wi_Dot_Party	cycle	1	7	timer:1	1	skill	20671	0	0	ME	0.0	0.0	0.0	0
283592	TR_Drakan_Wi_Dot_Party	cycle	2	6	timer:0	0	arm	1	10000	0		0.0	0.0	0.0	0
283592	TR_Drakan_Wi_Dot_Party	cycle	2	6	timer:0	1	skill	16641	0	0	MOST_HATED	0.0	0.0	0.0	0
283600	Britra_Table	arm	0	7		0	arm	0	7000	0		0.0	0.0	0.0	0
283600	Britra_Table	arm	0	7		1	skill	17294	0	0	MOST_HATED	0.0	0.0	0.0	0
283600	Britra_Table	cycle	0	100	timer:0	0	arm	1	10000	0		0.0	0.0	0.0	0
283600	Britra_Table	cycle	0	100	timer:0	1	skill	17295	0	0	MOST_HATED	0.0	0.0	0.0	0
283600	Britra_Table	cycle	1	99	timer:1	0	arm	0	7000	0		0.0	0.0	0.0	0
283600	Britra_Table	cycle	1	99	timer:1	1	skill	17294	0	0	MOST_HATED	0.0	0.0	0.0	0
283601	Britra_Table	arm	0	7		0	arm	0	7000	0		0.0	0.0	0.0	0
283601	Britra_Table	arm	0	7		1	skill	21292	0	0	MOST_HATED	0.0	0.0	0.0	0
283601	Britra_Table	cycle	0	100	timer:0	0	arm	1	10000	0		0.0	0.0	0.0	0
283601	Britra_Table	cycle	0	100	timer:0	1	skill	21293	0	0	MOST_HATED	0.0	0.0	0.0	0
283601	Britra_Table	cycle	1	99	timer:1	0	arm	0	7000	0		0.0	0.0	0.0	0
283601	Britra_Table	cycle	1	99	timer:1	1	skill	21292	0	0	MOST_HATED	0.0	0.0	0.0	0
283602	Britra_Fi_HpDrain	arm	0	7		0	arm	0	7000	0		0.0	0.0	0.0	0
283602	Britra_Fi_HpDrain	arm	0	7		1	skill	16517	0	0	ME	0.0	0.0	0.0	0
283602	Britra_Fi_HpDrain	cycle	0	100	timer:0	0	arm	1	10000	0		0.0	0.0	0.0	0
283602	Britra_Fi_HpDrain	cycle	0	100	timer:0	1	skill	20703	0	0	MOST_HATED	0.0	0.0	0.0	0
283602	Britra_Fi_HpDrain	cycle	1	99	timer:1	0	arm	2	7000	0		0.0	0.0	0.0	0
283602	Britra_Fi_HpDrain	cycle	1	99	timer:1	1	skill	17294	0	0	MOST_HATED	0.0	0.0	0.0	0
283602	Britra_Fi_HpDrain	cycle	2	98	timer:2	0	arm	3	10000	0		0.0	0.0	0.0	0
283602	Britra_Fi_HpDrain	cycle	2	98	timer:2	1	skill	17294	0	0	MOST_HATED	0.0	0.0	0.0	0
283602	Britra_Fi_HpDrain	cycle	3	97	timer:3	0	arm	4	7000	0		0.0	0.0	0.0	0
283602	Britra_Fi_HpDrain	cycle	3	97	timer:3	1	skill	17294	0	0	MOST_HATED	0.0	0.0	0.0	0
283602	Britra_Fi_HpDrain	cycle	4	96	timer:4	0	arm	5	15000	0		0.0	0.0	0.0	0
283602	Britra_Fi_HpDrain	cycle	4	96	timer:4	1	skill	20703	0	0	MOST_HATED	0.0	0.0	0.0	0
283602	Britra_Fi_HpDrain	cycle	5	95	timer:5	0	arm	6	7000	0		0.0	0.0	0.0	0
283602	Britra_Fi_HpDrain	cycle	5	95	timer:5	1	skill	17294	0	0	MOST_HATED	0.0	0.0	0.0	0
283602	Britra_Fi_HpDrain	cycle	6	94	timer:6	0	arm	2	15000	0		0.0	0.0	0.0	0
283602	Britra_Fi_HpDrain	cycle	6	94	timer:6	1	skill	20703	0	0	MOST_HATED	0.0	0.0	0.0	0
283603	Britra_As_Poison	arm	0	7		0	arm	0	5000	0		0.0	0.0	0.0	0
283603	Britra_As_Poison	arm	0	7		1	skill	17322	0	0	MOST_HATED	0.0	0.0	0.0	0
283603	Britra_As_Poison	cycle	0	100	timer:0	0	arm	1	7000	0		0.0	0.0	0.0	0
283603	Britra_As_Poison	cycle	0	100	timer:0	1	skill	17332	0	0	MOST_HATED	0.0	0.0	0.0	0
283603	Britra_As_Poison	cycle	1	99	timer:1	0	arm	2	10000	0		0.0	0.0	0.0	0
283603	Britra_As_Poison	cycle	1	99	timer:1	1	skill	17332	0	0	MOST_HATED	0.0	0.0	0.0	0
283603	Britra_As_Poison	cycle	2	98	timer:2	0	arm	3	10000	0		0.0	0.0	0.0	0
283603	Britra_As_Poison	cycle	2	98	timer:2	1	skill	17295	0	0	MOST_HATED	0.0	0.0	0.0	0
283603	Britra_As_Poison	cycle	3	97	timer:3	0	arm	0	7000	0		0.0	0.0	0.0	0
283603	Britra_As_Poison	cycle	3	97	timer:3	1	skill	17322	0	0	MOST_HATED	0.0	0.0	0.0	0
283604	Britra_As_Broad	arm	0	7		0	arm	0	7000	0		0.0	0.0	0.0	0
283604	Britra_As_Broad	cycle	0	100	timer:0	0	arm	1	10000	0		0.0	0.0	0.0	0
283604	Britra_As_Broad	cycle	0	100	timer:0	1	skill	17295	0	0	MOST_HATED	0.0	0.0	0.0	0
283604	Britra_As_Broad	cycle	0	100	timer:0	2	broadcast	23001	15	0		0.0	0.0	0.0	0
283604	Britra_As_Broad	cycle	1	99	timer:1	0	arm	2	10000	0		0.0	0.0	0.0	0
283604	Britra_As_Broad	cycle	1	99	timer:1	1	skill	17332	0	0	MOST_HATED	0.0	0.0	0.0	0
283604	Britra_As_Broad	cycle	2	98	timer:2	0	arm	1	15000	0		0.0	0.0	0.0	0
283604	Britra_As_Broad	cycle	2	98	timer:2	1	skill	17295	0	0	MOST_HATED	0.0	0.0	0.0	0
283606	Britra_Pr_Heal	arm	0	7		0	arm	0	7000	0		0.0	0.0	0.0	0
283606	Britra_Pr_Heal	arm	0	7		1	skill	17359	0	0	MOST_HATED	0.0	0.0	0.0	0
283606	Britra_Pr_Heal	cycle	0	100	timer:0	0	arm	1	10000	0		0.0	0.0	0.0	0
283606	Britra_Pr_Heal	cycle	0	100	timer:0	1	skill	17359	0	0	MOST_HATED	0.0	0.0	0.0	0
283606	Britra_Pr_Heal	cycle	1	99	timer:1	0	arm	2	10000	0		0.0	0.0	0.0	0
283606	Britra_Pr_Heal	cycle	1	99	timer:1	1	skill	17361	0	0	ME	0.0	0.0	0.0	0
283606	Britra_Pr_Heal	cycle	2	98	timer:2	0	arm	3	15000	0		0.0	0.0	0.0	0
283606	Britra_Pr_Heal	cycle	2	98	timer:2	1	skill	17359	0	0	MOST_HATED	0.0	0.0	0.0	0
283606	Britra_Pr_Heal	cycle	3	97	timer:3	0	arm	0	10000	0		0.0	0.0	0.0	0
283606	Britra_Pr_Heal	cycle	3	97	timer:3	1	skill	17700	0	0	MOST_HATED	0.0	0.0	0.0	0
283607	Britra_As_Poison_LowNmd	arm	0	7		0	arm	0	5000	0		0.0	0.0	0.0	0
283607	Britra_As_Poison_LowNmd	arm	0	7		1	skill	17322	0	0	MOST_HATED	0.0	0.0	0.0	0
283607	Britra_As_Poison_LowNmd	cycle	0	100	timer:0	0	arm	1	7000	0		0.0	0.0	0.0	0
283607	Britra_As_Poison_LowNmd	cycle	0	100	timer:0	1	skill	16678	0	0	MOST_HATED	0.0	0.0	0.0	0
283607	Britra_As_Poison_LowNmd	cycle	1	99	timer:1	0	arm	2	7000	0		0.0	0.0	0.0	0
283607	Britra_As_Poison_LowNmd	cycle	1	99	timer:1	1	skill	17332	0	0	MOST_HATED	0.0	0.0	0.0	0
283607	Britra_As_Poison_LowNmd	cycle	2	98	timer:2	0	arm	3	10000	0		0.0	0.0	0.0	0
283607	Britra_As_Poison_LowNmd	cycle	2	98	timer:2	1	skill	17295	0	0	MOST_HATED	0.0	0.0	0.0	0
283607	Britra_As_Poison_LowNmd	cycle	3	96	timer:3	0	arm	4	7000	0		0.0	0.0	0.0	0
283607	Britra_As_Poison_LowNmd	cycle	3	96	timer:3	1	skill	17322	0	0	MOST_HATED	0.0	0.0	0.0	0
283607	Britra_As_Poison_LowNmd	cycle	4	95	timer:4	0	arm	5	7000	0		0.0	0.0	0.0	0
283607	Britra_As_Poison_LowNmd	cycle	4	95	timer:4	1	skill	16678	0	0	MOST_HATED	0.0	0.0	0.0	0
283607	Britra_As_Poison_LowNmd	cycle	5	94	timer:5	0	arm	6	7000	0		0.0	0.0	0.0	0
283607	Britra_As_Poison_LowNmd	cycle	5	94	timer:5	1	skill	17295	0	0	MOST_HATED	0.0	0.0	0.0	0
283607	Britra_As_Poison_LowNmd	cycle	6	93	timer:6	0	arm	2	7000	0		0.0	0.0	0.0	0
283607	Britra_As_Poison_LowNmd	cycle	6	93	timer:6	1	skill	17332	0	0	MOST_HATED	0.0	0.0	0.0	0
283608	Britra_Ri_OpenAerial	arm	0	7		0	arm	0	7000	0		0.0	0.0	0.0	0
283608	Britra_Ri_OpenAerial	arm	0	7		1	skill	21294	0	0	MOST_HATED	0.0	0.0	0.0	0
283608	Britra_Ri_OpenAerial	cycle	0	99	timer:0	0	arm	1	10000	0		0.0	0.0	0.0	0
283608	Britra_Ri_OpenAerial	cycle	0	99	timer:0	1	skill	20648	0	0	MOST_HATED	0.0	0.0	0.0	0
283608	Britra_Ri_OpenAerial	cycle	0	99	timer:0	2	skill	21295	0	0	MOST_HATED	0.0	0.0	0.0	0
283608	Britra_Ri_OpenAerial	cycle	1	98	timer:1	0	arm	2	7000	0		0.0	0.0	0.0	0
283608	Britra_Ri_OpenAerial	cycle	1	98	timer:1	1	skill	21315	0	0	MOST_HATED	0.0	0.0	0.0	0
283608	Britra_Ri_OpenAerial	cycle	2	97	timer:2	0	arm	3	10000	0		0.0	0.0	0.0	0
283608	Britra_Ri_OpenAerial	cycle	2	97	timer:2	1	skill	21294	0	0	MOST_HATED	0.0	0.0	0.0	0
283608	Britra_Ri_OpenAerial	cycle	3	96	timer:3	0	arm	4	7000	0		0.0	0.0	0.0	0
283608	Britra_Ri_OpenAerial	cycle	3	96	timer:3	1	skill	21315	0	0	MOST_HATED	0.0	0.0	0.0	0
283608	Britra_Ri_OpenAerial	cycle	4	95	timer:4	0	arm	5	10000	0		0.0	0.0	0.0	0
283608	Britra_Ri_OpenAerial	cycle	4	95	timer:4	1	skill	21294	0	0	MOST_HATED	0.0	0.0	0.0	0
283608	Britra_Ri_OpenAerial	cycle	5	94	timer:5	0	arm	6	7000	0		0.0	0.0	0.0	0
283608	Britra_Ri_OpenAerial	cycle	5	94	timer:5	1	skill	21315	0	0	MOST_HATED	0.0	0.0	0.0	0
283608	Britra_Ri_OpenAerial	cycle	6	93	timer:6	0	arm	3	10000	0		0.0	0.0	0.0	0
283608	Britra_Ri_OpenAerial	cycle	6	93	timer:6	1	skill	20648	0	0	MOST_HATED	0.0	0.0	0.0	0
283608	Britra_Ri_OpenAerial	cycle	6	93	timer:6	2	skill	21295	0	0	MOST_HATED	0.0	0.0	0.0	0
283609	Britra_El_Confuse	arm	0	7		0	arm	0	7000	0		0.0	0.0	0.0	0
283609	Britra_El_Confuse	arm	0	7		1	skill	21288	0	0	MOST_HATED	0.0	0.0	0.0	0
283609	Britra_El_Confuse	cycle	0	100	timer:0	0	arm	1	7000	0		0.0	0.0	0.0	0
283609	Britra_El_Confuse	cycle	0	100	timer:0	1	skill	19552	0	0	MOST_HATED	0.0	0.0	0.0	0
283609	Britra_El_Confuse	cycle	1	99	timer:1	0	arm	2	7000	0		0.0	0.0	0.0	0
283609	Britra_El_Confuse	cycle	1	99	timer:1	1	skill	17335	0	0	MOST_HATED	0.0	0.0	0.0	0
283609	Britra_El_Confuse	cycle	2	98	timer:2	0	arm	3	7000	0		0.0	0.0	0.0	0
283609	Britra_El_Confuse	cycle	2	98	timer:2	1	skill	21288	0	0	MOST_HATED	0.0	0.0	0.0	0
283609	Britra_El_Confuse	cycle	3	97	timer:3	0	arm	0	7000	0		0.0	0.0	0.0	0
283609	Britra_El_Confuse	cycle	3	97	timer:3	1	skill	17335	0	0	MOST_HATED	0.0	0.0	0.0	0
283610	Britra_Party_Fi_FwAreaDD	arm	0	7		0	arm	0	7000	0		0.0	0.0	0.0	0
283610	Britra_Party_Fi_FwAreaDD	arm	0	7		1	skill	17294	0	0	MOST_HATED	0.0	0.0	0.0	0
283610	Britra_Party_Fi_FwAreaDD	cycle	0	100	timer:0	0	arm	1	10000	0		0.0	0.0	0.0	0
283610	Britra_Party_Fi_FwAreaDD	cycle	0	100	timer:0	1	skill	21284	0	0	MOST_HATED	0.0	0.0	0.0	0
283610	Britra_Party_Fi_FwAreaDD	cycle	1	99	timer:1	0	arm	2	10000	0		0.0	0.0	0.0	0
283610	Britra_Party_Fi_FwAreaDD	cycle	1	99	timer:1	1	skill	17294	0	0	MOST_HATED	0.0	0.0	0.0	0
283610	Britra_Party_Fi_FwAreaDD	cycle	2	98	timer:2	0	arm	0	7000	0		0.0	0.0	0.0	0
283610	Britra_Party_Fi_FwAreaDD	cycle	2	98	timer:2	1	skill	17294	0	0	MOST_HATED	0.0	0.0	0.0	0
283616	Britra_Party_Ri_OpenAerial	arm	0	7		0	arm	0	7000	0		0.0	0.0	0.0	0
283616	Britra_Party_Ri_OpenAerial	arm	0	7		1	skill	21294	0	0	MOST_HATED	0.0	0.0	0.0	0
283616	Britra_Party_Ri_OpenAerial	cycle	0	100	timer:0	0	arm	1	22000	0		0.0	0.0	0.0	0
283616	Britra_Party_Ri_OpenAerial	cycle	0	100	timer:0	1	skill	20648	0	0	MOST_HATED	0.0	0.0	0.0	0
283616	Britra_Party_Ri_OpenAerial	cycle	0	100	timer:0	2	skill	21295	0	0	MOST_HATED	0.0	0.0	0.0	0
283616	Britra_Party_Ri_OpenAerial	cycle	1	99	timer:1	0	arm	2	10000	0		0.0	0.0	0.0	0
283616	Britra_Party_Ri_OpenAerial	cycle	1	99	timer:1	1	skill	21294	0	0	MOST_HATED	0.0	0.0	0.0	0
283616	Britra_Party_Ri_OpenAerial	cycle	2	98	timer:2	0	arm	3	13000	0		0.0	0.0	0.0	0
283616	Britra_Party_Ri_OpenAerial	cycle	2	98	timer:2	1	skill	21297	0	0	MOST_HATED	0.0	0.0	0.0	0
283616	Britra_Party_Ri_OpenAerial	cycle	3	97	timer:3	0	arm	4	10000	0		0.0	0.0	0.0	0
283616	Britra_Party_Ri_OpenAerial	cycle	3	97	timer:3	1	skill	21294	0	0	MOST_HATED	0.0	0.0	0.0	0
283616	Britra_Party_Ri_OpenAerial	cycle	4	96	timer:4	0	arm	0	7000	0		0.0	0.0	0.0	0
283616	Britra_Party_Ri_OpenAerial	cycle	4	96	timer:4	1	skill	21297	0	0	MOST_HATED	0.0	0.0	0.0	0
283625	Britra_Party_As_Broad	arm	0	7		0	arm	0	5000	0		0.0	0.0	0.0	0
283625	Britra_Party_As_Broad	cycle	0	100	timer:0	0	arm	2	13000	0		0.0	0.0	0.0	0
283625	Britra_Party_As_Broad	cycle	0	100	timer:0	1	skill	17332	0	0	MOST_HATED	0.0	0.0	0.0	0
283625	Britra_Party_As_Broad	cycle	1	98	timer:2	0	arm	3	17000	0		0.0	0.0	0.0	0
283625	Britra_Party_As_Broad	cycle	1	98	timer:2	1	skill	17333	0	0	MOST_HATED	0.0	0.0	0.0	0
283625	Britra_Party_As_Broad	cycle	2	97	timer:3	0	arm	4	19000	0		0.0	0.0	0.0	0
283625	Britra_Party_As_Broad	cycle	2	97	timer:3	1	skill	17332	0	0	MOST_HATED	0.0	0.0	0.0	0
283625	Britra_Party_As_Broad	cycle	3	96	timer:4	0	arm	5	9000	0		0.0	0.0	0.0	0
283625	Britra_Party_As_Broad	cycle	3	96	timer:4	1	skill	17332	0	0	MOST_HATED	0.0	0.0	0.0	0
283625	Britra_Party_As_Broad	cycle	4	95	timer:5	0	arm	6	19000	0		0.0	0.0	0.0	0
283625	Britra_Party_As_Broad	cycle	4	95	timer:5	1	skill	17332	0	0	MOST_HATED	0.0	0.0	0.0	0
283625	Britra_Party_As_Broad	cycle	5	94	timer:6	0	arm	7	9000	0		0.0	0.0	0.0	0
283625	Britra_Party_As_Broad	cycle	5	94	timer:6	1	skill	17333	0	0	MOST_HATED	0.0	0.0	0.0	0
283625	Britra_Party_As_Broad	cycle	6	93	timer:7	0	arm	2	9000	0		0.0	0.0	0.0	0
283625	Britra_Party_As_Broad	cycle	6	93	timer:7	1	skill	17332	0	0	MOST_HATED	0.0	0.0	0.0	0
283648	AD2_BT10st0	arm	0	1		0	arm	0	10000	0		0.0	0.0	0.0	0
283648	AD2_BT10st0	cycle	0	2	timer:0	0	arm	0	10000	0		0.0	0.0	0.0	0
283648	AD2_BT10st0	cycle	0	2	timer:0	1	skill	17558	0	0	MOST_HATED	0.0	0.0	0.0	0
283649	AD2_BT10st0	arm	0	1		0	arm	0	10000	0		0.0	0.0	0.0	0
283649	AD2_BT10st0	cycle	0	2	timer:0	0	arm	0	10000	0		0.0	0.0	0.0	0
283649	AD2_BT10st0	cycle	0	2	timer:0	1	skill	17558	0	0	MOST_HATED	0.0	0.0	0.0	0
283823	IDLDF5Re_03_N_Vritra43_TiamatDrakan_Pr_65_An	arm	0	80		0	arm	0	5000	0		0.0	0.0	0.0	0
283823	IDLDF5Re_03_N_Vritra43_TiamatDrakan_Pr_65_An	cycle	0	33	timer:2	0	arm	0	10000	0		0.0	0.0	0.0	0
283823	IDLDF5Re_03_N_Vritra43_TiamatDrakan_Pr_65_An	cycle	0	33	timer:2	1	skill	20517	0	0	MOST_HATED	0.0	0.0	0.0	0
283823	IDLDF5Re_03_N_Vritra43_TiamatDrakan_Pr_65_An	cycle	1	32	timer:1	0	arm	2	10000	0		0.0	0.0	0.0	0
283823	IDLDF5Re_03_N_Vritra43_TiamatDrakan_Pr_65_An	cycle	1	32	timer:1	1	skill	20514	0	0	ME	0.0	0.0	0.0	0
283823	IDLDF5Re_03_N_Vritra43_TiamatDrakan_Pr_65_An	cycle	2	31	timer:0	0	arm	1	10000	0		0.0	0.0	0.0	0
283823	IDLDF5Re_03_N_Vritra43_TiamatDrakan_Pr_65_An	cycle	2	31	timer:0	1	skill	20517	0	0	MOST_HATED	0.0	0.0	0.0	0
283843	TR_Drakan_As_Broad_First_solo	arm	0	5		0	arm	0	5000	0		0.0	0.0	0.0	0
283843	TR_Drakan_As_Broad_First_solo	cycle	0	9	timer:3	0	arm	2	15000	0		0.0	0.0	0.0	0
283843	TR_Drakan_As_Broad_First_solo	cycle	0	9	timer:3	1	skill	16516	0	0	MOST_HATED	0.0	0.0	0.0	0
283843	TR_Drakan_As_Broad_First_solo	cycle	1	8	timer:2	0	arm	3	15000	0		0.0	0.0	0.0	0
283843	TR_Drakan_As_Broad_First_solo	cycle	1	8	timer:2	1	skill	16519	0	0	MOST_HATED	0.0	0.0	0.0	0
283843	TR_Drakan_As_Broad_First_solo	cycle	2	7	timer:1	0	arm	2	10000	0		0.0	0.0	0.0	0
283843	TR_Drakan_As_Broad_First_solo	cycle	2	7	timer:1	1	skill	20562	0	0	ME	0.0	0.0	0.0	0
283843	TR_Drakan_As_Broad_First_solo	cycle	2	7	timer:1	2	say	1500836	0	0		0.0	0.0	0.0	0
283843	TR_Drakan_As_Broad_First_solo	cycle	2	7	timer:1	3	broadcast	22001	20	0		0.0	0.0	0.0	0
283843	TR_Drakan_As_Broad_First_solo	cycle	3	6	timer:0	0	arm	1	7000	0		0.0	0.0	0.0	0
283843	TR_Drakan_As_Broad_First_solo	cycle	3	6	timer:0	1	skill	16516	0	0	MOST_HATED	0.0	0.0	0.0	0
283844	TR_Drakan_As_Broad_Second_solo	arm	0	5		0	arm	0	5000	0		0.0	0.0	0.0	0
283844	TR_Drakan_As_Broad_Second_solo	cycle	0	9	timer:3	0	arm	2	15000	0		0.0	0.0	0.0	0
283844	TR_Drakan_As_Broad_Second_solo	cycle	0	9	timer:3	1	skill	16516	0	0	MOST_HATED	0.0	0.0	0.0	0
283844	TR_Drakan_As_Broad_Second_solo	cycle	1	8	timer:2	0	arm	3	15000	0		0.0	0.0	0.0	0
283844	TR_Drakan_As_Broad_Second_solo	cycle	1	8	timer:2	1	skill	16519	0	0	MOST_HATED	0.0	0.0	0.0	0
283844	TR_Drakan_As_Broad_Second_solo	cycle	2	7	timer:1	0	arm	2	10000	0		0.0	0.0	0.0	0
283844	TR_Drakan_As_Broad_Second_solo	cycle	2	7	timer:1	1	skill	20562	0	0	ME	0.0	0.0	0.0	0
283844	TR_Drakan_As_Broad_Second_solo	cycle	2	7	timer:1	2	say	1500837	0	0		0.0	0.0	0.0	0
283844	TR_Drakan_As_Broad_Second_solo	cycle	2	7	timer:1	3	broadcast	22002	20	0		0.0	0.0	0.0	0
283844	TR_Drakan_As_Broad_Second_solo	cycle	3	6	timer:0	0	arm	1	7000	0		0.0	0.0	0.0	0
283844	TR_Drakan_As_Broad_Second_solo	cycle	3	6	timer:0	1	skill	16516	0	0	MOST_HATED	0.0	0.0	0.0	0
283845	TR_Drakan_As_Broad_Third_solo	arm	0	5		0	arm	0	5000	0		0.0	0.0	0.0	0
283845	TR_Drakan_As_Broad_Third_solo	cycle	0	9	timer:3	0	arm	2	15000	0		0.0	0.0	0.0	0
283845	TR_Drakan_As_Broad_Third_solo	cycle	0	9	timer:3	1	skill	16516	0	0	MOST_HATED	0.0	0.0	0.0	0
283845	TR_Drakan_As_Broad_Third_solo	cycle	1	8	timer:2	0	arm	3	15000	0		0.0	0.0	0.0	0
283845	TR_Drakan_As_Broad_Third_solo	cycle	1	8	timer:2	1	skill	16519	0	0	MOST_HATED	0.0	0.0	0.0	0
283845	TR_Drakan_As_Broad_Third_solo	cycle	2	7	timer:1	0	arm	2	10000	0		0.0	0.0	0.0	0
283845	TR_Drakan_As_Broad_Third_solo	cycle	2	7	timer:1	1	skill	20562	0	0	ME	0.0	0.0	0.0	0
283845	TR_Drakan_As_Broad_Third_solo	cycle	2	7	timer:1	2	say	1500836	0	0		0.0	0.0	0.0	0
283845	TR_Drakan_As_Broad_Third_solo	cycle	2	7	timer:1	3	broadcast	22001	20	0		0.0	0.0	0.0	0
283845	TR_Drakan_As_Broad_Third_solo	cycle	3	6	timer:0	0	arm	1	7000	0		0.0	0.0	0.0	0
283845	TR_Drakan_As_Broad_Third_solo	cycle	3	6	timer:0	1	skill	16516	0	0	MOST_HATED	0.0	0.0	0.0	0
283846	TR_Drakan_As_Broad_Fourth_solo	arm	0	5		0	arm	0	5000	0		0.0	0.0	0.0	0
283846	TR_Drakan_As_Broad_Fourth_solo	cycle	0	9	timer:3	0	arm	2	15000	0		0.0	0.0	0.0	0
283846	TR_Drakan_As_Broad_Fourth_solo	cycle	0	9	timer:3	1	skill	16516	0	0	MOST_HATED	0.0	0.0	0.0	0
283846	TR_Drakan_As_Broad_Fourth_solo	cycle	1	8	timer:2	0	arm	3	15000	0		0.0	0.0	0.0	0
283846	TR_Drakan_As_Broad_Fourth_solo	cycle	1	8	timer:2	1	skill	16519	0	0	MOST_HATED	0.0	0.0	0.0	0
283846	TR_Drakan_As_Broad_Fourth_solo	cycle	2	7	timer:1	0	arm	2	10000	0		0.0	0.0	0.0	0
283846	TR_Drakan_As_Broad_Fourth_solo	cycle	2	7	timer:1	1	skill	20562	0	0	ME	0.0	0.0	0.0	0
283846	TR_Drakan_As_Broad_Fourth_solo	cycle	2	7	timer:1	2	broadcast	22004	20	0		0.0	0.0	0.0	0
283846	TR_Drakan_As_Broad_Fourth_solo	cycle	2	7	timer:1	3	say	1500837	0	0		0.0	0.0	0.0	0
283846	TR_Drakan_As_Broad_Fourth_solo	cycle	3	6	timer:0	0	arm	1	7000	0		0.0	0.0	0.0	0
283846	TR_Drakan_As_Broad_Fourth_solo	cycle	3	6	timer:0	1	skill	16516	0	0	MOST_HATED	0.0	0.0	0.0	0
283849	TR_Drakan_Pr_Heal_solo	arm	0	5		0	arm	0	7000	0		0.0	0.0	0.0	0
283849	TR_Drakan_Pr_Heal_solo	cycle	0	7	timer:1	0	arm	0	13000	0		0.0	0.0	0.0	0
283849	TR_Drakan_Pr_Heal_solo	cycle	0	7	timer:1	1	skill	20514	0	0	ME	0.0	0.0	0.0	0
283849	TR_Drakan_Pr_Heal_solo	cycle	1	6	timer:0	0	arm	1	10000	0		0.0	0.0	0.0	0
283849	TR_Drakan_Pr_Heal_solo	cycle	1	6	timer:0	1	skill	20517	0	0	MOST_HATED	0.0	0.0	0.0	0
283852	TR_Drakan_Fi_Stun_solo	arm	0	5		0	arm	0	5000	0		0.0	0.0	0.0	0
283852	TR_Drakan_Fi_Stun_solo	cycle	0	9	timer:3	0	arm	2	15000	0		0.0	0.0	0.0	0
283852	TR_Drakan_Fi_Stun_solo	cycle	0	9	timer:3	1	skill	16516	0	0	MOST_HATED	0.0	0.0	0.0	0
283852	TR_Drakan_Fi_Stun_solo	cycle	1	8	timer:2	0	arm	3	15000	0		0.0	0.0	0.0	0
283852	TR_Drakan_Fi_Stun_solo	cycle	1	8	timer:2	1	skill	18322	0	0	MOST_HATED	0.0	0.0	0.0	0
283852	TR_Drakan_Fi_Stun_solo	cycle	2	7	timer:1	0	arm	2	12000	0		0.0	0.0	0.0	0
283852	TR_Drakan_Fi_Stun_solo	cycle	2	7	timer:1	1	skill	20078	0	0	MOST_HATED	0.0	0.0	0.0	0
283852	TR_Drakan_Fi_Stun_solo	cycle	2	7	timer:1	2	skill	21148	0	0	MOST_HATED	0.0	0.0	0.0	0
283852	TR_Drakan_Fi_Stun_solo	cycle	3	6	timer:0	0	arm	1	8000	0		0.0	0.0	0.0	0
283852	TR_Drakan_Fi_Stun_solo	cycle	3	6	timer:0	1	skill	16516	0	0	MOST_HATED	0.0	0.0	0.0	0
283866	TR_Lizard_Fi_DD_First_Party	arm	0	6		0	arm	0	5000	0		0.0	0.0	0.0	0
283866	TR_Lizard_Fi_DD_First_Party	cycle	0	9	timer:2	0	arm	0	11000	0		0.0	0.0	0.0	0
283866	TR_Lizard_Fi_DD_First_Party	cycle	0	9	timer:2	1	skill	16516	0	0	MOST_HATED	0.0	0.0	0.0	0
283866	TR_Lizard_Fi_DD_First_Party	cycle	1	8	timer:1	0	arm	2	11000	0		0.0	0.0	0.0	0
283866	TR_Lizard_Fi_DD_First_Party	cycle	1	8	timer:1	1	skill	16608	0	0	ME	0.0	0.0	0.0	0
283866	TR_Lizard_Fi_DD_First_Party	cycle	2	7	timer:0	0	arm	1	10000	0		0.0	0.0	0.0	0
283866	TR_Lizard_Fi_DD_First_Party	cycle	2	7	timer:0	1	skill	16516	0	0	MOST_HATED	0.0	0.0	0.0	0
283868	TR_Lizard_Fi_DD_Second_Party	arm	0	6		0	arm	0	5000	0		0.0	0.0	0.0	0
283868	TR_Lizard_Fi_DD_Second_Party	cycle	0	9	timer:2	0	arm	0	10000	0		0.0	0.0	0.0	0
283868	TR_Lizard_Fi_DD_Second_Party	cycle	0	9	timer:2	1	skill	16516	0	0	MOST_HATED	0.0	0.0	0.0	0
283868	TR_Lizard_Fi_DD_Second_Party	cycle	1	8	timer:1	0	arm	2	11000	0		0.0	0.0	0.0	0
283868	TR_Lizard_Fi_DD_Second_Party	cycle	1	8	timer:1	1	skill	16608	0	0	ME	0.0	0.0	0.0	0
283868	TR_Lizard_Fi_DD_Second_Party	cycle	2	7	timer:0	0	arm	1	10000	0		0.0	0.0	0.0	0
283868	TR_Lizard_Fi_DD_Second_Party	cycle	2	7	timer:0	1	skill	16516	0	0	MOST_HATED	0.0	0.0	0.0	0
283870	TR_Lizard_Fi_DD_Third_Party	arm	0	6		0	arm	0	5000	0		0.0	0.0	0.0	0
283870	TR_Lizard_Fi_DD_Third_Party	cycle	0	9	timer:2	0	arm	0	10000	0		0.0	0.0	0.0	0
283870	TR_Lizard_Fi_DD_Third_Party	cycle	0	9	timer:2	1	skill	16516	0	0	MOST_HATED	0.0	0.0	0.0	0
283870	TR_Lizard_Fi_DD_Third_Party	cycle	1	8	timer:1	0	arm	2	11000	0		0.0	0.0	0.0	0
283870	TR_Lizard_Fi_DD_Third_Party	cycle	1	8	timer:1	1	skill	16608	0	0	ME	0.0	0.0	0.0	0
283870	TR_Lizard_Fi_DD_Third_Party	cycle	2	7	timer:0	0	arm	1	10000	0		0.0	0.0	0.0	0
283870	TR_Lizard_Fi_DD_Third_Party	cycle	2	7	timer:0	1	skill	16516	0	0	MOST_HATED	0.0	0.0	0.0	0
283872	TR_Lizard_Fi_DD_Fourth_Party	arm	0	6		0	arm	0	5000	0		0.0	0.0	0.0	0
283872	TR_Lizard_Fi_DD_Fourth_Party	cycle	0	9	timer:2	0	arm	0	10000	0		0.0	0.0	0.0	0
283872	TR_Lizard_Fi_DD_Fourth_Party	cycle	0	9	timer:2	1	skill	16516	0	0	MOST_HATED	0.0	0.0	0.0	0
283872	TR_Lizard_Fi_DD_Fourth_Party	cycle	1	8	timer:1	0	arm	2	11000	0		0.0	0.0	0.0	0
283872	TR_Lizard_Fi_DD_Fourth_Party	cycle	1	8	timer:1	1	skill	16608	0	0	ME	0.0	0.0	0.0	0
283872	TR_Lizard_Fi_DD_Fourth_Party	cycle	2	7	timer:0	0	arm	1	10000	0		0.0	0.0	0.0	0
283872	TR_Lizard_Fi_DD_Fourth_Party	cycle	2	7	timer:0	1	skill	16516	0	0	MOST_HATED	0.0	0.0	0.0	0
283874	TR_Drakan_As_Broad_First_Party	arm	0	5		0	arm	0	7000	0		0.0	0.0	0.0	0
283874	TR_Drakan_As_Broad_First_Party	arm	0	5		1	skill	20562	0	0	ME	0.0	0.0	0.0	0
283874	TR_Drakan_As_Broad_First_Party	arm	0	5		2	broadcast	22001	20	0		0.0	0.0	0.0	0
283874	TR_Drakan_As_Broad_First_Party	arm	0	5		3	say	1500836	0	0		0.0	0.0	0.0	0
283874	TR_Drakan_As_Broad_First_Party	cycle	0	8	timer:2	0	arm	0	7000	0		0.0	0.0	0.0	0
283874	TR_Drakan_As_Broad_First_Party	cycle	0	8	timer:2	1	skill	20562	0	0	ME	0.0	0.0	0.0	0
283874	TR_Drakan_As_Broad_First_Party	cycle	0	8	timer:2	2	say	1500836	0	0		0.0	0.0	0.0	0
283874	TR_Drakan_As_Broad_First_Party	cycle	0	8	timer:2	3	broadcast	22001	20	0		0.0	0.0	0.0	0
283874	TR_Drakan_As_Broad_First_Party	cycle	1	7	timer:1	0	arm	2	12000	0		0.0	0.0	0.0	0
283874	TR_Drakan_As_Broad_First_Party	cycle	1	7	timer:1	1	skill	20525	0	0	ME	0.0	0.0	0.0	0
283874	TR_Drakan_As_Broad_First_Party	cycle	2	6	timer:0	0	arm	1	7000	0		0.0	0.0	0.0	0
283874	TR_Drakan_As_Broad_First_Party	cycle	2	6	timer:0	1	skill	16516	0	0	MOST_HATED	0.0	0.0	0.0	0
283875	TR_Drakan_As_Broad_Second_Party	arm	0	5		0	arm	0	7000	0		0.0	0.0	0.0	0
283875	TR_Drakan_As_Broad_Second_Party	arm	0	5		1	skill	20562	0	0	ME	0.0	0.0	0.0	0
283875	TR_Drakan_As_Broad_Second_Party	arm	0	5		2	say	1500837	0	0		0.0	0.0	0.0	0
283875	TR_Drakan_As_Broad_Second_Party	arm	0	5		3	broadcast	22002	20	0		0.0	0.0	0.0	0
283875	TR_Drakan_As_Broad_Second_Party	cycle	0	8	timer:2	0	arm	0	7000	0		0.0	0.0	0.0	0
283875	TR_Drakan_As_Broad_Second_Party	cycle	0	8	timer:2	1	skill	20562	0	0	ME	0.0	0.0	0.0	0
283875	TR_Drakan_As_Broad_Second_Party	cycle	0	8	timer:2	2	say	1500837	0	0		0.0	0.0	0.0	0
283875	TR_Drakan_As_Broad_Second_Party	cycle	0	8	timer:2	3	broadcast	22002	20	0		0.0	0.0	0.0	0
283875	TR_Drakan_As_Broad_Second_Party	cycle	1	7	timer:1	0	arm	2	12000	0		0.0	0.0	0.0	0
283875	TR_Drakan_As_Broad_Second_Party	cycle	1	7	timer:1	1	skill	20525	0	0	ME	0.0	0.0	0.0	0
283875	TR_Drakan_As_Broad_Second_Party	cycle	2	6	timer:0	0	arm	1	7000	0		0.0	0.0	0.0	0
283875	TR_Drakan_As_Broad_Second_Party	cycle	2	6	timer:0	1	skill	16516	0	0	MOST_HATED	0.0	0.0	0.0	0
283876	TR_Drakan_As_Broad_Third_Party	arm	0	5		0	arm	0	7000	0		0.0	0.0	0.0	0
283876	TR_Drakan_As_Broad_Third_Party	arm	0	5		1	skill	20562	0	0	ME	0.0	0.0	0.0	0
283876	TR_Drakan_As_Broad_Third_Party	arm	0	5		2	say	1500836	0	0		0.0	0.0	0.0	0
283876	TR_Drakan_As_Broad_Third_Party	arm	0	5		3	broadcast	22001	20	0		0.0	0.0	0.0	0
283876	TR_Drakan_As_Broad_Third_Party	cycle	0	8	timer:2	0	arm	0	7000	0		0.0	0.0	0.0	0
283876	TR_Drakan_As_Broad_Third_Party	cycle	0	8	timer:2	1	skill	20562	0	0	ME	0.0	0.0	0.0	0
283876	TR_Drakan_As_Broad_Third_Party	cycle	0	8	timer:2	2	say	1500836	0	0		0.0	0.0	0.0	0
283876	TR_Drakan_As_Broad_Third_Party	cycle	0	8	timer:2	3	broadcast	22001	20	0		0.0	0.0	0.0	0
283876	TR_Drakan_As_Broad_Third_Party	cycle	1	7	timer:1	0	arm	2	12000	0		0.0	0.0	0.0	0
283876	TR_Drakan_As_Broad_Third_Party	cycle	1	7	timer:1	1	skill	20525	0	0	ME	0.0	0.0	0.0	0
283876	TR_Drakan_As_Broad_Third_Party	cycle	2	6	timer:0	0	arm	1	7000	0		0.0	0.0	0.0	0
283876	TR_Drakan_As_Broad_Third_Party	cycle	2	6	timer:0	1	skill	16516	0	0	MOST_HATED	0.0	0.0	0.0	0
283877	TR_Drakan_As_Broad_Fourth_Party	arm	0	5		0	arm	0	7000	0		0.0	0.0	0.0	0
283877	TR_Drakan_As_Broad_Fourth_Party	arm	0	5		1	skill	20562	0	0	ME	0.0	0.0	0.0	0
283877	TR_Drakan_As_Broad_Fourth_Party	arm	0	5		2	say	1500837	0	0		0.0	0.0	0.0	0
283877	TR_Drakan_As_Broad_Fourth_Party	arm	0	5		3	broadcast	22002	20	0		0.0	0.0	0.0	0
283877	TR_Drakan_As_Broad_Fourth_Party	cycle	0	8	timer:2	0	arm	0	7000	0		0.0	0.0	0.0	0
283877	TR_Drakan_As_Broad_Fourth_Party	cycle	0	8	timer:2	1	skill	20562	0	0	ME	0.0	0.0	0.0	0
283877	TR_Drakan_As_Broad_Fourth_Party	cycle	0	8	timer:2	2	say	1500837	0	0		0.0	0.0	0.0	0
283877	TR_Drakan_As_Broad_Fourth_Party	cycle	0	8	timer:2	3	broadcast	22002	20	0		0.0	0.0	0.0	0
283877	TR_Drakan_As_Broad_Fourth_Party	cycle	1	7	timer:1	0	arm	2	12000	0		0.0	0.0	0.0	0
283877	TR_Drakan_As_Broad_Fourth_Party	cycle	1	7	timer:1	1	skill	20525	0	0	ME	0.0	0.0	0.0	0
283877	TR_Drakan_As_Broad_Fourth_Party	cycle	2	6	timer:0	0	arm	1	7000	0		0.0	0.0	0.0	0
283877	TR_Drakan_As_Broad_Fourth_Party	cycle	2	6	timer:0	1	skill	16516	0	0	MOST_HATED	0.0	0.0	0.0	0
283878	TR_Drakan_Fi_DD_Party	arm	0	5		0	arm	0	4000	0		0.0	0.0	0.0	0
283878	TR_Drakan_Fi_DD_Party	cycle	0	8	timer:2	0	arm	0	10000	0		0.0	0.0	0.0	0
283878	TR_Drakan_Fi_DD_Party	cycle	0	8	timer:2	1	skill	16519	0	0	MOST_HATED	0.0	0.0	0.0	0
283878	TR_Drakan_Fi_DD_Party	cycle	1	7	timer:1	0	arm	2	10000	0		0.0	0.0	0.0	0
283878	TR_Drakan_Fi_DD_Party	cycle	1	7	timer:1	1	skill	16519	0	0	MOST_HATED	0.0	0.0	0.0	0
283878	TR_Drakan_Fi_DD_Party	cycle	2	6	timer:0	0	arm	1	10000	0		0.0	0.0	0.0	0
283878	TR_Drakan_Fi_DD_Party	cycle	2	6	timer:0	1	skill	16984	0	0	ME	0.0	0.0	0.0	0
283879	TR_Drakan_Wi_Dot_Party	arm	0	5		0	arm	0	5000	0		0.0	0.0	0.0	0
283879	TR_Drakan_Wi_Dot_Party	cycle	0	8	timer:2	0	arm	0	8000	0		0.0	0.0	0.0	0
283879	TR_Drakan_Wi_Dot_Party	cycle	0	8	timer:2	1	skill	17548	0	0	MOST_HATED	0.0	0.0	0.0	0
283879	TR_Drakan_Wi_Dot_Party	cycle	1	7	timer:1	0	arm	2	10000	0		0.0	0.0	0.0	0
283879	TR_Drakan_Wi_Dot_Party	cycle	1	7	timer:1	1	skill	20671	0	0	ME	0.0	0.0	0.0	0
283879	TR_Drakan_Wi_Dot_Party	cycle	2	6	timer:0	0	arm	1	10000	0		0.0	0.0	0.0	0
283879	TR_Drakan_Wi_Dot_Party	cycle	2	6	timer:0	1	skill	16641	0	0	MOST_HATED	0.0	0.0	0.0	0
283892	Fanatic40_Ra	arm	0	7		0	arm	0	10000	0		0.0	0.0	0.0	0
283892	Fanatic40_Ra	arm	0	7		1	skill	16545	0	0	MOST_HATED	0.0	0.0	0.0	0
283892	Fanatic40_Ra	cycle	0	10	timer:0	0	arm	0	20000	0		0.0	0.0	0.0	0
283892	Fanatic40_Ra	cycle	0	10	timer:0	1	skill	16543	0	0	MOST_HATED	0.0	0.0	0.0	0
283893	Fanatic40_Wi	arm	0	7		0	arm	0	10000	0		0.0	0.0	0.0	0
283893	Fanatic40_Wi	arm	0	7		1	skill	16918	0	0	ME	0.0	0.0	0.0	0
283893	Fanatic40_Wi	cycle	0	10	timer:0	0	arm	0	20000	0		0.0	0.0	0.0	0
283893	Fanatic40_Wi	cycle	0	10	timer:0	1	skill	16570	0	0	MOST_HATED	0.0	0.0	0.0	0
283894	Fanatic40_El	arm	0	7		0	arm	0	10000	0		0.0	0.0	0.0	0
283894	Fanatic40_El	arm	0	7		1	skill	16702	0	0	MOST_HATED	0.0	0.0	0.0	0
283894	Fanatic40_El	cycle	0	9	timer:0	0	arm	0	15000	0		0.0	0.0	0.0	0
283894	Fanatic40_El	cycle	0	9	timer:0	1	skill	16570	0	0	MOST_HATED	0.0	0.0	0.0	0
283916	ShulackRose_Fi_Tanker	arm	0	7		0	arm	0	7000	0		0.0	0.0	0.0	0
283916	ShulackRose_Fi_Tanker	cycle	0	100	timer:0	0	arm	1	15000	0		0.0	0.0	0.0	0
283916	ShulackRose_Fi_Tanker	cycle	0	100	timer:0	1	skill	16518	0	0	ME	0.0	0.0	0.0	0
283916	ShulackRose_Fi_Tanker	cycle	1	99	timer:1	0	arm	0	7000	0		0.0	0.0	0.0	0
283916	ShulackRose_Fi_Tanker	cycle	1	99	timer:1	1	skill	21300	0	0	MOST_HATED	0.0	0.0	0.0	0
283920	Fanatic40_Wi2	arm	0	7		0	arm	0	10000	0		0.0	0.0	0.0	0
283920	Fanatic40_Wi2	arm	0	7		1	skill	16699	0	0	ME	0.0	0.0	0.0	0
283920	Fanatic40_Wi2	cycle	0	10	timer:0	0	arm	0	20000	0		0.0	0.0	0.0	0
283920	Fanatic40_Wi2	cycle	0	10	timer:0	1	skill	16570	0	0	MOST_HATED	0.0	0.0	0.0	0
284011	ShulackRose_Fi_Tanker	arm	0	7		0	arm	0	7000	0		0.0	0.0	0.0	0
284011	ShulackRose_Fi_Tanker	cycle	0	100	timer:0	0	arm	1	15000	0		0.0	0.0	0.0	0
284011	ShulackRose_Fi_Tanker	cycle	0	100	timer:0	1	skill	16518	0	0	ME	0.0	0.0	0.0	0
284011	ShulackRose_Fi_Tanker	cycle	1	99	timer:1	0	arm	0	7000	0		0.0	0.0	0.0	0
284011	ShulackRose_Fi_Tanker	cycle	1	99	timer:1	1	skill	21301	0	0	MOST_HATED	0.0	0.0	0.0	0
284012	ShulackRose_Rid_StunTank	arm	0	7		0	arm	0	5000	0		0.0	0.0	0.0	0
284012	ShulackRose_Rid_StunTank	cycle	0	100	timer:0	0	arm	1	15000	0		0.0	0.0	0.0	0
284012	ShulackRose_Rid_StunTank	cycle	0	100	timer:0	1	skill	20648	0	0	MOST_HATED	0.0	0.0	0.0	0
284012	ShulackRose_Rid_StunTank	cycle	0	100	timer:0	2	skill	16529	0	0	MOST_HATED	0.0	0.0	0.0	0
284012	ShulackRose_Rid_StunTank	cycle	1	99	timer:1	0	arm	2	7000	0		0.0	0.0	0.0	0
284012	ShulackRose_Rid_StunTank	cycle	1	99	timer:1	1	skill	21300	0	0	MOST_HATED	0.0	0.0	0.0	0
284012	ShulackRose_Rid_StunTank	cycle	2	98	timer:2	0	arm	0	13000	0		0.0	0.0	0.0	0
284012	ShulackRose_Rid_StunTank	cycle	2	98	timer:2	1	skill	21300	0	0	MOST_HATED	0.0	0.0	0.0	0
284049	IDF5_TD_Nor_As	arm	0	2		0	arm	0	9000	0		0.0	0.0	0.0	0
284049	IDF5_TD_Nor_As	arm	0	2		1	skill	20701	0	0	MOST_HATED	0.0	0.0	0.0	0
284049	IDF5_TD_Nor_As	cycle	0	6	timer:3	0	arm	0	9000	0		0.0	0.0	0.0	0
284049	IDF5_TD_Nor_As	cycle	0	6	timer:3	1	skill	20701	0	0	MOST_HATED	0.0	0.0	0.0	0
284049	IDF5_TD_Nor_As	cycle	1	5	timer:2	0	arm	3	12000	0		0.0	0.0	0.0	0
284049	IDF5_TD_Nor_As	cycle	1	5	timer:2	1	skill	17005	0	0	MOST_HATED	0.0	0.0	0.0	0
284049	IDF5_TD_Nor_As	cycle	1	5	timer:2	2	skill	16732	0	0	MOST_HATED	0.0	0.0	0.0	0
284049	IDF5_TD_Nor_As	cycle	2	4	timer:1	0	arm	2	9000	0		0.0	0.0	0.0	0
284049	IDF5_TD_Nor_As	cycle	2	4	timer:1	1	skill	20701	0	0	MOST_HATED	0.0	0.0	0.0	0
284049	IDF5_TD_Nor_As	cycle	3	3	timer:0	0	arm	1	9000	0		0.0	0.0	0.0	0
284049	IDF5_TD_Nor_As	cycle	3	3	timer:0	1	skill	17931	0	0	MOST_HATED	0.0	0.0	0.0	0
284051	IDF5_TD_Nor_As_Broad	arm	0	7		0	arm	0	7000	0		0.0	0.0	0.0	0
284051	IDF5_TD_Nor_As_Broad	cycle	0	100	timer:0	0	arm	1	10000	0		0.0	0.0	0.0	0
284051	IDF5_TD_Nor_As_Broad	cycle	0	100	timer:0	1	skill	16540	0	0	MOST_HATED	0.0	0.0	0.0	0
284051	IDF5_TD_Nor_As_Broad	cycle	0	100	timer:0	2	broadcast	23001	15	0		0.0	0.0	0.0	0
284051	IDF5_TD_Nor_As_Broad	cycle	1	99	timer:1	0	arm	2	10000	0		0.0	0.0	0.0	0
284051	IDF5_TD_Nor_As_Broad	cycle	1	99	timer:1	1	skill	17938	0	0	MOST_HATED	0.0	0.0	0.0	0
284051	IDF5_TD_Nor_As_Broad	cycle	2	98	timer:2	0	arm	1	15000	0		0.0	0.0	0.0	0
284051	IDF5_TD_Nor_As_Broad	cycle	2	98	timer:2	1	skill	16540	0	0	MOST_HATED	0.0	0.0	0.0	0
284058	IDF5_TD_Nor_Pr	arm	0	2		0	arm	0	10000	0		0.0	0.0	0.0	0
284058	IDF5_TD_Nor_Pr	arm	0	2		1	skill	16638	0	0	MOST_HATED	0.0	0.0	0.0	0
284058	IDF5_TD_Nor_Pr	cycle	0	6	timer:3	0	arm	0	10000	0		0.0	0.0	0.0	0
284058	IDF5_TD_Nor_Pr	cycle	0	6	timer:3	1	skill	16638	0	0	MOST_HATED	0.0	0.0	0.0	0
284058	IDF5_TD_Nor_Pr	cycle	1	5	timer:2	0	arm	3	10000	0		0.0	0.0	0.0	0
284058	IDF5_TD_Nor_Pr	cycle	1	5	timer:2	1	skill	16410	0	0	MOST_HATED	0.0	0.0	0.0	0
284058	IDF5_TD_Nor_Pr	cycle	2	4	timer:1	0	arm	2	10000	0		0.0	0.0	0.0	0
284058	IDF5_TD_Nor_Pr	cycle	2	4	timer:1	1	skill	16638	0	0	MOST_HATED	0.0	0.0	0.0	0
284058	IDF5_TD_Nor_Pr	cycle	3	3	timer:0	0	arm	1	10000	0		0.0	0.0	0.0	0
284058	IDF5_TD_Nor_Pr	cycle	3	3	timer:0	1	skill	17355	0	0	MOST_HATED	0.0	0.0	0.0	0
284059	IDF5_TD_Nor_Ba	arm	0	2		0	arm	0	9000	0		0.0	0.0	0.0	0
284059	IDF5_TD_Nor_Ba	arm	0	2		1	skill	20715	0	0	MOST_HATED	0.0	0.0	0.0	0
284059	IDF5_TD_Nor_Ba	cycle	0	6	timer:3	0	arm	0	12000	0		0.0	0.0	0.0	0
284059	IDF5_TD_Nor_Ba	cycle	0	6	timer:3	1	skill	20714	0	0	MOST_HATED	0.0	0.0	0.0	0
284059	IDF5_TD_Nor_Ba	cycle	1	5	timer:2	0	arm	3	9000	0		0.0	0.0	0.0	0
284059	IDF5_TD_Nor_Ba	cycle	1	5	timer:2	1	skill	20960	0	0	MOST_HATED	0.0	0.0	0.0	0
284059	IDF5_TD_Nor_Ba	cycle	2	4	timer:1	0	arm	2	9000	0		0.0	0.0	0.0	0
284059	IDF5_TD_Nor_Ba	cycle	2	4	timer:1	1	skill	20959	0	0	MOST_HATED	0.0	0.0	0.0	0
284059	IDF5_TD_Nor_Ba	cycle	3	3	timer:0	0	arm	1	9000	0		0.0	0.0	0.0	0
284059	IDF5_TD_Nor_Ba	cycle	3	3	timer:0	1	skill	20960	0	0	MOST_HATED	0.0	0.0	0.0	0
284074	IDF5_TD_TankMob	arm	0	1		0	arm	0	13000	0		0.0	0.0	0.0	0
284074	IDF5_TD_TankMob	arm	0	1		1	skill	20378	0	0	MOST_HATED	0.0	0.0	0.0	0
284074	IDF5_TD_TankMob	cycle	0	4	timer:2	0	arm	0	13000	0		0.0	0.0	0.0	0
284074	IDF5_TD_TankMob	cycle	0	4	timer:2	1	skill	20378	0	0	MOST_HATED	0.0	0.0	0.0	0
284074	IDF5_TD_TankMob	cycle	1	3	timer:1	0	arm	2	13000	0		0.0	0.0	0.0	0
284074	IDF5_TD_TankMob	cycle	1	3	timer:1	1	skill	20378	0	0	MOST_HATED	0.0	0.0	0.0	0
284074	IDF5_TD_TankMob	cycle	2	2	timer:0	0	arm	1	13000	0		0.0	0.0	0.0	0
284074	IDF5_TD_TankMob	cycle	2	2	timer:0	1	skill	20381	0	0	MOST_HATED	0.0	0.0	0.0	0
284115	TR_Drakan_Pr_Heal_solo	arm	0	5		0	arm	0	7000	0		0.0	0.0	0.0	0
284115	TR_Drakan_Pr_Heal_solo	cycle	0	7	timer:1	0	arm	0	13000	0		0.0	0.0	0.0	0
284115	TR_Drakan_Pr_Heal_solo	cycle	0	7	timer:1	1	skill	20514	0	0	ME	0.0	0.0	0.0	0
284115	TR_Drakan_Pr_Heal_solo	cycle	1	6	timer:0	0	arm	1	10000	0		0.0	0.0	0.0	0
284115	TR_Drakan_Pr_Heal_solo	cycle	1	6	timer:0	1	skill	20517	0	0	MOST_HATED	0.0	0.0	0.0	0
284116	TR_Drakan_Pr_Heal_solo_62	arm	0	5		0	arm	0	7000	0		0.0	0.0	0.0	0
284116	TR_Drakan_Pr_Heal_solo_62	cycle	0	7	timer:1	0	arm	0	13000	0		0.0	0.0	0.0	0
284116	TR_Drakan_Pr_Heal_solo_62	cycle	0	7	timer:1	1	skill	20514	0	0	ME	0.0	0.0	0.0	0
284116	TR_Drakan_Pr_Heal_solo_62	cycle	1	6	timer:0	0	arm	1	10000	0		0.0	0.0	0.0	0
284116	TR_Drakan_Pr_Heal_solo_62	cycle	1	6	timer:0	1	skill	20517	0	0	MOST_HATED	0.0	0.0	0.0	0
284117	TR_Drakan_Pr_Heal_solo_63	arm	0	5		0	arm	0	7000	0		0.0	0.0	0.0	0
284117	TR_Drakan_Pr_Heal_solo_63	cycle	0	7	timer:1	0	arm	0	13000	0		0.0	0.0	0.0	0
284117	TR_Drakan_Pr_Heal_solo_63	cycle	0	7	timer:1	1	skill	20514	0	0	ME	0.0	0.0	0.0	0
284117	TR_Drakan_Pr_Heal_solo_63	cycle	1	6	timer:0	0	arm	1	10000	0		0.0	0.0	0.0	0
284117	TR_Drakan_Pr_Heal_solo_63	cycle	1	6	timer:0	1	skill	20517	0	0	MOST_HATED	0.0	0.0	0.0	0
284118	TR_Drakan_Pr_Heal_solo_64	arm	0	5		0	arm	0	7000	0		0.0	0.0	0.0	0
284118	TR_Drakan_Pr_Heal_solo_64	cycle	0	7	timer:1	0	arm	0	13000	0		0.0	0.0	0.0	0
284118	TR_Drakan_Pr_Heal_solo_64	cycle	0	7	timer:1	1	skill	20514	0	0	ME	0.0	0.0	0.0	0
284118	TR_Drakan_Pr_Heal_solo_64	cycle	1	6	timer:0	0	arm	1	10000	0		0.0	0.0	0.0	0
284118	TR_Drakan_Pr_Heal_solo_64	cycle	1	6	timer:0	1	skill	20517	0	0	MOST_HATED	0.0	0.0	0.0	0
284155	AD2_BT10st0	arm	0	1		0	arm	0	10000	0		0.0	0.0	0.0	0
284155	AD2_BT10st0	cycle	0	2	timer:0	0	arm	0	10000	0		0.0	0.0	0.0	0
284155	AD2_BT10st0	cycle	0	2	timer:0	1	skill	17558	0	0	MOST_HATED	0.0	0.0	0.0	0
284156	AD2_BT10st0	arm	0	1		0	arm	0	10000	0		0.0	0.0	0.0	0
284156	AD2_BT10st0	cycle	0	2	timer:0	0	arm	0	10000	0		0.0	0.0	0.0	0
284156	AD2_BT10st0	cycle	0	2	timer:0	1	skill	17558	0	0	MOST_HATED	0.0	0.0	0.0	0
284157	AD2_BT10st0	arm	0	1		0	arm	0	10000	0		0.0	0.0	0.0	0
284157	AD2_BT10st0	cycle	0	2	timer:0	0	arm	0	10000	0		0.0	0.0	0.0	0
284157	AD2_BT10st0	cycle	0	2	timer:0	1	skill	17558	0	0	MOST_HATED	0.0	0.0	0.0	0
284158	AD2_BT10st0	arm	0	1		0	arm	0	10000	0		0.0	0.0	0.0	0
284158	AD2_BT10st0	cycle	0	2	timer:0	0	arm	0	10000	0		0.0	0.0	0.0	0
284158	AD2_BT10st0	cycle	0	2	timer:0	1	skill	17558	0	0	MOST_HATED	0.0	0.0	0.0	0
284159	AD2_BT10st0	arm	0	1		0	arm	0	10000	0		0.0	0.0	0.0	0
284159	AD2_BT10st0	cycle	0	2	timer:0	0	arm	0	10000	0		0.0	0.0	0.0	0
284159	AD2_BT10st0	cycle	0	2	timer:0	1	skill	17558	0	0	MOST_HATED	0.0	0.0	0.0	0
284160	AD2_BT10st0	arm	0	1		0	arm	0	10000	0		0.0	0.0	0.0	0
284160	AD2_BT10st0	cycle	0	2	timer:0	0	arm	0	10000	0		0.0	0.0	0.0	0
284160	AD2_BT10st0	cycle	0	2	timer:0	1	skill	17558	0	0	MOST_HATED	0.0	0.0	0.0	0
284161	AD2_BT10st0	arm	0	1		0	arm	0	10000	0		0.0	0.0	0.0	0
284161	AD2_BT10st0	cycle	0	2	timer:0	0	arm	0	10000	0		0.0	0.0	0.0	0
284161	AD2_BT10st0	cycle	0	2	timer:0	1	skill	17558	0	0	MOST_HATED	0.0	0.0	0.0	0
284162	AD2_BT10st0	arm	0	1		0	arm	0	10000	0		0.0	0.0	0.0	0
284162	AD2_BT10st0	cycle	0	2	timer:0	0	arm	0	10000	0		0.0	0.0	0.0	0
284162	AD2_BT10st0	cycle	0	2	timer:0	1	skill	17558	0	0	MOST_HATED	0.0	0.0	0.0	0
284236	Shulack_STA_Kn_N_65_An	arm	0	7		0	arm	0	3000	0		0.0	0.0	0.0	0
284236	Shulack_STA_Kn_N_65_An	cycle	0	100	timer:0	0	arm	1	15000	0		0.0	0.0	0.0	0
284236	Shulack_STA_Kn_N_65_An	cycle	0	100	timer:0	1	skill	18365	0	0	MOST_HATED	0.0	0.0	0.0	0
284236	Shulack_STA_Kn_N_65_An	cycle	1	99	timer:1	0	arm	0	10000	0		0.0	0.0	0.0	0
284236	Shulack_STA_Kn_N_65_An	cycle	1	99	timer:1	1	skill	16698	0	0	MOST_HATED	0.0	0.0	0.0	0
284237	Shulack_STB_Kn_N_65_An	arm	0	7		0	arm	0	3000	0		0.0	0.0	0.0	0
284237	Shulack_STB_Kn_N_65_An	cycle	0	100	timer:0	0	arm	1	15000	0		0.0	0.0	0.0	0
284237	Shulack_STB_Kn_N_65_An	cycle	0	100	timer:0	1	skill	18365	0	0	MOST_HATED	0.0	0.0	0.0	0
284237	Shulack_STB_Kn_N_65_An	cycle	1	99	timer:1	0	arm	0	10000	0		0.0	0.0	0.0	0
284237	Shulack_STB_Kn_N_65_An	cycle	1	99	timer:1	1	skill	16698	0	0	MOST_HATED	0.0	0.0	0.0	0
284238	Shulack_DotA_As_N_65_Ae	arm	0	7		0	arm	0	3000	0		0.0	0.0	0.0	0
284238	Shulack_DotA_As_N_65_Ae	cycle	0	100	timer:0	0	arm	1	15000	0		0.0	0.0	0.0	0
284238	Shulack_DotA_As_N_65_Ae	cycle	0	100	timer:0	1	skill	16780	0	0	MOST_HATED	0.0	0.0	0.0	0
284238	Shulack_DotA_As_N_65_Ae	cycle	1	99	timer:1	0	arm	0	10000	0		0.0	0.0	0.0	0
284238	Shulack_DotA_As_N_65_Ae	cycle	1	99	timer:1	1	skill	16987	0	0	MOST_HATED	0.0	0.0	0.0	0
284239	Shulack_DotB_As_N_65_Ae	arm	0	7		0	arm	0	3000	0		0.0	0.0	0.0	0
284239	Shulack_DotB_As_N_65_Ae	cycle	0	100	timer:0	0	arm	1	15000	0		0.0	0.0	0.0	0
284239	Shulack_DotB_As_N_65_Ae	cycle	0	100	timer:0	1	skill	16780	0	0	MOST_HATED	0.0	0.0	0.0	0
284239	Shulack_DotB_As_N_65_Ae	cycle	1	99	timer:1	0	arm	0	10000	0		0.0	0.0	0.0	0
284239	Shulack_DotB_As_N_65_Ae	cycle	1	99	timer:1	1	skill	16987	0	0	MOST_HATED	0.0	0.0	0.0	0
284242	Shulack_SuTank_N_65_Ae	arm	0	7		0	arm	0	7000	0		0.0	0.0	0.0	0
284242	Shulack_SuTank_N_65_Ae	cycle	0	100	timer:0	0	arm	1	15000	0		0.0	0.0	0.0	0
284242	Shulack_SuTank_N_65_Ae	cycle	0	100	timer:0	1	skill	16536	0	0	ME	0.0	0.0	0.0	0
284242	Shulack_SuTank_N_65_Ae	cycle	0	100	timer:0	2	skill	16532	0	0	MOST_HATED	0.0	0.0	0.0	0
284242	Shulack_SuTank_N_65_Ae	cycle	1	99	timer:1	0	arm	2	12000	0		0.0	0.0	0.0	0
284242	Shulack_SuTank_N_65_Ae	cycle	1	99	timer:1	1	skill	21301	0	0	MOST_HATED	0.0	0.0	0.0	0
284242	Shulack_SuTank_N_65_Ae	cycle	2	98	timer:2	0	arm	3	10000	0		0.0	0.0	0.0	0
284242	Shulack_SuTank_N_65_Ae	cycle	2	98	timer:2	1	skill	21300	0	0	MOST_HATED	0.0	0.0	0.0	0
284242	Shulack_SuTank_N_65_Ae	cycle	3	97	timer:3	0	arm	1	10000	0		0.0	0.0	0.0	0
284242	Shulack_SuTank_N_65_Ae	cycle	3	97	timer:3	1	skill	21300	0	0	MOST_HATED	0.0	0.0	0.0	0
284243	Vri_FanaChief_Wi_65_N_An	arm	0	7		0	arm	0	13000	0		0.0	0.0	0.0	0
284243	Vri_FanaChief_Wi_65_N_An	arm	0	7		1	skill	21162	0	0	MOST_HATED	0.0	0.0	0.0	0
284243	Vri_FanaChief_Wi_65_N_An	arm	0	7		2	skill	16987	0	0	MOST_HATED	0.0	0.0	0.0	0
284243	Vri_FanaChief_Wi_65_N_An	cycle	0	100	timer:0	0	arm	1	8000	0		0.0	0.0	0.0	0
284243	Vri_FanaChief_Wi_65_N_An	cycle	0	100	timer:0	1	skill	16570	0	0	MOST_HATED	0.0	0.0	0.0	0
284243	Vri_FanaChief_Wi_65_N_An	cycle	1	99	timer:1	0	arm	0	12000	0		0.0	0.0	0.0	0
284243	Vri_FanaChief_Wi_65_N_An	cycle	1	99	timer:1	1	skill	16570	0	0	MOST_HATED	0.0	0.0	0.0	0
284268	NeutQueen_N_65_Ah	arm	0	7		0	arm	0	15000	0		0.0	0.0	0.0	0
284268	NeutQueen_N_65_Ah	cycle	0	150	timer:11	0	broadcast	402001	50	0		0.0	0.0	0.0	0
284268	NeutQueen_N_65_Ah	cycle	1	150	timer:12	0	broadcast	402002	50	0		0.0	0.0	0.0	0
284268	NeutQueen_N_65_Ah	cycle	2	150	timer:10	0	broadcast	402000	50	0		0.0	0.0	0.0	0
284268	NeutQueen_N_65_Ah	cycle	3	100	timer:0	0	arm	1	15000	0		0.0	0.0	0.0	0
284268	NeutQueen_N_65_Ah	cycle	3	100	timer:0	1	skill	16987	0	0	MOST_HATED	0.0	0.0	0.0	0
284268	NeutQueen_N_65_Ah	cycle	4	99	timer:1	0	arm	0	15000	0		0.0	0.0	0.0	0
284268	NeutQueen_N_65_Ah	cycle	4	99	timer:1	1	skill	16594	0	0	ME	0.0	0.0	0.0	0
284288	Guardian_Mir_Ch_N_65_Ae	arm	0	7		0	arm	0	5000	0		0.0	0.0	0.0	0
284288	Guardian_Mir_Ch_N_65_Ae	arm	0	7		1	skill	21146	0	0	ME	0.0	0.0	0.0	0
284288	Guardian_Mir_Ch_N_65_Ae	cycle	0	100	timer:0	0	arm	1	7000	0		0.0	0.0	0.0	0
284288	Guardian_Mir_Ch_N_65_Ae	cycle	0	100	timer:0	1	skill	16516	0	0	MOST_HATED	0.0	0.0	0.0	0
284288	Guardian_Mir_Ch_N_65_Ae	cycle	1	99	timer:1	0	arm	2	7000	0		0.0	0.0	0.0	0
284288	Guardian_Mir_Ch_N_65_Ae	cycle	1	99	timer:1	1	skill	16519	0	0	MOST_HATED	0.0	0.0	0.0	0
284288	Guardian_Mir_Ch_N_65_Ae	cycle	2	98	timer:2	0	arm	3	13000	0		0.0	0.0	0.0	0
284288	Guardian_Mir_Ch_N_65_Ae	cycle	2	98	timer:2	1	skill	16983	0	0	MOST_HATED	0.0	0.0	0.0	0
284288	Guardian_Mir_Ch_N_65_Ae	cycle	2	98	timer:2	2	skill	16825	0	0	MOST_HATED	0.0	0.0	0.0	0
284288	Guardian_Mir_Ch_N_65_Ae	cycle	3	97	timer:3	0	arm	0	7000	0		0.0	0.0	0.0	0
284288	Guardian_Mir_Ch_N_65_Ae	cycle	3	97	timer:3	1	skill	16516	0	0	MOST_HATED	0.0	0.0	0.0	0
284324	IDF5_TD_TankMob	arm	0	1		0	arm	0	13000	0		0.0	0.0	0.0	0
284324	IDF5_TD_TankMob	arm	0	1		1	skill	21118	0	0	MOST_HATED	0.0	0.0	0.0	0
284324	IDF5_TD_TankMob	cycle	0	4	timer:2	0	arm	0	13000	0		0.0	0.0	0.0	0
284324	IDF5_TD_TankMob	cycle	0	4	timer:2	1	skill	21118	0	0	MOST_HATED	0.0	0.0	0.0	0
284324	IDF5_TD_TankMob	cycle	1	3	timer:1	0	arm	2	13000	0		0.0	0.0	0.0	0
284324	IDF5_TD_TankMob	cycle	1	3	timer:1	1	skill	21118	0	0	MOST_HATED	0.0	0.0	0.0	0
284324	IDF5_TD_TankMob	cycle	2	2	timer:0	0	arm	1	13000	0		0.0	0.0	0.0	0
284324	IDF5_TD_TankMob	cycle	2	2	timer:0	1	skill	21119	0	0	MOST_HATED	0.0	0.0	0.0	0
284363	IDF5_U1_VriFlag_65_e	arm	0	7		0	arm	0	5000	0		0.0	0.0	0.0	0
284363	IDF5_U1_VriFlag_65_e	arm	0	7		1	broadcast	21203	50	0		0.0	0.0	0.0	0
284363	IDF5_U1_VriFlag_65_e	cycle	0	10	timer:0	0	arm	0	5000	0		0.0	0.0	0.0	0
284363	IDF5_U1_VriFlag_65_e	cycle	0	10	timer:0	1	broadcast	21203	50	0		0.0	0.0	0.0	0
284367	IDF5_U1_Vri_Def_Wi_SN_65_Ae	arm	0	7		0	arm	0	5000	0		0.0	0.0	0.0	0
284367	IDF5_U1_Vri_Def_Wi_SN_65_Ae	cycle	0	23	timer:3	0	arm	0	12000	0		0.0	0.0	0.0	0
284367	IDF5_U1_Vri_Def_Wi_SN_65_Ae	cycle	0	23	timer:3	1	skill	21287	0	0	MOST_HATED	0.0	0.0	0.0	0
284367	IDF5_U1_Vri_Def_Wi_SN_65_Ae	cycle	1	22	timer:2	0	arm	3	10000	0		0.0	0.0	0.0	0
284367	IDF5_U1_Vri_Def_Wi_SN_65_Ae	cycle	1	22	timer:2	1	skill	17335	0	0	MOST_HATED	0.0	0.0	0.0	0
284367	IDF5_U1_Vri_Def_Wi_SN_65_Ae	cycle	2	21	timer:1	0	arm	2	20000	0		0.0	0.0	0.0	0
284367	IDF5_U1_Vri_Def_Wi_SN_65_Ae	cycle	2	21	timer:1	1	skill	21287	0	0	MOST_HATED	0.0	0.0	0.0	0
284367	IDF5_U1_Vri_Def_Wi_SN_65_Ae	cycle	2	21	timer:1	2	skill	21298	0	0	MOST_HATED	0.0	0.0	0.0	0
284367	IDF5_U1_Vri_Def_Wi_SN_65_Ae	cycle	3	20	timer:0	0	arm	1	10000	0		0.0	0.0	0.0	0
284367	IDF5_U1_Vri_Def_Wi_SN_65_Ae	cycle	3	20	timer:0	1	skill	17335	0	0	MOST_HATED	0.0	0.0	0.0	0
284440	IDVritra_Base_Boss4_Sum	arm	0	2		0	arm	0	10000	0		0.0	0.0	0.0	0
284440	IDVritra_Base_Boss4_Sum	arm	0	2		1	skill	16602	0	0	MOST_HATED	0.0	0.0	0.0	0
284440	IDVritra_Base_Boss4_Sum	cycle	0	5	timer:2	0	arm	0	10000	0		0.0	0.0	0.0	0
284440	IDVritra_Base_Boss4_Sum	cycle	0	5	timer:2	1	skill	16602	0	0	MOST_HATED	0.0	0.0	0.0	0
284440	IDVritra_Base_Boss4_Sum	cycle	1	4	timer:1	0	arm	2	15000	0		0.0	0.0	0.0	0
284440	IDVritra_Base_Boss4_Sum	cycle	1	4	timer:1	1	skill	16608	0	0	ME	0.0	0.0	0.0	0
284440	IDVritra_Base_Boss4_Sum	cycle	2	3	timer:0	0	arm	1	10000	0		0.0	0.0	0.0	0
284440	IDVritra_Base_Boss4_Sum	cycle	2	3	timer:0	1	skill	16602	0	0	MOST_HATED	0.0	0.0	0.0	0
284516	IDF5_U1_Vri_Def_Ba_65_Ae	arm	0	7		0	arm	0	10000	0		0.0	0.0	0.0	0
284516	IDF5_U1_Vri_Def_Ba_65_Ae	arm	0	7		1	skill	20960	0	0	MOST_HATED	0.0	0.0	0.0	0
284516	IDF5_U1_Vri_Def_Ba_65_Ae	cycle	0	24	timer:4	0	arm	0	10000	0		0.0	0.0	0.0	0
284516	IDF5_U1_Vri_Def_Ba_65_Ae	cycle	0	24	timer:4	1	skill	20960	0	0	MOST_HATED	0.0	0.0	0.0	0
284516	IDF5_U1_Vri_Def_Ba_65_Ae	cycle	1	23	timer:3	0	arm	4	15000	0		0.0	0.0	0.0	0
284516	IDF5_U1_Vri_Def_Ba_65_Ae	cycle	1	23	timer:3	1	skill	20714	0	0	ME	0.0	0.0	0.0	0
284516	IDF5_U1_Vri_Def_Ba_65_Ae	cycle	2	22	timer:2	0	arm	3	15000	0		0.0	0.0	0.0	0
284516	IDF5_U1_Vri_Def_Ba_65_Ae	cycle	2	22	timer:2	1	skill	20959	0	0	MOST_HATED	0.0	0.0	0.0	0
284516	IDF5_U1_Vri_Def_Ba_65_Ae	cycle	3	21	timer:1	0	arm	2	10000	0		0.0	0.0	0.0	0
284516	IDF5_U1_Vri_Def_Ba_65_Ae	cycle	3	21	timer:1	1	skill	20960	0	0	MOST_HATED	0.0	0.0	0.0	0
284516	IDF5_U1_Vri_Def_Ba_65_Ae	cycle	4	20	timer:0	0	arm	1	5000	0		0.0	0.0	0.0	0
284516	IDF5_U1_Vri_Def_Ba_65_Ae	cycle	4	20	timer:0	1	skill	20715	0	0	ME	0.0	0.0	0.0	0
284573	Britra_As_Hide_Party	arm	0	7		0	arm	0	5000	0		0.0	0.0	0.0	0
284573	Britra_As_Hide_Party	cycle	0	100	timer:0	0	arm	2	13000	0		0.0	0.0	0.0	0
284573	Britra_As_Hide_Party	cycle	0	100	timer:0	1	skill	17332	0	0	MOST_HATED	0.0	0.0	0.0	0
284573	Britra_As_Hide_Party	cycle	1	98	timer:2	0	arm	3	17000	0		0.0	0.0	0.0	0
284573	Britra_As_Hide_Party	cycle	1	98	timer:2	1	skill	17333	0	0	MOST_HATED	0.0	0.0	0.0	0
284573	Britra_As_Hide_Party	cycle	2	97	timer:3	0	arm	4	19000	0		0.0	0.0	0.0	0
284573	Britra_As_Hide_Party	cycle	2	97	timer:3	1	skill	17332	0	0	MOST_HATED	0.0	0.0	0.0	0
284573	Britra_As_Hide_Party	cycle	3	96	timer:4	0	arm	5	9000	0		0.0	0.0	0.0	0
284573	Britra_As_Hide_Party	cycle	3	96	timer:4	1	skill	17332	0	0	MOST_HATED	0.0	0.0	0.0	0
284573	Britra_As_Hide_Party	cycle	4	95	timer:5	0	arm	6	19000	0		0.0	0.0	0.0	0
284573	Britra_As_Hide_Party	cycle	4	95	timer:5	1	skill	17332	0	0	MOST_HATED	0.0	0.0	0.0	0
284573	Britra_As_Hide_Party	cycle	5	94	timer:6	0	arm	7	9000	0		0.0	0.0	0.0	0
284573	Britra_As_Hide_Party	cycle	5	94	timer:6	1	skill	17333	0	0	MOST_HATED	0.0	0.0	0.0	0
284573	Britra_As_Hide_Party	cycle	6	93	timer:7	0	arm	2	9000	0		0.0	0.0	0.0	0
284573	Britra_As_Hide_Party	cycle	6	93	timer:7	1	skill	17332	0	0	MOST_HATED	0.0	0.0	0.0	0
284574	Britra_As_Hide	arm	0	7		0	arm	0	7000	0		0.0	0.0	0.0	0
284574	Britra_As_Hide	cycle	0	100	timer:0	0	arm	1	10000	0		0.0	0.0	0.0	0
284574	Britra_As_Hide	cycle	0	100	timer:0	1	skill	17332	0	0	MOST_HATED	0.0	0.0	0.0	0
284574	Britra_As_Hide	cycle	0	100	timer:0	2	broadcast	23001	15	0		0.0	0.0	0.0	0
284574	Britra_As_Hide	cycle	1	99	timer:1	0	arm	2	10000	0		0.0	0.0	0.0	0
284574	Britra_As_Hide	cycle	1	99	timer:1	1	skill	17332	0	0	MOST_HATED	0.0	0.0	0.0	0
284574	Britra_As_Hide	cycle	2	98	timer:2	0	arm	1	15000	0		0.0	0.0	0.0	0
284574	Britra_As_Hide	cycle	2	98	timer:2	1	skill	17332	0	0	MOST_HATED	0.0	0.0	0.0	0
284585	IDF5_U2_ShulackM_As_solo_65_An	arm	0	7		0	arm	0	5000	0		0.0	0.0	0.0	0
284585	IDF5_U2_ShulackM_As_solo_65_An	cycle	0	24	timer:4	0	arm	0	8000	0		0.0	0.0	0.0	0
284585	IDF5_U2_ShulackM_As_solo_65_An	cycle	0	24	timer:4	1	skill	16540	0	0	MOST_HATED	0.0	0.0	0.0	0
284585	IDF5_U2_ShulackM_As_solo_65_An	cycle	1	23	timer:3	0	arm	4	10000	0		0.0	0.0	0.0	0
284585	IDF5_U2_ShulackM_As_solo_65_An	cycle	1	23	timer:3	1	skill	16678	0	0	MOST_HATED	0.0	0.0	0.0	0
284585	IDF5_U2_ShulackM_As_solo_65_An	cycle	2	22	timer:2	0	arm	3	8000	0		0.0	0.0	0.0	0
284585	IDF5_U2_ShulackM_As_solo_65_An	cycle	2	22	timer:2	1	skill	16540	0	0	MOST_HATED	0.0	0.0	0.0	0
284585	IDF5_U2_ShulackM_As_solo_65_An	cycle	3	21	timer:1	0	arm	2	8000	0		0.0	0.0	0.0	0
284585	IDF5_U2_ShulackM_As_solo_65_An	cycle	3	21	timer:1	1	skill	16540	0	0	MOST_HATED	0.0	0.0	0.0	0
284585	IDF5_U2_ShulackM_As_solo_65_An	cycle	4	20	timer:0	0	arm	1	12000	0		0.0	0.0	0.0	0
284585	IDF5_U2_ShulackM_As_solo_65_An	cycle	4	20	timer:0	1	skill	16782	0	0	MOST_HATED	0.0	0.0	0.0	0
284586	IDF5_U2_ShulackF_As_solo_warden_65_An	arm	0	7		0	arm	0	5000	0		0.0	0.0	0.0	0
284586	IDF5_U2_ShulackF_As_solo_warden_65_An	arm	0	7		1	broadcast	21253	10	0		0.0	0.0	0.0	0
284586	IDF5_U2_ShulackF_As_solo_warden_65_An	cycle	0	24	timer:4	0	arm	0	8000	0		0.0	0.0	0.0	0
284586	IDF5_U2_ShulackF_As_solo_warden_65_An	cycle	0	24	timer:4	1	skill	16540	0	0	MOST_HATED	0.0	0.0	0.0	0
284586	IDF5_U2_ShulackF_As_solo_warden_65_An	cycle	1	23	timer:3	0	arm	4	10000	0		0.0	0.0	0.0	0
284586	IDF5_U2_ShulackF_As_solo_warden_65_An	cycle	1	23	timer:3	1	skill	16678	0	0	MOST_HATED	0.0	0.0	0.0	0
284586	IDF5_U2_ShulackF_As_solo_warden_65_An	cycle	2	22	timer:2	0	arm	3	8000	0		0.0	0.0	0.0	0
284586	IDF5_U2_ShulackF_As_solo_warden_65_An	cycle	2	22	timer:2	1	skill	16540	0	0	MOST_HATED	0.0	0.0	0.0	0
284586	IDF5_U2_ShulackF_As_solo_warden_65_An	cycle	3	21	timer:1	0	arm	2	8000	0		0.0	0.0	0.0	0
284586	IDF5_U2_ShulackF_As_solo_warden_65_An	cycle	3	21	timer:1	1	skill	16540	0	0	MOST_HATED	0.0	0.0	0.0	0
284586	IDF5_U2_ShulackF_As_solo_warden_65_An	cycle	4	20	timer:0	0	arm	1	12000	0		0.0	0.0	0.0	0
284586	IDF5_U2_ShulackF_As_solo_warden_65_An	cycle	4	20	timer:0	1	skill	16782	0	0	MOST_HATED	0.0	0.0	0.0	0
284587	IDF5_U2_VriRP_Fi_solo_65_An2	arm	0	7		0	arm	0	7000	0		0.0	0.0	0.0	0
284587	IDF5_U2_VriRP_Fi_solo_65_An2	arm	0	7		1	skill	16517	0	0	ME	0.0	0.0	0.0	0
284587	IDF5_U2_VriRP_Fi_solo_65_An2	cycle	0	26	timer:6	0	arm	2	15000	0		0.0	0.0	0.0	0
284587	IDF5_U2_VriRP_Fi_solo_65_An2	cycle	0	26	timer:6	1	skill	20703	0	0	MOST_HATED	0.0	0.0	0.0	0
284587	IDF5_U2_VriRP_Fi_solo_65_An2	cycle	1	25	timer:5	0	arm	6	7000	0		0.0	0.0	0.0	0
284587	IDF5_U2_VriRP_Fi_solo_65_An2	cycle	1	25	timer:5	1	skill	17294	0	0	MOST_HATED	0.0	0.0	0.0	0
284587	IDF5_U2_VriRP_Fi_solo_65_An2	cycle	2	24	timer:4	0	arm	5	15000	0		0.0	0.0	0.0	0
284587	IDF5_U2_VriRP_Fi_solo_65_An2	cycle	2	24	timer:4	1	skill	20703	0	0	MOST_HATED	0.0	0.0	0.0	0
284587	IDF5_U2_VriRP_Fi_solo_65_An2	cycle	3	23	timer:3	0	arm	4	7000	0		0.0	0.0	0.0	0
284587	IDF5_U2_VriRP_Fi_solo_65_An2	cycle	3	23	timer:3	1	skill	17294	0	0	MOST_HATED	0.0	0.0	0.0	0
284587	IDF5_U2_VriRP_Fi_solo_65_An2	cycle	4	22	timer:2	0	arm	3	10000	0		0.0	0.0	0.0	0
284587	IDF5_U2_VriRP_Fi_solo_65_An2	cycle	4	22	timer:2	1	skill	17294	0	0	MOST_HATED	0.0	0.0	0.0	0
284587	IDF5_U2_VriRP_Fi_solo_65_An2	cycle	5	21	timer:1	0	arm	2	7000	0		0.0	0.0	0.0	0
284587	IDF5_U2_VriRP_Fi_solo_65_An2	cycle	5	21	timer:1	1	skill	17294	0	0	MOST_HATED	0.0	0.0	0.0	0
284587	IDF5_U2_VriRP_Fi_solo_65_An2	cycle	6	20	timer:0	0	arm	1	10000	0		0.0	0.0	0.0	0
284587	IDF5_U2_VriRP_Fi_solo_65_An2	cycle	6	20	timer:0	1	skill	20703	0	0	MOST_HATED	0.0	0.0	0.0	0
284616	IDF5_U2_ShulackF_Wi_party_65_Ae	arm	0	7		0	arm	0	5000	0		0.0	0.0	0.0	0
284616	IDF5_U2_ShulackF_Wi_party_65_Ae	cycle	0	22	timer:1	0	arm	0	10000	0		0.0	0.0	0.0	0
284616	IDF5_U2_ShulackF_Wi_party_65_Ae	cycle	0	22	timer:1	1	skill	16987	0	0	MOST_HATED	0.0	0.0	0.0	0
284616	IDF5_U2_ShulackF_Wi_party_65_Ae	cycle	1	21	timer:0	0	arm	1	13000	0		0.0	0.0	0.0	0
284616	IDF5_U2_ShulackF_Wi_party_65_Ae	cycle	1	21	timer:0	1	skill	18157	0	0	MOST_HATED	0.0	0.0	0.0	0
284619	IDF5_U2_ShulackF_Pr_party_65_Ae	arm	0	7		0	arm	0	8000	0		0.0	0.0	0.0	0
284619	IDF5_U2_ShulackF_Pr_party_65_Ae	cycle	0	23	timer:3	0	arm	0	10000	0		0.0	0.0	0.0	0
284619	IDF5_U2_ShulackF_Pr_party_65_Ae	cycle	0	23	timer:3	1	skill	17938	0	0	MOST_HATED	0.0	0.0	0.0	0
284619	IDF5_U2_ShulackF_Pr_party_65_Ae	cycle	1	22	timer:2	0	arm	3	10000	0		0.0	0.0	0.0	0
284619	IDF5_U2_ShulackF_Pr_party_65_Ae	cycle	1	22	timer:2	1	skill	18814	0	0	MOST_HATED	0.0	0.0	0.0	0
284619	IDF5_U2_ShulackF_Pr_party_65_Ae	cycle	2	21	timer:1	0	arm	2	15000	0		0.0	0.0	0.0	0
284619	IDF5_U2_ShulackF_Pr_party_65_Ae	cycle	2	21	timer:1	1	skill	18779	0	0	MOST_HATED	0.0	0.0	0.0	0
284619	IDF5_U2_ShulackF_Pr_party_65_Ae	cycle	3	20	timer:0	0	arm	1	10000	0		0.0	0.0	0.0	0
284619	IDF5_U2_ShulackF_Pr_party_65_Ae	cycle	3	20	timer:0	1	skill	18814	0	0	MOST_HATED	0.0	0.0	0.0	0
284638	AD2_BT10st0	arm	0	1		0	arm	0	10000	0		0.0	0.0	0.0	0
284638	AD2_BT10st0	cycle	0	2	timer:0	0	arm	0	10000	0		0.0	0.0	0.0	0
284638	AD2_BT10st0	cycle	0	2	timer:0	1	skill	17558	0	0	MOST_HATED	0.0	0.0	0.0	0
284718	IDDreadgion_03_DrakanFi_Noble_60_Ae	arm	0	4		0	skill	20241	0	0	ME	0.0	0.0	0.0	0
284718	IDDreadgion_03_DrakanFi_Noble_60_Ae	arm	0	4		1	arm	0	4000	0		0.0	0.0	0.0	0
284718	IDDreadgion_03_DrakanFi_Noble_60_Ae	arm	0	4		2	arm	1	10000	0		0.0	0.0	0.0	0
284718	IDDreadgion_03_DrakanFi_Noble_60_Ae	arm	0	4		3	arm	2	15000	0		0.0	0.0	0.0	0
284718	IDDreadgion_03_DrakanFi_Noble_60_Ae	cycle	0	3	timer:0	0	skill	20504	0	0	MOST_HATED	0.0	0.0	0.0	0
284718	IDDreadgion_03_DrakanFi_Noble_60_Ae	cycle	0	3	timer:0	1	arm	0	8000	0		0.0	0.0	0.0	0
284718	IDDreadgion_03_DrakanFi_Noble_60_Ae	cycle	1	2	timer:1	0	skill	20505	0	0	ME	0.0	0.0	0.0	0
284718	IDDreadgion_03_DrakanFi_Noble_60_Ae	cycle	1	2	timer:1	1	skill	20506	0	0	ME	0.0	0.0	0.0	0
284718	IDDreadgion_03_DrakanFi_Noble_60_Ae	cycle	1	2	timer:1	2	skill	20507	0	0	ME	0.0	0.0	0.0	0
284718	IDDreadgion_03_DrakanFi_Noble_60_Ae	cycle	1	2	timer:1	3	arm	1	24000	0		0.0	0.0	0.0	0
284718	IDDreadgion_03_DrakanFi_Noble_60_Ae	cycle	2	1	timer:2	0	skill	20247	0	0	ME	0.0	0.0	0.0	0
284718	IDDreadgion_03_DrakanFi_Noble_60_Ae	cycle	2	1	timer:2	1	arm	2	25000	0		0.0	0.0	0.0	0
284719	IDDreadgion_03_DrakanSc_Noble_60_Ae	arm	0	4		0	arm	0	4000	0		0.0	0.0	0.0	0
284719	IDDreadgion_03_DrakanSc_Noble_60_Ae	arm	0	4		1	arm	1	6000	0		0.0	0.0	0.0	0
284719	IDDreadgion_03_DrakanSc_Noble_60_Ae	cycle	0	3	timer:0	0	skill	19721	0	0	MOST_HATED	0.0	0.0	0.0	0
284719	IDDreadgion_03_DrakanSc_Noble_60_Ae	cycle	0	3	timer:0	1	skill	19722	0	0	MOST_HATED	0.0	0.0	0.0	0
284719	IDDreadgion_03_DrakanSc_Noble_60_Ae	cycle	0	3	timer:0	2	skill	19723	0	0	MOST_HATED	0.0	0.0	0.0	0
284719	IDDreadgion_03_DrakanSc_Noble_60_Ae	cycle	0	3	timer:0	3	skill	19724	0	0	MOST_HATED	0.0	0.0	0.0	0
284719	IDDreadgion_03_DrakanSc_Noble_60_Ae	cycle	0	3	timer:0	4	skill	19725	0	0	MOST_HATED	0.0	0.0	0.0	0
284719	IDDreadgion_03_DrakanSc_Noble_60_Ae	cycle	0	3	timer:0	5	skill	19726	0	0	MOST_HATED	0.0	0.0	0.0	0
284719	IDDreadgion_03_DrakanSc_Noble_60_Ae	cycle	0	3	timer:0	6	skill	19727	0	0	MOST_HATED	0.0	0.0	0.0	0
284719	IDDreadgion_03_DrakanSc_Noble_60_Ae	cycle	0	3	timer:0	7	skill	19728	0	0	MOST_HATED	0.0	0.0	0.0	0
284719	IDDreadgion_03_DrakanSc_Noble_60_Ae	cycle	0	3	timer:0	8	arm	0	30000	0		0.0	0.0	0.0	0
284719	IDDreadgion_03_DrakanSc_Noble_60_Ae	cycle	1	2	hp_below:30|timer:1	0	skill	19730	0	0	ME	0.0	0.0	0.0	0
284719	IDDreadgion_03_DrakanSc_Noble_60_Ae	cycle	2	1	timer:1	0	arm	1	6000	0		0.0	0.0	0.0	0
284722	IDDreadgion_03_DrakanFi_Tiamat_60_Ae	arm	0	4		0	skill	20241	0	0	ME	0.0	0.0	0.0	0
284722	IDDreadgion_03_DrakanFi_Tiamat_60_Ae	arm	0	4		1	arm	0	4000	0		0.0	0.0	0.0	0
284722	IDDreadgion_03_DrakanFi_Tiamat_60_Ae	arm	0	4		2	arm	1	10000	0		0.0	0.0	0.0	0
284722	IDDreadgion_03_DrakanFi_Tiamat_60_Ae	arm	0	4		3	arm	2	15000	0		0.0	0.0	0.0	0
284722	IDDreadgion_03_DrakanFi_Tiamat_60_Ae	cycle	0	3	timer:0	0	skill	20504	0	0	MOST_HATED	0.0	0.0	0.0	0
284722	IDDreadgion_03_DrakanFi_Tiamat_60_Ae	cycle	0	3	timer:0	1	arm	0	8000	0		0.0	0.0	0.0	0
284722	IDDreadgion_03_DrakanFi_Tiamat_60_Ae	cycle	1	2	timer:1	0	skill	20505	0	0	ME	0.0	0.0	0.0	0
284722	IDDreadgion_03_DrakanFi_Tiamat_60_Ae	cycle	1	2	timer:1	1	skill	20506	0	0	ME	0.0	0.0	0.0	0
284722	IDDreadgion_03_DrakanFi_Tiamat_60_Ae	cycle	1	2	timer:1	2	skill	20507	0	0	ME	0.0	0.0	0.0	0
284722	IDDreadgion_03_DrakanFi_Tiamat_60_Ae	cycle	1	2	timer:1	3	skill	20507	0	0	ME	0.0	0.0	0.0	0
284722	IDDreadgion_03_DrakanFi_Tiamat_60_Ae	cycle	1	2	timer:1	4	arm	1	24000	0		0.0	0.0	0.0	0
284722	IDDreadgion_03_DrakanFi_Tiamat_60_Ae	cycle	2	1	timer:2	0	skill	20247	0	0	ME	0.0	0.0	0.0	0
284722	IDDreadgion_03_DrakanFi_Tiamat_60_Ae	cycle	2	1	timer:2	1	arm	2	25000	0		0.0	0.0	0.0	0
284728	IDDreadgion_03_DrakanRa_QuestNamed_60_Ae	arm	0	4		0	arm	0	4000	0		0.0	0.0	0.0	0
284728	IDDreadgion_03_DrakanRa_QuestNamed_60_Ae	arm	0	4		1	arm	1	6000	0		0.0	0.0	0.0	0
284728	IDDreadgion_03_DrakanRa_QuestNamed_60_Ae	cycle	0	3	timer:0	0	skill	20251	0	0	MOST_HATED	0.0	0.0	0.0	0
284728	IDDreadgion_03_DrakanRa_QuestNamed_60_Ae	cycle	0	3	timer:0	1	skill	20415	0	0	MOST_HATED	0.0	0.0	0.0	0
284728	IDDreadgion_03_DrakanRa_QuestNamed_60_Ae	cycle	0	3	timer:0	2	skill	20416	0	0	MOST_HATED	0.0	0.0	0.0	0
284728	IDDreadgion_03_DrakanRa_QuestNamed_60_Ae	cycle	0	3	timer:0	3	skill	20522	0	0	MOST_HATED	0.0	0.0	0.0	0
284728	IDDreadgion_03_DrakanRa_QuestNamed_60_Ae	cycle	0	3	timer:0	4	skill	20523	0	0	MOST_HATED	0.0	0.0	0.0	0
284728	IDDreadgion_03_DrakanRa_QuestNamed_60_Ae	cycle	0	3	timer:0	5	skill	20524	0	0	MOST_HATED	0.0	0.0	0.0	0
284728	IDDreadgion_03_DrakanRa_QuestNamed_60_Ae	cycle	0	3	timer:0	6	skill	20525	0	0	MOST_HATED	0.0	0.0	0.0	0
284728	IDDreadgion_03_DrakanRa_QuestNamed_60_Ae	cycle	0	3	timer:0	7	skill	20526	0	0	MOST_HATED	0.0	0.0	0.0	0
284728	IDDreadgion_03_DrakanRa_QuestNamed_60_Ae	cycle	0	3	timer:0	8	arm	0	30000	0		0.0	0.0	0.0	0
284728	IDDreadgion_03_DrakanRa_QuestNamed_60_Ae	cycle	1	2	hp_below:30|timer:1	0	skill	20527	0	0	ME	0.0	0.0	0.0	0
284728	IDDreadgion_03_DrakanRa_QuestNamed_60_Ae	cycle	2	1	timer:1	0	arm	1	6000	0		0.0	0.0	0.0	0
284729	IDDreadgion_03_DrakanFiNamedAA_60_Ae	arm	0	4		0	skill	20241	0	0	ME	0.0	0.0	0.0	0
284729	IDDreadgion_03_DrakanFiNamedAA_60_Ae	arm	0	4		1	arm	0	4000	0		0.0	0.0	0.0	0
284729	IDDreadgion_03_DrakanFiNamedAA_60_Ae	arm	0	4		2	arm	1	10000	0		0.0	0.0	0.0	0
284729	IDDreadgion_03_DrakanFiNamedAA_60_Ae	arm	0	4		3	arm	2	15000	0		0.0	0.0	0.0	0
284729	IDDreadgion_03_DrakanFiNamedAA_60_Ae	cycle	0	3	timer:0	0	skill	20504	0	0	MOST_HATED	0.0	0.0	0.0	0
284729	IDDreadgion_03_DrakanFiNamedAA_60_Ae	cycle	0	3	timer:0	1	arm	0	8000	0		0.0	0.0	0.0	0
284729	IDDreadgion_03_DrakanFiNamedAA_60_Ae	cycle	1	2	timer:1	0	skill	20505	0	0	ME	0.0	0.0	0.0	0
284729	IDDreadgion_03_DrakanFiNamedAA_60_Ae	cycle	1	2	timer:1	1	skill	20506	0	0	ME	0.0	0.0	0.0	0
284729	IDDreadgion_03_DrakanFiNamedAA_60_Ae	cycle	1	2	timer:1	2	skill	20507	0	0	ME	0.0	0.0	0.0	0
284729	IDDreadgion_03_DrakanFiNamedAA_60_Ae	cycle	1	2	timer:1	3	skill	20507	0	0	ME	0.0	0.0	0.0	0
284729	IDDreadgion_03_DrakanFiNamedAA_60_Ae	cycle	1	2	timer:1	4	arm	1	24000	0		0.0	0.0	0.0	0
284729	IDDreadgion_03_DrakanFiNamedAA_60_Ae	cycle	2	1	timer:2	0	skill	20247	0	0	ME	0.0	0.0	0.0	0
284729	IDDreadgion_03_DrakanFiNamedAA_60_Ae	cycle	2	1	timer:2	1	arm	2	25000	0		0.0	0.0	0.0	0
284730	IDDreadgion_03_DrakanFiNamedAB_60_Ae	arm	0	4		0	skill	20241	0	0	ME	0.0	0.0	0.0	0
284730	IDDreadgion_03_DrakanFiNamedAB_60_Ae	arm	0	4		1	arm	0	4000	0		0.0	0.0	0.0	0
284730	IDDreadgion_03_DrakanFiNamedAB_60_Ae	arm	0	4		2	arm	1	10000	0		0.0	0.0	0.0	0
284730	IDDreadgion_03_DrakanFiNamedAB_60_Ae	arm	0	4		3	arm	2	15000	0		0.0	0.0	0.0	0
284730	IDDreadgion_03_DrakanFiNamedAB_60_Ae	cycle	0	3	timer:0	0	skill	20504	0	0	MOST_HATED	0.0	0.0	0.0	0
284730	IDDreadgion_03_DrakanFiNamedAB_60_Ae	cycle	0	3	timer:0	1	arm	0	8000	0		0.0	0.0	0.0	0
284730	IDDreadgion_03_DrakanFiNamedAB_60_Ae	cycle	1	2	timer:1	0	skill	20505	0	0	ME	0.0	0.0	0.0	0
284730	IDDreadgion_03_DrakanFiNamedAB_60_Ae	cycle	1	2	timer:1	1	skill	20506	0	0	ME	0.0	0.0	0.0	0
284730	IDDreadgion_03_DrakanFiNamedAB_60_Ae	cycle	1	2	timer:1	2	skill	20507	0	0	ME	0.0	0.0	0.0	0
284730	IDDreadgion_03_DrakanFiNamedAB_60_Ae	cycle	1	2	timer:1	3	skill	20507	0	0	ME	0.0	0.0	0.0	0
284730	IDDreadgion_03_DrakanFiNamedAB_60_Ae	cycle	1	2	timer:1	4	arm	1	24000	0		0.0	0.0	0.0	0
284730	IDDreadgion_03_DrakanFiNamedAB_60_Ae	cycle	2	1	timer:2	0	skill	20247	0	0	ME	0.0	0.0	0.0	0
284730	IDDreadgion_03_DrakanFiNamedAB_60_Ae	cycle	2	1	timer:2	1	arm	2	25000	0		0.0	0.0	0.0	0
284731	IDDreadgion_03_DrakanRaNamedBA_60_Ae	arm	0	4		0	arm	0	4000	0		0.0	0.0	0.0	0
284731	IDDreadgion_03_DrakanRaNamedBA_60_Ae	arm	0	4		1	arm	1	6000	0		0.0	0.0	0.0	0
284731	IDDreadgion_03_DrakanRaNamedBA_60_Ae	cycle	0	3	timer:0	0	skill	20251	0	0	MOST_HATED	0.0	0.0	0.0	0
284731	IDDreadgion_03_DrakanRaNamedBA_60_Ae	cycle	0	3	timer:0	1	skill	20415	0	0	MOST_HATED	0.0	0.0	0.0	0
284731	IDDreadgion_03_DrakanRaNamedBA_60_Ae	cycle	0	3	timer:0	2	skill	20416	0	0	MOST_HATED	0.0	0.0	0.0	0
284731	IDDreadgion_03_DrakanRaNamedBA_60_Ae	cycle	0	3	timer:0	3	skill	20522	0	0	MOST_HATED	0.0	0.0	0.0	0
284731	IDDreadgion_03_DrakanRaNamedBA_60_Ae	cycle	0	3	timer:0	4	skill	20523	0	0	MOST_HATED	0.0	0.0	0.0	0
284731	IDDreadgion_03_DrakanRaNamedBA_60_Ae	cycle	0	3	timer:0	5	skill	20524	0	0	MOST_HATED	0.0	0.0	0.0	0
284731	IDDreadgion_03_DrakanRaNamedBA_60_Ae	cycle	0	3	timer:0	6	skill	20525	0	0	MOST_HATED	0.0	0.0	0.0	0
284731	IDDreadgion_03_DrakanRaNamedBA_60_Ae	cycle	0	3	timer:0	7	skill	20526	0	0	MOST_HATED	0.0	0.0	0.0	0
284731	IDDreadgion_03_DrakanRaNamedBA_60_Ae	cycle	0	3	timer:0	8	arm	0	30000	0		0.0	0.0	0.0	0
284731	IDDreadgion_03_DrakanRaNamedBA_60_Ae	cycle	1	2	hp_below:30|timer:1	0	skill	20527	0	0	ME	0.0	0.0	0.0	0
284731	IDDreadgion_03_DrakanRaNamedBA_60_Ae	cycle	2	1	timer:1	0	arm	1	6000	0		0.0	0.0	0.0	0
284732	IDDreadgion_03_DrakanRaNamedBB_60_Ae	arm	0	4		0	arm	0	4000	0		0.0	0.0	0.0	0
284732	IDDreadgion_03_DrakanRaNamedBB_60_Ae	arm	0	4		1	arm	1	6000	0		0.0	0.0	0.0	0
284732	IDDreadgion_03_DrakanRaNamedBB_60_Ae	cycle	0	3	timer:0	0	skill	20251	0	0	MOST_HATED	0.0	0.0	0.0	0
284732	IDDreadgion_03_DrakanRaNamedBB_60_Ae	cycle	0	3	timer:0	1	skill	20415	0	0	MOST_HATED	0.0	0.0	0.0	0
284732	IDDreadgion_03_DrakanRaNamedBB_60_Ae	cycle	0	3	timer:0	2	skill	20416	0	0	MOST_HATED	0.0	0.0	0.0	0
284732	IDDreadgion_03_DrakanRaNamedBB_60_Ae	cycle	0	3	timer:0	3	skill	20522	0	0	MOST_HATED	0.0	0.0	0.0	0
284732	IDDreadgion_03_DrakanRaNamedBB_60_Ae	cycle	0	3	timer:0	4	skill	20523	0	0	MOST_HATED	0.0	0.0	0.0	0
284732	IDDreadgion_03_DrakanRaNamedBB_60_Ae	cycle	0	3	timer:0	5	skill	20524	0	0	MOST_HATED	0.0	0.0	0.0	0
284732	IDDreadgion_03_DrakanRaNamedBB_60_Ae	cycle	0	3	timer:0	6	skill	20525	0	0	MOST_HATED	0.0	0.0	0.0	0
284732	IDDreadgion_03_DrakanRaNamedBB_60_Ae	cycle	0	3	timer:0	7	skill	20526	0	0	MOST_HATED	0.0	0.0	0.0	0
284732	IDDreadgion_03_DrakanRaNamedBB_60_Ae	cycle	0	3	timer:0	8	arm	0	30000	0		0.0	0.0	0.0	0
284732	IDDreadgion_03_DrakanRaNamedBB_60_Ae	cycle	1	2	hp_below:30|timer:1	0	skill	20527	0	0	ME	0.0	0.0	0.0	0
284732	IDDreadgion_03_DrakanRaNamedBB_60_Ae	cycle	2	1	timer:1	0	arm	1	6000	0		0.0	0.0	0.0	0
284740	IDDreadgion_03_DrakanFiNamedFA_60_Ae	arm	0	4		0	skill	20241	0	0	ME	0.0	0.0	0.0	0
284740	IDDreadgion_03_DrakanFiNamedFA_60_Ae	arm	0	4		1	arm	0	4000	0		0.0	0.0	0.0	0
284740	IDDreadgion_03_DrakanFiNamedFA_60_Ae	arm	0	4		2	arm	1	10000	0		0.0	0.0	0.0	0
284740	IDDreadgion_03_DrakanFiNamedFA_60_Ae	arm	0	4		3	arm	2	15000	0		0.0	0.0	0.0	0
284740	IDDreadgion_03_DrakanFiNamedFA_60_Ae	cycle	0	3	timer:0	0	skill	20504	0	0	MOST_HATED	0.0	0.0	0.0	0
284740	IDDreadgion_03_DrakanFiNamedFA_60_Ae	cycle	0	3	timer:0	1	arm	0	8000	0		0.0	0.0	0.0	0
284740	IDDreadgion_03_DrakanFiNamedFA_60_Ae	cycle	1	2	timer:1	0	skill	20505	0	0	ME	0.0	0.0	0.0	0
284740	IDDreadgion_03_DrakanFiNamedFA_60_Ae	cycle	1	2	timer:1	1	skill	20506	0	0	ME	0.0	0.0	0.0	0
284740	IDDreadgion_03_DrakanFiNamedFA_60_Ae	cycle	1	2	timer:1	2	skill	20507	0	0	ME	0.0	0.0	0.0	0
284740	IDDreadgion_03_DrakanFiNamedFA_60_Ae	cycle	1	2	timer:1	3	skill	20507	0	0	ME	0.0	0.0	0.0	0
284740	IDDreadgion_03_DrakanFiNamedFA_60_Ae	cycle	1	2	timer:1	4	arm	1	24000	0		0.0	0.0	0.0	0
284740	IDDreadgion_03_DrakanFiNamedFA_60_Ae	cycle	2	1	timer:2	0	skill	20247	0	0	ME	0.0	0.0	0.0	0
284740	IDDreadgion_03_DrakanFiNamedFA_60_Ae	cycle	2	1	timer:2	1	arm	2	25000	0		0.0	0.0	0.0	0
284741	IDDreadgion_03_DrakanFiNamedFB_60_Ae	arm	0	4		0	skill	20241	0	0	ME	0.0	0.0	0.0	0
284741	IDDreadgion_03_DrakanFiNamedFB_60_Ae	arm	0	4		1	arm	0	4000	0		0.0	0.0	0.0	0
284741	IDDreadgion_03_DrakanFiNamedFB_60_Ae	arm	0	4		2	arm	1	10000	0		0.0	0.0	0.0	0
284741	IDDreadgion_03_DrakanFiNamedFB_60_Ae	arm	0	4		3	arm	2	15000	0		0.0	0.0	0.0	0
284741	IDDreadgion_03_DrakanFiNamedFB_60_Ae	cycle	0	3	timer:0	0	skill	20504	0	0	MOST_HATED	0.0	0.0	0.0	0
284741	IDDreadgion_03_DrakanFiNamedFB_60_Ae	cycle	0	3	timer:0	1	arm	0	8000	0		0.0	0.0	0.0	0
284741	IDDreadgion_03_DrakanFiNamedFB_60_Ae	cycle	1	2	timer:1	0	skill	20505	0	0	ME	0.0	0.0	0.0	0
284741	IDDreadgion_03_DrakanFiNamedFB_60_Ae	cycle	1	2	timer:1	1	skill	20506	0	0	ME	0.0	0.0	0.0	0
284741	IDDreadgion_03_DrakanFiNamedFB_60_Ae	cycle	1	2	timer:1	2	skill	20507	0	0	ME	0.0	0.0	0.0	0
284741	IDDreadgion_03_DrakanFiNamedFB_60_Ae	cycle	1	2	timer:1	3	skill	20507	0	0	ME	0.0	0.0	0.0	0
284741	IDDreadgion_03_DrakanFiNamedFB_60_Ae	cycle	1	2	timer:1	4	arm	1	24000	0		0.0	0.0	0.0	0
284741	IDDreadgion_03_DrakanFiNamedFB_60_Ae	cycle	2	1	timer:2	0	skill	20247	0	0	ME	0.0	0.0	0.0	0
284741	IDDreadgion_03_DrakanFiNamedFB_60_Ae	cycle	2	1	timer:2	1	arm	2	25000	0		0.0	0.0	0.0	0
284742	IDDreadgion_03_DrakanGi_NamedA_60_Ae	arm	0	7		0	arm	0	7000	0		0.0	0.0	0.0	0
284742	IDDreadgion_03_DrakanGi_NamedA_60_Ae	arm	0	7		1	arm	1	23000	0		0.0	0.0	0.0	0
284742	IDDreadgion_03_DrakanGi_NamedA_60_Ae	arm	0	7		2	arm	2	6000	0		0.0	0.0	0.0	0
284742	IDDreadgion_03_DrakanGi_NamedA_60_Ae	arm	0	7		3	arm	3	6000	0		0.0	0.0	0.0	0
284742	IDDreadgion_03_DrakanGi_NamedA_60_Ae	cycle	0	6	timer:0	0	skill	20545	0	0	ME	0.0	0.0	0.0	0
284742	IDDreadgion_03_DrakanGi_NamedA_60_Ae	cycle	0	6	timer:0	1	skill	20546	0	0	ME	0.0	0.0	0.0	0
284742	IDDreadgion_03_DrakanGi_NamedA_60_Ae	cycle	0	6	timer:0	2	skill	20546	0	0	ME	0.0	0.0	0.0	0
284742	IDDreadgion_03_DrakanGi_NamedA_60_Ae	cycle	0	6	timer:0	3	arm	0	18000	0		0.0	0.0	0.0	0
284742	IDDreadgion_03_DrakanGi_NamedA_60_Ae	cycle	1	5	timer:1	0	skill	20547	0	0	ME	0.0	0.0	0.0	0
284742	IDDreadgion_03_DrakanGi_NamedA_60_Ae	cycle	1	5	timer:1	1	arm	1	26000	0		0.0	0.0	0.0	0
284742	IDDreadgion_03_DrakanGi_NamedA_60_Ae	cycle	2	4	hp_below:50|timer:2	0	skill	20544	0	0	ME	0.0	0.0	0.0	0
284742	IDDreadgion_03_DrakanGi_NamedA_60_Ae	cycle	3	3	timer:2	0	arm	2	6000	0		0.0	0.0	0.0	0
284742	IDDreadgion_03_DrakanGi_NamedA_60_Ae	cycle	4	2	hp_below:25|timer:3	0	skill	20543	0	0	ME	0.0	0.0	0.0	0
284742	IDDreadgion_03_DrakanGi_NamedA_60_Ae	cycle	5	1	timer:3	0	arm	3	6000	0		0.0	0.0	0.0	0
284743	IDDreadgion_03_DrakanGi_NamedB_60_Ae	arm	0	7		0	arm	0	7000	0		0.0	0.0	0.0	0
284743	IDDreadgion_03_DrakanGi_NamedB_60_Ae	arm	0	7		1	arm	1	23000	0		0.0	0.0	0.0	0
284743	IDDreadgion_03_DrakanGi_NamedB_60_Ae	arm	0	7		2	arm	2	6000	0		0.0	0.0	0.0	0
284743	IDDreadgion_03_DrakanGi_NamedB_60_Ae	arm	0	7		3	arm	3	6000	0		0.0	0.0	0.0	0
284743	IDDreadgion_03_DrakanGi_NamedB_60_Ae	cycle	0	6	timer:0	0	skill	20545	0	0	ME	0.0	0.0	0.0	0
284743	IDDreadgion_03_DrakanGi_NamedB_60_Ae	cycle	0	6	timer:0	1	skill	20546	0	0	ME	0.0	0.0	0.0	0
284743	IDDreadgion_03_DrakanGi_NamedB_60_Ae	cycle	0	6	timer:0	2	skill	20546	0	0	ME	0.0	0.0	0.0	0
284743	IDDreadgion_03_DrakanGi_NamedB_60_Ae	cycle	0	6	timer:0	3	arm	0	18000	0		0.0	0.0	0.0	0
284743	IDDreadgion_03_DrakanGi_NamedB_60_Ae	cycle	1	5	timer:1	0	skill	20547	0	0	ME	0.0	0.0	0.0	0
284743	IDDreadgion_03_DrakanGi_NamedB_60_Ae	cycle	1	5	timer:1	1	arm	1	26000	0		0.0	0.0	0.0	0
284743	IDDreadgion_03_DrakanGi_NamedB_60_Ae	cycle	2	4	hp_below:50|timer:2	0	skill	20544	0	0	ME	0.0	0.0	0.0	0
284743	IDDreadgion_03_DrakanGi_NamedB_60_Ae	cycle	3	3	timer:2	0	arm	2	6000	0		0.0	0.0	0.0	0
284743	IDDreadgion_03_DrakanGi_NamedB_60_Ae	cycle	4	2	hp_below:25|timer:3	0	skill	20543	0	0	ME	0.0	0.0	0.0	0
284743	IDDreadgion_03_DrakanGi_NamedB_60_Ae	cycle	5	1	timer:3	0	arm	3	6000	0		0.0	0.0	0.0	0
284744	IDDreadgion_03_DrakanGi_NamedC_60_Ae	arm	0	7		0	arm	0	7000	0		0.0	0.0	0.0	0
284744	IDDreadgion_03_DrakanGi_NamedC_60_Ae	arm	0	7		1	arm	1	23000	0		0.0	0.0	0.0	0
284744	IDDreadgion_03_DrakanGi_NamedC_60_Ae	arm	0	7		2	arm	2	6000	0		0.0	0.0	0.0	0
284744	IDDreadgion_03_DrakanGi_NamedC_60_Ae	arm	0	7		3	arm	3	6000	0		0.0	0.0	0.0	0
284744	IDDreadgion_03_DrakanGi_NamedC_60_Ae	cycle	0	6	timer:0	0	skill	20545	0	0	ME	0.0	0.0	0.0	0
284744	IDDreadgion_03_DrakanGi_NamedC_60_Ae	cycle	0	6	timer:0	1	skill	20546	0	0	ME	0.0	0.0	0.0	0
284744	IDDreadgion_03_DrakanGi_NamedC_60_Ae	cycle	0	6	timer:0	2	skill	20546	0	0	ME	0.0	0.0	0.0	0
284744	IDDreadgion_03_DrakanGi_NamedC_60_Ae	cycle	0	6	timer:0	3	arm	0	18000	0		0.0	0.0	0.0	0
284744	IDDreadgion_03_DrakanGi_NamedC_60_Ae	cycle	1	5	timer:1	0	skill	20547	0	0	ME	0.0	0.0	0.0	0
284744	IDDreadgion_03_DrakanGi_NamedC_60_Ae	cycle	1	5	timer:1	1	arm	1	26000	0		0.0	0.0	0.0	0
284744	IDDreadgion_03_DrakanGi_NamedC_60_Ae	cycle	2	4	hp_below:50|timer:2	0	skill	20544	0	0	ME	0.0	0.0	0.0	0
284744	IDDreadgion_03_DrakanGi_NamedC_60_Ae	cycle	3	3	timer:2	0	arm	2	6000	0		0.0	0.0	0.0	0
284744	IDDreadgion_03_DrakanGi_NamedC_60_Ae	cycle	4	2	hp_below:25|timer:3	0	skill	20543	0	0	ME	0.0	0.0	0.0	0
284744	IDDreadgion_03_DrakanGi_NamedC_60_Ae	cycle	5	1	timer:3	0	arm	3	6000	0		0.0	0.0	0.0	0
284808	IDF5_TD_War_Vri_Cannon	arm	0	1		0	arm	0	7000	0		0.0	0.0	0.0	0
284808	IDF5_TD_War_Vri_Cannon	arm	0	1		1	skill	20378	0	0	MOST_HATED	0.0	0.0	0.0	0
284808	IDF5_TD_War_Vri_Cannon	cycle	0	4	timer:2	0	arm	0	7000	0		0.0	0.0	0.0	0
284808	IDF5_TD_War_Vri_Cannon	cycle	0	4	timer:2	1	skill	20378	0	0	MOST_HATED	0.0	0.0	0.0	0
284808	IDF5_TD_War_Vri_Cannon	cycle	1	3	timer:1	0	arm	2	7000	0		0.0	0.0	0.0	0
284808	IDF5_TD_War_Vri_Cannon	cycle	1	3	timer:1	1	skill	20378	0	0	MOST_HATED	0.0	0.0	0.0	0
284808	IDF5_TD_War_Vri_Cannon	cycle	2	2	timer:0	0	arm	1	7000	0		0.0	0.0	0.0	0
284808	IDF5_TD_War_Vri_Cannon	cycle	2	2	timer:0	1	skill	20381	0	0	MOST_HATED	0.0	0.0	0.0	0
284809	IDF5_TD_War_Vri_DirectGun	arm	0	1		0	arm	0	7000	0		0.0	0.0	0.0	0
284809	IDF5_TD_War_Vri_DirectGun	arm	0	1		1	skill	20389	0	0	MOST_HATED	0.0	0.0	0.0	0
284809	IDF5_TD_War_Vri_DirectGun	cycle	0	4	timer:2	0	arm	0	7000	0		0.0	0.0	0.0	0
284809	IDF5_TD_War_Vri_DirectGun	cycle	0	4	timer:2	1	skill	20389	0	0	MOST_HATED	0.0	0.0	0.0	0
284809	IDF5_TD_War_Vri_DirectGun	cycle	1	3	timer:1	0	arm	2	7000	0		0.0	0.0	0.0	0
284809	IDF5_TD_War_Vri_DirectGun	cycle	1	3	timer:1	1	skill	20391	0	0	MOST_HATED	0.0	0.0	0.0	0
284809	IDF5_TD_War_Vri_DirectGun	cycle	2	2	timer:0	0	arm	1	7000	0		0.0	0.0	0.0	0
284809	IDF5_TD_War_Vri_DirectGun	cycle	2	2	timer:0	1	skill	20390	0	0	MOST_HATED	0.0	0.0	0.0	0
284810	IDF5_TD_War_Vri_El	arm	0	11		0	arm	0	10000	0		0.0	0.0	0.0	0
284810	IDF5_TD_War_Vri_El	arm	0	11		1	skill	17335	0	0	MOST_HATED	0.0	0.0	0.0	0
284810	IDF5_TD_War_Vri_El	cycle	0	13	timer:1	0	arm	0	10000	0		0.0	0.0	0.0	0
284810	IDF5_TD_War_Vri_El	cycle	0	13	timer:1	1	skill	16775	0	0	MOST_HATED	0.0	0.0	0.0	0
284810	IDF5_TD_War_Vri_El	cycle	1	12	timer:0	0	arm	1	10000	0		0.0	0.0	0.0	0
284810	IDF5_TD_War_Vri_El	cycle	1	12	timer:0	1	skill	17335	0	0	MOST_HATED	0.0	0.0	0.0	0
284811	IDF5_TD_War_Vri_Fi	arm	0	11		0	arm	0	10000	0		0.0	0.0	0.0	0
284811	IDF5_TD_War_Vri_Fi	arm	0	11		1	skill	17714	0	0	MOST_HATED	0.0	0.0	0.0	0
284811	IDF5_TD_War_Vri_Fi	cycle	0	13	timer:1	0	arm	0	10000	0		0.0	0.0	0.0	0
284811	IDF5_TD_War_Vri_Fi	cycle	0	13	timer:1	1	skill	21284	0	0	MOST_HATED	0.0	0.0	0.0	0
284811	IDF5_TD_War_Vri_Fi	cycle	1	12	timer:0	0	arm	1	10000	0		0.0	0.0	0.0	0
284811	IDF5_TD_War_Vri_Fi	cycle	1	12	timer:0	1	skill	17294	0	0	MOST_HATED	0.0	0.0	0.0	0
284823	IDF5_TD_War_Vri_Ra	arm	0	10		0	arm	0	10000	0		0.0	0.0	0.0	0
284823	IDF5_TD_War_Vri_Ra	arm	0	10		1	skill	17318	0	0	MOST_HATED	0.0	0.0	0.0	0
284823	IDF5_TD_War_Vri_Ra	cycle	0	12	timer:1	0	arm	0	10000	0		0.0	0.0	0.0	0
284823	IDF5_TD_War_Vri_Ra	cycle	0	12	timer:1	1	skill	17316	0	0	MOST_HATED	0.0	0.0	0.0	0
284823	IDF5_TD_War_Vri_Ra	cycle	1	11	timer:0	0	arm	1	10000	0		0.0	0.0	0.0	0
284823	IDF5_TD_War_Vri_Ra	cycle	1	11	timer:0	1	skill	17317	0	0	MOST_HATED	0.0	0.0	0.0	0
284824	IDF5_TD_War_Vri_Ri	arm	0	10		0	arm	0	10000	0		0.0	0.0	0.0	0
284824	IDF5_TD_War_Vri_Ri	arm	0	10		1	skill	20648	0	0	MOST_HATED	0.0	0.0	0.0	0
284824	IDF5_TD_War_Vri_Ri	cycle	0	12	timer:1	0	arm	0	10000	0		0.0	0.0	0.0	0
284824	IDF5_TD_War_Vri_Ri	cycle	0	12	timer:1	1	skill	21297	0	0	MOST_HATED	0.0	0.0	0.0	0
284824	IDF5_TD_War_Vri_Ri	cycle	1	11	timer:0	0	arm	1	10000	0		0.0	0.0	0.0	0
284824	IDF5_TD_War_Vri_Ri	cycle	1	11	timer:0	1	skill	21294	0	0	MOST_HATED	0.0	0.0	0.0	0
284847	BIDF5_U3_hard_Vri_As	arm	0	3		0	arm	0	13000	0		0.0	0.0	0.0	0
284847	BIDF5_U3_hard_Vri_As	arm	0	3		1	skill	21411	0	0	MOST_HATED	0.0	0.0	0.0	0
284847	BIDF5_U3_hard_Vri_As	arm	0	3		2	skill	21412	0	0	MOST_HATED	0.0	0.0	0.0	0
284847	BIDF5_U3_hard_Vri_As	cycle	0	6	timer:2	0	arm	0	10000	0		0.0	0.0	0.0	0
284847	BIDF5_U3_hard_Vri_As	cycle	0	6	timer:2	1	skill	17332	0	0	MOST_HATED	0.0	0.0	0.0	0
284847	BIDF5_U3_hard_Vri_As	cycle	1	5	timer:1	0	arm	2	10000	0		0.0	0.0	0.0	0
284847	BIDF5_U3_hard_Vri_As	cycle	1	5	timer:1	1	skill	18159	0	0	MOST_HATED	0.0	0.0	0.0	0
284847	BIDF5_U3_hard_Vri_As	cycle	2	4	timer:0	0	arm	1	10000	0		0.0	0.0	0.0	0
284847	BIDF5_U3_hard_Vri_As	cycle	2	4	timer:0	1	skill	17332	0	0	MOST_HATED	0.0	0.0	0.0	0
284849	BIDF5_U3_hard_Vri_Ri	arm	0	2		0	arm	0	13000	0		0.0	0.0	0.0	0
284849	BIDF5_U3_hard_Vri_Ri	arm	0	2		1	skill	20648	0	0	MOST_HATED	0.0	0.0	0.0	0
284849	BIDF5_U3_hard_Vri_Ri	arm	0	2		2	skill	20704	0	0	MOST_HATED	0.0	0.0	0.0	0
284849	BIDF5_U3_hard_Vri_Ri	cycle	0	6	timer:3	0	arm	0	10000	0		0.0	0.0	0.0	0
284849	BIDF5_U3_hard_Vri_Ri	cycle	0	6	timer:3	1	skill	21296	0	0	ME	0.0	0.0	0.0	0
284849	BIDF5_U3_hard_Vri_Ri	cycle	1	5	timer:2	0	arm	3	10000	0		0.0	0.0	0.0	0
284849	BIDF5_U3_hard_Vri_Ri	cycle	1	5	timer:2	1	skill	21294	0	0	MOST_HATED	0.0	0.0	0.0	0
284849	BIDF5_U3_hard_Vri_Ri	cycle	2	4	timer:1	0	arm	2	10000	0		0.0	0.0	0.0	0
284849	BIDF5_U3_hard_Vri_Ri	cycle	2	4	timer:1	1	skill	21297	0	0	ME	0.0	0.0	0.0	0
284849	BIDF5_U3_hard_Vri_Ri	cycle	3	3	timer:0	0	arm	1	10000	0		0.0	0.0	0.0	0
284849	BIDF5_U3_hard_Vri_Ri	cycle	3	3	timer:0	1	skill	21294	0	0	MOST_HATED	0.0	0.0	0.0	0
284850	BIDF5_U3_hard_Vri_Pr	arm	0	10		0	arm	0	10000	0		0.0	0.0	0.0	0
284850	BIDF5_U3_hard_Vri_Pr	arm	0	10		1	skill	17359	0	0	MOST_HATED	0.0	0.0	0.0	0
284850	BIDF5_U3_hard_Vri_Pr	cycle	0	14	timer:3	0	arm	0	10000	0		0.0	0.0	0.0	0
284850	BIDF5_U3_hard_Vri_Pr	cycle	0	14	timer:3	1	skill	17359	0	0	MOST_HATED	0.0	0.0	0.0	0
284850	BIDF5_U3_hard_Vri_Pr	cycle	1	13	timer:2	0	arm	3	10000	0		0.0	0.0	0.0	0
284850	BIDF5_U3_hard_Vri_Pr	cycle	1	13	timer:2	1	skill	21278	0	0	MOST_HATED	0.0	0.0	0.0	0
284850	BIDF5_U3_hard_Vri_Pr	cycle	2	12	timer:1	0	arm	2	10000	0		0.0	0.0	0.0	0
284850	BIDF5_U3_hard_Vri_Pr	cycle	2	12	timer:1	1	skill	17359	0	0	MOST_HATED	0.0	0.0	0.0	0
284850	BIDF5_U3_hard_Vri_Pr	cycle	3	11	timer:0	0	arm	1	10000	0		0.0	0.0	0.0	0
284850	BIDF5_U3_hard_Vri_Pr	cycle	3	11	timer:0	1	skill	17700	0	0	MOST_HATED	0.0	0.0	0.0	0
284851	BIDF5_U3_hard_Vri_Ra	arm	0	7		0	arm	0	15000	0		0.0	0.0	0.0	0
284851	BIDF5_U3_hard_Vri_Ra	arm	0	7		1	skill	17318	0	0	MOST_HATED	0.0	0.0	0.0	0
284851	BIDF5_U3_hard_Vri_Ra	arm	0	7		2	skill	17317	0	0	MOST_HATED	0.0	0.0	0.0	0
284851	BIDF5_U3_hard_Vri_Ra	cycle	0	100	timer:0	0	arm	1	10000	0		0.0	0.0	0.0	0
284851	BIDF5_U3_hard_Vri_Ra	cycle	0	100	timer:0	1	skill	17314	0	0	MOST_HATED	0.0	0.0	0.0	0
284851	BIDF5_U3_hard_Vri_Ra	cycle	1	99	timer:1	0	arm	2	10000	0		0.0	0.0	0.0	0
284851	BIDF5_U3_hard_Vri_Ra	cycle	1	99	timer:1	1	skill	17317	0	0	MOST_HATED	0.0	0.0	0.0	0
284851	BIDF5_U3_hard_Vri_Ra	cycle	2	98	timer:2	0	arm	3	20000	0		0.0	0.0	0.0	0
284851	BIDF5_U3_hard_Vri_Ra	cycle	2	98	timer:2	1	skill	17316	0	0	MOST_HATED	0.0	0.0	0.0	0
284851	BIDF5_U3_hard_Vri_Ra	cycle	2	98	timer:2	2	skill	21230	0	0	MOST_HATED	0.0	0.0	0.0	0
284851	BIDF5_U3_hard_Vri_Ra	cycle	3	97	timer:3	0	arm	0	10000	0		0.0	0.0	0.0	0
284851	BIDF5_U3_hard_Vri_Ra	cycle	3	97	timer:3	1	skill	17317	0	0	MOST_HATED	0.0	0.0	0.0	0
284852	BIDF5_U3_hard_Vri_Gu	arm	0	2		0	arm	0	10000	0		0.0	0.0	0.0	0
284852	BIDF5_U3_hard_Vri_Gu	arm	0	2		1	skill	20858	0	0	MOST_HATED	0.0	0.0	0.0	0
284852	BIDF5_U3_hard_Vri_Gu	cycle	0	6	timer:3	0	arm	0	10000	0		0.0	0.0	0.0	0
284852	BIDF5_U3_hard_Vri_Gu	cycle	0	6	timer:3	1	skill	20858	0	0	MOST_HATED	0.0	0.0	0.0	0
284852	BIDF5_U3_hard_Vri_Gu	cycle	1	5	timer:2	0	arm	3	10000	0		0.0	0.0	0.0	0
284852	BIDF5_U3_hard_Vri_Gu	cycle	1	5	timer:2	1	skill	21292	0	0	MOST_HATED	0.0	0.0	0.0	0
284852	BIDF5_U3_hard_Vri_Gu	cycle	2	4	timer:1	0	arm	2	10000	0		0.0	0.0	0.0	0
284852	BIDF5_U3_hard_Vri_Gu	cycle	2	4	timer:1	1	skill	21299	0	0	MOST_HATED	0.0	0.0	0.0	0
284852	BIDF5_U3_hard_Vri_Gu	cycle	3	3	timer:0	0	arm	1	10000	0		0.0	0.0	0.0	0
284852	BIDF5_U3_hard_Vri_Gu	cycle	3	3	timer:0	1	skill	21292	0	0	MOST_HATED	0.0	0.0	0.0	0
284853	BIDF5_U3_hard_Vri_Ba	arm	0	2		0	arm	0	9000	0		0.0	0.0	0.0	0
284853	BIDF5_U3_hard_Vri_Ba	arm	0	2		1	skill	20715	0	0	MOST_HATED	0.0	0.0	0.0	0
284853	BIDF5_U3_hard_Vri_Ba	cycle	0	6	timer:3	0	arm	0	12000	0		0.0	0.0	0.0	0
284853	BIDF5_U3_hard_Vri_Ba	cycle	0	6	timer:3	1	skill	20714	0	0	MOST_HATED	0.0	0.0	0.0	0
284853	BIDF5_U3_hard_Vri_Ba	cycle	1	5	timer:2	0	arm	3	9000	0		0.0	0.0	0.0	0
284853	BIDF5_U3_hard_Vri_Ba	cycle	1	5	timer:2	1	skill	20960	0	0	MOST_HATED	0.0	0.0	0.0	0
284853	BIDF5_U3_hard_Vri_Ba	cycle	2	4	timer:1	0	arm	2	9000	0		0.0	0.0	0.0	0
284853	BIDF5_U3_hard_Vri_Ba	cycle	2	4	timer:1	1	skill	20959	0	0	MOST_HATED	0.0	0.0	0.0	0
284853	BIDF5_U3_hard_Vri_Ba	cycle	3	3	timer:0	0	arm	1	9000	0		0.0	0.0	0.0	0
284853	BIDF5_U3_hard_Vri_Ba	cycle	3	3	timer:0	1	skill	20960	0	0	MOST_HATED	0.0	0.0	0.0	0
284902	Britra_As_Poison_LowNmd	arm	0	7		0	arm	0	5000	0		0.0	0.0	0.0	0
284902	Britra_As_Poison_LowNmd	arm	0	7		1	skill	17322	0	0	MOST_HATED	0.0	0.0	0.0	0
284902	Britra_As_Poison_LowNmd	cycle	0	100	timer:0	0	arm	1	7000	0		0.0	0.0	0.0	0
284902	Britra_As_Poison_LowNmd	cycle	0	100	timer:0	1	skill	16678	0	0	MOST_HATED	0.0	0.0	0.0	0
284902	Britra_As_Poison_LowNmd	cycle	1	99	timer:1	0	arm	2	7000	0		0.0	0.0	0.0	0
284902	Britra_As_Poison_LowNmd	cycle	1	99	timer:1	1	skill	17332	0	0	MOST_HATED	0.0	0.0	0.0	0
284902	Britra_As_Poison_LowNmd	cycle	2	98	timer:2	0	arm	3	10000	0		0.0	0.0	0.0	0
284902	Britra_As_Poison_LowNmd	cycle	2	98	timer:2	1	skill	17295	0	0	MOST_HATED	0.0	0.0	0.0	0
284902	Britra_As_Poison_LowNmd	cycle	3	96	timer:3	0	arm	4	7000	0		0.0	0.0	0.0	0
284902	Britra_As_Poison_LowNmd	cycle	3	96	timer:3	1	skill	17322	0	0	MOST_HATED	0.0	0.0	0.0	0
284902	Britra_As_Poison_LowNmd	cycle	4	95	timer:4	0	arm	5	7000	0		0.0	0.0	0.0	0
284902	Britra_As_Poison_LowNmd	cycle	4	95	timer:4	1	skill	16678	0	0	MOST_HATED	0.0	0.0	0.0	0
284902	Britra_As_Poison_LowNmd	cycle	5	94	timer:5	0	arm	6	7000	0		0.0	0.0	0.0	0
284902	Britra_As_Poison_LowNmd	cycle	5	94	timer:5	1	skill	17295	0	0	MOST_HATED	0.0	0.0	0.0	0
284902	Britra_As_Poison_LowNmd	cycle	6	93	timer:6	0	arm	2	7000	0		0.0	0.0	0.0	0
284902	Britra_As_Poison_LowNmd	cycle	6	93	timer:6	1	skill	17332	0	0	MOST_HATED	0.0	0.0	0.0	0
284903	Britra_As_Poison_LowNmd	arm	0	7		0	arm	0	5000	0		0.0	0.0	0.0	0
284903	Britra_As_Poison_LowNmd	arm	0	7		1	skill	17322	0	0	MOST_HATED	0.0	0.0	0.0	0
284903	Britra_As_Poison_LowNmd	cycle	0	100	timer:0	0	arm	1	7000	0		0.0	0.0	0.0	0
284903	Britra_As_Poison_LowNmd	cycle	0	100	timer:0	1	skill	16678	0	0	MOST_HATED	0.0	0.0	0.0	0
284903	Britra_As_Poison_LowNmd	cycle	1	99	timer:1	0	arm	2	7000	0		0.0	0.0	0.0	0
284903	Britra_As_Poison_LowNmd	cycle	1	99	timer:1	1	skill	17332	0	0	MOST_HATED	0.0	0.0	0.0	0
284903	Britra_As_Poison_LowNmd	cycle	2	98	timer:2	0	arm	3	10000	0		0.0	0.0	0.0	0
284903	Britra_As_Poison_LowNmd	cycle	2	98	timer:2	1	skill	17295	0	0	MOST_HATED	0.0	0.0	0.0	0
284903	Britra_As_Poison_LowNmd	cycle	3	96	timer:3	0	arm	4	7000	0		0.0	0.0	0.0	0
284903	Britra_As_Poison_LowNmd	cycle	3	96	timer:3	1	skill	17322	0	0	MOST_HATED	0.0	0.0	0.0	0
284903	Britra_As_Poison_LowNmd	cycle	4	95	timer:4	0	arm	5	7000	0		0.0	0.0	0.0	0
284903	Britra_As_Poison_LowNmd	cycle	4	95	timer:4	1	skill	16678	0	0	MOST_HATED	0.0	0.0	0.0	0
284903	Britra_As_Poison_LowNmd	cycle	5	94	timer:5	0	arm	6	7000	0		0.0	0.0	0.0	0
284903	Britra_As_Poison_LowNmd	cycle	5	94	timer:5	1	skill	17295	0	0	MOST_HATED	0.0	0.0	0.0	0
284903	Britra_As_Poison_LowNmd	cycle	6	93	timer:6	0	arm	2	7000	0		0.0	0.0	0.0	0
284903	Britra_As_Poison_LowNmd	cycle	6	93	timer:6	1	skill	17332	0	0	MOST_HATED	0.0	0.0	0.0	0
284907	Britra_As_Poison_LowNmd	arm	0	7		0	arm	0	5000	0		0.0	0.0	0.0	0
284907	Britra_As_Poison_LowNmd	arm	0	7		1	skill	17322	0	0	MOST_HATED	0.0	0.0	0.0	0
284907	Britra_As_Poison_LowNmd	cycle	0	100	timer:0	0	arm	1	7000	0		0.0	0.0	0.0	0
284907	Britra_As_Poison_LowNmd	cycle	0	100	timer:0	1	skill	16678	0	0	MOST_HATED	0.0	0.0	0.0	0
284907	Britra_As_Poison_LowNmd	cycle	1	99	timer:1	0	arm	2	7000	0		0.0	0.0	0.0	0
284907	Britra_As_Poison_LowNmd	cycle	1	99	timer:1	1	skill	17332	0	0	MOST_HATED	0.0	0.0	0.0	0
284907	Britra_As_Poison_LowNmd	cycle	2	98	timer:2	0	arm	3	10000	0		0.0	0.0	0.0	0
284907	Britra_As_Poison_LowNmd	cycle	2	98	timer:2	1	skill	17295	0	0	MOST_HATED	0.0	0.0	0.0	0
284907	Britra_As_Poison_LowNmd	cycle	3	96	timer:3	0	arm	4	7000	0		0.0	0.0	0.0	0
284907	Britra_As_Poison_LowNmd	cycle	3	96	timer:3	1	skill	17322	0	0	MOST_HATED	0.0	0.0	0.0	0
284907	Britra_As_Poison_LowNmd	cycle	4	95	timer:4	0	arm	5	7000	0		0.0	0.0	0.0	0
284907	Britra_As_Poison_LowNmd	cycle	4	95	timer:4	1	skill	16678	0	0	MOST_HATED	0.0	0.0	0.0	0
284907	Britra_As_Poison_LowNmd	cycle	5	94	timer:5	0	arm	6	7000	0		0.0	0.0	0.0	0
284907	Britra_As_Poison_LowNmd	cycle	5	94	timer:5	1	skill	17295	0	0	MOST_HATED	0.0	0.0	0.0	0
284907	Britra_As_Poison_LowNmd	cycle	6	93	timer:6	0	arm	2	7000	0		0.0	0.0	0.0	0
284907	Britra_As_Poison_LowNmd	cycle	6	93	timer:6	1	skill	17332	0	0	MOST_HATED	0.0	0.0	0.0	0
284910	Britra_As_Poison_LowNmd	arm	0	7		0	arm	0	5000	0		0.0	0.0	0.0	0
284910	Britra_As_Poison_LowNmd	arm	0	7		1	skill	17322	0	0	MOST_HATED	0.0	0.0	0.0	0
284910	Britra_As_Poison_LowNmd	cycle	0	100	timer:0	0	arm	1	7000	0		0.0	0.0	0.0	0
284910	Britra_As_Poison_LowNmd	cycle	0	100	timer:0	1	skill	16678	0	0	MOST_HATED	0.0	0.0	0.0	0
284910	Britra_As_Poison_LowNmd	cycle	1	99	timer:1	0	arm	2	7000	0		0.0	0.0	0.0	0
284910	Britra_As_Poison_LowNmd	cycle	1	99	timer:1	1	skill	17332	0	0	MOST_HATED	0.0	0.0	0.0	0
284910	Britra_As_Poison_LowNmd	cycle	2	98	timer:2	0	arm	3	10000	0		0.0	0.0	0.0	0
284910	Britra_As_Poison_LowNmd	cycle	2	98	timer:2	1	skill	17295	0	0	MOST_HATED	0.0	0.0	0.0	0
284910	Britra_As_Poison_LowNmd	cycle	3	96	timer:3	0	arm	4	7000	0		0.0	0.0	0.0	0
284910	Britra_As_Poison_LowNmd	cycle	3	96	timer:3	1	skill	17322	0	0	MOST_HATED	0.0	0.0	0.0	0
284910	Britra_As_Poison_LowNmd	cycle	4	95	timer:4	0	arm	5	7000	0		0.0	0.0	0.0	0
284910	Britra_As_Poison_LowNmd	cycle	4	95	timer:4	1	skill	16678	0	0	MOST_HATED	0.0	0.0	0.0	0
284910	Britra_As_Poison_LowNmd	cycle	5	94	timer:5	0	arm	6	7000	0		0.0	0.0	0.0	0
284910	Britra_As_Poison_LowNmd	cycle	5	94	timer:5	1	skill	17295	0	0	MOST_HATED	0.0	0.0	0.0	0
284910	Britra_As_Poison_LowNmd	cycle	6	93	timer:6	0	arm	2	7000	0		0.0	0.0	0.0	0
284910	Britra_As_Poison_LowNmd	cycle	6	93	timer:6	1	skill	17332	0	0	MOST_HATED	0.0	0.0	0.0	0
284911	IDLDF5Re_03_N_Vritra43_TiamatDrakan_Pr_65_An	arm	0	80		0	arm	0	5000	0		0.0	0.0	0.0	0
284911	IDLDF5Re_03_N_Vritra43_TiamatDrakan_Pr_65_An	cycle	0	33	timer:2	0	arm	0	10000	0		0.0	0.0	0.0	0
284911	IDLDF5Re_03_N_Vritra43_TiamatDrakan_Pr_65_An	cycle	0	33	timer:2	1	skill	20517	0	0	MOST_HATED	0.0	0.0	0.0	0
284911	IDLDF5Re_03_N_Vritra43_TiamatDrakan_Pr_65_An	cycle	1	32	timer:1	0	arm	2	10000	0		0.0	0.0	0.0	0
284911	IDLDF5Re_03_N_Vritra43_TiamatDrakan_Pr_65_An	cycle	1	32	timer:1	1	skill	20514	0	0	ME	0.0	0.0	0.0	0
284911	IDLDF5Re_03_N_Vritra43_TiamatDrakan_Pr_65_An	cycle	2	31	timer:0	0	arm	1	10000	0		0.0	0.0	0.0	0
284911	IDLDF5Re_03_N_Vritra43_TiamatDrakan_Pr_65_An	cycle	2	31	timer:0	1	skill	20517	0	0	MOST_HATED	0.0	0.0	0.0	0
284912	IDLDF5Re_03_N_Vritra43_TiamatDrakan_Pr_65_An	arm	0	80		0	arm	0	5000	0		0.0	0.0	0.0	0
284912	IDLDF5Re_03_N_Vritra43_TiamatDrakan_Pr_65_An	cycle	0	33	timer:2	0	arm	0	10000	0		0.0	0.0	0.0	0
284912	IDLDF5Re_03_N_Vritra43_TiamatDrakan_Pr_65_An	cycle	0	33	timer:2	1	skill	20517	0	0	MOST_HATED	0.0	0.0	0.0	0
284912	IDLDF5Re_03_N_Vritra43_TiamatDrakan_Pr_65_An	cycle	1	32	timer:1	0	arm	2	10000	0		0.0	0.0	0.0	0
284912	IDLDF5Re_03_N_Vritra43_TiamatDrakan_Pr_65_An	cycle	1	32	timer:1	1	skill	20514	0	0	ME	0.0	0.0	0.0	0
284912	IDLDF5Re_03_N_Vritra43_TiamatDrakan_Pr_65_An	cycle	2	31	timer:0	0	arm	1	10000	0		0.0	0.0	0.0	0
284912	IDLDF5Re_03_N_Vritra43_TiamatDrakan_Pr_65_An	cycle	2	31	timer:0	1	skill	20517	0	0	MOST_HATED	0.0	0.0	0.0	0
284914	Britra_Table	arm	0	7		0	arm	0	7000	0		0.0	0.0	0.0	0
284914	Britra_Table	arm	0	7		1	skill	17294	0	0	MOST_HATED	0.0	0.0	0.0	0
284914	Britra_Table	cycle	0	100	timer:0	0	arm	1	10000	0		0.0	0.0	0.0	0
284914	Britra_Table	cycle	0	100	timer:0	1	skill	17295	0	0	MOST_HATED	0.0	0.0	0.0	0
284914	Britra_Table	cycle	1	99	timer:1	0	arm	0	7000	0		0.0	0.0	0.0	0
284914	Britra_Table	cycle	1	99	timer:1	1	skill	17294	0	0	MOST_HATED	0.0	0.0	0.0	0
284915	Britra_As_Poison_LowNmd	arm	0	7		0	arm	0	5000	0		0.0	0.0	0.0	0
284915	Britra_As_Poison_LowNmd	arm	0	7		1	skill	17322	0	0	MOST_HATED	0.0	0.0	0.0	0
284915	Britra_As_Poison_LowNmd	cycle	0	100	timer:0	0	arm	1	7000	0		0.0	0.0	0.0	0
284915	Britra_As_Poison_LowNmd	cycle	0	100	timer:0	1	skill	16678	0	0	MOST_HATED	0.0	0.0	0.0	0
284915	Britra_As_Poison_LowNmd	cycle	1	99	timer:1	0	arm	2	7000	0		0.0	0.0	0.0	0
284915	Britra_As_Poison_LowNmd	cycle	1	99	timer:1	1	skill	17332	0	0	MOST_HATED	0.0	0.0	0.0	0
284915	Britra_As_Poison_LowNmd	cycle	2	98	timer:2	0	arm	3	10000	0		0.0	0.0	0.0	0
284915	Britra_As_Poison_LowNmd	cycle	2	98	timer:2	1	skill	17295	0	0	MOST_HATED	0.0	0.0	0.0	0
284915	Britra_As_Poison_LowNmd	cycle	3	96	timer:3	0	arm	4	7000	0		0.0	0.0	0.0	0
284915	Britra_As_Poison_LowNmd	cycle	3	96	timer:3	1	skill	17322	0	0	MOST_HATED	0.0	0.0	0.0	0
284915	Britra_As_Poison_LowNmd	cycle	4	95	timer:4	0	arm	5	7000	0		0.0	0.0	0.0	0
284915	Britra_As_Poison_LowNmd	cycle	4	95	timer:4	1	skill	16678	0	0	MOST_HATED	0.0	0.0	0.0	0
284915	Britra_As_Poison_LowNmd	cycle	5	94	timer:5	0	arm	6	7000	0		0.0	0.0	0.0	0
284915	Britra_As_Poison_LowNmd	cycle	5	94	timer:5	1	skill	17295	0	0	MOST_HATED	0.0	0.0	0.0	0
284915	Britra_As_Poison_LowNmd	cycle	6	93	timer:6	0	arm	2	7000	0		0.0	0.0	0.0	0
284915	Britra_As_Poison_LowNmd	cycle	6	93	timer:6	1	skill	17332	0	0	MOST_HATED	0.0	0.0	0.0	0
284917	Britra_Table	arm	0	7		0	arm	0	7000	0		0.0	0.0	0.0	0
284917	Britra_Table	arm	0	7		1	skill	17294	0	0	MOST_HATED	0.0	0.0	0.0	0
284917	Britra_Table	cycle	0	100	timer:0	0	arm	1	10000	0		0.0	0.0	0.0	0
284917	Britra_Table	cycle	0	100	timer:0	1	skill	17295	0	0	MOST_HATED	0.0	0.0	0.0	0
284917	Britra_Table	cycle	1	99	timer:1	0	arm	0	7000	0		0.0	0.0	0.0	0
284917	Britra_Table	cycle	1	99	timer:1	1	skill	17294	0	0	MOST_HATED	0.0	0.0	0.0	0
284918	Britra_As_Poison_LowNmd	arm	0	7		0	arm	0	5000	0		0.0	0.0	0.0	0
284918	Britra_As_Poison_LowNmd	arm	0	7		1	skill	17322	0	0	MOST_HATED	0.0	0.0	0.0	0
284918	Britra_As_Poison_LowNmd	cycle	0	100	timer:0	0	arm	1	7000	0		0.0	0.0	0.0	0
284918	Britra_As_Poison_LowNmd	cycle	0	100	timer:0	1	skill	16678	0	0	MOST_HATED	0.0	0.0	0.0	0
284918	Britra_As_Poison_LowNmd	cycle	1	99	timer:1	0	arm	2	7000	0		0.0	0.0	0.0	0
284918	Britra_As_Poison_LowNmd	cycle	1	99	timer:1	1	skill	17332	0	0	MOST_HATED	0.0	0.0	0.0	0
284918	Britra_As_Poison_LowNmd	cycle	2	98	timer:2	0	arm	3	10000	0		0.0	0.0	0.0	0
284918	Britra_As_Poison_LowNmd	cycle	2	98	timer:2	1	skill	17295	0	0	MOST_HATED	0.0	0.0	0.0	0
284918	Britra_As_Poison_LowNmd	cycle	3	96	timer:3	0	arm	4	7000	0		0.0	0.0	0.0	0
284918	Britra_As_Poison_LowNmd	cycle	3	96	timer:3	1	skill	17322	0	0	MOST_HATED	0.0	0.0	0.0	0
284918	Britra_As_Poison_LowNmd	cycle	4	95	timer:4	0	arm	5	7000	0		0.0	0.0	0.0	0
284918	Britra_As_Poison_LowNmd	cycle	4	95	timer:4	1	skill	16678	0	0	MOST_HATED	0.0	0.0	0.0	0
284918	Britra_As_Poison_LowNmd	cycle	5	94	timer:5	0	arm	6	7000	0		0.0	0.0	0.0	0
284918	Britra_As_Poison_LowNmd	cycle	5	94	timer:5	1	skill	17295	0	0	MOST_HATED	0.0	0.0	0.0	0
284918	Britra_As_Poison_LowNmd	cycle	6	93	timer:6	0	arm	2	7000	0		0.0	0.0	0.0	0
284918	Britra_As_Poison_LowNmd	cycle	6	93	timer:6	1	skill	17332	0	0	MOST_HATED	0.0	0.0	0.0	0
284936	LDF4_Advance_DrakanTiamat_Pr	arm	0	7		0	arm	1	6000	0		0.0	0.0	0.0	0
284936	LDF4_Advance_DrakanTiamat_Pr	cycle	0	7	timer:1	0	arm	1	10000	0		0.0	0.0	0.0	0
284936	LDF4_Advance_DrakanTiamat_Pr	cycle	0	7	timer:1	1	skill	20517	0	0	MOST_HATED	0.0	0.0	0.0	0
284965	IDLDF4_Re_01_DrakanRa	arm	0	7		0	arm	0	5000	0		0.0	0.0	0.0	0
284965	IDLDF4_Re_01_DrakanRa	arm	0	7		1	arm	1	5000	0		0.0	0.0	0.0	0
284965	IDLDF4_Re_01_DrakanRa	arm	0	7		2	broadcast	40001	50	0		0.0	0.0	0.0	0
284965	IDLDF4_Re_01_DrakanRa	cycle	0	6	hp_between:51:99|timer:0	0	arm	0	10000	0		0.0	0.0	0.0	0
284965	IDLDF4_Re_01_DrakanRa	cycle	0	6	hp_between:51:99|timer:0	1	skill	16812	0	0	MOST_HATED	0.0	0.0	0.0	0
284965	IDLDF4_Re_01_DrakanRa	cycle	1	5	hp_below:49|timer:1	0	arm	2	10000	0		0.0	0.0	0.0	0
284965	IDLDF4_Re_01_DrakanRa	cycle	1	5	hp_below:49|timer:1	1	skill	16517	0	0	ME	0.0	0.0	0.0	0
284965	IDLDF4_Re_01_DrakanRa	cycle	2	4	hp_below:49|timer:2	0	arm	3	10000	0		0.0	0.0	0.0	0
284965	IDLDF4_Re_01_DrakanRa	cycle	2	4	hp_below:49|timer:2	1	skill	16812	0	0	MOST_HATED	0.0	0.0	0.0	0
284965	IDLDF4_Re_01_DrakanRa	cycle	3	3	hp_below:49|timer:3	0	arm	3	10000	0		0.0	0.0	0.0	0
284965	IDLDF4_Re_01_DrakanRa	cycle	3	3	hp_below:49|timer:3	1	skill	16812	0	0	MOST_HATED	0.0	0.0	0.0	0
284965	IDLDF4_Re_01_DrakanRa	cycle	4	2	timer:1	0	arm	1	5000	0		0.0	0.0	0.0	0
284965	IDLDF4_Re_01_DrakanRa	cycle	5	1	timer:0	0	arm	0	5000	0		0.0	0.0	0.0	0
284966	IDLDF4_Re_01_DrakanAs	arm	0	7		0	arm	0	5000	0		0.0	0.0	0.0	0
284966	IDLDF4_Re_01_DrakanAs	arm	0	7		1	arm	1	5000	0		0.0	0.0	0.0	0
284966	IDLDF4_Re_01_DrakanAs	cycle	0	6	hp_between:51:99|timer:0	0	arm	0	10000	0		0.0	0.0	0.0	0
284966	IDLDF4_Re_01_DrakanAs	cycle	0	6	hp_between:51:99|timer:0	1	skill	17332	0	0	MOST_HATED	0.0	0.0	0.0	0
284966	IDLDF4_Re_01_DrakanAs	cycle	1	5	hp_below:49|timer:1	0	arm	2	10000	0		0.0	0.0	0.0	0
284966	IDLDF4_Re_01_DrakanAs	cycle	1	5	hp_below:49|timer:1	1	skill	21289	0	0	MOST_HATED	0.0	0.0	0.0	0
284966	IDLDF4_Re_01_DrakanAs	cycle	1	5	hp_below:49|timer:1	2	skill	17321	0	0	MOST_HATED	0.0	0.0	0.0	0
284966	IDLDF4_Re_01_DrakanAs	cycle	2	4	hp_below:49|timer:2	0	arm	3	10000	0		0.0	0.0	0.0	0
284966	IDLDF4_Re_01_DrakanAs	cycle	2	4	hp_below:49|timer:2	1	skill	17332	0	0	MOST_HATED	0.0	0.0	0.0	0
284966	IDLDF4_Re_01_DrakanAs	cycle	3	3	hp_below:49|timer:3	0	arm	3	10000	0		0.0	0.0	0.0	0
284966	IDLDF4_Re_01_DrakanAs	cycle	3	3	hp_below:49|timer:3	1	skill	17332	0	0	MOST_HATED	0.0	0.0	0.0	0
284966	IDLDF4_Re_01_DrakanAs	cycle	4	2	timer:1	0	arm	1	5000	0		0.0	0.0	0.0	0
284966	IDLDF4_Re_01_DrakanAs	cycle	5	1	timer:0	0	arm	0	5000	0		0.0	0.0	0.0	0
284967	IDLDF4_Re_01_DrakanFi	arm	0	7		0	arm	0	5000	0		0.0	0.0	0.0	0
284967	IDLDF4_Re_01_DrakanFi	arm	0	7		1	arm	1	5000	0		0.0	0.0	0.0	0
284967	IDLDF4_Re_01_DrakanFi	cycle	0	6	hp_between:51:99|timer:0	0	arm	0	10000	0		0.0	0.0	0.0	0
284967	IDLDF4_Re_01_DrakanFi	cycle	0	6	hp_between:51:99|timer:0	1	skill	17294	0	0	MOST_HATED	0.0	0.0	0.0	0
284967	IDLDF4_Re_01_DrakanFi	cycle	1	5	hp_below:49|timer:1	0	arm	2	10000	0		0.0	0.0	0.0	0
284967	IDLDF4_Re_01_DrakanFi	cycle	1	5	hp_below:49|timer:1	1	skill	16519	0	0	MOST_HATED	0.0	0.0	0.0	0
284967	IDLDF4_Re_01_DrakanFi	cycle	2	4	hp_below:49|timer:2	0	arm	3	10000	0		0.0	0.0	0.0	0
284967	IDLDF4_Re_01_DrakanFi	cycle	2	4	hp_below:49|timer:2	1	skill	17294	0	0	MOST_HATED	0.0	0.0	0.0	0
284967	IDLDF4_Re_01_DrakanFi	cycle	3	3	hp_below:49|timer:3	0	arm	3	10000	0		0.0	0.0	0.0	0
284967	IDLDF4_Re_01_DrakanFi	cycle	3	3	hp_below:49|timer:3	1	skill	17294	0	0	MOST_HATED	0.0	0.0	0.0	0
284967	IDLDF4_Re_01_DrakanFi	cycle	4	2	timer:1	0	arm	1	5000	0		0.0	0.0	0.0	0
284967	IDLDF4_Re_01_DrakanFi	cycle	5	1	timer:0	0	arm	0	5000	0		0.0	0.0	0.0	0
286759	AD2_BT10st0	arm	0	1		0	arm	0	10000	0		0.0	0.0	0.0	0
286759	AD2_BT10st0	cycle	0	2	timer:0	0	arm	0	10000	0		0.0	0.0	0.0	0
286759	AD2_BT10st0	cycle	0	2	timer:0	1	skill	17167	0	0	MOST_HATED	0.0	0.0	0.0	0
286760	AD2_BT10st0	arm	0	1		0	arm	0	10000	0		0.0	0.0	0.0	0
286760	AD2_BT10st0	cycle	0	2	timer:0	0	arm	0	10000	0		0.0	0.0	0.0	0
286760	AD2_BT10st0	cycle	0	2	timer:0	1	skill	16549	0	0	MOST_HATED	0.0	0.0	0.0	0
286761	AD2_BT10st0	arm	0	1		0	arm	0	10000	0		0.0	0.0	0.0	0
286761	AD2_BT10st0	cycle	0	2	timer:0	0	arm	0	10000	0		0.0	0.0	0.0	0
286761	AD2_BT10st0	cycle	0	2	timer:0	1	skill	16829	0	0	MOST_HATED	0.0	0.0	0.0	0
286762	AD2_BT10st0	arm	0	1		0	arm	0	10000	0		0.0	0.0	0.0	0
286762	AD2_BT10st0	cycle	0	2	timer:0	0	arm	0	10000	0		0.0	0.0	0.0	0
286762	AD2_BT10st0	cycle	0	2	timer:0	1	skill	18478	0	0	MOST_HATED	0.0	0.0	0.0	0
286763	AD2_BT10st0	arm	0	1		0	arm	0	10000	0		0.0	0.0	0.0	0
286763	AD2_BT10st0	cycle	0	2	timer:0	0	arm	0	10000	0		0.0	0.0	0.0	0
286763	AD2_BT10st0	cycle	0	2	timer:0	1	skill	17405	0	0	MOST_HATED	0.0	0.0	0.0	0
286764	AD2_BT10st0	arm	0	1		0	arm	0	10000	0		0.0	0.0	0.0	0
286764	AD2_BT10st0	cycle	0	2	timer:0	0	arm	0	10000	0		0.0	0.0	0.0	0
286764	AD2_BT10st0	cycle	0	2	timer:0	1	skill	17123	0	0	MOST_HATED	0.0	0.0	0.0	0
286765	AD2_BT10st0	arm	0	1		0	arm	0	10000	0		0.0	0.0	0.0	0
286765	AD2_BT10st0	cycle	0	2	timer:0	0	arm	0	10000	0		0.0	0.0	0.0	0
286765	AD2_BT10st0	cycle	0	2	timer:0	1	skill	16557	0	0	MOST_HATED	0.0	0.0	0.0	0
286766	AD2_BT10st0	arm	0	1		0	arm	0	10000	0		0.0	0.0	0.0	0
286766	AD2_BT10st0	cycle	0	2	timer:0	0	arm	0	10000	0		0.0	0.0	0.0	0
286766	AD2_BT10st0	cycle	0	2	timer:0	1	skill	16762	0	0	MOST_HATED	0.0	0.0	0.0	0
286767	AD2_BT10st0	arm	0	1		0	arm	0	10000	0		0.0	0.0	0.0	0
286767	AD2_BT10st0	cycle	0	2	timer:0	0	arm	0	10000	0		0.0	0.0	0.0	0
286767	AD2_BT10st0	cycle	0	2	timer:0	1	skill	16714	0	0	MOST_HATED	0.0	0.0	0.0	0
286768	AD2_BT10st0	arm	0	1		0	arm	0	10000	0		0.0	0.0	0.0	0
286768	AD2_BT10st0	cycle	0	2	timer:0	0	arm	0	10000	0		0.0	0.0	0.0	0
286768	AD2_BT10st0	cycle	0	2	timer:0	1	skill	16585	0	0	MOST_HATED	0.0	0.0	0.0	0
286769	AD2_BT10st0	arm	0	1		0	arm	0	10000	0		0.0	0.0	0.0	0
286769	AD2_BT10st0	cycle	0	2	timer:0	0	arm	0	10000	0		0.0	0.0	0.0	0
286769	AD2_BT10st0	cycle	0	2	timer:0	1	skill	17498	0	0	MOST_HATED	0.0	0.0	0.0	0
286770	AD2_BT10st0	arm	0	1		0	arm	0	10000	0		0.0	0.0	0.0	0
286770	AD2_BT10st0	cycle	0	2	timer:0	0	arm	0	10000	0		0.0	0.0	0.0	0
286770	AD2_BT10st0	cycle	0	2	timer:0	1	skill	16521	0	0	MOST_HATED	0.0	0.0	0.0	0
286771	AD2_BT10st0	arm	0	1		0	arm	0	10000	0		0.0	0.0	0.0	0
286771	AD2_BT10st0	cycle	0	2	timer:0	0	arm	0	10000	0		0.0	0.0	0.0	0
286771	AD2_BT10st0	cycle	0	2	timer:0	1	skill	16492	0	0	MOST_HATED	0.0	0.0	0.0	0
286772	AD2_BT10st0	arm	0	1		0	arm	0	10000	0		0.0	0.0	0.0	0
286772	AD2_BT10st0	cycle	0	2	timer:0	0	arm	0	10000	0		0.0	0.0	0.0	0
286772	AD2_BT10st0	cycle	0	2	timer:0	1	skill	16422	0	0	MOST_HATED	0.0	0.0	0.0	0
286773	AD2_BT10st0	arm	0	1		0	arm	0	10000	0		0.0	0.0	0.0	0
286773	AD2_BT10st0	cycle	0	2	timer:0	0	arm	0	10000	0		0.0	0.0	0.0	0
286773	AD2_BT10st0	cycle	0	2	timer:0	1	skill	16520	0	0	MOST_HATED	0.0	0.0	0.0	0
286774	AD2_BT10st0	arm	0	1		0	arm	0	10000	0		0.0	0.0	0.0	0
286774	AD2_BT10st0	cycle	0	2	timer:0	0	arm	0	10000	0		0.0	0.0	0.0	0
286774	AD2_BT10st0	cycle	0	2	timer:0	1	skill	17066	0	0	MOST_HATED	0.0	0.0	0.0	0
286775	AD2_BT10st0	arm	0	1		0	arm	0	10000	0		0.0	0.0	0.0	0
286775	AD2_BT10st0	cycle	0	2	timer:0	0	arm	0	10000	0		0.0	0.0	0.0	0
286775	AD2_BT10st0	cycle	0	2	timer:0	1	skill	16784	0	0	MOST_HATED	0.0	0.0	0.0	0
286776	AD2_BT10st0	arm	0	1		0	arm	0	10000	0		0.0	0.0	0.0	0
286776	AD2_BT10st0	cycle	0	2	timer:0	0	arm	0	10000	0		0.0	0.0	0.0	0
286776	AD2_BT10st0	cycle	0	2	timer:0	1	skill	16523	0	0	MOST_HATED	0.0	0.0	0.0	0
286777	AD2_BT10st0	arm	0	1		0	arm	0	10000	0		0.0	0.0	0.0	0
286777	AD2_BT10st0	cycle	0	2	timer:0	0	arm	0	10000	0		0.0	0.0	0.0	0
286777	AD2_BT10st0	cycle	0	2	timer:0	1	skill	16554	0	0	MOST_HATED	0.0	0.0	0.0	0
286907	testai63	arm	0	3		0	arm	0	15000	0		0.0	0.0	0.0	0
286907	testai63	arm	0	3		1	arm	1	6000	0		0.0	0.0	0.0	0
286907	testai63	arm	0	3		2	skill	16399	0	0	ME	0.0	0.0	0.0	0
286907	testai63	cycle	0	7	timer:0|hp_between:52:99	0	arm	2	15000	0		0.0	0.0	0.0	0
286907	testai63	cycle	0	7	timer:0|hp_between:52:99	1	skill	16519	0	0	MOST_HATED	0.0	0.0	0.0	0
286907	testai63	cycle	1	6	timer:1|hp_below:50	0	arm	2	20000	0		0.0	0.0	0.0	0
286907	testai63	cycle	1	6	timer:1|hp_below:50	1	skill	16409	0	0	ME	0.0	0.0	0.0	0
286907	testai63	cycle	1	6	timer:1|hp_below:50	2	skill	18489	0	0	MOST_HATED	0.0	0.0	0.0	0
286907	testai63	cycle	2	5	timer:2|hp_between:2:48	0	arm	2	20000	0		0.0	0.0	0.0	0
286907	testai63	cycle	2	5	timer:2|hp_between:2:48	1	skill	18537	0	0	MOST_HATED	0.0	0.0	0.0	0
286907	testai63	cycle	3	4	timer:0|hp_between:1:49	0	skill	18491	0	0	ME	0.0	0.0	0.0	0
286920	TestAI68	arm	0	7		0	say	340023	0	0		0.0	0.0	0.0	0
286920	TestAI68	arm	0	7		1	arm	0	15000	0		0.0	0.0	0.0	0
286920	TestAI68	arm	0	7		2	skill	16399	0	0	ME	0.0	0.0	0.0	0
286920	TestAI68	cycle	0	6	hp_between:52:99|timer:0	0	say	340695	0	0		0.0	0.0	0.0	0
286920	TestAI68	cycle	0	6	hp_between:52:99|timer:0	1	arm	0	15000	0		0.0	0.0	0.0	0
286920	TestAI68	cycle	0	6	hp_between:52:99|timer:0	2	skill	17230	0	0	MOST_HATED	0.0	0.0	0.0	0
286920	TestAI68	cycle	1	5	hp_below:50|timer:0	0	say	340342	0	0		0.0	0.0	0.0	0
286920	TestAI68	cycle	1	5	hp_below:50|timer:0	1	arm	1	20000	0		0.0	0.0	0.0	0
286920	TestAI68	cycle	1	5	hp_below:50|timer:0	2	arm	5	6000	0		0.0	0.0	0.0	0
286920	TestAI68	cycle	1	5	hp_below:50|timer:0	3	skill	18196	0	0	ME	0.0	0.0	0.0	0
286920	TestAI68	cycle	1	5	hp_below:50|timer:0	4	skill	16784	0	0	MOST_HATED	0.0	0.0	0.0	0
286920	TestAI68	cycle	2	4	hp_below:50|timer:5	0	say	340694	0	0		0.0	0.0	0.0	0
286920	TestAI68	cycle	2	4	hp_below:50|timer:5	1	arm	5	15000	0		0.0	0.0	0.0	0
286920	TestAI68	cycle	2	4	hp_below:50|timer:5	2	skill	16542	0	0	MOST_HATED	0.0	0.0	0.0	0
286920	TestAI68	cycle	3	3	hp_below:50|timer:1	0	say	340500	0	0		0.0	0.0	0.0	0
286920	TestAI68	cycle	3	3	hp_below:50|timer:1	1	arm	1	20000	0		0.0	0.0	0.0	0
286920	TestAI68	cycle	3	3	hp_below:50|timer:1	2	skill	16532	0	0	ME	0.0	0.0	0.0	0
286926	Test_JM_Monster_1	arm	0	7		0	arm	0	15000	0		0.0	0.0	0.0	0
286926	Test_JM_Monster_1	cycle	0	7	timer:0	0	arm	0	15000	0		0.0	0.0	0.0	0
286926	Test_JM_Monster_1	cycle	0	7	timer:0	1	skill	19338	0	0	MOST_HATED	0.0	0.0	0.0	0
287026	Test_Basic_Monster_AI_JKA_5	arm	0	15		0	arm	0	30000	0		0.0	0.0	0.0	0
287026	Test_Basic_Monster_AI_JKA_5	cycle	0	12	timer:0	0	skill	16571	0	0	MOST_HATED	0.0	0.0	0.0	0
287026	Test_Basic_Monster_AI_JKA_5	cycle	0	12	timer:0	1	arm	0	30000	0		0.0	0.0	0.0	0
287028	Test_Basic_Monster_AI_JKA_7	arm	0	20		0	skill	20240	0	0	ME	0.0	0.0	0.0	0
287028	Test_Basic_Monster_AI_JKA_7	arm	0	20		1	say	1500376	0	0		0.0	0.0	0.0	0
287028	Test_Basic_Monster_AI_JKA_7	cycle	0	18	timer:0	0	skill	18209	0	0	ME	0.0	0.0	0.0	0
287028	Test_Basic_Monster_AI_JKA_7	cycle	0	18	timer:0	1	arm	0	9000	0		0.0	0.0	0.0	0
287029	Test_Basic_Monster_AI_JKA_8	arm	0	20		0	arm	0	6000	0		0.0	0.0	0.0	0
287029	Test_Basic_Monster_AI_JKA_8	cycle	0	19	timer:0	0	skill	17879	0	0	MOST_HATED	0.0	0.0	0.0	0
287029	Test_Basic_Monster_AI_JKA_8	cycle	0	19	timer:0	1	arm	0	6000	0		0.0	0.0	0.0	0
287036	Test_Basic_Monster_AI_LHJ_4	arm	0	7		0	arm	5	7000	0		0.0	0.0	0.0	0
287036	Test_Basic_Monster_AI_LHJ_4	cycle	0	7	timer:5	0	broadcast	88888	50	0		0.0	0.0	0.0	0
287036	Test_Basic_Monster_AI_LHJ_4	cycle	0	7	timer:5	1	arm	5	7000	0		0.0	0.0	0.0	0
287037	Test_Basic_Monster_AI_LHJ_5	arm	0	9		0	arm	20	5000	0		0.0	0.0	0.0	0
287037	Test_Basic_Monster_AI_LHJ_5	cycle	0	7	timer:20	0	skill	19053	0	0	MOST_HATED	0.0	0.0	0.0	0
287037	Test_Basic_Monster_AI_LHJ_5	cycle	0	7	timer:20	1	arm	20	5000	0		0.0	0.0	0.0	0
287045	Test_Basic_Monster_AI_KSG_7	arm	0	2		0	arm	0	1000	0		0.0	0.0	0.0	0
287045	Test_Basic_Monster_AI_KSG_7	arm	0	2		1	skill	19857	0	0	ME	0.0	0.0	0.0	0
287045	Test_Basic_Monster_AI_KSG_7	arm	0	2		2	skill	20489	0	0	ME	0.0	0.0	0.0	0
287045	Test_Basic_Monster_AI_KSG_7	cycle	0	3	timer:0	0	spawn	287042	10	0	self	0.0	0.0	0.0	0
287046	Test_Basic_Monster_AI_KSG_8	arm	0	2		0	arm	0	1000	0		0.0	0.0	0.0	0
287046	Test_Basic_Monster_AI_KSG_8	arm	0	2		1	skill	20110	0	0	ME	0.0	0.0	0.0	0
287046	Test_Basic_Monster_AI_KSG_8	arm	0	2		2	skill	18199	0	0	MOST_HATED	0.0	0.0	0.0	0
287046	Test_Basic_Monster_AI_KSG_8	cycle	0	3	timer:0	0	spawn	287042	10	0	self	0.0	0.0	0.0	0
287189	Test_Basic_Monster_AI_GHB_2	arm	0	7		0	arm	0	6000	0		0.0	0.0	0.0	0
287189	Test_Basic_Monster_AI_GHB_2	cycle	0	7	timer:0	0	skill	21300	0	0	MOST_HATED	0.0	0.0	0.0	0
287189	Test_Basic_Monster_AI_GHB_2	cycle	0	7	timer:0	1	arm	0	6000	0		0.0	0.0	0.0	0
287221	TEST_MONSTER_JSJ_02	arm	0	7		0	arm	0	6000	0		0.0	0.0	0.0	0
287221	TEST_MONSTER_JSJ_02	arm	0	7		1	arm	1	16000	0		0.0	0.0	0.0	0
287221	TEST_MONSTER_JSJ_02	cycle	0	7	timer:0	0	skill	16519	0	0	MOST_HATED	0.0	0.0	0.0	0
287221	TEST_MONSTER_JSJ_02	cycle	1	7	timer:1	0	skill	16520	0	0	MOST_HATED	0.0	0.0	0.0	0
287221	TEST_MONSTER_JSJ_02	cycle	1	7	timer:1	1	arm	1	10000	0		0.0	0.0	0.0	0
287253	Test_Basic_Monster_AI_KJH03	arm	0	7		0	arm	0	10000	0		0.0	0.0	0.0	0
287253	Test_Basic_Monster_AI_KJH03	cycle	0	7	timer:0	0	arm	0	10000	0		0.0	0.0	0.0	0
287253	Test_Basic_Monster_AI_KJH03	cycle	0	7	timer:0	1	skill	17483	0	0	MOST_HATED	0.0	0.0	0.0	0
287254	Test_Basic_Monster_AI_KJH04	arm	0	7		0	arm	0	12000	0		0.0	0.0	0.0	0
287254	Test_Basic_Monster_AI_KJH04	cycle	0	7	timer:0	0	arm	0	12000	0		0.0	0.0	0.0	0
287254	Test_Basic_Monster_AI_KJH04	cycle	0	7	timer:0	1	skill	17364	0	0	ME	0.0	0.0	0.0	0
287255	LDF4_Advance_Killer_01_Li	arm	0	7		0	arm	0	10000	0		0.0	0.0	0.0	0
287255	LDF4_Advance_Killer_01_Li	cycle	0	10	timer:0	0	arm	1	10000	0		0.0	0.0	0.0	0
287255	LDF4_Advance_Killer_01_Li	cycle	0	10	timer:0	1	skill	21667	0	0	MOST_HATED	0.0	0.0	0.0	0
287255	LDF4_Advance_Killer_01_Li	cycle	1	9	timer:1	0	arm	2	10000	0		0.0	0.0	0.0	0
287255	LDF4_Advance_Killer_01_Li	cycle	1	9	timer:1	1	skill	21665	0	0	MOST_HATED	0.0	0.0	0.0	0
287255	LDF4_Advance_Killer_01_Li	cycle	2	8	timer:2	0	arm	3	10000	0		0.0	0.0	0.0	0
287255	LDF4_Advance_Killer_01_Li	cycle	2	8	timer:2	1	skill	21668	0	0	MOST_HATED	0.0	0.0	0.0	0
287255	LDF4_Advance_Killer_01_Li	cycle	3	7	timer:3	0	arm	4	10000	0		0.0	0.0	0.0	0
287255	LDF4_Advance_Killer_01_Li	cycle	3	7	timer:3	1	skill	21669	0	0	MOST_HATED	0.0	0.0	0.0	0
287255	LDF4_Advance_Killer_01_Li	cycle	4	6	timer:4	0	arm	5	10000	0		0.0	0.0	0.0	0
287255	LDF4_Advance_Killer_01_Li	cycle	4	6	timer:4	1	skill	21672	0	0	MOST_HATED	0.0	0.0	0.0	0
287255	LDF4_Advance_Killer_01_Li	cycle	5	5	timer:5	0	arm	6	10000	0		0.0	0.0	0.0	0
287255	LDF4_Advance_Killer_01_Li	cycle	5	5	timer:5	1	skill	21666	0	0	MOST_HATED	0.0	0.0	0.0	0
287255	LDF4_Advance_Killer_01_Li	cycle	6	4	timer:6	0	arm	7	10000	0		0.0	0.0	0.0	0
287255	LDF4_Advance_Killer_01_Li	cycle	6	4	timer:6	1	skill	21670	0	0	MOST_HATED	0.0	0.0	0.0	0
287255	LDF4_Advance_Killer_01_Li	cycle	7	3	timer:7	0	arm	8	10000	0		0.0	0.0	0.0	0
287255	LDF4_Advance_Killer_01_Li	cycle	7	3	timer:7	1	skill	21671	0	0	ME	0.0	0.0	0.0	0
287255	LDF4_Advance_Killer_01_Li	cycle	8	2	timer:8	0	arm	9	10000	0		0.0	0.0	0.0	0
287255	LDF4_Advance_Killer_01_Li	cycle	8	2	timer:8	1	skill	21727	0	0	MOST_HATED	0.0	0.0	0.0	0
287255	LDF4_Advance_Killer_01_Li	cycle	9	1	timer:9	0	arm	0	10000	0		0.0	0.0	0.0	0
287255	LDF4_Advance_Killer_01_Li	cycle	9	1	timer:9	1	skill	21736	0	0	ME	0.0	0.0	0.0	0
287255	LDF4_Advance_Killer_01_Li	cycle	10	0	timer:0	0	arm	0	10000	0		0.0	0.0	0.0	0
287256	LDF4_Advance_Killer_02_Li	arm	0	7		0	arm	0	10000	0		0.0	0.0	0.0	0
287256	LDF4_Advance_Killer_02_Li	cycle	0	10	timer:0	0	arm	1	10000	0		0.0	0.0	0.0	0
287256	LDF4_Advance_Killer_02_Li	cycle	0	10	timer:0	1	skill	21673	0	0	MOST_HATED	0.0	0.0	0.0	0
287256	LDF4_Advance_Killer_02_Li	cycle	1	9	timer:1	0	arm	2	10000	0		0.0	0.0	0.0	0
287256	LDF4_Advance_Killer_02_Li	cycle	1	9	timer:1	1	skill	21674	0	0	MOST_HATED	0.0	0.0	0.0	0
287256	LDF4_Advance_Killer_02_Li	cycle	2	8	timer:2	0	arm	3	10000	0		0.0	0.0	0.0	0
287256	LDF4_Advance_Killer_02_Li	cycle	2	8	timer:2	1	skill	21675	0	0	ME	0.0	0.0	0.0	0
287256	LDF4_Advance_Killer_02_Li	cycle	3	7	timer:3	0	arm	4	10000	0		0.0	0.0	0.0	0
287256	LDF4_Advance_Killer_02_Li	cycle	3	7	timer:3	1	skill	21676	0	0	ME	0.0	0.0	0.0	0
287256	LDF4_Advance_Killer_02_Li	cycle	4	6	timer:4	0	arm	5	10000	0		0.0	0.0	0.0	0
287256	LDF4_Advance_Killer_02_Li	cycle	4	6	timer:4	1	skill	21677	0	0	MOST_HATED	0.0	0.0	0.0	0
287256	LDF4_Advance_Killer_02_Li	cycle	5	5	timer:5	0	arm	6	10000	0		0.0	0.0	0.0	0
287256	LDF4_Advance_Killer_02_Li	cycle	5	5	timer:5	1	skill	21678	0	0	ME	0.0	0.0	0.0	0
287256	LDF4_Advance_Killer_02_Li	cycle	6	4	timer:6	0	arm	7	10000	0		0.0	0.0	0.0	0
287256	LDF4_Advance_Killer_02_Li	cycle	6	4	timer:6	1	skill	21679	0	0	ME	0.0	0.0	0.0	0
287256	LDF4_Advance_Killer_02_Li	cycle	7	3	timer:7	0	arm	8	10000	0		0.0	0.0	0.0	0
287256	LDF4_Advance_Killer_02_Li	cycle	7	3	timer:7	1	skill	21680	0	0	MOST_HATED	0.0	0.0	0.0	0
287256	LDF4_Advance_Killer_02_Li	cycle	8	2	timer:8	0	arm	9	10000	0		0.0	0.0	0.0	0
287256	LDF4_Advance_Killer_02_Li	cycle	8	2	timer:8	1	skill	21681	0	0	MOST_HATED	0.0	0.0	0.0	0
287256	LDF4_Advance_Killer_02_Li	cycle	9	1	timer:9	0	arm	0	10000	0		0.0	0.0	0.0	0
287256	LDF4_Advance_Killer_02_Li	cycle	9	1	timer:9	1	skill	21682	0	0	MOST_HATED	0.0	0.0	0.0	0
287256	LDF4_Advance_Killer_02_Li	cycle	10	0	timer:0	0	arm	0	10000	0		0.0	0.0	0.0	0
287257	LDF4_Advance_Killer_03_Li	arm	0	7		0	arm	0	10000	0		0.0	0.0	0.0	0
287257	LDF4_Advance_Killer_03_Li	cycle	0	21	timer:0	0	arm	1	10000	0		0.0	0.0	0.0	0
287257	LDF4_Advance_Killer_03_Li	cycle	0	21	timer:0	1	skill	21710	0	0	MOST_HATED	0.0	0.0	0.0	0
287257	LDF4_Advance_Killer_03_Li	cycle	1	20	timer:1	0	arm	2	10000	0		0.0	0.0	0.0	0
287257	LDF4_Advance_Killer_03_Li	cycle	1	20	timer:1	1	skill	21711	0	0	MOST_HATED	0.0	0.0	0.0	0
287257	LDF4_Advance_Killer_03_Li	cycle	2	19	timer:2	0	arm	3	10000	0		0.0	0.0	0.0	0
287257	LDF4_Advance_Killer_03_Li	cycle	2	19	timer:2	1	skill	21712	0	0	MOST_HATED	0.0	0.0	0.0	0
287257	LDF4_Advance_Killer_03_Li	cycle	3	18	timer:3	0	arm	4	10000	0		0.0	0.0	0.0	0
287257	LDF4_Advance_Killer_03_Li	cycle	3	18	timer:3	1	skill	21713	0	0	MOST_HATED	0.0	0.0	0.0	0
287257	LDF4_Advance_Killer_03_Li	cycle	4	17	timer:4	0	arm	5	10000	0		0.0	0.0	0.0	0
287257	LDF4_Advance_Killer_03_Li	cycle	4	17	timer:4	1	skill	21714	0	0	ME	0.0	0.0	0.0	0
287257	LDF4_Advance_Killer_03_Li	cycle	5	16	timer:5	0	arm	6	10000	0		0.0	0.0	0.0	0
287257	LDF4_Advance_Killer_03_Li	cycle	5	16	timer:5	1	skill	21715	0	0	MOST_HATED	0.0	0.0	0.0	0
287257	LDF4_Advance_Killer_03_Li	cycle	6	15	timer:6	0	arm	7	10000	0		0.0	0.0	0.0	0
287257	LDF4_Advance_Killer_03_Li	cycle	6	15	timer:6	1	skill	21716	0	0	MOST_HATED	0.0	0.0	0.0	0
287257	LDF4_Advance_Killer_03_Li	cycle	7	14	timer:7	0	arm	8	10000	0		0.0	0.0	0.0	0
287257	LDF4_Advance_Killer_03_Li	cycle	7	14	timer:7	1	skill	21717	0	0	MOST_HATED	0.0	0.0	0.0	0
287257	LDF4_Advance_Killer_03_Li	cycle	8	13	timer:8	0	arm	9	10000	0		0.0	0.0	0.0	0
287257	LDF4_Advance_Killer_03_Li	cycle	8	13	timer:8	1	skill	21732	0	0	MOST_HATED	0.0	0.0	0.0	0
287257	LDF4_Advance_Killer_03_Li	cycle	9	12	timer:9	0	arm	10	10000	0		0.0	0.0	0.0	0
287257	LDF4_Advance_Killer_03_Li	cycle	9	12	timer:9	1	skill	21733	0	0	MOST_HATED	0.0	0.0	0.0	0
287257	LDF4_Advance_Killer_03_Li	cycle	10	11	timer:10	0	arm	11	10000	0		0.0	0.0	0.0	0
287257	LDF4_Advance_Killer_03_Li	cycle	10	11	timer:10	1	skill	21734	0	0	MOST_HATED	0.0	0.0	0.0	0
287257	LDF4_Advance_Killer_03_Li	cycle	11	10	timer:11	0	arm	0	10000	0		0.0	0.0	0.0	0
287257	LDF4_Advance_Killer_03_Li	cycle	11	10	timer:11	1	skill	21735	0	0	MOST_HATED	0.0	0.0	0.0	0
287257	LDF4_Advance_Killer_03_Li	cycle	12	0	timer:0	0	arm	0	10000	0		0.0	0.0	0.0	0
287258	LDF4_Advance_Killer_04_Li	arm	0	7		0	arm	0	10000	0		0.0	0.0	0.0	0
287258	LDF4_Advance_Killer_04_Li	cycle	0	10	timer:0	0	arm	1	10000	0		0.0	0.0	0.0	0
287258	LDF4_Advance_Killer_04_Li	cycle	0	10	timer:0	1	skill	21683	0	0	MOST_HATED	0.0	0.0	0.0	0
287258	LDF4_Advance_Killer_04_Li	cycle	1	9	timer:1	0	arm	2	10000	0		0.0	0.0	0.0	0
287258	LDF4_Advance_Killer_04_Li	cycle	1	9	timer:1	1	skill	21684	0	0	MOST_HATED	0.0	0.0	0.0	0
287258	LDF4_Advance_Killer_04_Li	cycle	2	8	timer:2	0	arm	3	10000	0		0.0	0.0	0.0	0
287258	LDF4_Advance_Killer_04_Li	cycle	2	8	timer:2	1	skill	21685	0	0	MOST_HATED	0.0	0.0	0.0	0
287258	LDF4_Advance_Killer_04_Li	cycle	3	7	timer:3	0	arm	4	10000	0		0.0	0.0	0.0	0
287258	LDF4_Advance_Killer_04_Li	cycle	3	7	timer:3	1	skill	21686	0	0	MOST_HATED	0.0	0.0	0.0	0
287258	LDF4_Advance_Killer_04_Li	cycle	4	6	timer:4	0	arm	5	10000	0		0.0	0.0	0.0	0
287258	LDF4_Advance_Killer_04_Li	cycle	4	6	timer:4	1	skill	21687	0	0	MOST_HATED	0.0	0.0	0.0	0
287258	LDF4_Advance_Killer_04_Li	cycle	5	5	timer:5	0	arm	6	10000	0		0.0	0.0	0.0	0
287258	LDF4_Advance_Killer_04_Li	cycle	5	5	timer:5	1	skill	21689	0	0	MOST_HATED	0.0	0.0	0.0	0
287258	LDF4_Advance_Killer_04_Li	cycle	6	4	timer:6	0	arm	7	10000	0		0.0	0.0	0.0	0
287258	LDF4_Advance_Killer_04_Li	cycle	6	4	timer:6	1	skill	21690	0	0	MOST_HATED	0.0	0.0	0.0	0
287258	LDF4_Advance_Killer_04_Li	cycle	7	3	timer:7	0	arm	0	10000	0		0.0	0.0	0.0	0
287258	LDF4_Advance_Killer_04_Li	cycle	7	3	timer:7	1	skill	21691	0	0	MOST_HATED	0.0	0.0	0.0	0
287258	LDF4_Advance_Killer_04_Li	cycle	8	0	timer:0	0	arm	0	10000	0		0.0	0.0	0.0	0
287259	LDF4_Advance_Killer_05_Li	arm	0	7		0	arm	0	10000	0		0.0	0.0	0.0	0
287259	LDF4_Advance_Killer_05_Li	cycle	0	10	timer:0	0	arm	1	10000	0		0.0	0.0	0.0	0
287259	LDF4_Advance_Killer_05_Li	cycle	0	10	timer:0	1	skill	21692	0	0	MOST_HATED	0.0	0.0	0.0	0
287259	LDF4_Advance_Killer_05_Li	cycle	1	9	timer:1	0	arm	2	10000	0		0.0	0.0	0.0	0
287259	LDF4_Advance_Killer_05_Li	cycle	1	9	timer:1	1	skill	21693	0	0	MOST_HATED	0.0	0.0	0.0	0
287259	LDF4_Advance_Killer_05_Li	cycle	2	8	timer:2	0	arm	3	10000	0		0.0	0.0	0.0	0
287259	LDF4_Advance_Killer_05_Li	cycle	2	8	timer:2	1	skill	21694	0	0	MOST_HATED	0.0	0.0	0.0	0
287259	LDF4_Advance_Killer_05_Li	cycle	3	7	timer:3	0	arm	4	10000	0		0.0	0.0	0.0	0
287259	LDF4_Advance_Killer_05_Li	cycle	3	7	timer:3	1	skill	21695	0	0	MOST_HATED	0.0	0.0	0.0	0
287259	LDF4_Advance_Killer_05_Li	cycle	4	6	timer:4	0	arm	5	10000	0		0.0	0.0	0.0	0
287259	LDF4_Advance_Killer_05_Li	cycle	4	6	timer:4	1	skill	21696	0	0	ME	0.0	0.0	0.0	0
287259	LDF4_Advance_Killer_05_Li	cycle	5	5	timer:5	0	arm	6	10000	0		0.0	0.0	0.0	0
287259	LDF4_Advance_Killer_05_Li	cycle	5	5	timer:5	1	skill	21697	0	0	MOST_HATED	0.0	0.0	0.0	0
287259	LDF4_Advance_Killer_05_Li	cycle	6	4	timer:6	0	arm	7	10000	0		0.0	0.0	0.0	0
287259	LDF4_Advance_Killer_05_Li	cycle	6	4	timer:6	1	skill	21698	0	0	MOST_HATED	0.0	0.0	0.0	0
287259	LDF4_Advance_Killer_05_Li	cycle	7	3	timer:7	0	arm	8	10000	0		0.0	0.0	0.0	0
287259	LDF4_Advance_Killer_05_Li	cycle	7	3	timer:7	1	skill	21699	0	0	ME	0.0	0.0	0.0	0
287259	LDF4_Advance_Killer_05_Li	cycle	8	2	timer:8	0	arm	0	10000	0		0.0	0.0	0.0	0
287259	LDF4_Advance_Killer_05_Li	cycle	8	2	timer:8	1	skill	21699	0	0	ME	0.0	0.0	0.0	0
287259	LDF4_Advance_Killer_05_Li	cycle	9	0	timer:0	0	arm	0	10000	0		0.0	0.0	0.0	0
287260	LDF4_Advance_Killer_06_Da	arm	0	7		0	arm	0	10000	0		0.0	0.0	0.0	0
287260	LDF4_Advance_Killer_06_Da	cycle	0	10	timer:0	0	arm	1	10000	0		0.0	0.0	0.0	0
287260	LDF4_Advance_Killer_06_Da	cycle	0	10	timer:0	1	skill	21701	0	0	MOST_HATED	0.0	0.0	0.0	0
287260	LDF4_Advance_Killer_06_Da	cycle	1	9	timer:1	0	arm	2	10000	0		0.0	0.0	0.0	0
287260	LDF4_Advance_Killer_06_Da	cycle	1	9	timer:1	1	skill	21702	0	0	MOST_HATED	0.0	0.0	0.0	0
287260	LDF4_Advance_Killer_06_Da	cycle	2	8	timer:2	0	arm	3	10000	0		0.0	0.0	0.0	0
287260	LDF4_Advance_Killer_06_Da	cycle	2	8	timer:2	1	skill	21703	0	0	MOST_HATED	0.0	0.0	0.0	0
287260	LDF4_Advance_Killer_06_Da	cycle	3	7	timer:3	0	arm	4	10000	0		0.0	0.0	0.0	0
287260	LDF4_Advance_Killer_06_Da	cycle	3	7	timer:3	1	skill	21704	0	0	MOST_HATED	0.0	0.0	0.0	0
287260	LDF4_Advance_Killer_06_Da	cycle	4	6	timer:4	0	arm	5	10000	0		0.0	0.0	0.0	0
287260	LDF4_Advance_Killer_06_Da	cycle	4	6	timer:4	1	skill	21705	0	0	MOST_HATED	0.0	0.0	0.0	0
287260	LDF4_Advance_Killer_06_Da	cycle	5	5	timer:5	0	arm	6	10000	0		0.0	0.0	0.0	0
287260	LDF4_Advance_Killer_06_Da	cycle	5	5	timer:5	1	skill	21706	0	0	ME	0.0	0.0	0.0	0
287260	LDF4_Advance_Killer_06_Da	cycle	6	4	timer:6	0	arm	7	10000	0		0.0	0.0	0.0	0
287260	LDF4_Advance_Killer_06_Da	cycle	6	4	timer:6	1	skill	21707	0	0	MOST_HATED	0.0	0.0	0.0	0
287260	LDF4_Advance_Killer_06_Da	cycle	7	3	timer:7	0	arm	8	10000	0		0.0	0.0	0.0	0
287260	LDF4_Advance_Killer_06_Da	cycle	7	3	timer:7	1	skill	21708	0	0	ME	0.0	0.0	0.0	0
287260	LDF4_Advance_Killer_06_Da	cycle	8	2	timer:8	0	arm	0	10000	0		0.0	0.0	0.0	0
287260	LDF4_Advance_Killer_06_Da	cycle	8	2	timer:8	1	skill	21737	0	0	ME	0.0	0.0	0.0	0
287260	LDF4_Advance_Killer_06_Da	cycle	9	0	timer:0	0	arm	0	10000	0		0.0	0.0	0.0	0
287272	Test_Basic_Monster_AI_YJH_1	arm	0	1		0	arm	0	6000	0		0.0	0.0	0.0	0
287272	Test_Basic_Monster_AI_YJH_1	cycle	0	14	timer:12	0	arm	0	6000	0		0.0	0.0	0.0	0
287272	Test_Basic_Monster_AI_YJH_1	cycle	0	14	timer:12	1	skill	21626	0	0	ME	0.0	0.0	0.0	0
287272	Test_Basic_Monster_AI_YJH_1	cycle	1	13	timer:11	0	arm	12	6000	0		0.0	0.0	0.0	0
287272	Test_Basic_Monster_AI_YJH_1	cycle	1	13	timer:11	1	skill	21610	0	0	ME	0.0	0.0	0.0	0
287272	Test_Basic_Monster_AI_YJH_1	cycle	1	13	timer:11	2	skill	21611	0	0	ME	0.0	0.0	0.0	0
287272	Test_Basic_Monster_AI_YJH_1	cycle	1	13	timer:11	3	skill	21612	0	0	ME	0.0	0.0	0.0	0
287272	Test_Basic_Monster_AI_YJH_1	cycle	2	12	timer:10	0	arm	11	6000	0		0.0	0.0	0.0	0
287272	Test_Basic_Monster_AI_YJH_1	cycle	2	12	timer:10	1	skill	21609	0	0	ME	0.0	0.0	0.0	0
287272	Test_Basic_Monster_AI_YJH_1	cycle	3	11	timer:9	0	arm	10	6000	0		0.0	0.0	0.0	0
287272	Test_Basic_Monster_AI_YJH_1	cycle	3	11	timer:9	1	skill	21608	0	0	MOST_HATED	0.0	0.0	0.0	0
287272	Test_Basic_Monster_AI_YJH_1	cycle	4	10	timer:8	0	arm	9	6000	0		0.0	0.0	0.0	0
287272	Test_Basic_Monster_AI_YJH_1	cycle	4	10	timer:8	1	skill	21607	0	0	MOST_HATED	0.0	0.0	0.0	0
287272	Test_Basic_Monster_AI_YJH_1	cycle	5	9	timer:7	0	arm	8	6000	0		0.0	0.0	0.0	0
287272	Test_Basic_Monster_AI_YJH_1	cycle	5	9	timer:7	1	skill	21606	0	0	ME	0.0	0.0	0.0	0
287272	Test_Basic_Monster_AI_YJH_1	cycle	6	8	timer:6	0	arm	7	6000	0		0.0	0.0	0.0	0
287272	Test_Basic_Monster_AI_YJH_1	cycle	6	8	timer:6	1	skill	21605	0	0	MOST_HATED	0.0	0.0	0.0	0
287272	Test_Basic_Monster_AI_YJH_1	cycle	7	7	timer:5	0	arm	6	6000	0		0.0	0.0	0.0	0
287272	Test_Basic_Monster_AI_YJH_1	cycle	7	7	timer:5	1	skill	21604	0	0	MOST_HATED	0.0	0.0	0.0	0
287272	Test_Basic_Monster_AI_YJH_1	cycle	8	6	timer:4	0	arm	5	6000	0		0.0	0.0	0.0	0
287272	Test_Basic_Monster_AI_YJH_1	cycle	8	6	timer:4	1	skill	21603	0	0	MOST_HATED	0.0	0.0	0.0	0
287272	Test_Basic_Monster_AI_YJH_1	cycle	9	5	timer:3	0	arm	4	6000	0		0.0	0.0	0.0	0
287272	Test_Basic_Monster_AI_YJH_1	cycle	9	5	timer:3	1	skill	21602	0	0	ME	0.0	0.0	0.0	0
287272	Test_Basic_Monster_AI_YJH_1	cycle	10	4	timer:2	0	arm	3	6000	0		0.0	0.0	0.0	0
287272	Test_Basic_Monster_AI_YJH_1	cycle	10	4	timer:2	1	skill	21601	0	0	ME	0.0	0.0	0.0	0
287272	Test_Basic_Monster_AI_YJH_1	cycle	11	3	timer:1	0	arm	2	6000	0		0.0	0.0	0.0	0
287272	Test_Basic_Monster_AI_YJH_1	cycle	11	3	timer:1	1	skill	21599	0	0	MOST_HATED	0.0	0.0	0.0	0
287272	Test_Basic_Monster_AI_YJH_1	cycle	12	2	timer:0	0	arm	1	6000	0		0.0	0.0	0.0	0
287272	Test_Basic_Monster_AI_YJH_1	cycle	12	2	timer:0	1	skill	21600	0	0	MOST_HATED	0.0	0.0	0.0	0
287276	LDF4_kalnif_horn_LV2	arm	0	7		0	arm	0	6000	0		0.0	0.0	0.0	0
287276	LDF4_kalnif_horn_LV2	cycle	0	10	timer:0	0	arm	1	10000	0		0.0	0.0	0.0	0
287276	LDF4_kalnif_horn_LV2	cycle	0	10	timer:0	1	skill	21301	0	0	MOST_HATED	0.0	0.0	0.0	0
287276	LDF4_kalnif_horn_LV2	cycle	1	9	timer:1	0	arm	2	10000	0		0.0	0.0	0.0	0
287276	LDF4_kalnif_horn_LV2	cycle	1	9	timer:1	1	skill	21300	0	0	MOST_HATED	0.0	0.0	0.0	0
287276	LDF4_kalnif_horn_LV2	cycle	2	8	timer:2	0	arm	3	10000	0		0.0	0.0	0.0	0
287276	LDF4_kalnif_horn_LV2	cycle	2	8	timer:2	1	skill	21790	0	0	ME	0.0	0.0	0.0	0
287276	LDF4_kalnif_horn_LV2	cycle	3	7	timer:3	0	arm	4	10000	0		0.0	0.0	0.0	0
287276	LDF4_kalnif_horn_LV2	cycle	3	7	timer:3	1	skill	18770	0	0	ME	0.0	0.0	0.0	0
287276	LDF4_kalnif_horn_LV2	cycle	4	6	timer:4	0	arm	5	10000	0		0.0	0.0	0.0	0
287276	LDF4_kalnif_horn_LV2	cycle	4	6	timer:4	1	skill	21781	0	0	MOST_HATED	0.0	0.0	0.0	0
287276	LDF4_kalnif_horn_LV2	cycle	5	5	timer:5	0	arm	6	10000	0		0.0	0.0	0.0	0
287276	LDF4_kalnif_horn_LV2	cycle	5	5	timer:5	1	skill	21782	0	0	MOST_HATED	0.0	0.0	0.0	0
287276	LDF4_kalnif_horn_LV2	cycle	6	4	timer:6	0	arm	0	10000	0		0.0	0.0	0.0	0
287276	LDF4_kalnif_horn_LV2	cycle	6	4	timer:6	1	skill	21783	0	0	ME	0.0	0.0	0.0	0
287276	LDF4_kalnif_horn_LV2	cycle	7	3	timer:0	0	arm	0	6000	0		0.0	0.0	0.0	0
287277	LDF4_kalnif_horn_LV3	arm	0	7		0	arm	0	6000	0		0.0	0.0	0.0	0
287277	LDF4_kalnif_horn_LV3	cycle	0	10	timer:0	0	arm	1	10000	0		0.0	0.0	0.0	0
287277	LDF4_kalnif_horn_LV3	cycle	0	10	timer:0	1	skill	19549	0	0	MOST_HATED	0.0	0.0	0.0	0
287277	LDF4_kalnif_horn_LV3	cycle	1	9	timer:1	0	arm	2	10000	0		0.0	0.0	0.0	0
287277	LDF4_kalnif_horn_LV3	cycle	1	9	timer:1	1	skill	19550	0	0	MOST_HATED	0.0	0.0	0.0	0
287277	LDF4_kalnif_horn_LV3	cycle	2	8	timer:2	0	arm	3	10000	0		0.0	0.0	0.0	0
287277	LDF4_kalnif_horn_LV3	cycle	2	8	timer:2	1	skill	19552	0	0	ME	0.0	0.0	0.0	0
287277	LDF4_kalnif_horn_LV3	cycle	3	7	timer:3	0	arm	4	10000	0		0.0	0.0	0.0	0
287277	LDF4_kalnif_horn_LV3	cycle	3	7	timer:3	1	skill	19553	0	0	ME	0.0	0.0	0.0	0
287277	LDF4_kalnif_horn_LV3	cycle	4	6	timer:4	0	arm	5	10000	0		0.0	0.0	0.0	0
287277	LDF4_kalnif_horn_LV3	cycle	4	6	timer:4	1	skill	21780	0	0	MOST_HATED	0.0	0.0	0.0	0
287277	LDF4_kalnif_horn_LV3	cycle	5	3	timer:0	0	arm	0	6000	0		0.0	0.0	0.0	0
287278	LDF4_RottentreeRe_LV1	arm	0	7		0	arm	0	6000	0		0.0	0.0	0.0	0
287278	LDF4_RottentreeRe_LV1	cycle	0	10	timer:0	0	arm	1	10000	0		0.0	0.0	0.0	0
287278	LDF4_RottentreeRe_LV1	cycle	0	10	timer:0	1	skill	16669	0	0	ME	0.0	0.0	0.0	0
287278	LDF4_RottentreeRe_LV1	cycle	1	9	timer:1	0	arm	2	10000	0		0.0	0.0	0.0	0
287278	LDF4_RottentreeRe_LV1	cycle	1	9	timer:1	1	skill	21300	0	0	MOST_HATED	0.0	0.0	0.0	0
287278	LDF4_RottentreeRe_LV1	cycle	2	8	timer:2	0	arm	3	10000	0		0.0	0.0	0.0	0
287278	LDF4_RottentreeRe_LV1	cycle	2	8	timer:2	1	skill	21301	0	0	MOST_HATED	0.0	0.0	0.0	0
287278	LDF4_RottentreeRe_LV1	cycle	3	7	timer:3	0	arm	4	10000	0		0.0	0.0	0.0	0
287278	LDF4_RottentreeRe_LV1	cycle	3	7	timer:3	1	skill	18770	0	0	ME	0.0	0.0	0.0	0
287278	LDF4_RottentreeRe_LV1	cycle	4	6	timer:4	0	arm	5	10000	0		0.0	0.0	0.0	0
287278	LDF4_RottentreeRe_LV1	cycle	4	6	timer:4	1	skill	21784	0	0	ME	0.0	0.0	0.0	0
287278	LDF4_RottentreeRe_LV1	cycle	5	5	timer:5	0	arm	6	10000	0		0.0	0.0	0.0	0
287278	LDF4_RottentreeRe_LV1	cycle	5	5	timer:5	1	skill	21785	0	0	ME	0.0	0.0	0.0	0
287278	LDF4_RottentreeRe_LV1	cycle	6	4	timer:6	0	arm	0	10000	0		0.0	0.0	0.0	0
287278	LDF4_RottentreeRe_LV1	cycle	6	4	timer:6	1	skill	21786	0	0	ME	0.0	0.0	0.0	0
287278	LDF4_RottentreeRe_LV1	cycle	7	3	timer:0	0	arm	0	6000	0		0.0	0.0	0.0	0
287279	LDF4_RottentreeRe_LV2	arm	0	7		0	arm	0	6000	0		0.0	0.0	0.0	0
287279	LDF4_RottentreeRe_LV2	cycle	0	10	timer:0	0	arm	1	10000	0		0.0	0.0	0.0	0
287279	LDF4_RottentreeRe_LV2	cycle	0	10	timer:0	1	skill	19555	0	0	MOST_HATED	0.0	0.0	0.0	0
287279	LDF4_RottentreeRe_LV2	cycle	1	9	timer:1	0	arm	2	10000	0		0.0	0.0	0.0	0
287279	LDF4_RottentreeRe_LV2	cycle	1	9	timer:1	1	skill	19556	0	0	ME	0.0	0.0	0.0	0
287279	LDF4_RottentreeRe_LV2	cycle	2	8	timer:2	0	arm	3	10000	0		0.0	0.0	0.0	0
287279	LDF4_RottentreeRe_LV2	cycle	2	8	timer:2	1	skill	19557	0	0	ME	0.0	0.0	0.0	0
287279	LDF4_RottentreeRe_LV2	cycle	3	3	timer:3	0	arm	4	10000	0		0.0	0.0	0.0	0
287279	LDF4_RottentreeRe_LV2	cycle	3	3	timer:3	1	skill	19562	0	0	MOST_HATED	0.0	0.0	0.0	0
287279	LDF4_RottentreeRe_LV2	cycle	4	2	timer:4	0	arm	0	10000	0		0.0	0.0	0.0	0
287279	LDF4_RottentreeRe_LV2	cycle	4	2	timer:4	1	skill	19558	0	0	ME	0.0	0.0	0.0	0
287279	LDF4_RottentreeRe_LV2	cycle	5	1	timer:0	0	arm	0	6000	0		0.0	0.0	0.0	0
290012	AD2_BT15st0	arm	0	1		0	arm	0	15000	0		0.0	0.0	0.0	0
290012	AD2_BT15st0	cycle	0	2	timer:0	0	arm	0	15000	0		0.0	0.0	0.0	0
290012	AD2_BT15st0	cycle	0	2	timer:0	1	skill	16570	0	0	MOST_HATED	0.0	0.0	0.0	0
290026	AD2_BT15st0	arm	0	1		0	arm	0	15000	0		0.0	0.0	0.0	0
290026	AD2_BT15st0	cycle	0	2	timer:0	0	arm	0	15000	0		0.0	0.0	0.0	0
290026	AD2_BT15st0	cycle	0	2	timer:0	1	skill	16516	0	0	MOST_HATED	0.0	0.0	0.0	0
290029	AD2_Wss0BT15st1	arm	0	3		0	arm	0	15000	0		0.0	0.0	0.0	0
290029	AD2_Wss0BT15st1	cycle	0	2	timer:0	0	arm	0	15000	0		0.0	0.0	0.0	0
290029	AD2_Wss0BT15st1	cycle	0	2	timer:0	1	skill	16723	0	0	MOST_HATED	0.0	0.0	0.0	0
290029	AD2_Wss0BT15st1	cycle	1	1	timer:0	0	arm	0	3000	0		0.0	0.0	0.0	0
290031	AD2_BT15st0	arm	0	1		0	arm	0	15000	0		0.0	0.0	0.0	0
290031	AD2_BT15st0	cycle	0	2	timer:0	0	arm	0	15000	0		0.0	0.0	0.0	0
290031	AD2_BT15st0	cycle	0	2	timer:0	1	skill	16545	0	0	MOST_HATED	0.0	0.0	0.0	0
290032	AD2_BT15st0	arm	0	1		0	arm	0	15000	0		0.0	0.0	0.0	0
290032	AD2_BT15st0	cycle	0	2	timer:0	0	arm	0	15000	0		0.0	0.0	0.0	0
290032	AD2_BT15st0	cycle	0	2	timer:0	1	skill	16812	0	0	MOST_HATED	0.0	0.0	0.0	0
294787	AD2_BT15ss0	arm	0	1		0	arm	0	15000	0		0.0	0.0	0.0	0
294787	AD2_BT15ss0	cycle	0	2	timer:0	0	arm	0	15000	0		0.0	0.0	0.0	0
294787	AD2_BT15ss0	cycle	0	2	timer:0	1	skill	16595	0	0	ME	0.0	0.0	0.0	0
294788	AD2_BT15ss0	arm	0	1		0	arm	0	15000	0		0.0	0.0	0.0	0
294788	AD2_BT15ss0	cycle	0	2	timer:0	0	arm	0	15000	0		0.0	0.0	0.0	0
294788	AD2_BT15ss0	cycle	0	2	timer:0	1	skill	16595	0	0	ME	0.0	0.0	0.0	0
294789	AD2_BT15ss0	arm	0	1		0	arm	0	15000	0		0.0	0.0	0.0	0
294789	AD2_BT15ss0	cycle	0	2	timer:0	0	arm	0	15000	0		0.0	0.0	0.0	0
294789	AD2_BT15ss0	cycle	0	2	timer:0	1	skill	16595	0	0	ME	0.0	0.0	0.0	0
295075	BGuard_FrostPillar	arm	0	7		0	arm	0	4000	0		0.0	0.0	0.0	0
295075	BGuard_FrostPillar	arm	0	7		1	skill	17141	0	0	ME	0.0	0.0	0.0	0
295075	BGuard_FrostPillar	cycle	0	4	timer:0	0	arm	1	4000	0		0.0	0.0	0.0	0
295075	BGuard_FrostPillar	cycle	0	4	timer:0	1	skill	17141	0	0	ME	0.0	0.0	0.0	0
295075	BGuard_FrostPillar	cycle	1	3	timer:1	0	arm	2	4000	0		0.0	0.0	0.0	0
295075	BGuard_FrostPillar	cycle	1	3	timer:1	1	skill	17141	0	0	ME	0.0	0.0	0.0	0
295075	BGuard_FrostPillar	cycle	2	2	timer:2	0	skill	17141	0	0	ME	0.0	0.0	0.0	0
295075	BGuard_FrostPillar	cycle	2	2	timer:2	1	despawn_self	0	0	0		0.0	0.0	0.0	0
295158	AD2_BT15ss0	arm	0	1		0	arm	0	15000	0		0.0	0.0	0.0	0
295158	AD2_BT15ss0	cycle	0	2	timer:0	0	arm	0	15000	0		0.0	0.0	0.0	0
295158	AD2_BT15ss0	cycle	0	2	timer:0	1	skill	16595	0	0	ME	0.0	0.0	0.0	0
296088	AD2_BT15ss0	arm	0	1		0	arm	0	15000	0		0.0	0.0	0.0	0
296088	AD2_BT15ss0	cycle	0	2	timer:0	0	arm	0	15000	0		0.0	0.0	0.0	0
296088	AD2_BT15ss0	cycle	0	2	timer:0	1	skill	16595	0	0	ME	0.0	0.0	0.0	0
296349	AD2_BT15ss0	arm	0	1		0	arm	0	15000	0		0.0	0.0	0.0	0
296349	AD2_BT15ss0	cycle	0	2	timer:0	0	arm	0	15000	0		0.0	0.0	0.0	0
296349	AD2_BT15ss0	cycle	0	2	timer:0	1	skill	16595	0	0	ME	0.0	0.0	0.0	0
296470	BGuard_FrostPillar	arm	0	7		0	arm	0	4000	0		0.0	0.0	0.0	0
296470	BGuard_FrostPillar	arm	0	7		1	skill	18939	0	0	ME	0.0	0.0	0.0	0
296470	BGuard_FrostPillar	cycle	0	4	timer:0	0	arm	1	4000	0		0.0	0.0	0.0	0
296470	BGuard_FrostPillar	cycle	0	4	timer:0	1	skill	18939	0	0	ME	0.0	0.0	0.0	0
296470	BGuard_FrostPillar	cycle	1	3	timer:1	0	arm	2	4000	0		0.0	0.0	0.0	0
296470	BGuard_FrostPillar	cycle	1	3	timer:1	1	skill	18939	0	0	ME	0.0	0.0	0.0	0
296470	BGuard_FrostPillar	cycle	2	2	timer:2	0	skill	18939	0	0	ME	0.0	0.0	0.0	0
296470	BGuard_FrostPillar	cycle	2	2	timer:2	1	despawn_self	0	0	0		0.0	0.0	0.0	0
296483	BGuard_FrostPillar	arm	0	7		0	arm	0	4000	0		0.0	0.0	0.0	0
296483	BGuard_FrostPillar	arm	0	7		1	skill	18939	0	0	ME	0.0	0.0	0.0	0
296483	BGuard_FrostPillar	cycle	0	4	timer:0	0	arm	1	4000	0		0.0	0.0	0.0	0
296483	BGuard_FrostPillar	cycle	0	4	timer:0	1	skill	18939	0	0	ME	0.0	0.0	0.0	0
296483	BGuard_FrostPillar	cycle	1	3	timer:1	0	arm	2	4000	0		0.0	0.0	0.0	0
296483	BGuard_FrostPillar	cycle	1	3	timer:1	1	skill	18939	0	0	ME	0.0	0.0	0.0	0
296483	BGuard_FrostPillar	cycle	2	2	timer:2	0	skill	18939	0	0	ME	0.0	0.0	0.0	0
296483	BGuard_FrostPillar	cycle	2	2	timer:2	1	despawn_self	0	0	0		0.0	0.0	0.0	0
296508	DrGuard_PsAPetB	arm	0	7		0	arm	0	15000	0		0.0	0.0	0.0	0
296508	DrGuard_PsAPetB	arm	0	7		1	skill	19040	0	0	ME	0.0	0.0	0.0	0
296508	DrGuard_PsAPetB	cycle	0	7	timer:0	0	arm	0	15000	0		0.0	0.0	0.0	0
296508	DrGuard_PsAPetB	cycle	0	7	timer:0	1	skill	16595	0	0	ME	0.0	0.0	0.0	0
296888	AD2_BT15ss0	arm	0	1		0	arm	0	15000	0		0.0	0.0	0.0	0
296888	AD2_BT15ss0	cycle	0	2	timer:0	0	arm	0	15000	0		0.0	0.0	0.0	0
296888	AD2_BT15ss0	cycle	0	2	timer:0	1	skill	16595	0	0	ME	0.0	0.0	0.0	0
296986	F5_PvP_LGuard_ElementalFire_Ae	arm	0	7		0	arm	1	10000	0		0.0	0.0	0.0	0
296986	F5_PvP_LGuard_ElementalFire_Ae	arm	0	7		1	broadcast	23105	15	0		0.0	0.0	0.0	0
296986	F5_PvP_LGuard_ElementalFire_Ae	cycle	0	21	timer:1	0	arm	1	11500	0		0.0	0.0	0.0	0
296986	F5_PvP_LGuard_ElementalFire_Ae	cycle	0	21	timer:1	1	skill	18346	0	0	MOST_HATED	0.0	0.0	0.0	0
297066	LDF5_LDGuard_DisputePvP_ElementalFire_60_An	arm	0	7		0	arm	0	7000	0		0.0	0.0	0.0	0
297066	LDF5_LDGuard_DisputePvP_ElementalFire_60_An	arm	0	7		1	broadcast	23005	15	0		0.0	0.0	0.0	0
297066	LDF5_LDGuard_DisputePvP_ElementalFire_60_An	cycle	0	23	timer:0	0	arm	1	7000	0		0.0	0.0	0.0	0
297066	LDF5_LDGuard_DisputePvP_ElementalFire_60_An	cycle	0	23	timer:0	1	skill	18346	0	0	MOST_HATED	0.0	0.0	0.0	0
297066	LDF5_LDGuard_DisputePvP_ElementalFire_60_An	cycle	1	21	timer:1	0	arm	0	7000	0		0.0	0.0	0.0	0
297066	LDF5_LDGuard_DisputePvP_ElementalFire_60_An	cycle	1	21	timer:1	1	skill	18342	0	0	MOST_HATED	0.0	0.0	0.0	0
297084	BGuard_CommanderF5_L	arm	0	14		0	arm	0	3000	0		0.0	0.0	0.0	0
297084	BGuard_CommanderF5_L	cycle	0	13	timer:0	0	arm	1	7000	0		0.0	0.0	0.0	0
297084	BGuard_CommanderF5_L	cycle	0	13	timer:0	1	skill	19105	0	0	ME	0.0	0.0	0.0	0
297084	BGuard_CommanderF5_L	cycle	1	12	timer:1	0	arm	2	7000	0		0.0	0.0	0.0	0
297084	BGuard_CommanderF5_L	cycle	1	12	timer:1	1	skill	19106	0	0	MOST_HATED	0.0	0.0	0.0	0
297084	BGuard_CommanderF5_L	cycle	2	11	timer:2	0	arm	3	7000	0		0.0	0.0	0.0	0
297084	BGuard_CommanderF5_L	cycle	2	11	timer:2	1	skill	19113	0	0	MOST_HATED	0.0	0.0	0.0	0
297084	BGuard_CommanderF5_L	cycle	3	10	timer:3	0	arm	4	7000	0		0.0	0.0	0.0	0
297084	BGuard_CommanderF5_L	cycle	3	10	timer:3	1	skill	19102	0	0	ME	0.0	0.0	0.0	0
297084	BGuard_CommanderF5_L	cycle	4	9	timer:4	0	arm	5	7000	0		0.0	0.0	0.0	0
297084	BGuard_CommanderF5_L	cycle	4	9	timer:4	1	skill	19100	0	0	MOST_HATED	0.0	0.0	0.0	0
297084	BGuard_CommanderF5_L	cycle	5	8	timer:5	0	arm	6	7000	0		0.0	0.0	0.0	0
297084	BGuard_CommanderF5_L	cycle	5	8	timer:5	1	skill	19101	0	0	MOST_HATED	0.0	0.0	0.0	0
297084	BGuard_CommanderF5_L	cycle	6	7	timer:6	0	arm	7	7000	0		0.0	0.0	0.0	0
297084	BGuard_CommanderF5_L	cycle	6	7	timer:6	1	skill	19105	0	0	ME	0.0	0.0	0.0	0
297084	BGuard_CommanderF5_L	cycle	7	6	timer:7	0	arm	8	7000	0		0.0	0.0	0.0	0
297084	BGuard_CommanderF5_L	cycle	7	6	timer:7	1	skill	19106	0	0	MOST_HATED	0.0	0.0	0.0	0
297084	BGuard_CommanderF5_L	cycle	8	5	timer:8	0	arm	9	7000	0		0.0	0.0	0.0	0
297084	BGuard_CommanderF5_L	cycle	8	5	timer:8	1	skill	19113	0	0	MOST_HATED	0.0	0.0	0.0	0
297084	BGuard_CommanderF5_L	cycle	9	4	timer:9	0	arm	10	7000	0		0.0	0.0	0.0	0
297084	BGuard_CommanderF5_L	cycle	9	4	timer:9	1	skill	19107	0	0	MOST_HATED	0.0	0.0	0.0	0
297084	BGuard_CommanderF5_L	cycle	10	3	timer:10	0	arm	0	7000	0		0.0	0.0	0.0	0
297084	BGuard_CommanderF5_L	cycle	10	3	timer:10	1	skill	19108	0	0	MOST_HATED	0.0	0.0	0.0	0
297085	BGuard_CommanderF5_D	arm	0	14		0	arm	0	3000	0		0.0	0.0	0.0	0
297085	BGuard_CommanderF5_D	cycle	0	13	timer:0	0	arm	1	7000	0		0.0	0.0	0.0	0
297085	BGuard_CommanderF5_D	cycle	0	13	timer:0	1	skill	19105	0	0	ME	0.0	0.0	0.0	0
297085	BGuard_CommanderF5_D	cycle	1	12	timer:1	0	arm	2	7000	0		0.0	0.0	0.0	0
297085	BGuard_CommanderF5_D	cycle	1	12	timer:1	1	skill	19106	0	0	MOST_HATED	0.0	0.0	0.0	0
297085	BGuard_CommanderF5_D	cycle	2	11	timer:2	0	arm	3	7000	0		0.0	0.0	0.0	0
297085	BGuard_CommanderF5_D	cycle	2	11	timer:2	1	skill	19113	0	0	MOST_HATED	0.0	0.0	0.0	0
297085	BGuard_CommanderF5_D	cycle	3	10	timer:3	0	arm	4	7000	0		0.0	0.0	0.0	0
297085	BGuard_CommanderF5_D	cycle	3	10	timer:3	1	skill	19102	0	0	ME	0.0	0.0	0.0	0
297085	BGuard_CommanderF5_D	cycle	4	9	timer:4	0	arm	5	7000	0		0.0	0.0	0.0	0
297085	BGuard_CommanderF5_D	cycle	4	9	timer:4	1	skill	19100	0	0	MOST_HATED	0.0	0.0	0.0	0
297085	BGuard_CommanderF5_D	cycle	5	8	timer:5	0	arm	6	7000	0		0.0	0.0	0.0	0
297085	BGuard_CommanderF5_D	cycle	5	8	timer:5	1	skill	19101	0	0	MOST_HATED	0.0	0.0	0.0	0
297085	BGuard_CommanderF5_D	cycle	6	7	timer:6	0	arm	7	7000	0		0.0	0.0	0.0	0
297085	BGuard_CommanderF5_D	cycle	6	7	timer:6	1	skill	19105	0	0	ME	0.0	0.0	0.0	0
297085	BGuard_CommanderF5_D	cycle	7	6	timer:7	0	arm	8	7000	0		0.0	0.0	0.0	0
297085	BGuard_CommanderF5_D	cycle	7	6	timer:7	1	skill	19106	0	0	MOST_HATED	0.0	0.0	0.0	0
297085	BGuard_CommanderF5_D	cycle	8	5	timer:8	0	arm	9	7000	0		0.0	0.0	0.0	0
297085	BGuard_CommanderF5_D	cycle	8	5	timer:8	1	skill	19113	0	0	MOST_HATED	0.0	0.0	0.0	0
297085	BGuard_CommanderF5_D	cycle	9	4	timer:9	0	arm	10	7000	0		0.0	0.0	0.0	0
297085	BGuard_CommanderF5_D	cycle	9	4	timer:9	1	skill	19107	0	0	MOST_HATED	0.0	0.0	0.0	0
297085	BGuard_CommanderF5_D	cycle	10	3	timer:10	0	arm	0	7000	0		0.0	0.0	0.0	0
297085	BGuard_CommanderF5_D	cycle	10	3	timer:10	1	skill	19108	0	0	MOST_HATED	0.0	0.0	0.0	0
297086	BGuard_CommanderF5_Dr	arm	0	14		0	arm	0	3000	0		0.0	0.0	0.0	0
297086	BGuard_CommanderF5_Dr	cycle	0	13	timer:0	0	arm	1	7000	0		0.0	0.0	0.0	0
297086	BGuard_CommanderF5_Dr	cycle	0	13	timer:0	1	skill	19105	0	0	ME	0.0	0.0	0.0	0
297086	BGuard_CommanderF5_Dr	cycle	1	12	timer:1	0	arm	2	7000	0		0.0	0.0	0.0	0
297086	BGuard_CommanderF5_Dr	cycle	1	12	timer:1	1	skill	19106	0	0	MOST_HATED	0.0	0.0	0.0	0
297086	BGuard_CommanderF5_Dr	cycle	2	11	timer:2	0	arm	3	7000	0		0.0	0.0	0.0	0
297086	BGuard_CommanderF5_Dr	cycle	2	11	timer:2	1	skill	19113	0	0	MOST_HATED	0.0	0.0	0.0	0
297086	BGuard_CommanderF5_Dr	cycle	3	10	timer:3	0	arm	4	7000	0		0.0	0.0	0.0	0
297086	BGuard_CommanderF5_Dr	cycle	3	10	timer:3	1	skill	19102	0	0	ME	0.0	0.0	0.0	0
297086	BGuard_CommanderF5_Dr	cycle	4	9	timer:4	0	arm	5	7000	0		0.0	0.0	0.0	0
297086	BGuard_CommanderF5_Dr	cycle	4	9	timer:4	1	skill	19100	0	0	MOST_HATED	0.0	0.0	0.0	0
297086	BGuard_CommanderF5_Dr	cycle	5	8	timer:5	0	arm	6	7000	0		0.0	0.0	0.0	0
297086	BGuard_CommanderF5_Dr	cycle	5	8	timer:5	1	skill	19101	0	0	MOST_HATED	0.0	0.0	0.0	0
297086	BGuard_CommanderF5_Dr	cycle	6	7	timer:6	0	arm	7	7000	0		0.0	0.0	0.0	0
297086	BGuard_CommanderF5_Dr	cycle	6	7	timer:6	1	skill	19105	0	0	ME	0.0	0.0	0.0	0
297086	BGuard_CommanderF5_Dr	cycle	7	6	timer:7	0	arm	8	7000	0		0.0	0.0	0.0	0
297086	BGuard_CommanderF5_Dr	cycle	7	6	timer:7	1	skill	19106	0	0	MOST_HATED	0.0	0.0	0.0	0
297086	BGuard_CommanderF5_Dr	cycle	8	5	timer:8	0	arm	9	7000	0		0.0	0.0	0.0	0
297086	BGuard_CommanderF5_Dr	cycle	8	5	timer:8	1	skill	19113	0	0	MOST_HATED	0.0	0.0	0.0	0
297086	BGuard_CommanderF5_Dr	cycle	9	4	timer:9	0	arm	10	7000	0		0.0	0.0	0.0	0
297086	BGuard_CommanderF5_Dr	cycle	9	4	timer:9	1	skill	19107	0	0	MOST_HATED	0.0	0.0	0.0	0
297086	BGuard_CommanderF5_Dr	cycle	10	3	timer:10	0	arm	0	7000	0		0.0	0.0	0.0	0
297086	BGuard_CommanderF5_Dr	cycle	10	3	timer:10	1	skill	19108	0	0	MOST_HATED	0.0	0.0	0.0	0
297088	BGuard_ChiefA_Renew_Dr	arm	0	7		0	arm	0	1000	0		0.0	0.0	0.0	0
297088	BGuard_ChiefA_Renew_Dr	arm	0	7		1	arm	11	60000	0		0.0	0.0	0.0	0
297088	BGuard_ChiefA_Renew_Dr	arm	0	7		2	broadcast	10004	10	0		0.0	0.0	0.0	0
297088	BGuard_ChiefA_Renew_Dr	arm	0	7		3	broadcast	23300	10	0		0.0	0.0	0.0	0
297088	BGuard_ChiefA_Renew_Dr	arm	0	7		4	say	341526	0	0		0.0	0.0	0.0	0
297088	BGuard_ChiefA_Renew_Dr	cycle	0	51	timer:8	0	arm	0	30000	0		0.0	0.0	0.0	0
297088	BGuard_ChiefA_Renew_Dr	cycle	0	51	timer:8	1	skill	19108	0	0	MOST_HATED	0.0	0.0	0.0	0
297088	BGuard_ChiefA_Renew_Dr	cycle	0	51	timer:8	2	broadcast	23432	50	0		0.0	0.0	0.0	0
297088	BGuard_ChiefA_Renew_Dr	cycle	0	51	timer:8	3	skill	21509	0	0	ME	0.0	0.0	0.0	0
297088	BGuard_ChiefA_Renew_Dr	cycle	1	41	timer:6	0	arm	0	30000	0		0.0	0.0	0.0	0
297088	BGuard_ChiefA_Renew_Dr	cycle	1	41	timer:6	1	skill	19101	0	0	MOST_HATED	0.0	0.0	0.0	0
297088	BGuard_ChiefA_Renew_Dr	cycle	1	41	timer:6	2	broadcast	23431	50	0		0.0	0.0	0.0	0
297088	BGuard_ChiefA_Renew_Dr	cycle	1	41	timer:6	3	skill	21509	0	0	ME	0.0	0.0	0.0	0
297089	BGuard_ChiefA_Renew_Dr	arm	0	7		0	arm	0	1000	0		0.0	0.0	0.0	0
297089	BGuard_ChiefA_Renew_Dr	arm	0	7		1	arm	11	60000	0		0.0	0.0	0.0	0
297089	BGuard_ChiefA_Renew_Dr	arm	0	7		2	broadcast	10004	10	0		0.0	0.0	0.0	0
297089	BGuard_ChiefA_Renew_Dr	arm	0	7		3	broadcast	23300	10	0		0.0	0.0	0.0	0
297089	BGuard_ChiefA_Renew_Dr	arm	0	7		4	say	341526	0	0		0.0	0.0	0.0	0
297089	BGuard_ChiefA_Renew_Dr	cycle	0	51	timer:8	0	arm	0	30000	0		0.0	0.0	0.0	0
297089	BGuard_ChiefA_Renew_Dr	cycle	0	51	timer:8	1	skill	19108	0	0	MOST_HATED	0.0	0.0	0.0	0
297089	BGuard_ChiefA_Renew_Dr	cycle	0	51	timer:8	2	broadcast	23432	50	0		0.0	0.0	0.0	0
297089	BGuard_ChiefA_Renew_Dr	cycle	0	51	timer:8	3	skill	21509	0	0	ME	0.0	0.0	0.0	0
297089	BGuard_ChiefA_Renew_Dr	cycle	1	41	timer:6	0	arm	0	30000	0		0.0	0.0	0.0	0
297089	BGuard_ChiefA_Renew_Dr	cycle	1	41	timer:6	1	skill	19101	0	0	MOST_HATED	0.0	0.0	0.0	0
297089	BGuard_ChiefA_Renew_Dr	cycle	1	41	timer:6	2	broadcast	23431	50	0		0.0	0.0	0.0	0
297089	BGuard_ChiefA_Renew_Dr	cycle	1	41	timer:6	3	skill	21509	0	0	ME	0.0	0.0	0.0	0
297091	BGuard_ChiefA_Renew_Li	arm	0	7		0	arm	0	1000	0		0.0	0.0	0.0	0
297091	BGuard_ChiefA_Renew_Li	arm	0	7		1	arm	11	60000	0		0.0	0.0	0.0	0
297091	BGuard_ChiefA_Renew_Li	arm	0	7		2	broadcast	10002	10	0		0.0	0.0	0.0	0
297091	BGuard_ChiefA_Renew_Li	arm	0	7		3	broadcast	23100	10	0		0.0	0.0	0.0	0
297091	BGuard_ChiefA_Renew_Li	arm	0	7		4	say	341526	0	0		0.0	0.0	0.0	0
297091	BGuard_ChiefA_Renew_Li	cycle	0	51	timer:8	0	arm	0	30000	0		0.0	0.0	0.0	0
297091	BGuard_ChiefA_Renew_Li	cycle	0	51	timer:8	1	skill	19108	0	0	MOST_HATED	0.0	0.0	0.0	0
297091	BGuard_ChiefA_Renew_Li	cycle	0	51	timer:8	2	broadcast	23412	50	0		0.0	0.0	0.0	0
297091	BGuard_ChiefA_Renew_Li	cycle	0	51	timer:8	3	skill	21509	0	0	ME	0.0	0.0	0.0	0
297091	BGuard_ChiefA_Renew_Li	cycle	1	41	timer:6	0	arm	0	30000	0		0.0	0.0	0.0	0
297091	BGuard_ChiefA_Renew_Li	cycle	1	41	timer:6	1	skill	19101	0	0	MOST_HATED	0.0	0.0	0.0	0
297091	BGuard_ChiefA_Renew_Li	cycle	1	41	timer:6	2	broadcast	23411	50	0		0.0	0.0	0.0	0
297091	BGuard_ChiefA_Renew_Li	cycle	1	41	timer:6	3	skill	21509	0	0	ME	0.0	0.0	0.0	0
297092	BGuard_ChiefA_Renew_Li	arm	0	7		0	arm	0	1000	0		0.0	0.0	0.0	0
297092	BGuard_ChiefA_Renew_Li	arm	0	7		1	arm	11	60000	0		0.0	0.0	0.0	0
297092	BGuard_ChiefA_Renew_Li	arm	0	7		2	broadcast	10002	10	0		0.0	0.0	0.0	0
297092	BGuard_ChiefA_Renew_Li	arm	0	7		3	broadcast	23100	10	0		0.0	0.0	0.0	0
297092	BGuard_ChiefA_Renew_Li	arm	0	7		4	say	341526	0	0		0.0	0.0	0.0	0
297092	BGuard_ChiefA_Renew_Li	cycle	0	51	timer:8	0	arm	0	30000	0		0.0	0.0	0.0	0
297092	BGuard_ChiefA_Renew_Li	cycle	0	51	timer:8	1	skill	19108	0	0	MOST_HATED	0.0	0.0	0.0	0
297092	BGuard_ChiefA_Renew_Li	cycle	0	51	timer:8	2	broadcast	23412	50	0		0.0	0.0	0.0	0
297092	BGuard_ChiefA_Renew_Li	cycle	0	51	timer:8	3	skill	21509	0	0	ME	0.0	0.0	0.0	0
297092	BGuard_ChiefA_Renew_Li	cycle	1	41	timer:6	0	arm	0	30000	0		0.0	0.0	0.0	0
297092	BGuard_ChiefA_Renew_Li	cycle	1	41	timer:6	1	skill	19101	0	0	MOST_HATED	0.0	0.0	0.0	0
297092	BGuard_ChiefA_Renew_Li	cycle	1	41	timer:6	2	broadcast	23411	50	0		0.0	0.0	0.0	0
297092	BGuard_ChiefA_Renew_Li	cycle	1	41	timer:6	3	skill	21509	0	0	ME	0.0	0.0	0.0	0
297163	BGuard_TowerChiefF4A_Ver47	arm	0	7		0	arm	0	5000	0		0.0	0.0	0.0	0
297163	BGuard_TowerChiefF4A_Ver47	arm	0	7		1	skill	19112	0	0	MOST_HATED	0.0	0.0	0.0	0
297163	BGuard_TowerChiefF4A_Ver47	cycle	0	1	timer:0	0	arm	0	5000	0		0.0	0.0	0.0	0
297163	BGuard_TowerChiefF4A_Ver47	cycle	0	1	timer:0	1	skill	19112	0	0	MOST_HATED	0.0	0.0	0.0	0
297163	BGuard_TowerChiefF4A_Ver47	cycle	0	1	timer:0	2	broadcast	9999	50	0		0.0	0.0	0.0	0
297165	BGuard_TowerChiefF4B_Ver47	arm	0	7		0	arm	0	5000	0		0.0	0.0	0.0	0
297165	BGuard_TowerChiefF4B_Ver47	arm	0	7		1	skill	19112	0	0	MOST_HATED	0.0	0.0	0.0	0
297165	BGuard_TowerChiefF4B_Ver47	cycle	0	1	timer:0	0	arm	0	5000	0		0.0	0.0	0.0	0
297165	BGuard_TowerChiefF4B_Ver47	cycle	0	1	timer:0	1	skill	19112	0	0	MOST_HATED	0.0	0.0	0.0	0
297165	BGuard_TowerChiefF4B_Ver47	cycle	0	1	timer:0	2	broadcast	9999	50	0		0.0	0.0	0.0	0
297168	BGuard_TowerChiefF4A_Ver47	arm	0	7		0	arm	0	5000	0		0.0	0.0	0.0	0
297168	BGuard_TowerChiefF4A_Ver47	arm	0	7		1	skill	19112	0	0	MOST_HATED	0.0	0.0	0.0	0
297168	BGuard_TowerChiefF4A_Ver47	cycle	0	1	timer:0	0	arm	0	5000	0		0.0	0.0	0.0	0
297168	BGuard_TowerChiefF4A_Ver47	cycle	0	1	timer:0	1	skill	19112	0	0	MOST_HATED	0.0	0.0	0.0	0
297168	BGuard_TowerChiefF4A_Ver47	cycle	0	1	timer:0	2	broadcast	9999	50	0		0.0	0.0	0.0	0
297170	BGuard_TowerChiefF4B_Ver47	arm	0	7		0	arm	0	5000	0		0.0	0.0	0.0	0
297170	BGuard_TowerChiefF4B_Ver47	arm	0	7		1	skill	19112	0	0	MOST_HATED	0.0	0.0	0.0	0
297170	BGuard_TowerChiefF4B_Ver47	cycle	0	1	timer:0	0	arm	0	5000	0		0.0	0.0	0.0	0
297170	BGuard_TowerChiefF4B_Ver47	cycle	0	1	timer:0	1	skill	19112	0	0	MOST_HATED	0.0	0.0	0.0	0
297170	BGuard_TowerChiefF4B_Ver47	cycle	0	1	timer:0	2	broadcast	9999	50	0		0.0	0.0	0.0	0
297372	LDF5_LDGuard_DisputePvP_ElementalFire_60_An	arm	0	7		0	arm	0	7000	0		0.0	0.0	0.0	0
297372	LDF5_LDGuard_DisputePvP_ElementalFire_60_An	arm	0	7		1	broadcast	23005	15	0		0.0	0.0	0.0	0
297372	LDF5_LDGuard_DisputePvP_ElementalFire_60_An	cycle	0	23	timer:0	0	arm	1	7000	0		0.0	0.0	0.0	0
297372	LDF5_LDGuard_DisputePvP_ElementalFire_60_An	cycle	0	23	timer:0	1	skill	18346	0	0	MOST_HATED	0.0	0.0	0.0	0
297372	LDF5_LDGuard_DisputePvP_ElementalFire_60_An	cycle	1	21	timer:1	0	arm	0	7000	0		0.0	0.0	0.0	0
297372	LDF5_LDGuard_DisputePvP_ElementalFire_60_An	cycle	1	21	timer:1	1	skill	18342	0	0	MOST_HATED	0.0	0.0	0.0	0
297452	Gab1_LGuard_Boss_02	arm	0	7		0	arm	0	7000	0		0.0	0.0	0.0	0
297452	Gab1_LGuard_Boss_02	arm	0	7		1	broadcast	42101	30	0		0.0	0.0	0.0	0
297452	Gab1_LGuard_Boss_02	cycle	0	7	timer:0	0	arm	0	7000	0		0.0	0.0	0.0	0
297452	Gab1_LGuard_Boss_02	cycle	0	7	timer:0	1	broadcast	42101	30	0		0.0	0.0	0.0	0
297453	Gab1_VritraGuard_Boss_02	arm	0	7		0	arm	0	7000	0		0.0	0.0	0.0	0
297453	Gab1_VritraGuard_Boss_02	arm	0	7		1	broadcast	42001	30	0		0.0	0.0	0.0	0
297453	Gab1_VritraGuard_Boss_02	cycle	0	7	timer:0	0	arm	0	7000	0		0.0	0.0	0.0	0
297453	Gab1_VritraGuard_Boss_02	cycle	0	7	timer:0	1	broadcast	42001	30	0		0.0	0.0	0.0	0
297503	Gab1_VritraGuard_BossKiller_01	arm	0	7		0	arm	0	6000	0		0.0	0.0	0.0	0
297503	Gab1_VritraGuard_BossKiller_01	cycle	0	7	timer:0	0	arm	0	6000	0		0.0	0.0	0.0	0
297503	Gab1_VritraGuard_BossKiller_01	cycle	0	7	timer:0	1	skill	17294	0	0	MOST_HATED	0.0	0.0	0.0	0
297504	Gab1_VritraGuard_BossKiller_02	arm	0	7		0	arm	0	6000	0		0.0	0.0	0.0	0
297504	Gab1_VritraGuard_BossKiller_02	cycle	0	7	timer:0	0	arm	0	6000	0		0.0	0.0	0.0	0
297504	Gab1_VritraGuard_BossKiller_02	cycle	0	7	timer:0	1	skill	18417	0	0	MOST_HATED	0.0	0.0	0.0	0
700448	ND2_WhHC1	arm	0	1		0	broadcast	6811	50	0		0.0	0.0	0.0	0
700448	ND2_WhHC1	arm	0	1		1	arm	0	16000	0		0.0	0.0	0.0	0
700448	ND2_WhHC1	cycle	0	4	timer:2	0	broadcast	6811	50	0		0.0	0.0	0.0	0
700448	ND2_WhHC1	cycle	0	4	timer:2	1	arm	0	16000	0		0.0	0.0	0.0	0
700448	ND2_WhHC1	cycle	1	3	timer:1	0	broadcast	6812	50	0		0.0	0.0	0.0	0
700448	ND2_WhHC1	cycle	1	3	timer:1	1	arm	2	16000	0		0.0	0.0	0.0	0
700448	ND2_WhHC1	cycle	2	2	timer:0	0	broadcast	6810	50	0		0.0	0.0	0.0	0
700448	ND2_WhHC1	cycle	2	2	timer:0	1	arm	1	16000	0		0.0	0.0	0.0	0
700449	ND2_WhHC2	arm	0	1		0	broadcast	6811	50	0		0.0	0.0	0.0	0
700449	ND2_WhHC2	arm	0	1		1	arm	0	16000	0		0.0	0.0	0.0	0
700449	ND2_WhHC2	cycle	0	4	timer:2	0	broadcast	6811	50	0		0.0	0.0	0.0	0
700449	ND2_WhHC2	cycle	0	4	timer:2	1	arm	0	16000	0		0.0	0.0	0.0	0
700449	ND2_WhHC2	cycle	1	3	timer:1	0	broadcast	6810	50	0		0.0	0.0	0.0	0
700449	ND2_WhHC2	cycle	1	3	timer:1	1	arm	2	16000	0		0.0	0.0	0.0	0
700449	ND2_WhHC2	cycle	2	2	timer:0	0	broadcast	6812	50	0		0.0	0.0	0.0	0
700449	ND2_WhHC2	cycle	2	2	timer:0	1	arm	1	16000	0		0.0	0.0	0.0	0
799648	IDYun_Soldier_ND1	arm	0	3		0	arm	0	1000	0		0.0	0.0	0.0	0
799648	IDYun_Soldier_ND1	arm	0	3		1	arm	1	40000	0		0.0	0.0	0.0	0
799648	IDYun_Soldier_ND1	cycle	0	2	timer:0	0	skill	19365	0	0	MOST_HATED	0.0	0.0	0.0	0
799648	IDYun_Soldier_ND1	cycle	0	2	timer:0	1	arm	0	10000	0		0.0	0.0	0.0	0
799648	IDYun_Soldier_ND1	cycle	1	1	timer:1	0	skill	19366	0	0	ME	0.0	0.0	0.0	0
799648	IDYun_Soldier_ND1	cycle	1	1	timer:1	1	arm	1	50000	0		0.0	0.0	0.0	0
799652	IDYun_Soldier_ND2	arm	0	2		0	arm	0	6000	0		0.0	0.0	0.0	0
799652	IDYun_Soldier_ND2	cycle	0	1	timer:0	0	skill	19359	0	0	MOST_HATED	0.0	0.0	0.0	0
799652	IDYun_Soldier_ND2	cycle	0	1	timer:0	1	arm	0	9000	0		0.0	0.0	0.0	0
799653	IDYun_Soldier_ND3	arm	0	2		0	arm	0	10000	0		0.0	0.0	0.0	0
799653	IDYun_Soldier_ND3	cycle	0	1	timer:0	0	skill	19360	0	0	MOST_HATED	0.0	0.0	0.0	0
799653	IDYun_Soldier_ND3	cycle	0	1	timer:0	1	arm	0	15000	0		0.0	0.0	0.0	0
799654	IDYun_Soldier_ND1	arm	0	3		0	arm	0	1000	0		0.0	0.0	0.0	0
799654	IDYun_Soldier_ND1	arm	0	3		1	arm	1	40000	0		0.0	0.0	0.0	0
799654	IDYun_Soldier_ND1	cycle	0	2	timer:0	0	skill	19365	0	0	MOST_HATED	0.0	0.0	0.0	0
799654	IDYun_Soldier_ND1	cycle	0	2	timer:0	1	arm	0	10000	0		0.0	0.0	0.0	0
799654	IDYun_Soldier_ND1	cycle	1	1	timer:1	0	skill	19366	0	0	ME	0.0	0.0	0.0	0
799654	IDYun_Soldier_ND1	cycle	1	1	timer:1	1	arm	1	50000	0		0.0	0.0	0.0	0
799655	IDYun_Soldier_ND2	arm	0	2		0	arm	0	6000	0		0.0	0.0	0.0	0
799655	IDYun_Soldier_ND2	cycle	0	1	timer:0	0	skill	19359	0	0	MOST_HATED	0.0	0.0	0.0	0
799655	IDYun_Soldier_ND2	cycle	0	1	timer:0	1	arm	0	9000	0		0.0	0.0	0.0	0
799656	IDYun_Soldier_ND3	arm	0	2		0	arm	0	10000	0		0.0	0.0	0.0	0
799656	IDYun_Soldier_ND3	cycle	0	1	timer:0	0	skill	19360	0	0	MOST_HATED	0.0	0.0	0.0	0
799656	IDYun_Soldier_ND3	cycle	0	1	timer:0	1	arm	0	15000	0		0.0	0.0	0.0	0
800285	IDYun_Soldier_ND1	arm	0	3		0	arm	0	1000	0		0.0	0.0	0.0	0
800285	IDYun_Soldier_ND1	arm	0	3		1	arm	1	40000	0		0.0	0.0	0.0	0
800285	IDYun_Soldier_ND1	cycle	0	2	timer:0	0	skill	19365	0	0	MOST_HATED	0.0	0.0	0.0	0
800285	IDYun_Soldier_ND1	cycle	0	2	timer:0	1	arm	0	10000	0		0.0	0.0	0.0	0
800285	IDYun_Soldier_ND1	cycle	1	1	timer:1	0	skill	19366	0	0	ME	0.0	0.0	0.0	0
800285	IDYun_Soldier_ND1	cycle	1	1	timer:1	1	arm	1	50000	0		0.0	0.0	0.0	0
800286	IDYun_Soldier_ND2	arm	0	2		0	arm	0	6000	0		0.0	0.0	0.0	0
800286	IDYun_Soldier_ND2	cycle	0	1	timer:0	0	skill	19359	0	0	MOST_HATED	0.0	0.0	0.0	0
800286	IDYun_Soldier_ND2	cycle	0	1	timer:0	1	arm	0	9000	0		0.0	0.0	0.0	0
800287	IDYun_Soldier_ND3	arm	0	2		0	arm	0	10000	0		0.0	0.0	0.0	0
800287	IDYun_Soldier_ND3	cycle	0	1	timer:0	0	skill	19360	0	0	MOST_HATED	0.0	0.0	0.0	0
800287	IDYun_Soldier_ND3	cycle	0	1	timer:0	1	arm	0	15000	0		0.0	0.0	0.0	0
800288	IDYun_Soldier_ND1	arm	0	3		0	arm	0	1000	0		0.0	0.0	0.0	0
800288	IDYun_Soldier_ND1	arm	0	3		1	arm	1	40000	0		0.0	0.0	0.0	0
800288	IDYun_Soldier_ND1	cycle	0	2	timer:0	0	skill	19365	0	0	MOST_HATED	0.0	0.0	0.0	0
800288	IDYun_Soldier_ND1	cycle	0	2	timer:0	1	arm	0	10000	0		0.0	0.0	0.0	0
800288	IDYun_Soldier_ND1	cycle	1	1	timer:1	0	skill	19366	0	0	ME	0.0	0.0	0.0	0
800288	IDYun_Soldier_ND1	cycle	1	1	timer:1	1	arm	1	50000	0		0.0	0.0	0.0	0
800289	IDYun_Soldier_ND2	arm	0	2		0	arm	0	6000	0		0.0	0.0	0.0	0
800289	IDYun_Soldier_ND2	cycle	0	1	timer:0	0	skill	19359	0	0	MOST_HATED	0.0	0.0	0.0	0
800289	IDYun_Soldier_ND2	cycle	0	1	timer:0	1	arm	0	9000	0		0.0	0.0	0.0	0
800290	IDYun_Soldier_ND3	arm	0	2		0	arm	0	10000	0		0.0	0.0	0.0	0
800290	IDYun_Soldier_ND3	cycle	0	1	timer:0	0	skill	19360	0	0	MOST_HATED	0.0	0.0	0.0	0
800290	IDYun_Soldier_ND3	cycle	0	1	timer:0	1	arm	0	15000	0		0.0	0.0	0.0	0
800291	IDYun_Soldier_ND1	arm	0	3		0	arm	0	1000	0		0.0	0.0	0.0	0
800291	IDYun_Soldier_ND1	arm	0	3		1	arm	1	40000	0		0.0	0.0	0.0	0
800291	IDYun_Soldier_ND1	cycle	0	2	timer:0	0	skill	19365	0	0	MOST_HATED	0.0	0.0	0.0	0
800291	IDYun_Soldier_ND1	cycle	0	2	timer:0	1	arm	0	10000	0		0.0	0.0	0.0	0
800291	IDYun_Soldier_ND1	cycle	1	1	timer:1	0	skill	19366	0	0	ME	0.0	0.0	0.0	0
800291	IDYun_Soldier_ND1	cycle	1	1	timer:1	1	arm	1	50000	0		0.0	0.0	0.0	0
800292	IDYun_Soldier_ND2	arm	0	2		0	arm	0	6000	0		0.0	0.0	0.0	0
800292	IDYun_Soldier_ND2	cycle	0	1	timer:0	0	skill	19359	0	0	MOST_HATED	0.0	0.0	0.0	0
800292	IDYun_Soldier_ND2	cycle	0	1	timer:0	1	arm	0	9000	0		0.0	0.0	0.0	0
800293	IDYun_Soldier_ND3	arm	0	2		0	arm	0	10000	0		0.0	0.0	0.0	0
800293	IDYun_Soldier_ND3	cycle	0	1	timer:0	0	skill	19360	0	0	MOST_HATED	0.0	0.0	0.0	0
800293	IDYun_Soldier_ND3	cycle	0	1	timer:0	1	arm	0	15000	0		0.0	0.0	0.0	0
800527	BGuard_CommanderF5_L	arm	0	14		0	arm	0	3000	0		0.0	0.0	0.0	0
800527	BGuard_CommanderF5_L	cycle	0	13	timer:0	0	arm	1	7000	0		0.0	0.0	0.0	0
800527	BGuard_CommanderF5_L	cycle	0	13	timer:0	1	skill	19105	0	0	ME	0.0	0.0	0.0	0
800527	BGuard_CommanderF5_L	cycle	1	12	timer:1	0	arm	2	7000	0		0.0	0.0	0.0	0
800527	BGuard_CommanderF5_L	cycle	1	12	timer:1	1	skill	19106	0	0	MOST_HATED	0.0	0.0	0.0	0
800527	BGuard_CommanderF5_L	cycle	2	11	timer:2	0	arm	3	7000	0		0.0	0.0	0.0	0
800527	BGuard_CommanderF5_L	cycle	2	11	timer:2	1	skill	19113	0	0	MOST_HATED	0.0	0.0	0.0	0
800527	BGuard_CommanderF5_L	cycle	3	10	timer:3	0	arm	4	7000	0		0.0	0.0	0.0	0
800527	BGuard_CommanderF5_L	cycle	3	10	timer:3	1	skill	19102	0	0	ME	0.0	0.0	0.0	0
800527	BGuard_CommanderF5_L	cycle	4	9	timer:4	0	arm	5	7000	0		0.0	0.0	0.0	0
800527	BGuard_CommanderF5_L	cycle	4	9	timer:4	1	skill	19100	0	0	MOST_HATED	0.0	0.0	0.0	0
800527	BGuard_CommanderF5_L	cycle	5	8	timer:5	0	arm	6	7000	0		0.0	0.0	0.0	0
800527	BGuard_CommanderF5_L	cycle	5	8	timer:5	1	skill	19101	0	0	MOST_HATED	0.0	0.0	0.0	0
800527	BGuard_CommanderF5_L	cycle	6	7	timer:6	0	arm	7	7000	0		0.0	0.0	0.0	0
800527	BGuard_CommanderF5_L	cycle	6	7	timer:6	1	skill	19105	0	0	ME	0.0	0.0	0.0	0
800527	BGuard_CommanderF5_L	cycle	7	6	timer:7	0	arm	8	7000	0		0.0	0.0	0.0	0
800527	BGuard_CommanderF5_L	cycle	7	6	timer:7	1	skill	19106	0	0	MOST_HATED	0.0	0.0	0.0	0
800527	BGuard_CommanderF5_L	cycle	8	5	timer:8	0	arm	9	7000	0		0.0	0.0	0.0	0
800527	BGuard_CommanderF5_L	cycle	8	5	timer:8	1	skill	19113	0	0	MOST_HATED	0.0	0.0	0.0	0
800527	BGuard_CommanderF5_L	cycle	9	4	timer:9	0	arm	10	7000	0		0.0	0.0	0.0	0
800527	BGuard_CommanderF5_L	cycle	9	4	timer:9	1	skill	19107	0	0	MOST_HATED	0.0	0.0	0.0	0
800527	BGuard_CommanderF5_L	cycle	10	3	timer:10	0	arm	0	7000	0		0.0	0.0	0.0	0
800527	BGuard_CommanderF5_L	cycle	10	3	timer:10	1	skill	19108	0	0	MOST_HATED	0.0	0.0	0.0	0
830580	IDYun_Soldier_ND1	arm	0	3		0	arm	0	1000	0		0.0	0.0	0.0	0
830580	IDYun_Soldier_ND1	arm	0	3		1	arm	1	40000	0		0.0	0.0	0.0	0
830580	IDYun_Soldier_ND1	cycle	0	2	timer:0	0	skill	19365	0	0	MOST_HATED	0.0	0.0	0.0	0
830580	IDYun_Soldier_ND1	cycle	0	2	timer:0	1	arm	0	10000	0		0.0	0.0	0.0	0
830580	IDYun_Soldier_ND1	cycle	1	1	timer:1	0	skill	19366	0	0	ME	0.0	0.0	0.0	0
830580	IDYun_Soldier_ND1	cycle	1	1	timer:1	1	arm	1	50000	0		0.0	0.0	0.0	0
830581	IDYun_Soldier_ND2	arm	0	2		0	arm	0	6000	0		0.0	0.0	0.0	0
830581	IDYun_Soldier_ND2	cycle	0	1	timer:0	0	skill	19359	0	0	MOST_HATED	0.0	0.0	0.0	0
830581	IDYun_Soldier_ND2	cycle	0	1	timer:0	1	arm	0	9000	0		0.0	0.0	0.0	0
830582	IDYun_Soldier_ND3	arm	0	2		0	arm	0	10000	0		0.0	0.0	0.0	0
830582	IDYun_Soldier_ND3	cycle	0	1	timer:0	0	skill	19360	0	0	MOST_HATED	0.0	0.0	0.0	0
830582	IDYun_Soldier_ND3	cycle	0	1	timer:0	1	arm	0	15000	0		0.0	0.0	0.0	0
833466	IDYun_Soldier_ND1	arm	0	3		0	arm	0	1000	0		0.0	0.0	0.0	0
833466	IDYun_Soldier_ND1	arm	0	3		1	arm	1	40000	0		0.0	0.0	0.0	0
833466	IDYun_Soldier_ND1	cycle	0	2	timer:0	0	skill	19365	0	0	MOST_HATED	0.0	0.0	0.0	0
833466	IDYun_Soldier_ND1	cycle	0	2	timer:0	1	arm	0	10000	0		0.0	0.0	0.0	0
833466	IDYun_Soldier_ND1	cycle	1	1	timer:1	0	skill	19366	0	0	ME	0.0	0.0	0.0	0
833466	IDYun_Soldier_ND1	cycle	1	1	timer:1	1	arm	1	50000	0		0.0	0.0	0.0	0
833467	IDYun_Soldier_ND1	arm	0	3		0	arm	0	1000	0		0.0	0.0	0.0	0
833467	IDYun_Soldier_ND1	arm	0	3		1	arm	1	40000	0		0.0	0.0	0.0	0
833467	IDYun_Soldier_ND1	cycle	0	2	timer:0	0	skill	19365	0	0	MOST_HATED	0.0	0.0	0.0	0
833467	IDYun_Soldier_ND1	cycle	0	2	timer:0	1	arm	0	10000	0		0.0	0.0	0.0	0
833467	IDYun_Soldier_ND1	cycle	1	1	timer:1	0	skill	19366	0	0	ME	0.0	0.0	0.0	0
833467	IDYun_Soldier_ND1	cycle	1	1	timer:1	1	arm	1	50000	0		0.0	0.0	0.0	0
833468	IDYun_Soldier_ND1	arm	0	3		0	arm	0	1000	0		0.0	0.0	0.0	0
833468	IDYun_Soldier_ND1	arm	0	3		1	arm	1	40000	0		0.0	0.0	0.0	0
833468	IDYun_Soldier_ND1	cycle	0	2	timer:0	0	skill	19365	0	0	MOST_HATED	0.0	0.0	0.0	0
833468	IDYun_Soldier_ND1	cycle	0	2	timer:0	1	arm	0	10000	0		0.0	0.0	0.0	0
833468	IDYun_Soldier_ND1	cycle	1	1	timer:1	0	skill	19366	0	0	ME	0.0	0.0	0.0	0
833468	IDYun_Soldier_ND1	cycle	1	1	timer:1	1	arm	1	50000	0		0.0	0.0	0.0	0
833469	IDYun_Soldier_ND1	arm	0	3		0	arm	0	1000	0		0.0	0.0	0.0	0
833469	IDYun_Soldier_ND1	arm	0	3		1	arm	1	40000	0		0.0	0.0	0.0	0
833469	IDYun_Soldier_ND1	cycle	0	2	timer:0	0	skill	19365	0	0	MOST_HATED	0.0	0.0	0.0	0
833469	IDYun_Soldier_ND1	cycle	0	2	timer:0	1	arm	0	10000	0		0.0	0.0	0.0	0
833469	IDYun_Soldier_ND1	cycle	1	1	timer:1	0	skill	19366	0	0	ME	0.0	0.0	0.0	0
833469	IDYun_Soldier_ND1	cycle	1	1	timer:1	1	arm	1	50000	0		0.0	0.0	0.0	0
833470	IDYun_Soldier_ND2	arm	0	2		0	arm	0	6000	0		0.0	0.0	0.0	0
833470	IDYun_Soldier_ND2	cycle	0	1	timer:0	0	skill	19359	0	0	MOST_HATED	0.0	0.0	0.0	0
833470	IDYun_Soldier_ND2	cycle	0	1	timer:0	1	arm	0	9000	0		0.0	0.0	0.0	0
833471	IDYun_Soldier_ND2	arm	0	2		0	arm	0	6000	0		0.0	0.0	0.0	0
833471	IDYun_Soldier_ND2	cycle	0	1	timer:0	0	skill	19359	0	0	MOST_HATED	0.0	0.0	0.0	0
833471	IDYun_Soldier_ND2	cycle	0	1	timer:0	1	arm	0	9000	0		0.0	0.0	0.0	0
833472	IDYun_Soldier_ND2	arm	0	2		0	arm	0	6000	0		0.0	0.0	0.0	0
833472	IDYun_Soldier_ND2	cycle	0	1	timer:0	0	skill	19359	0	0	MOST_HATED	0.0	0.0	0.0	0
833472	IDYun_Soldier_ND2	cycle	0	1	timer:0	1	arm	0	9000	0		0.0	0.0	0.0	0
833473	IDYun_Soldier_ND1	arm	0	3		0	arm	0	1000	0		0.0	0.0	0.0	0
833473	IDYun_Soldier_ND1	arm	0	3		1	arm	1	40000	0		0.0	0.0	0.0	0
833473	IDYun_Soldier_ND1	cycle	0	2	timer:0	0	skill	19365	0	0	MOST_HATED	0.0	0.0	0.0	0
833473	IDYun_Soldier_ND1	cycle	0	2	timer:0	1	arm	0	10000	0		0.0	0.0	0.0	0
833473	IDYun_Soldier_ND1	cycle	1	1	timer:1	0	skill	19366	0	0	ME	0.0	0.0	0.0	0
833473	IDYun_Soldier_ND1	cycle	1	1	timer:1	1	arm	1	50000	0		0.0	0.0	0.0	0
833474	IDYun_Soldier_ND3	arm	0	2		0	arm	0	10000	0		0.0	0.0	0.0	0
833474	IDYun_Soldier_ND3	cycle	0	1	timer:0	0	skill	19360	0	0	MOST_HATED	0.0	0.0	0.0	0
833474	IDYun_Soldier_ND3	cycle	0	1	timer:0	1	arm	0	15000	0		0.0	0.0	0.0	0
833475	IDYun_Soldier_ND3	arm	0	2		0	arm	0	10000	0		0.0	0.0	0.0	0
833475	IDYun_Soldier_ND3	cycle	0	1	timer:0	0	skill	19360	0	0	MOST_HATED	0.0	0.0	0.0	0
833475	IDYun_Soldier_ND3	cycle	0	1	timer:0	1	arm	0	15000	0		0.0	0.0	0.0	0
855011	IDLDF5_Fortress_Re_SetCond_Noshow_06	arm	0	7		0	arm	0	1000	0		0.0	0.0	0.0	0
855011	IDLDF5_Fortress_Re_SetCond_Noshow_06	arm	0	7		1	skill	21648	0	0	ME	0.0	0.0	0.0	0
855011	IDLDF5_Fortress_Re_SetCond_Noshow_06	cycle	0	7	timer:0	0	arm	0	1000	0		0.0	0.0	0.0	0
855011	IDLDF5_Fortress_Re_SetCond_Noshow_06	cycle	0	7	timer:0	1	skill	21648	0	0	ME	0.0	0.0	0.0	0
855013	IDLDF5_Fortress_Re_SetCond_Noshow_07	arm	0	7		0	arm	0	1000	0		0.0	0.0	0.0	0
855013	IDLDF5_Fortress_Re_SetCond_Noshow_07	arm	0	7		1	skill	21648	0	0	ME	0.0	0.0	0.0	0
855013	IDLDF5_Fortress_Re_SetCond_Noshow_07	cycle	0	7	timer:0	0	arm	0	1000	0		0.0	0.0	0.0	0
855013	IDLDF5_Fortress_Re_SetCond_Noshow_07	cycle	0	7	timer:0	1	skill	21648	0	0	ME	0.0	0.0	0.0	0
855014	IDLDF5_Fortress_Re_SetCond_Noshow_08	arm	0	7		0	arm	0	1000	0		0.0	0.0	0.0	0
855014	IDLDF5_Fortress_Re_SetCond_Noshow_08	arm	0	7		1	skill	21648	0	0	ME	0.0	0.0	0.0	0
855014	IDLDF5_Fortress_Re_SetCond_Noshow_08	cycle	0	7	timer:0	0	arm	0	1000	0		0.0	0.0	0.0	0
855014	IDLDF5_Fortress_Re_SetCond_Noshow_08	cycle	0	7	timer:0	1	skill	21648	0	0	ME	0.0	0.0	0.0	0
855071	LDF4_Advance_Rottentree_Green_Gi400	arm	0	7		0	arm	0	10000	0		0.0	0.0	0.0	0
855071	LDF4_Advance_Rottentree_Green_Gi400	cycle	0	10	timer:0	0	arm	1	13000	0		0.0	0.0	0.0	0
855071	LDF4_Advance_Rottentree_Green_Gi400	cycle	0	10	timer:0	1	skill	16524	0	0	MOST_HATED	0.0	0.0	0.0	0
855071	LDF4_Advance_Rottentree_Green_Gi400	cycle	1	9	timer:1	0	arm	2	13000	0		0.0	0.0	0.0	0
855071	LDF4_Advance_Rottentree_Green_Gi400	cycle	1	9	timer:1	1	skill	16605	0	0	MOST_HATED	0.0	0.0	0.0	0
855071	LDF4_Advance_Rottentree_Green_Gi400	cycle	2	8	timer:2	0	arm	3	13000	0		0.0	0.0	0.0	0
855071	LDF4_Advance_Rottentree_Green_Gi400	cycle	2	8	timer:2	1	skill	16524	0	0	MOST_HATED	0.0	0.0	0.0	0
855071	LDF4_Advance_Rottentree_Green_Gi400	cycle	3	7	timer:3	0	arm	0	13000	0		0.0	0.0	0.0	0
855071	LDF4_Advance_Rottentree_Green_Gi400	cycle	3	7	timer:3	1	skill	16563	0	0	ME	0.0	0.0	0.0	0
855077	LDF4_Advance_village_02	arm	0	7		0	arm	0	5000	0		0.0	0.0	0.0	0
855077	LDF4_Advance_village_02	arm	0	7		1	broadcast	30004	50	0		0.0	0.0	0.0	0
855077	LDF4_Advance_village_02	cycle	0	7	timer:0	0	arm	0	5000	0		0.0	0.0	0.0	0
855077	LDF4_Advance_village_02	cycle	0	7	timer:0	1	broadcast	30002	50	0		0.0	0.0	0.0	0
855078	LDF4_Advance_village_02	arm	0	7		0	arm	0	5000	0		0.0	0.0	0.0	0
855078	LDF4_Advance_village_02	arm	0	7		1	broadcast	30004	50	0		0.0	0.0	0.0	0
855078	LDF4_Advance_village_02	cycle	0	7	timer:0	0	arm	0	5000	0		0.0	0.0	0.0	0
855078	LDF4_Advance_village_02	cycle	0	7	timer:0	1	broadcast	30002	50	0		0.0	0.0	0.0	0
855079	LDF4_Advance_village_02	arm	0	7		0	arm	0	5000	0		0.0	0.0	0.0	0
855079	LDF4_Advance_village_02	arm	0	7		1	broadcast	30004	50	0		0.0	0.0	0.0	0
855079	LDF4_Advance_village_02	cycle	0	7	timer:0	0	arm	0	5000	0		0.0	0.0	0.0	0
855079	LDF4_Advance_village_02	cycle	0	7	timer:0	1	broadcast	30002	50	0		0.0	0.0	0.0	0
855080	LDF4_Advance_village_02	arm	0	7		0	arm	0	5000	0		0.0	0.0	0.0	0
855080	LDF4_Advance_village_02	arm	0	7		1	broadcast	30004	50	0		0.0	0.0	0.0	0
855080	LDF4_Advance_village_02	cycle	0	7	timer:0	0	arm	0	5000	0		0.0	0.0	0.0	0
855080	LDF4_Advance_village_02	cycle	0	7	timer:0	1	broadcast	30002	50	0		0.0	0.0	0.0	0
855087	IDLDF4_Re_01_Tank	arm	0	7		0	arm	0	5000	0		0.0	0.0	0.0	0
855087	IDLDF4_Re_01_Tank	arm	0	7		1	skill	21657	0	0	MOST_HATED	0.0	0.0	0.0	0
855087	IDLDF4_Re_01_Tank	cycle	0	7	timer:0	0	arm	0	15000	0		0.0	0.0	0.0	0
855087	IDLDF4_Re_01_Tank	cycle	0	7	timer:0	1	skill	21657	0	0	MOST_HATED	0.0	0.0	0.0	0
855088	IDLDF4_Re_01_Tank	arm	0	7		0	arm	0	5000	0		0.0	0.0	0.0	0
855088	IDLDF4_Re_01_Tank	arm	0	7		1	skill	21657	0	0	MOST_HATED	0.0	0.0	0.0	0
855088	IDLDF4_Re_01_Tank	cycle	0	7	timer:0	0	arm	0	15000	0		0.0	0.0	0.0	0
855088	IDLDF4_Re_01_Tank	cycle	0	7	timer:0	1	skill	21657	0	0	MOST_HATED	0.0	0.0	0.0	0
855203	LDF4_Advance_Rottentree_Green_Gi400	arm	0	7		0	arm	0	10000	0		0.0	0.0	0.0	0
855203	LDF4_Advance_Rottentree_Green_Gi400	cycle	0	10	timer:0	0	arm	1	13000	0		0.0	0.0	0.0	0
855203	LDF4_Advance_Rottentree_Green_Gi400	cycle	0	10	timer:0	1	skill	16524	0	0	MOST_HATED	0.0	0.0	0.0	0
855203	LDF4_Advance_Rottentree_Green_Gi400	cycle	1	9	timer:1	0	arm	2	13000	0		0.0	0.0	0.0	0
855203	LDF4_Advance_Rottentree_Green_Gi400	cycle	1	9	timer:1	1	skill	16605	0	0	MOST_HATED	0.0	0.0	0.0	0
855203	LDF4_Advance_Rottentree_Green_Gi400	cycle	2	8	timer:2	0	arm	3	13000	0		0.0	0.0	0.0	0
855203	LDF4_Advance_Rottentree_Green_Gi400	cycle	2	8	timer:2	1	skill	16524	0	0	MOST_HATED	0.0	0.0	0.0	0
855203	LDF4_Advance_Rottentree_Green_Gi400	cycle	3	7	timer:3	0	arm	0	13000	0		0.0	0.0	0.0	0
855203	LDF4_Advance_Rottentree_Green_Gi400	cycle	3	7	timer:3	1	skill	16563	0	0	ME	0.0	0.0	0.0	0
855219	Britra_As_Poison_LowNmd	arm	0	7		0	arm	0	5000	0		0.0	0.0	0.0	0
855219	Britra_As_Poison_LowNmd	arm	0	7		1	skill	17322	0	0	MOST_HATED	0.0	0.0	0.0	0
855219	Britra_As_Poison_LowNmd	cycle	0	100	timer:0	0	arm	1	7000	0		0.0	0.0	0.0	0
855219	Britra_As_Poison_LowNmd	cycle	0	100	timer:0	1	skill	16678	0	0	MOST_HATED	0.0	0.0	0.0	0
855219	Britra_As_Poison_LowNmd	cycle	1	99	timer:1	0	arm	2	7000	0		0.0	0.0	0.0	0
855219	Britra_As_Poison_LowNmd	cycle	1	99	timer:1	1	skill	17332	0	0	MOST_HATED	0.0	0.0	0.0	0
855219	Britra_As_Poison_LowNmd	cycle	2	98	timer:2	0	arm	3	10000	0		0.0	0.0	0.0	0
855219	Britra_As_Poison_LowNmd	cycle	2	98	timer:2	1	skill	17295	0	0	MOST_HATED	0.0	0.0	0.0	0
855219	Britra_As_Poison_LowNmd	cycle	3	96	timer:3	0	arm	4	7000	0		0.0	0.0	0.0	0
855219	Britra_As_Poison_LowNmd	cycle	3	96	timer:3	1	skill	17322	0	0	MOST_HATED	0.0	0.0	0.0	0
855219	Britra_As_Poison_LowNmd	cycle	4	95	timer:4	0	arm	5	7000	0		0.0	0.0	0.0	0
855219	Britra_As_Poison_LowNmd	cycle	4	95	timer:4	1	skill	16678	0	0	MOST_HATED	0.0	0.0	0.0	0
855219	Britra_As_Poison_LowNmd	cycle	5	94	timer:5	0	arm	6	7000	0		0.0	0.0	0.0	0
855219	Britra_As_Poison_LowNmd	cycle	5	94	timer:5	1	skill	17295	0	0	MOST_HATED	0.0	0.0	0.0	0
855219	Britra_As_Poison_LowNmd	cycle	6	93	timer:6	0	arm	2	7000	0		0.0	0.0	0.0	0
855219	Britra_As_Poison_LowNmd	cycle	6	93	timer:6	1	skill	17332	0	0	MOST_HATED	0.0	0.0	0.0	0
855251	Britra_Table	arm	0	7		0	arm	0	7000	0		0.0	0.0	0.0	0
855251	Britra_Table	arm	0	7		1	skill	17294	0	0	MOST_HATED	0.0	0.0	0.0	0
855251	Britra_Table	cycle	0	100	timer:0	0	arm	1	10000	0		0.0	0.0	0.0	0
855251	Britra_Table	cycle	0	100	timer:0	1	skill	17295	0	0	MOST_HATED	0.0	0.0	0.0	0
855251	Britra_Table	cycle	1	99	timer:1	0	arm	0	7000	0		0.0	0.0	0.0	0
855251	Britra_Table	cycle	1	99	timer:1	1	skill	17294	0	0	MOST_HATED	0.0	0.0	0.0	0
855252	Britra_As_Poison	arm	0	7		0	arm	0	5000	0		0.0	0.0	0.0	0
855252	Britra_As_Poison	arm	0	7		1	skill	17322	0	0	MOST_HATED	0.0	0.0	0.0	0
855252	Britra_As_Poison	cycle	0	100	timer:0	0	arm	1	7000	0		0.0	0.0	0.0	0
855252	Britra_As_Poison	cycle	0	100	timer:0	1	skill	17332	0	0	MOST_HATED	0.0	0.0	0.0	0
855252	Britra_As_Poison	cycle	1	99	timer:1	0	arm	2	10000	0		0.0	0.0	0.0	0
855252	Britra_As_Poison	cycle	1	99	timer:1	1	skill	17332	0	0	MOST_HATED	0.0	0.0	0.0	0
855252	Britra_As_Poison	cycle	2	98	timer:2	0	arm	3	10000	0		0.0	0.0	0.0	0
855252	Britra_As_Poison	cycle	2	98	timer:2	1	skill	17295	0	0	MOST_HATED	0.0	0.0	0.0	0
855252	Britra_As_Poison	cycle	3	97	timer:3	0	arm	0	7000	0		0.0	0.0	0.0	0
855252	Britra_As_Poison	cycle	3	97	timer:3	1	skill	17322	0	0	MOST_HATED	0.0	0.0	0.0	0
855253	Britra_Table	arm	0	7		0	arm	0	7000	0		0.0	0.0	0.0	0
855253	Britra_Table	arm	0	7		1	skill	21292	0	0	MOST_HATED	0.0	0.0	0.0	0
855253	Britra_Table	cycle	0	100	timer:0	0	arm	1	10000	0		0.0	0.0	0.0	0
855253	Britra_Table	cycle	0	100	timer:0	1	skill	21293	0	0	MOST_HATED	0.0	0.0	0.0	0
855253	Britra_Table	cycle	1	99	timer:1	0	arm	0	7000	0		0.0	0.0	0.0	0
855253	Britra_Table	cycle	1	99	timer:1	1	skill	21292	0	0	MOST_HATED	0.0	0.0	0.0	0
855271	LDF4_Advance_village_02	arm	0	7		0	arm	0	5000	0		0.0	0.0	0.0	0
855271	LDF4_Advance_village_02	arm	0	7		1	broadcast	30004	50	0		0.0	0.0	0.0	0
855271	LDF4_Advance_village_02	cycle	0	7	timer:0	0	arm	0	5000	0		0.0	0.0	0.0	0
855271	LDF4_Advance_village_02	cycle	0	7	timer:0	1	broadcast	30002	50	0		0.0	0.0	0.0	0
855272	LDF4_Advance_village_04	arm	0	7		0	arm	0	5000	0		0.0	0.0	0.0	0
855272	LDF4_Advance_village_04	arm	0	7		1	broadcast	30004	50	0		0.0	0.0	0.0	0
855272	LDF4_Advance_village_04	cycle	0	7	timer:0	0	arm	0	5000	0		0.0	0.0	0.0	0
855272	LDF4_Advance_village_04	cycle	0	7	timer:0	1	broadcast	30002	50	0		0.0	0.0	0.0	0
855273	LDF4_Advance_village_05	arm	0	7		0	arm	0	5000	0		0.0	0.0	0.0	0
855273	LDF4_Advance_village_05	arm	0	7		1	broadcast	30004	50	0		0.0	0.0	0.0	0
855273	LDF4_Advance_village_05	cycle	0	7	timer:0	0	arm	0	5000	0		0.0	0.0	0.0	0
855273	LDF4_Advance_village_05	cycle	0	7	timer:0	1	broadcast	30002	50	0		0.0	0.0	0.0	0
855274	LDF4_Advance_village_07	arm	0	7		0	arm	0	5000	0		0.0	0.0	0.0	0
855274	LDF4_Advance_village_07	arm	0	7		1	broadcast	30004	50	0		0.0	0.0	0.0	0
855274	LDF4_Advance_village_07	cycle	0	7	timer:0	0	arm	0	5000	0		0.0	0.0	0.0	0
855274	LDF4_Advance_village_07	cycle	0	7	timer:0	1	broadcast	30002	50	0		0.0	0.0	0.0	0
855275	LDF4_Advance_village_02	arm	0	7		0	arm	0	5000	0		0.0	0.0	0.0	0
855275	LDF4_Advance_village_02	arm	0	7		1	broadcast	30004	50	0		0.0	0.0	0.0	0
855275	LDF4_Advance_village_02	cycle	0	7	timer:0	0	arm	0	5000	0		0.0	0.0	0.0	0
855275	LDF4_Advance_village_02	cycle	0	7	timer:0	1	broadcast	30002	50	0		0.0	0.0	0.0	0
855276	LDF4_Advance_village_02	arm	0	7		0	arm	0	5000	0		0.0	0.0	0.0	0
855276	LDF4_Advance_village_02	arm	0	7		1	broadcast	30004	50	0		0.0	0.0	0.0	0
855276	LDF4_Advance_village_02	cycle	0	7	timer:0	0	arm	0	5000	0		0.0	0.0	0.0	0
855276	LDF4_Advance_village_02	cycle	0	7	timer:0	1	broadcast	30002	50	0		0.0	0.0	0.0	0
855277	LDF4_Advance_village_02	arm	0	7		0	arm	0	5000	0		0.0	0.0	0.0	0
855277	LDF4_Advance_village_02	arm	0	7		1	broadcast	30004	50	0		0.0	0.0	0.0	0
855277	LDF4_Advance_village_02	cycle	0	7	timer:0	0	arm	0	5000	0		0.0	0.0	0.0	0
855277	LDF4_Advance_village_02	cycle	0	7	timer:0	1	broadcast	30002	50	0		0.0	0.0	0.0	0
855278	LDF4_Advance_village_02	arm	0	7		0	arm	0	5000	0		0.0	0.0	0.0	0
855278	LDF4_Advance_village_02	arm	0	7		1	broadcast	30004	50	0		0.0	0.0	0.0	0
855278	LDF4_Advance_village_02	cycle	0	7	timer:0	0	arm	0	5000	0		0.0	0.0	0.0	0
855278	LDF4_Advance_village_02	cycle	0	7	timer:0	1	broadcast	30002	50	0		0.0	0.0	0.0	0
855370	LDF4_Drakan_Worker_LV2	arm	0	7		0	arm	0	8000	0		0.0	0.0	0.0	0
855370	LDF4_Drakan_Worker_LV2	arm	0	7		1	skill	16669	0	0	ME	0.0	0.0	0.0	0
855370	LDF4_Drakan_Worker_LV2	cycle	0	12	timer:5|hp_below:49	0	arm	0	10000	0		0.0	0.0	0.0	0
855370	LDF4_Drakan_Worker_LV2	cycle	0	12	timer:5|hp_below:49	1	skill	21785	0	0	ME	0.0	0.0	0.0	0
855370	LDF4_Drakan_Worker_LV2	cycle	1	11	timer:4|hp_below:49	0	arm	5	13000	0		0.0	0.0	0.0	0
855370	LDF4_Drakan_Worker_LV2	cycle	1	11	timer:4|hp_below:49	1	skill	18770	0	0	ME	0.0	0.0	0.0	0
855370	LDF4_Drakan_Worker_LV2	cycle	1	11	timer:4|hp_below:49	2	skill	21784	0	0	MOST_HATED	0.0	0.0	0.0	0
855370	LDF4_Drakan_Worker_LV2	cycle	2	10	timer:3|hp_below:49	0	arm	4	10000	0		0.0	0.0	0.0	0
855370	LDF4_Drakan_Worker_LV2	cycle	2	10	timer:3|hp_below:49	1	skill	21301	0	0	MOST_HATED	0.0	0.0	0.0	0
855370	LDF4_Drakan_Worker_LV2	cycle	3	9	timer:2|hp_below:49	0	arm	3	11000	0		0.0	0.0	0.0	0
855370	LDF4_Drakan_Worker_LV2	cycle	3	9	timer:2|hp_below:49	1	skill	21786	0	0	ME	0.0	0.0	0.0	0
855370	LDF4_Drakan_Worker_LV2	cycle	4	8	timer:1|hp_below:49	0	arm	2	13000	0		0.0	0.0	0.0	0
855370	LDF4_Drakan_Worker_LV2	cycle	4	8	timer:1|hp_below:49	1	skill	18770	0	0	ME	0.0	0.0	0.0	0
855370	LDF4_Drakan_Worker_LV2	cycle	4	8	timer:1|hp_below:49	2	skill	21784	0	0	MOST_HATED	0.0	0.0	0.0	0
855370	LDF4_Drakan_Worker_LV2	cycle	5	7	timer:0|hp_below:49	0	arm	1	10000	0		0.0	0.0	0.0	0
855370	LDF4_Drakan_Worker_LV2	cycle	5	7	timer:0|hp_below:49	1	skill	21785	0	0	ME	0.0	0.0	0.0	0
855370	LDF4_Drakan_Worker_LV2	cycle	6	6	timer:4|hp_between:51:99	0	arm	0	10000	0		0.0	0.0	0.0	0
855370	LDF4_Drakan_Worker_LV2	cycle	6	6	timer:4|hp_between:51:99	1	skill	21785	0	0	ME	0.0	0.0	0.0	0
855370	LDF4_Drakan_Worker_LV2	cycle	7	5	timer:3|hp_between:51:99	0	arm	4	11000	0		0.0	0.0	0.0	0
855370	LDF4_Drakan_Worker_LV2	cycle	7	5	timer:3|hp_between:51:99	1	skill	21301	0	0	MOST_HATED	0.0	0.0	0.0	0
855370	LDF4_Drakan_Worker_LV2	cycle	8	4	timer:2|hp_between:51:99	0	arm	3	13000	0		0.0	0.0	0.0	0
855370	LDF4_Drakan_Worker_LV2	cycle	8	4	timer:2|hp_between:51:99	1	skill	18770	0	0	ME	0.0	0.0	0.0	0
855370	LDF4_Drakan_Worker_LV2	cycle	8	4	timer:2|hp_between:51:99	2	skill	21786	0	0	MOST_HATED	0.0	0.0	0.0	0
855370	LDF4_Drakan_Worker_LV2	cycle	9	3	timer:1|hp_between:51:99	0	arm	2	11000	0		0.0	0.0	0.0	0
855370	LDF4_Drakan_Worker_LV2	cycle	9	3	timer:1|hp_between:51:99	1	skill	21301	0	0	MOST_HATED	0.0	0.0	0.0	0
855370	LDF4_Drakan_Worker_LV2	cycle	10	2	timer:0|hp_between:51:99	0	arm	1	10000	0		0.0	0.0	0.0	0
855370	LDF4_Drakan_Worker_LV2	cycle	10	2	timer:0|hp_between:51:99	1	skill	21300	0	0	MOST_HATED	0.0	0.0	0.0	0
855370	LDF4_Drakan_Worker_LV2	cycle	11	1	timer:0	0	arm	0	6000	0		0.0	0.0	0.0	0
855420	Station_MaravataNM	arm	0	7		0	arm	0	3000	0		0.0	0.0	0.0	0
855420	Station_MaravataNM	cycle	0	8	timer:0	0	skill	19497	0	0	MOST_HATED	0.0	0.0	0.0	0
855421	Station_Shu_PR	arm	0	7		0	arm	0	2000	0		0.0	0.0	0.0	0
855421	Station_Shu_PR	cycle	0	7	timer:0|hp_below:40	0	skill	19492	0	0	ME	0.0	0.0	0.0	0
855421	Station_Shu_PR	cycle	1	6	timer:0	0	arm	0	2000	0		0.0	0.0	0.0	0
855422	Station_Shu_FI	arm	0	6		0	arm	0	12000	0		0.0	0.0	0.0	0
855422	Station_Shu_FI	cycle	0	8	timer:0	0	arm	0	12000	0		0.0	0.0	0.0	0
855422	Station_Shu_FI	cycle	0	8	timer:0	1	skill	19489	0	0	MOST_HATED	0.0	0.0	0.0	0
855423	Station_Shu_KN	arm	0	6		0	arm	0	12000	0		0.0	0.0	0.0	0
855423	Station_Shu_KN	cycle	0	8	timer:0	0	arm	0	12000	0		0.0	0.0	0.0	0
855423	Station_Shu_KN	cycle	0	8	timer:0	1	skill	19489	0	0	MOST_HATED	0.0	0.0	0.0	0
855424	Station_Shu_AS	arm	0	6		0	arm	1	6000	0		0.0	0.0	0.0	0
855424	Station_Shu_AS	cycle	0	7	timer:1	0	arm	0	6000	0		0.0	0.0	0.0	0
855424	Station_Shu_AS	cycle	0	7	timer:1	1	say	342337	0	0		0.0	0.0	0.0	0
855424	Station_Shu_AS	cycle	1	5	timer:0	0	arm	0	12000	0		0.0	0.0	0.0	0
855424	Station_Shu_AS	cycle	1	5	timer:0	1	skill	19494	0	0	MOST_HATED	0.0	0.0	0.0	0
855428	Station_HugenB	arm	0	8		0	arm	0	10000	0		0.0	0.0	0.0	0
855428	Station_HugenB	arm	0	8		1	skill	19495	0	0	ME	0.0	0.0	0.0	0
855428	Station_HugenB	cycle	0	7	timer:0	0	arm	0	20000	0		0.0	0.0	0.0	0
855428	Station_HugenB	cycle	0	7	timer:0	1	skill	19495	0	0	ME	0.0	0.0	0.0	0
855738	LF5_ItemNamed_12_Pet_KJS	arm	0	7		0	arm	0	5000	0		0.0	0.0	0.0	0
855738	LF5_ItemNamed_12_Pet_KJS	cycle	0	7	timer:0	0	arm	0	5000	0		0.0	0.0	0.0	0
855738	LF5_ItemNamed_12_Pet_KJS	cycle	0	7	timer:0	1	skill	21180	0	0	ME	0.0	0.0	0.0	0
855738	LF5_ItemNamed_12_Pet_KJS	cycle	0	7	timer:0	2	despawn_self	0	0	0		0.0	0.0	0.0	0
855876	IDAbRe_Core_Cannon	arm	0	2		0	arm	0	10000	0		0.0	0.0	0.0	0
855876	IDAbRe_Core_Cannon	cycle	0	1	timer:0	0	skill	19139	0	0	ME	0.0	0.0	0.0	0
855876	IDAbRe_Core_Cannon	cycle	0	1	timer:0	1	arm	0	10000	0		0.0	0.0	0.0	0
855885	IDYun_Drakan_ND1	arm	0	2		0	arm	0	6000	0		0.0	0.0	0.0	0
855885	IDYun_Drakan_ND1	cycle	0	1	timer:0	0	skill	19912	0	0	MOST_HATED	0.0	0.0	0.0	0
855885	IDYun_Drakan_ND1	cycle	0	1	timer:0	1	arm	0	8000	0		0.0	0.0	0.0	0
855886	IDYun_Drakan_ND3	arm	0	3		0	arm	0	6000	0		0.0	0.0	0.0	0
855886	IDYun_Drakan_ND3	arm	0	3		1	arm	1	15000	0		0.0	0.0	0.0	0
855886	IDYun_Drakan_ND3	cycle	0	2	timer:0	0	skill	19913	0	0	ME	0.0	0.0	0.0	0
855886	IDYun_Drakan_ND3	cycle	0	2	timer:0	1	arm	0	8000	0		0.0	0.0	0.0	0
855886	IDYun_Drakan_ND3	cycle	1	1	timer:1	0	skill	19914	0	0	ME	0.0	0.0	0.0	0
855886	IDYun_Drakan_ND3	cycle	1	1	timer:1	1	arm	1	25000	0		0.0	0.0	0.0	0
855887	IDYun_Temp_62	arm	0	2		0	broadcast	450	25	0		0.0	0.0	0.0	0
855887	IDYun_Temp_62	arm	0	2		1	arm	0	3000	0		0.0	0.0	0.0	0
855887	IDYun_Temp_62	cycle	0	1	timer:0	0	arm	0	3000	0		0.0	0.0	0.0	0
855887	IDYun_Temp_62	cycle	0	1	timer:0	1	broadcast	450	25	0		0.0	0.0	0.0	0
855888	IDYun_Temp_62	arm	0	2		0	broadcast	450	25	0		0.0	0.0	0.0	0
855888	IDYun_Temp_62	arm	0	2		1	arm	0	3000	0		0.0	0.0	0.0	0
855888	IDYun_Temp_62	cycle	0	1	timer:0	0	arm	0	3000	0		0.0	0.0	0.0	0
855888	IDYun_Temp_62	cycle	0	1	timer:0	1	broadcast	450	25	0		0.0	0.0	0.0	0
855889	IDYun_Temp_26	arm	0	2		0	arm	0	3000	0		0.0	0.0	0.0	0
855889	IDYun_Temp_26	cycle	0	1	timer:0	0	skill	19913	0	0	ME	0.0	0.0	0.0	0
855889	IDYun_Temp_26	cycle	0	1	timer:0	1	arm	0	3000	0		0.0	0.0	0.0	0
855892	IDYun_Drakan_ND1	arm	0	2		0	arm	0	6000	0		0.0	0.0	0.0	0
855892	IDYun_Drakan_ND1	cycle	0	1	timer:0	0	skill	19912	0	0	MOST_HATED	0.0	0.0	0.0	0
855892	IDYun_Drakan_ND1	cycle	0	1	timer:0	1	arm	0	8000	0		0.0	0.0	0.0	0
855893	IDYun_Drakan_ND3	arm	0	3		0	arm	0	6000	0		0.0	0.0	0.0	0
855893	IDYun_Drakan_ND3	arm	0	3		1	arm	1	15000	0		0.0	0.0	0.0	0
855893	IDYun_Drakan_ND3	cycle	0	2	timer:0	0	skill	19913	0	0	ME	0.0	0.0	0.0	0
855893	IDYun_Drakan_ND3	cycle	0	2	timer:0	1	arm	0	8000	0		0.0	0.0	0.0	0
855893	IDYun_Drakan_ND3	cycle	1	1	timer:1	0	skill	19914	0	0	ME	0.0	0.0	0.0	0
855893	IDYun_Drakan_ND3	cycle	1	1	timer:1	1	arm	1	25000	0		0.0	0.0	0.0	0
855894	IDYun_Temp_62	arm	0	2		0	broadcast	450	25	0		0.0	0.0	0.0	0
855894	IDYun_Temp_62	arm	0	2		1	arm	0	3000	0		0.0	0.0	0.0	0
855894	IDYun_Temp_62	cycle	0	1	timer:0	0	arm	0	3000	0		0.0	0.0	0.0	0
855894	IDYun_Temp_62	cycle	0	1	timer:0	1	broadcast	450	25	0		0.0	0.0	0.0	0
855895	IDYun_Temp_62	arm	0	2		0	broadcast	450	25	0		0.0	0.0	0.0	0
855895	IDYun_Temp_62	arm	0	2		1	arm	0	3000	0		0.0	0.0	0.0	0
855895	IDYun_Temp_62	cycle	0	1	timer:0	0	arm	0	3000	0		0.0	0.0	0.0	0
855895	IDYun_Temp_62	cycle	0	1	timer:0	1	broadcast	450	25	0		0.0	0.0	0.0	0
855896	IDYun_Temp_26	arm	0	2		0	arm	0	3000	0		0.0	0.0	0.0	0
855896	IDYun_Temp_26	cycle	0	1	timer:0	0	skill	19913	0	0	ME	0.0	0.0	0.0	0
855896	IDYun_Temp_26	cycle	0	1	timer:0	1	arm	0	3000	0		0.0	0.0	0.0	0
855924	Britra_Fi_HpDrain	arm	0	7		0	arm	0	7000	0		0.0	0.0	0.0	0
855924	Britra_Fi_HpDrain	arm	0	7		1	skill	16517	0	0	ME	0.0	0.0	0.0	0
855924	Britra_Fi_HpDrain	cycle	0	100	timer:0	0	arm	1	10000	0		0.0	0.0	0.0	0
855924	Britra_Fi_HpDrain	cycle	0	100	timer:0	1	skill	20703	0	0	MOST_HATED	0.0	0.0	0.0	0
855924	Britra_Fi_HpDrain	cycle	1	99	timer:1	0	arm	2	7000	0		0.0	0.0	0.0	0
855924	Britra_Fi_HpDrain	cycle	1	99	timer:1	1	skill	17294	0	0	MOST_HATED	0.0	0.0	0.0	0
855924	Britra_Fi_HpDrain	cycle	2	98	timer:2	0	arm	3	10000	0		0.0	0.0	0.0	0
855924	Britra_Fi_HpDrain	cycle	2	98	timer:2	1	skill	17294	0	0	MOST_HATED	0.0	0.0	0.0	0
855924	Britra_Fi_HpDrain	cycle	3	97	timer:3	0	arm	4	7000	0		0.0	0.0	0.0	0
855924	Britra_Fi_HpDrain	cycle	3	97	timer:3	1	skill	17294	0	0	MOST_HATED	0.0	0.0	0.0	0
855924	Britra_Fi_HpDrain	cycle	4	96	timer:4	0	arm	5	15000	0		0.0	0.0	0.0	0
855924	Britra_Fi_HpDrain	cycle	4	96	timer:4	1	skill	20703	0	0	MOST_HATED	0.0	0.0	0.0	0
855924	Britra_Fi_HpDrain	cycle	5	95	timer:5	0	arm	6	7000	0		0.0	0.0	0.0	0
855924	Britra_Fi_HpDrain	cycle	5	95	timer:5	1	skill	17294	0	0	MOST_HATED	0.0	0.0	0.0	0
855924	Britra_Fi_HpDrain	cycle	6	94	timer:6	0	arm	2	15000	0		0.0	0.0	0.0	0
855924	Britra_Fi_HpDrain	cycle	6	94	timer:6	1	skill	20703	0	0	MOST_HATED	0.0	0.0	0.0	0
855926	Britra_Fi_HpDrain	arm	0	7		0	arm	0	7000	0		0.0	0.0	0.0	0
855926	Britra_Fi_HpDrain	arm	0	7		1	skill	16517	0	0	ME	0.0	0.0	0.0	0
855926	Britra_Fi_HpDrain	cycle	0	100	timer:0	0	arm	1	10000	0		0.0	0.0	0.0	0
855926	Britra_Fi_HpDrain	cycle	0	100	timer:0	1	skill	20703	0	0	MOST_HATED	0.0	0.0	0.0	0
855926	Britra_Fi_HpDrain	cycle	1	99	timer:1	0	arm	2	7000	0		0.0	0.0	0.0	0
855926	Britra_Fi_HpDrain	cycle	1	99	timer:1	1	skill	17294	0	0	MOST_HATED	0.0	0.0	0.0	0
855926	Britra_Fi_HpDrain	cycle	2	98	timer:2	0	arm	3	10000	0		0.0	0.0	0.0	0
855926	Britra_Fi_HpDrain	cycle	2	98	timer:2	1	skill	17294	0	0	MOST_HATED	0.0	0.0	0.0	0
855926	Britra_Fi_HpDrain	cycle	3	97	timer:3	0	arm	4	7000	0		0.0	0.0	0.0	0
855926	Britra_Fi_HpDrain	cycle	3	97	timer:3	1	skill	17294	0	0	MOST_HATED	0.0	0.0	0.0	0
855926	Britra_Fi_HpDrain	cycle	4	96	timer:4	0	arm	5	15000	0		0.0	0.0	0.0	0
855926	Britra_Fi_HpDrain	cycle	4	96	timer:4	1	skill	20703	0	0	MOST_HATED	0.0	0.0	0.0	0
855926	Britra_Fi_HpDrain	cycle	5	95	timer:5	0	arm	6	7000	0		0.0	0.0	0.0	0
855926	Britra_Fi_HpDrain	cycle	5	95	timer:5	1	skill	17294	0	0	MOST_HATED	0.0	0.0	0.0	0
855926	Britra_Fi_HpDrain	cycle	6	94	timer:6	0	arm	2	15000	0		0.0	0.0	0.0	0
855926	Britra_Fi_HpDrain	cycle	6	94	timer:6	1	skill	20703	0	0	MOST_HATED	0.0	0.0	0.0	0
855927	Britra_As_Poison	arm	0	7		0	arm	0	5000	0		0.0	0.0	0.0	0
855927	Britra_As_Poison	arm	0	7		1	skill	17322	0	0	MOST_HATED	0.0	0.0	0.0	0
855927	Britra_As_Poison	cycle	0	100	timer:0	0	arm	1	7000	0		0.0	0.0	0.0	0
855927	Britra_As_Poison	cycle	0	100	timer:0	1	skill	17332	0	0	MOST_HATED	0.0	0.0	0.0	0
855927	Britra_As_Poison	cycle	1	99	timer:1	0	arm	2	10000	0		0.0	0.0	0.0	0
855927	Britra_As_Poison	cycle	1	99	timer:1	1	skill	17332	0	0	MOST_HATED	0.0	0.0	0.0	0
855927	Britra_As_Poison	cycle	2	98	timer:2	0	arm	3	10000	0		0.0	0.0	0.0	0
855927	Britra_As_Poison	cycle	2	98	timer:2	1	skill	17295	0	0	MOST_HATED	0.0	0.0	0.0	0
855927	Britra_As_Poison	cycle	3	97	timer:3	0	arm	0	7000	0		0.0	0.0	0.0	0
855927	Britra_As_Poison	cycle	3	97	timer:3	1	skill	17322	0	0	MOST_HATED	0.0	0.0	0.0	0
855929	Britra_As_Poison_LowNmd	arm	0	7		0	arm	0	5000	0		0.0	0.0	0.0	0
855929	Britra_As_Poison_LowNmd	arm	0	7		1	skill	17322	0	0	MOST_HATED	0.0	0.0	0.0	0
855929	Britra_As_Poison_LowNmd	cycle	0	100	timer:0	0	arm	1	7000	0		0.0	0.0	0.0	0
855929	Britra_As_Poison_LowNmd	cycle	0	100	timer:0	1	skill	16678	0	0	MOST_HATED	0.0	0.0	0.0	0
855929	Britra_As_Poison_LowNmd	cycle	1	99	timer:1	0	arm	2	7000	0		0.0	0.0	0.0	0
855929	Britra_As_Poison_LowNmd	cycle	1	99	timer:1	1	skill	17332	0	0	MOST_HATED	0.0	0.0	0.0	0
855929	Britra_As_Poison_LowNmd	cycle	2	98	timer:2	0	arm	3	10000	0		0.0	0.0	0.0	0
855929	Britra_As_Poison_LowNmd	cycle	2	98	timer:2	1	skill	17295	0	0	MOST_HATED	0.0	0.0	0.0	0
855929	Britra_As_Poison_LowNmd	cycle	3	96	timer:3	0	arm	4	7000	0		0.0	0.0	0.0	0
855929	Britra_As_Poison_LowNmd	cycle	3	96	timer:3	1	skill	17322	0	0	MOST_HATED	0.0	0.0	0.0	0
855929	Britra_As_Poison_LowNmd	cycle	4	95	timer:4	0	arm	5	7000	0		0.0	0.0	0.0	0
855929	Britra_As_Poison_LowNmd	cycle	4	95	timer:4	1	skill	16678	0	0	MOST_HATED	0.0	0.0	0.0	0
855929	Britra_As_Poison_LowNmd	cycle	5	94	timer:5	0	arm	6	7000	0		0.0	0.0	0.0	0
855929	Britra_As_Poison_LowNmd	cycle	5	94	timer:5	1	skill	17295	0	0	MOST_HATED	0.0	0.0	0.0	0
855929	Britra_As_Poison_LowNmd	cycle	6	93	timer:6	0	arm	2	7000	0		0.0	0.0	0.0	0
855929	Britra_As_Poison_LowNmd	cycle	6	93	timer:6	1	skill	17332	0	0	MOST_HATED	0.0	0.0	0.0	0
855931	TR_Drakan_Fi_Stun_solo	arm	0	5		0	arm	0	5000	0		0.0	0.0	0.0	0
855931	TR_Drakan_Fi_Stun_solo	cycle	0	9	timer:3	0	arm	2	15000	0		0.0	0.0	0.0	0
855931	TR_Drakan_Fi_Stun_solo	cycle	0	9	timer:3	1	skill	16516	0	0	MOST_HATED	0.0	0.0	0.0	0
855931	TR_Drakan_Fi_Stun_solo	cycle	1	8	timer:2	0	arm	3	15000	0		0.0	0.0	0.0	0
855931	TR_Drakan_Fi_Stun_solo	cycle	1	8	timer:2	1	skill	18322	0	0	MOST_HATED	0.0	0.0	0.0	0
855931	TR_Drakan_Fi_Stun_solo	cycle	2	7	timer:1	0	arm	2	12000	0		0.0	0.0	0.0	0
855931	TR_Drakan_Fi_Stun_solo	cycle	2	7	timer:1	1	skill	20078	0	0	MOST_HATED	0.0	0.0	0.0	0
855931	TR_Drakan_Fi_Stun_solo	cycle	2	7	timer:1	2	skill	21148	0	0	MOST_HATED	0.0	0.0	0.0	0
855931	TR_Drakan_Fi_Stun_solo	cycle	3	6	timer:0	0	arm	1	8000	0		0.0	0.0	0.0	0
855931	TR_Drakan_Fi_Stun_solo	cycle	3	6	timer:0	1	skill	16516	0	0	MOST_HATED	0.0	0.0	0.0	0
855960	LF5_NewSpecies_Sum_KJS	arm	0	90		0	arm	0	7000	0		0.0	0.0	0.0	0
855960	LF5_NewSpecies_Sum_KJS	cycle	0	20	timer:0	0	arm	0	7000	0		0.0	0.0	0.0	0
855960	LF5_NewSpecies_Sum_KJS	cycle	0	20	timer:0	1	skill	21300	0	0	MOST_HATED	0.0	0.0	0.0	0
855962	Britra_Fi_HpDrain	arm	0	7		0	arm	0	7000	0		0.0	0.0	0.0	0
855962	Britra_Fi_HpDrain	arm	0	7		1	skill	16517	0	0	ME	0.0	0.0	0.0	0
855962	Britra_Fi_HpDrain	cycle	0	100	timer:0	0	arm	1	10000	0		0.0	0.0	0.0	0
855962	Britra_Fi_HpDrain	cycle	0	100	timer:0	1	skill	20703	0	0	MOST_HATED	0.0	0.0	0.0	0
855962	Britra_Fi_HpDrain	cycle	1	99	timer:1	0	arm	2	7000	0		0.0	0.0	0.0	0
855962	Britra_Fi_HpDrain	cycle	1	99	timer:1	1	skill	17294	0	0	MOST_HATED	0.0	0.0	0.0	0
855962	Britra_Fi_HpDrain	cycle	2	98	timer:2	0	arm	3	10000	0		0.0	0.0	0.0	0
855962	Britra_Fi_HpDrain	cycle	2	98	timer:2	1	skill	17294	0	0	MOST_HATED	0.0	0.0	0.0	0
855962	Britra_Fi_HpDrain	cycle	3	97	timer:3	0	arm	4	7000	0		0.0	0.0	0.0	0
855962	Britra_Fi_HpDrain	cycle	3	97	timer:3	1	skill	17294	0	0	MOST_HATED	0.0	0.0	0.0	0
855962	Britra_Fi_HpDrain	cycle	4	96	timer:4	0	arm	5	15000	0		0.0	0.0	0.0	0
855962	Britra_Fi_HpDrain	cycle	4	96	timer:4	1	skill	20703	0	0	MOST_HATED	0.0	0.0	0.0	0
855962	Britra_Fi_HpDrain	cycle	5	95	timer:5	0	arm	6	7000	0		0.0	0.0	0.0	0
855962	Britra_Fi_HpDrain	cycle	5	95	timer:5	1	skill	17294	0	0	MOST_HATED	0.0	0.0	0.0	0
855962	Britra_Fi_HpDrain	cycle	6	94	timer:6	0	arm	2	15000	0		0.0	0.0	0.0	0
855962	Britra_Fi_HpDrain	cycle	6	94	timer:6	1	skill	20703	0	0	MOST_HATED	0.0	0.0	0.0	0
855967	LF5_NewSpecies_Sum_KJS	arm	0	90		0	arm	0	7000	0		0.0	0.0	0.0	0
855967	LF5_NewSpecies_Sum_KJS	cycle	0	20	timer:0	0	arm	0	7000	0		0.0	0.0	0.0	0
855967	LF5_NewSpecies_Sum_KJS	cycle	0	20	timer:0	1	skill	21300	0	0	MOST_HATED	0.0	0.0	0.0	0
855969	Station_Shu_KN	arm	0	6		0	arm	0	12000	0		0.0	0.0	0.0	0
855969	Station_Shu_KN	cycle	0	8	timer:0	0	arm	0	12000	0		0.0	0.0	0.0	0
855969	Station_Shu_KN	cycle	0	8	timer:0	1	skill	19489	0	0	MOST_HATED	0.0	0.0	0.0	0
855970	IDStation_info_06	arm	0	7		0	arm	0	3000	0		0.0	0.0	0.0	0
855970	IDStation_info_06	cycle	0	6	timer:0	0	skill	19497	0	0	MOST_HATED	0.0	0.0	0.0	0
856008	IDF5_U1_Vri_Def_Ba_65_Ae	arm	0	7		0	arm	0	10000	0		0.0	0.0	0.0	0
856008	IDF5_U1_Vri_Def_Ba_65_Ae	arm	0	7		1	skill	20960	0	0	MOST_HATED	0.0	0.0	0.0	0
856008	IDF5_U1_Vri_Def_Ba_65_Ae	cycle	0	24	timer:4	0	arm	0	10000	0		0.0	0.0	0.0	0
856008	IDF5_U1_Vri_Def_Ba_65_Ae	cycle	0	24	timer:4	1	skill	20960	0	0	MOST_HATED	0.0	0.0	0.0	0
856008	IDF5_U1_Vri_Def_Ba_65_Ae	cycle	1	23	timer:3	0	arm	4	15000	0		0.0	0.0	0.0	0
856008	IDF5_U1_Vri_Def_Ba_65_Ae	cycle	1	23	timer:3	1	skill	20714	0	0	ME	0.0	0.0	0.0	0
856008	IDF5_U1_Vri_Def_Ba_65_Ae	cycle	2	22	timer:2	0	arm	3	15000	0		0.0	0.0	0.0	0
856008	IDF5_U1_Vri_Def_Ba_65_Ae	cycle	2	22	timer:2	1	skill	20959	0	0	MOST_HATED	0.0	0.0	0.0	0
856008	IDF5_U1_Vri_Def_Ba_65_Ae	cycle	3	21	timer:1	0	arm	2	10000	0		0.0	0.0	0.0	0
856008	IDF5_U1_Vri_Def_Ba_65_Ae	cycle	3	21	timer:1	1	skill	20960	0	0	MOST_HATED	0.0	0.0	0.0	0
856008	IDF5_U1_Vri_Def_Ba_65_Ae	cycle	4	20	timer:0	0	arm	1	5000	0		0.0	0.0	0.0	0
856008	IDF5_U1_Vri_Def_Ba_65_Ae	cycle	4	20	timer:0	1	skill	20715	0	0	ME	0.0	0.0	0.0	0
856014	IDYun_info_05	arm	0	7		0	arm	0	10000	0		0.0	0.0	0.0	0
856014	IDYun_info_05	cycle	0	7	timer:0	0	arm	0	7000	0		0.0	0.0	0.0	0
856014	IDYun_info_05	cycle	0	7	timer:0	1	skill	21909	0	0	MOST_HATED	0.0	0.0	0.0	0
856104	IDF5_Mini_01_C_Killer_Fi	arm	0	7		0	arm	0	7000	0		0.0	0.0	0.0	0
856104	IDF5_Mini_01_C_Killer_Fi	arm	0	7		1	skill	20648	0	0	MOST_HATED	0.0	0.0	0.0	0
856104	IDF5_Mini_01_C_Killer_Fi	cycle	0	100	timer:0	0	arm	1	22000	0		0.0	0.0	0.0	0
856104	IDF5_Mini_01_C_Killer_Fi	cycle	0	100	timer:0	1	skill	21294	0	0	MOST_HATED	0.0	0.0	0.0	0
856104	IDF5_Mini_01_C_Killer_Fi	cycle	0	100	timer:0	2	skill	21297	0	0	MOST_HATED	0.0	0.0	0.0	0
856104	IDF5_Mini_01_C_Killer_Fi	cycle	1	99	timer:1	0	arm	2	10000	0		0.0	0.0	0.0	0
856104	IDF5_Mini_01_C_Killer_Fi	cycle	1	99	timer:1	1	skill	20648	0	0	MOST_HATED	0.0	0.0	0.0	0
856104	IDF5_Mini_01_C_Killer_Fi	cycle	2	98	timer:2	0	arm	3	13000	0		0.0	0.0	0.0	0
856104	IDF5_Mini_01_C_Killer_Fi	cycle	2	98	timer:2	1	skill	20704	0	0	MOST_HATED	0.0	0.0	0.0	0
856104	IDF5_Mini_01_C_Killer_Fi	cycle	3	97	timer:3	0	arm	4	10000	0		0.0	0.0	0.0	0
856104	IDF5_Mini_01_C_Killer_Fi	cycle	3	97	timer:3	1	skill	20648	0	0	MOST_HATED	0.0	0.0	0.0	0
856104	IDF5_Mini_01_C_Killer_Fi	cycle	4	96	timer:4	0	arm	0	7000	0		0.0	0.0	0.0	0
856104	IDF5_Mini_01_C_Killer_Fi	cycle	4	96	timer:4	1	skill	20704	0	0	MOST_HATED	0.0	0.0	0.0	0
856296	F4_Rotation_Force_Monster	arm	0	7		0	arm	0	8000	0		0.0	0.0	0.0	0
856296	F4_Rotation_Force_Monster	arm	0	7		1	skill	16669	0	0	ME	0.0	0.0	0.0	0
856296	F4_Rotation_Force_Monster	cycle	0	12	timer:5|hp_below:49	0	arm	0	10000	0		0.0	0.0	0.0	0
856296	F4_Rotation_Force_Monster	cycle	0	12	timer:5|hp_below:49	1	skill	21785	0	0	ME	0.0	0.0	0.0	0
856296	F4_Rotation_Force_Monster	cycle	1	11	timer:4|hp_below:49	0	arm	5	13000	0		0.0	0.0	0.0	0
856296	F4_Rotation_Force_Monster	cycle	1	11	timer:4|hp_below:49	1	skill	18770	0	0	ME	0.0	0.0	0.0	0
856296	F4_Rotation_Force_Monster	cycle	1	11	timer:4|hp_below:49	2	skill	21784	0	0	MOST_HATED	0.0	0.0	0.0	0
856296	F4_Rotation_Force_Monster	cycle	2	10	timer:3|hp_below:49	0	arm	4	10000	0		0.0	0.0	0.0	0
856296	F4_Rotation_Force_Monster	cycle	2	10	timer:3|hp_below:49	1	skill	21301	0	0	MOST_HATED	0.0	0.0	0.0	0
856296	F4_Rotation_Force_Monster	cycle	3	9	timer:2|hp_below:49	0	arm	3	11000	0		0.0	0.0	0.0	0
856296	F4_Rotation_Force_Monster	cycle	3	9	timer:2|hp_below:49	1	skill	21786	0	0	ME	0.0	0.0	0.0	0
856296	F4_Rotation_Force_Monster	cycle	4	8	timer:1|hp_below:49	0	arm	2	13000	0		0.0	0.0	0.0	0
856296	F4_Rotation_Force_Monster	cycle	4	8	timer:1|hp_below:49	1	skill	18770	0	0	ME	0.0	0.0	0.0	0
856296	F4_Rotation_Force_Monster	cycle	4	8	timer:1|hp_below:49	2	skill	21784	0	0	MOST_HATED	0.0	0.0	0.0	0
856296	F4_Rotation_Force_Monster	cycle	5	7	timer:0|hp_below:49	0	arm	1	10000	0		0.0	0.0	0.0	0
856296	F4_Rotation_Force_Monster	cycle	5	7	timer:0|hp_below:49	1	skill	21785	0	0	ME	0.0	0.0	0.0	0
856296	F4_Rotation_Force_Monster	cycle	6	6	timer:4|hp_between:51:99	0	arm	0	10000	0		0.0	0.0	0.0	0
856296	F4_Rotation_Force_Monster	cycle	6	6	timer:4|hp_between:51:99	1	skill	21785	0	0	ME	0.0	0.0	0.0	0
856296	F4_Rotation_Force_Monster	cycle	7	5	timer:3|hp_between:51:99	0	arm	4	11000	0		0.0	0.0	0.0	0
856296	F4_Rotation_Force_Monster	cycle	7	5	timer:3|hp_between:51:99	1	skill	21301	0	0	MOST_HATED	0.0	0.0	0.0	0
856296	F4_Rotation_Force_Monster	cycle	8	4	timer:2|hp_between:51:99	0	arm	3	13000	0		0.0	0.0	0.0	0
856296	F4_Rotation_Force_Monster	cycle	8	4	timer:2|hp_between:51:99	1	skill	18770	0	0	ME	0.0	0.0	0.0	0
856296	F4_Rotation_Force_Monster	cycle	8	4	timer:2|hp_between:51:99	2	skill	21786	0	0	MOST_HATED	0.0	0.0	0.0	0
856296	F4_Rotation_Force_Monster	cycle	9	3	timer:1|hp_between:51:99	0	arm	2	11000	0		0.0	0.0	0.0	0
856296	F4_Rotation_Force_Monster	cycle	9	3	timer:1|hp_between:51:99	1	skill	21301	0	0	MOST_HATED	0.0	0.0	0.0	0
856296	F4_Rotation_Force_Monster	cycle	10	2	timer:0|hp_between:51:99	0	arm	1	10000	0		0.0	0.0	0.0	0
856296	F4_Rotation_Force_Monster	cycle	10	2	timer:0|hp_between:51:99	1	skill	21300	0	0	MOST_HATED	0.0	0.0	0.0	0
856296	F4_Rotation_Force_Monster	cycle	11	1	timer:0	0	arm	0	6000	0		0.0	0.0	0.0	0
856396	IDF5_U1_Vri_Def_Ba_65_Ae	arm	0	7		0	arm	0	10000	0		0.0	0.0	0.0	0
856396	IDF5_U1_Vri_Def_Ba_65_Ae	arm	0	7		1	skill	20960	0	0	MOST_HATED	0.0	0.0	0.0	0
856396	IDF5_U1_Vri_Def_Ba_65_Ae	cycle	0	24	timer:4	0	arm	0	10000	0		0.0	0.0	0.0	0
856396	IDF5_U1_Vri_Def_Ba_65_Ae	cycle	0	24	timer:4	1	skill	20960	0	0	MOST_HATED	0.0	0.0	0.0	0
856396	IDF5_U1_Vri_Def_Ba_65_Ae	cycle	1	23	timer:3	0	arm	4	15000	0		0.0	0.0	0.0	0
856396	IDF5_U1_Vri_Def_Ba_65_Ae	cycle	1	23	timer:3	1	skill	20714	0	0	ME	0.0	0.0	0.0	0
856396	IDF5_U1_Vri_Def_Ba_65_Ae	cycle	2	22	timer:2	0	arm	3	15000	0		0.0	0.0	0.0	0
856396	IDF5_U1_Vri_Def_Ba_65_Ae	cycle	2	22	timer:2	1	skill	20959	0	0	MOST_HATED	0.0	0.0	0.0	0
856396	IDF5_U1_Vri_Def_Ba_65_Ae	cycle	3	21	timer:1	0	arm	2	10000	0		0.0	0.0	0.0	0
856396	IDF5_U1_Vri_Def_Ba_65_Ae	cycle	3	21	timer:1	1	skill	20960	0	0	MOST_HATED	0.0	0.0	0.0	0
856396	IDF5_U1_Vri_Def_Ba_65_Ae	cycle	4	20	timer:0	0	arm	1	5000	0		0.0	0.0	0.0	0
856396	IDF5_U1_Vri_Def_Ba_65_Ae	cycle	4	20	timer:0	1	skill	20715	0	0	ME	0.0	0.0	0.0	0
856478	IDYun_Temp_26	arm	0	2		0	arm	0	3000	0		0.0	0.0	0.0	0
856478	IDYun_Temp_26	cycle	0	1	timer:0	0	skill	19913	0	0	ME	0.0	0.0	0.0	0
856478	IDYun_Temp_26	cycle	0	1	timer:0	1	arm	0	3000	0		0.0	0.0	0.0	0
856487	LF5_QuestNPC_05	arm	0	7		0	arm	0	3000	0		0.0	0.0	0.0	0
856487	LF5_QuestNPC_05	arm	0	7		1	skill	22667	0	0	ME	0.0	0.0	0.0	0
856487	LF5_QuestNPC_05	cycle	0	7	timer:0	0	arm	0	3000	0		0.0	0.0	0.0	0
856487	LF5_QuestNPC_05	cycle	0	7	timer:0	1	skill	22667	0	0	ME	0.0	0.0	0.0	0
856488	LF5_QuestNPC_05	arm	0	7		0	arm	0	3000	0		0.0	0.0	0.0	0
856488	LF5_QuestNPC_05	arm	0	7		1	skill	22667	0	0	ME	0.0	0.0	0.0	0
856488	LF5_QuestNPC_05	cycle	0	7	timer:0	0	arm	0	3000	0		0.0	0.0	0.0	0
856488	LF5_QuestNPC_05	cycle	0	7	timer:0	1	skill	22667	0	0	ME	0.0	0.0	0.0	0
856490	IDYun_Temp_69	arm	0	2		0	arm	0	1000	0		0.0	0.0	0.0	0
856490	IDYun_Temp_69	cycle	0	1	timer:0	0	arm	0	3000	0		0.0	0.0	0.0	0
856490	IDYun_Temp_69	cycle	0	1	timer:0	1	skill	20520	0	0	ME	0.0	0.0	0.0	0
856492	IDYun_Temp_69	arm	0	2		0	arm	0	1000	0		0.0	0.0	0.0	0
856492	IDYun_Temp_69	cycle	0	1	timer:0	0	arm	0	3000	0		0.0	0.0	0.0	0
856492	IDYun_Temp_69	cycle	0	1	timer:0	1	skill	20520	0	0	ME	0.0	0.0	0.0	0
880000	Gab1_DArtiGuard_Boss_04_01_2	arm	0	7		0	arm	0	7000	0		0.0	0.0	0.0	0
880000	Gab1_DArtiGuard_Boss_04_01_2	arm	0	7		1	broadcast	42101	13	0		0.0	0.0	0.0	0
880000	Gab1_DArtiGuard_Boss_04_01_2	cycle	0	7	timer:0	0	arm	0	7000	0		0.0	0.0	0.0	0
880000	Gab1_DArtiGuard_Boss_04_01_2	cycle	0	7	timer:0	1	broadcast	42101	13	0		0.0	0.0	0.0	0
880001	Gab1_DArtiGuard_Boss_04_01_2	arm	0	7		0	arm	0	7000	0		0.0	0.0	0.0	0
880001	Gab1_DArtiGuard_Boss_04_01_2	arm	0	7		1	broadcast	42101	13	0		0.0	0.0	0.0	0
880001	Gab1_DArtiGuard_Boss_04_01_2	cycle	0	7	timer:0	0	arm	0	7000	0		0.0	0.0	0.0	0
880001	Gab1_DArtiGuard_Boss_04_01_2	cycle	0	7	timer:0	1	broadcast	42101	13	0		0.0	0.0	0.0	0
880002	Gab1_DArtiGuard_Boss_04_01_2	arm	0	7		0	arm	0	7000	0		0.0	0.0	0.0	0
880002	Gab1_DArtiGuard_Boss_04_01_2	arm	0	7		1	broadcast	42101	13	0		0.0	0.0	0.0	0
880002	Gab1_DArtiGuard_Boss_04_01_2	cycle	0	7	timer:0	0	arm	0	7000	0		0.0	0.0	0.0	0
880002	Gab1_DArtiGuard_Boss_04_01_2	cycle	0	7	timer:0	1	broadcast	42101	13	0		0.0	0.0	0.0	0
880003	Gab1_DArtiGuard_Boss_04_01_2	arm	0	7		0	arm	0	7000	0		0.0	0.0	0.0	0
880003	Gab1_DArtiGuard_Boss_04_01_2	arm	0	7		1	broadcast	42101	13	0		0.0	0.0	0.0	0
880003	Gab1_DArtiGuard_Boss_04_01_2	cycle	0	7	timer:0	0	arm	0	7000	0		0.0	0.0	0.0	0
880003	Gab1_DArtiGuard_Boss_04_01_2	cycle	0	7	timer:0	1	broadcast	42101	13	0		0.0	0.0	0.0	0
880004	Gab1_DArtiGuard_Boss_04_01_2	arm	0	7		0	arm	0	7000	0		0.0	0.0	0.0	0
880004	Gab1_DArtiGuard_Boss_04_01_2	arm	0	7		1	broadcast	42101	13	0		0.0	0.0	0.0	0
880004	Gab1_DArtiGuard_Boss_04_01_2	cycle	0	7	timer:0	0	arm	0	7000	0		0.0	0.0	0.0	0
880004	Gab1_DArtiGuard_Boss_04_01_2	cycle	0	7	timer:0	1	broadcast	42101	13	0		0.0	0.0	0.0	0
880005	Gab1_DArtiGuard_Boss_04_01_4	arm	0	7		0	arm	0	7000	0		0.0	0.0	0.0	0
880005	Gab1_DArtiGuard_Boss_04_01_4	arm	0	7		1	broadcast	42101	13	0		0.0	0.0	0.0	0
880005	Gab1_DArtiGuard_Boss_04_01_4	cycle	0	7	timer:0	0	arm	0	7000	0		0.0	0.0	0.0	0
880005	Gab1_DArtiGuard_Boss_04_01_4	cycle	0	7	timer:0	1	broadcast	42101	13	0		0.0	0.0	0.0	0
880006	Gab1_DArtiGuard_Boss_04_01_4	arm	0	7		0	arm	0	7000	0		0.0	0.0	0.0	0
880006	Gab1_DArtiGuard_Boss_04_01_4	arm	0	7		1	broadcast	42101	13	0		0.0	0.0	0.0	0
880006	Gab1_DArtiGuard_Boss_04_01_4	cycle	0	7	timer:0	0	arm	0	7000	0		0.0	0.0	0.0	0
880006	Gab1_DArtiGuard_Boss_04_01_4	cycle	0	7	timer:0	1	broadcast	42101	13	0		0.0	0.0	0.0	0
880007	Gab1_DArtiGuard_Boss_04_01_4	arm	0	7		0	arm	0	7000	0		0.0	0.0	0.0	0
880007	Gab1_DArtiGuard_Boss_04_01_4	arm	0	7		1	broadcast	42101	13	0		0.0	0.0	0.0	0
880007	Gab1_DArtiGuard_Boss_04_01_4	cycle	0	7	timer:0	0	arm	0	7000	0		0.0	0.0	0.0	0
880007	Gab1_DArtiGuard_Boss_04_01_4	cycle	0	7	timer:0	1	broadcast	42101	13	0		0.0	0.0	0.0	0
880008	Gab1_DArtiGuard_Boss_04_01_4	arm	0	7		0	arm	0	7000	0		0.0	0.0	0.0	0
880008	Gab1_DArtiGuard_Boss_04_01_4	arm	0	7		1	broadcast	42101	13	0		0.0	0.0	0.0	0
880008	Gab1_DArtiGuard_Boss_04_01_4	cycle	0	7	timer:0	0	arm	0	7000	0		0.0	0.0	0.0	0
880008	Gab1_DArtiGuard_Boss_04_01_4	cycle	0	7	timer:0	1	broadcast	42101	13	0		0.0	0.0	0.0	0
880009	Gab1_DArtiGuard_Boss_04_01_4	arm	0	7		0	arm	0	7000	0		0.0	0.0	0.0	0
880009	Gab1_DArtiGuard_Boss_04_01_4	arm	0	7		1	broadcast	42101	13	0		0.0	0.0	0.0	0
880009	Gab1_DArtiGuard_Boss_04_01_4	cycle	0	7	timer:0	0	arm	0	7000	0		0.0	0.0	0.0	0
880009	Gab1_DArtiGuard_Boss_04_01_4	cycle	0	7	timer:0	1	broadcast	42101	13	0		0.0	0.0	0.0	0
880010	Gab1_LArtiGuard_Boss_01_01_3	arm	0	7		0	arm	0	7000	0		0.0	0.0	0.0	0
880010	Gab1_LArtiGuard_Boss_01_01_3	arm	0	7		1	broadcast	42101	13	0		0.0	0.0	0.0	0
880010	Gab1_LArtiGuard_Boss_01_01_3	cycle	0	7	timer:0	0	arm	0	7000	0		0.0	0.0	0.0	0
880010	Gab1_LArtiGuard_Boss_01_01_3	cycle	0	7	timer:0	1	broadcast	42001	13	0		0.0	0.0	0.0	0
880011	Gab1_LArtiGuard_Boss_01_01_3	arm	0	7		0	arm	0	7000	0		0.0	0.0	0.0	0
880011	Gab1_LArtiGuard_Boss_01_01_3	arm	0	7		1	broadcast	42101	13	0		0.0	0.0	0.0	0
880011	Gab1_LArtiGuard_Boss_01_01_3	cycle	0	7	timer:0	0	arm	0	7000	0		0.0	0.0	0.0	0
880011	Gab1_LArtiGuard_Boss_01_01_3	cycle	0	7	timer:0	1	broadcast	42001	13	0		0.0	0.0	0.0	0
880012	Gab1_LArtiGuard_Boss_01_01_3	arm	0	7		0	arm	0	7000	0		0.0	0.0	0.0	0
880012	Gab1_LArtiGuard_Boss_01_01_3	arm	0	7		1	broadcast	42101	13	0		0.0	0.0	0.0	0
880012	Gab1_LArtiGuard_Boss_01_01_3	cycle	0	7	timer:0	0	arm	0	7000	0		0.0	0.0	0.0	0
880012	Gab1_LArtiGuard_Boss_01_01_3	cycle	0	7	timer:0	1	broadcast	42001	13	0		0.0	0.0	0.0	0
880013	Gab1_LArtiGuard_Boss_01_01_3	arm	0	7		0	arm	0	7000	0		0.0	0.0	0.0	0
880013	Gab1_LArtiGuard_Boss_01_01_3	arm	0	7		1	broadcast	42101	13	0		0.0	0.0	0.0	0
880013	Gab1_LArtiGuard_Boss_01_01_3	cycle	0	7	timer:0	0	arm	0	7000	0		0.0	0.0	0.0	0
880013	Gab1_LArtiGuard_Boss_01_01_3	cycle	0	7	timer:0	1	broadcast	42001	13	0		0.0	0.0	0.0	0
880014	Gab1_LArtiGuard_Boss_01_01_3	arm	0	7		0	arm	0	7000	0		0.0	0.0	0.0	0
880014	Gab1_LArtiGuard_Boss_01_01_3	arm	0	7		1	broadcast	42101	13	0		0.0	0.0	0.0	0
880014	Gab1_LArtiGuard_Boss_01_01_3	cycle	0	7	timer:0	0	arm	0	7000	0		0.0	0.0	0.0	0
880014	Gab1_LArtiGuard_Boss_01_01_3	cycle	0	7	timer:0	1	broadcast	42001	13	0		0.0	0.0	0.0	0
880015	Gab1_LArtiGuard_Boss_02_01_2	arm	0	7		0	arm	0	7000	0		0.0	0.0	0.0	0
880015	Gab1_LArtiGuard_Boss_02_01_2	arm	0	7		1	broadcast	42101	13	0		0.0	0.0	0.0	0
880015	Gab1_LArtiGuard_Boss_02_01_2	cycle	0	7	timer:0	0	arm	0	7000	0		0.0	0.0	0.0	0
880015	Gab1_LArtiGuard_Boss_02_01_2	cycle	0	7	timer:0	1	broadcast	42101	13	0		0.0	0.0	0.0	0
880016	Gab1_LArtiGuard_Boss_02_01_2	arm	0	7		0	arm	0	7000	0		0.0	0.0	0.0	0
880016	Gab1_LArtiGuard_Boss_02_01_2	arm	0	7		1	broadcast	42101	13	0		0.0	0.0	0.0	0
880016	Gab1_LArtiGuard_Boss_02_01_2	cycle	0	7	timer:0	0	arm	0	7000	0		0.0	0.0	0.0	0
880016	Gab1_LArtiGuard_Boss_02_01_2	cycle	0	7	timer:0	1	broadcast	42101	13	0		0.0	0.0	0.0	0
880017	Gab1_LArtiGuard_Boss_02_01_2	arm	0	7		0	arm	0	7000	0		0.0	0.0	0.0	0
880017	Gab1_LArtiGuard_Boss_02_01_2	arm	0	7		1	broadcast	42101	13	0		0.0	0.0	0.0	0
880017	Gab1_LArtiGuard_Boss_02_01_2	cycle	0	7	timer:0	0	arm	0	7000	0		0.0	0.0	0.0	0
880017	Gab1_LArtiGuard_Boss_02_01_2	cycle	0	7	timer:0	1	broadcast	42101	13	0		0.0	0.0	0.0	0
880018	Gab1_LArtiGuard_Boss_02_01_2	arm	0	7		0	arm	0	7000	0		0.0	0.0	0.0	0
880018	Gab1_LArtiGuard_Boss_02_01_2	arm	0	7		1	broadcast	42101	13	0		0.0	0.0	0.0	0
880018	Gab1_LArtiGuard_Boss_02_01_2	cycle	0	7	timer:0	0	arm	0	7000	0		0.0	0.0	0.0	0
880018	Gab1_LArtiGuard_Boss_02_01_2	cycle	0	7	timer:0	1	broadcast	42101	13	0		0.0	0.0	0.0	0
880019	Gab1_LArtiGuard_Boss_02_01_2	arm	0	7		0	arm	0	7000	0		0.0	0.0	0.0	0
880019	Gab1_LArtiGuard_Boss_02_01_2	arm	0	7		1	broadcast	42101	13	0		0.0	0.0	0.0	0
880019	Gab1_LArtiGuard_Boss_02_01_2	cycle	0	7	timer:0	0	arm	0	7000	0		0.0	0.0	0.0	0
880019	Gab1_LArtiGuard_Boss_02_01_2	cycle	0	7	timer:0	1	broadcast	42101	13	0		0.0	0.0	0.0	0
880020	Gab1_LArtiGuard_Boss_02_01_4	arm	0	7		0	arm	0	7000	0		0.0	0.0	0.0	0
880020	Gab1_LArtiGuard_Boss_02_01_4	arm	0	7		1	broadcast	42101	13	0		0.0	0.0	0.0	0
880020	Gab1_LArtiGuard_Boss_02_01_4	cycle	0	7	timer:0	0	arm	0	7000	0		0.0	0.0	0.0	0
880020	Gab1_LArtiGuard_Boss_02_01_4	cycle	0	7	timer:0	1	broadcast	42101	13	0		0.0	0.0	0.0	0
880021	Gab1_LArtiGuard_Boss_02_01_4	arm	0	7		0	arm	0	7000	0		0.0	0.0	0.0	0
880021	Gab1_LArtiGuard_Boss_02_01_4	arm	0	7		1	broadcast	42101	13	0		0.0	0.0	0.0	0
880021	Gab1_LArtiGuard_Boss_02_01_4	cycle	0	7	timer:0	0	arm	0	7000	0		0.0	0.0	0.0	0
880021	Gab1_LArtiGuard_Boss_02_01_4	cycle	0	7	timer:0	1	broadcast	42101	13	0		0.0	0.0	0.0	0
880022	Gab1_LArtiGuard_Boss_02_01_4	arm	0	7		0	arm	0	7000	0		0.0	0.0	0.0	0
880022	Gab1_LArtiGuard_Boss_02_01_4	arm	0	7		1	broadcast	42101	13	0		0.0	0.0	0.0	0
880022	Gab1_LArtiGuard_Boss_02_01_4	cycle	0	7	timer:0	0	arm	0	7000	0		0.0	0.0	0.0	0
880022	Gab1_LArtiGuard_Boss_02_01_4	cycle	0	7	timer:0	1	broadcast	42101	13	0		0.0	0.0	0.0	0
880023	Gab1_LArtiGuard_Boss_02_01_4	arm	0	7		0	arm	0	7000	0		0.0	0.0	0.0	0
880023	Gab1_LArtiGuard_Boss_02_01_4	arm	0	7		1	broadcast	42101	13	0		0.0	0.0	0.0	0
880023	Gab1_LArtiGuard_Boss_02_01_4	cycle	0	7	timer:0	0	arm	0	7000	0		0.0	0.0	0.0	0
880023	Gab1_LArtiGuard_Boss_02_01_4	cycle	0	7	timer:0	1	broadcast	42101	13	0		0.0	0.0	0.0	0
880024	Gab1_LArtiGuard_Boss_02_01_4	arm	0	7		0	arm	0	7000	0		0.0	0.0	0.0	0
880024	Gab1_LArtiGuard_Boss_02_01_4	arm	0	7		1	broadcast	42101	13	0		0.0	0.0	0.0	0
880024	Gab1_LArtiGuard_Boss_02_01_4	cycle	0	7	timer:0	0	arm	0	7000	0		0.0	0.0	0.0	0
880024	Gab1_LArtiGuard_Boss_02_01_4	cycle	0	7	timer:0	1	broadcast	42101	13	0		0.0	0.0	0.0	0
880025	Gab1_LArtiGuard_Boss_03_01_3	arm	0	7		0	arm	0	7000	0		0.0	0.0	0.0	0
880025	Gab1_LArtiGuard_Boss_03_01_3	arm	0	7		1	broadcast	42001	13	0		0.0	0.0	0.0	0
880025	Gab1_LArtiGuard_Boss_03_01_3	cycle	0	7	timer:0	0	arm	0	7000	0		0.0	0.0	0.0	0
880025	Gab1_LArtiGuard_Boss_03_01_3	cycle	0	7	timer:0	1	broadcast	42001	13	0		0.0	0.0	0.0	0
880026	Gab1_LArtiGuard_Boss_03_01_3	arm	0	7		0	arm	0	7000	0		0.0	0.0	0.0	0
880026	Gab1_LArtiGuard_Boss_03_01_3	arm	0	7		1	broadcast	42001	13	0		0.0	0.0	0.0	0
880026	Gab1_LArtiGuard_Boss_03_01_3	cycle	0	7	timer:0	0	arm	0	7000	0		0.0	0.0	0.0	0
880026	Gab1_LArtiGuard_Boss_03_01_3	cycle	0	7	timer:0	1	broadcast	42001	13	0		0.0	0.0	0.0	0
880027	Gab1_LArtiGuard_Boss_03_01_3	arm	0	7		0	arm	0	7000	0		0.0	0.0	0.0	0
880027	Gab1_LArtiGuard_Boss_03_01_3	arm	0	7		1	broadcast	42001	13	0		0.0	0.0	0.0	0
880027	Gab1_LArtiGuard_Boss_03_01_3	cycle	0	7	timer:0	0	arm	0	7000	0		0.0	0.0	0.0	0
880027	Gab1_LArtiGuard_Boss_03_01_3	cycle	0	7	timer:0	1	broadcast	42001	13	0		0.0	0.0	0.0	0
880028	Gab1_LArtiGuard_Boss_03_01_3	arm	0	7		0	arm	0	7000	0		0.0	0.0	0.0	0
880028	Gab1_LArtiGuard_Boss_03_01_3	arm	0	7		1	broadcast	42001	13	0		0.0	0.0	0.0	0
880028	Gab1_LArtiGuard_Boss_03_01_3	cycle	0	7	timer:0	0	arm	0	7000	0		0.0	0.0	0.0	0
880028	Gab1_LArtiGuard_Boss_03_01_3	cycle	0	7	timer:0	1	broadcast	42001	13	0		0.0	0.0	0.0	0
880029	Gab1_LArtiGuard_Boss_03_01_3	arm	0	7		0	arm	0	7000	0		0.0	0.0	0.0	0
880029	Gab1_LArtiGuard_Boss_03_01_3	arm	0	7		1	broadcast	42001	13	0		0.0	0.0	0.0	0
880029	Gab1_LArtiGuard_Boss_03_01_3	cycle	0	7	timer:0	0	arm	0	7000	0		0.0	0.0	0.0	0
880029	Gab1_LArtiGuard_Boss_03_01_3	cycle	0	7	timer:0	1	broadcast	42001	13	0		0.0	0.0	0.0	0
880030	Gab1_LArtiGuard_Boss_04_01_2	arm	0	7		0	arm	0	7000	0		0.0	0.0	0.0	0
880030	Gab1_LArtiGuard_Boss_04_01_2	arm	0	7		1	broadcast	42101	13	0		0.0	0.0	0.0	0
880030	Gab1_LArtiGuard_Boss_04_01_2	cycle	0	7	timer:0	0	arm	0	7000	0		0.0	0.0	0.0	0
880030	Gab1_LArtiGuard_Boss_04_01_2	cycle	0	7	timer:0	1	broadcast	42101	13	0		0.0	0.0	0.0	0
880031	Gab1_LArtiGuard_Boss_04_01_2	arm	0	7		0	arm	0	7000	0		0.0	0.0	0.0	0
880031	Gab1_LArtiGuard_Boss_04_01_2	arm	0	7		1	broadcast	42101	13	0		0.0	0.0	0.0	0
880031	Gab1_LArtiGuard_Boss_04_01_2	cycle	0	7	timer:0	0	arm	0	7000	0		0.0	0.0	0.0	0
880031	Gab1_LArtiGuard_Boss_04_01_2	cycle	0	7	timer:0	1	broadcast	42101	13	0		0.0	0.0	0.0	0
880032	Gab1_LArtiGuard_Boss_04_01_2	arm	0	7		0	arm	0	7000	0		0.0	0.0	0.0	0
880032	Gab1_LArtiGuard_Boss_04_01_2	arm	0	7		1	broadcast	42101	13	0		0.0	0.0	0.0	0
880032	Gab1_LArtiGuard_Boss_04_01_2	cycle	0	7	timer:0	0	arm	0	7000	0		0.0	0.0	0.0	0
880032	Gab1_LArtiGuard_Boss_04_01_2	cycle	0	7	timer:0	1	broadcast	42101	13	0		0.0	0.0	0.0	0
880033	Gab1_LArtiGuard_Boss_04_01_2	arm	0	7		0	arm	0	7000	0		0.0	0.0	0.0	0
880033	Gab1_LArtiGuard_Boss_04_01_2	arm	0	7		1	broadcast	42101	13	0		0.0	0.0	0.0	0
880033	Gab1_LArtiGuard_Boss_04_01_2	cycle	0	7	timer:0	0	arm	0	7000	0		0.0	0.0	0.0	0
880033	Gab1_LArtiGuard_Boss_04_01_2	cycle	0	7	timer:0	1	broadcast	42101	13	0		0.0	0.0	0.0	0
880034	Gab1_LArtiGuard_Boss_04_01_2	arm	0	7		0	arm	0	7000	0		0.0	0.0	0.0	0
880034	Gab1_LArtiGuard_Boss_04_01_2	arm	0	7		1	broadcast	42101	13	0		0.0	0.0	0.0	0
880034	Gab1_LArtiGuard_Boss_04_01_2	cycle	0	7	timer:0	0	arm	0	7000	0		0.0	0.0	0.0	0
880034	Gab1_LArtiGuard_Boss_04_01_2	cycle	0	7	timer:0	1	broadcast	42101	13	0		0.0	0.0	0.0	0
880035	Gab1_LArtiGuard_Boss_04_01_4	arm	0	7		0	arm	0	7000	0		0.0	0.0	0.0	0
880035	Gab1_LArtiGuard_Boss_04_01_4	arm	0	7		1	broadcast	42101	13	0		0.0	0.0	0.0	0
880035	Gab1_LArtiGuard_Boss_04_01_4	cycle	0	7	timer:0	0	arm	0	7000	0		0.0	0.0	0.0	0
880035	Gab1_LArtiGuard_Boss_04_01_4	cycle	0	7	timer:0	1	broadcast	42101	13	0		0.0	0.0	0.0	0
880036	Gab1_LArtiGuard_Boss_04_01_4	arm	0	7		0	arm	0	7000	0		0.0	0.0	0.0	0
880036	Gab1_LArtiGuard_Boss_04_01_4	arm	0	7		1	broadcast	42101	13	0		0.0	0.0	0.0	0
880036	Gab1_LArtiGuard_Boss_04_01_4	cycle	0	7	timer:0	0	arm	0	7000	0		0.0	0.0	0.0	0
880036	Gab1_LArtiGuard_Boss_04_01_4	cycle	0	7	timer:0	1	broadcast	42101	13	0		0.0	0.0	0.0	0
880037	Gab1_LArtiGuard_Boss_04_01_4	arm	0	7		0	arm	0	7000	0		0.0	0.0	0.0	0
880037	Gab1_LArtiGuard_Boss_04_01_4	arm	0	7		1	broadcast	42101	13	0		0.0	0.0	0.0	0
880037	Gab1_LArtiGuard_Boss_04_01_4	cycle	0	7	timer:0	0	arm	0	7000	0		0.0	0.0	0.0	0
880037	Gab1_LArtiGuard_Boss_04_01_4	cycle	0	7	timer:0	1	broadcast	42101	13	0		0.0	0.0	0.0	0
880038	Gab1_LArtiGuard_Boss_04_01_4	arm	0	7		0	arm	0	7000	0		0.0	0.0	0.0	0
880038	Gab1_LArtiGuard_Boss_04_01_4	arm	0	7		1	broadcast	42101	13	0		0.0	0.0	0.0	0
880038	Gab1_LArtiGuard_Boss_04_01_4	cycle	0	7	timer:0	0	arm	0	7000	0		0.0	0.0	0.0	0
880038	Gab1_LArtiGuard_Boss_04_01_4	cycle	0	7	timer:0	1	broadcast	42101	13	0		0.0	0.0	0.0	0
880039	Gab1_LArtiGuard_Boss_04_01_4	arm	0	7		0	arm	0	7000	0		0.0	0.0	0.0	0
880039	Gab1_LArtiGuard_Boss_04_01_4	arm	0	7		1	broadcast	42101	13	0		0.0	0.0	0.0	0
880039	Gab1_LArtiGuard_Boss_04_01_4	cycle	0	7	timer:0	0	arm	0	7000	0		0.0	0.0	0.0	0
880039	Gab1_LArtiGuard_Boss_04_01_4	cycle	0	7	timer:0	1	broadcast	42101	13	0		0.0	0.0	0.0	0
880040	Gab1_BossSum_Vritra_02	arm	0	7		0	arm	0	7000	0		0.0	0.0	0.0	0
880040	Gab1_BossSum_Vritra_02	arm	0	7		1	broadcast	42101	13	0		0.0	0.0	0.0	0
880040	Gab1_BossSum_Vritra_02	cycle	0	7	timer:0	0	arm	0	7000	0		0.0	0.0	0.0	0
880040	Gab1_BossSum_Vritra_02	cycle	0	7	timer:0	1	broadcast	42101	13	0		0.0	0.0	0.0	0
880041	Gab1_BossSum_Vritra_02	arm	0	7		0	arm	0	7000	0		0.0	0.0	0.0	0
880041	Gab1_BossSum_Vritra_02	arm	0	7		1	broadcast	42101	13	0		0.0	0.0	0.0	0
880041	Gab1_BossSum_Vritra_02	cycle	0	7	timer:0	0	arm	0	7000	0		0.0	0.0	0.0	0
880041	Gab1_BossSum_Vritra_02	cycle	0	7	timer:0	1	broadcast	42101	13	0		0.0	0.0	0.0	0
880042	Gab1_BossSum_Vritra_02	arm	0	7		0	arm	0	7000	0		0.0	0.0	0.0	0
880042	Gab1_BossSum_Vritra_02	arm	0	7		1	broadcast	42101	13	0		0.0	0.0	0.0	0
880042	Gab1_BossSum_Vritra_02	cycle	0	7	timer:0	0	arm	0	7000	0		0.0	0.0	0.0	0
880042	Gab1_BossSum_Vritra_02	cycle	0	7	timer:0	1	broadcast	42101	13	0		0.0	0.0	0.0	0
880043	Gab1_BossSum_Vritra_02	arm	0	7		0	arm	0	7000	0		0.0	0.0	0.0	0
880043	Gab1_BossSum_Vritra_02	arm	0	7		1	broadcast	42101	13	0		0.0	0.0	0.0	0
880043	Gab1_BossSum_Vritra_02	cycle	0	7	timer:0	0	arm	0	7000	0		0.0	0.0	0.0	0
880043	Gab1_BossSum_Vritra_02	cycle	0	7	timer:0	1	broadcast	42101	13	0		0.0	0.0	0.0	0
880044	Gab1_BossSum_Vritra_02	arm	0	7		0	arm	0	7000	0		0.0	0.0	0.0	0
880044	Gab1_BossSum_Vritra_02	arm	0	7		1	broadcast	42101	13	0		0.0	0.0	0.0	0
880044	Gab1_BossSum_Vritra_02	cycle	0	7	timer:0	0	arm	0	7000	0		0.0	0.0	0.0	0
880044	Gab1_BossSum_Vritra_02	cycle	0	7	timer:0	1	broadcast	42101	13	0		0.0	0.0	0.0	0
880045	Gab1_BossSum_Vritra_04	arm	0	7		0	arm	0	7000	0		0.0	0.0	0.0	0
880045	Gab1_BossSum_Vritra_04	arm	0	7		1	broadcast	42101	13	0		0.0	0.0	0.0	0
880045	Gab1_BossSum_Vritra_04	cycle	0	7	timer:0	0	arm	0	7000	0		0.0	0.0	0.0	0
880045	Gab1_BossSum_Vritra_04	cycle	0	7	timer:0	1	broadcast	42101	13	0		0.0	0.0	0.0	0
880046	Gab1_BossSum_Vritra_04	arm	0	7		0	arm	0	7000	0		0.0	0.0	0.0	0
880046	Gab1_BossSum_Vritra_04	arm	0	7		1	broadcast	42101	13	0		0.0	0.0	0.0	0
880046	Gab1_BossSum_Vritra_04	cycle	0	7	timer:0	0	arm	0	7000	0		0.0	0.0	0.0	0
880046	Gab1_BossSum_Vritra_04	cycle	0	7	timer:0	1	broadcast	42101	13	0		0.0	0.0	0.0	0
880047	Gab1_BossSum_Vritra_04	arm	0	7		0	arm	0	7000	0		0.0	0.0	0.0	0
880047	Gab1_BossSum_Vritra_04	arm	0	7		1	broadcast	42101	13	0		0.0	0.0	0.0	0
880047	Gab1_BossSum_Vritra_04	cycle	0	7	timer:0	0	arm	0	7000	0		0.0	0.0	0.0	0
880047	Gab1_BossSum_Vritra_04	cycle	0	7	timer:0	1	broadcast	42101	13	0		0.0	0.0	0.0	0
880048	Gab1_BossSum_Vritra_04	arm	0	7		0	arm	0	7000	0		0.0	0.0	0.0	0
880048	Gab1_BossSum_Vritra_04	arm	0	7		1	broadcast	42101	13	0		0.0	0.0	0.0	0
880048	Gab1_BossSum_Vritra_04	cycle	0	7	timer:0	0	arm	0	7000	0		0.0	0.0	0.0	0
880048	Gab1_BossSum_Vritra_04	cycle	0	7	timer:0	1	broadcast	42101	13	0		0.0	0.0	0.0	0
880049	Gab1_BossSum_Vritra_04	arm	0	7		0	arm	0	7000	0		0.0	0.0	0.0	0
880049	Gab1_BossSum_Vritra_04	arm	0	7		1	broadcast	42101	13	0		0.0	0.0	0.0	0
880049	Gab1_BossSum_Vritra_04	cycle	0	7	timer:0	0	arm	0	7000	0		0.0	0.0	0.0	0
880049	Gab1_BossSum_Vritra_04	cycle	0	7	timer:0	1	broadcast	42101	13	0		0.0	0.0	0.0	0
880050	Gab1_BossSum_Vritra_06	arm	0	7		0	arm	0	7000	0		0.0	0.0	0.0	0
880050	Gab1_BossSum_Vritra_06	arm	0	7		1	broadcast	42101	13	0		0.0	0.0	0.0	0
880050	Gab1_BossSum_Vritra_06	cycle	0	7	timer:0	0	arm	0	7000	0		0.0	0.0	0.0	0
880050	Gab1_BossSum_Vritra_06	cycle	0	7	timer:0	1	broadcast	42101	13	0		0.0	0.0	0.0	0
880051	Gab1_BossSum_Vritra_06	arm	0	7		0	arm	0	7000	0		0.0	0.0	0.0	0
880051	Gab1_BossSum_Vritra_06	arm	0	7		1	broadcast	42101	13	0		0.0	0.0	0.0	0
880051	Gab1_BossSum_Vritra_06	cycle	0	7	timer:0	0	arm	0	7000	0		0.0	0.0	0.0	0
880051	Gab1_BossSum_Vritra_06	cycle	0	7	timer:0	1	broadcast	42101	13	0		0.0	0.0	0.0	0
880052	Gab1_BossSum_Vritra_06	arm	0	7		0	arm	0	7000	0		0.0	0.0	0.0	0
880052	Gab1_BossSum_Vritra_06	arm	0	7		1	broadcast	42101	13	0		0.0	0.0	0.0	0
880052	Gab1_BossSum_Vritra_06	cycle	0	7	timer:0	0	arm	0	7000	0		0.0	0.0	0.0	0
880052	Gab1_BossSum_Vritra_06	cycle	0	7	timer:0	1	broadcast	42101	13	0		0.0	0.0	0.0	0
880053	Gab1_BossSum_Vritra_06	arm	0	7		0	arm	0	7000	0		0.0	0.0	0.0	0
880053	Gab1_BossSum_Vritra_06	arm	0	7		1	broadcast	42101	13	0		0.0	0.0	0.0	0
880053	Gab1_BossSum_Vritra_06	cycle	0	7	timer:0	0	arm	0	7000	0		0.0	0.0	0.0	0
880053	Gab1_BossSum_Vritra_06	cycle	0	7	timer:0	1	broadcast	42101	13	0		0.0	0.0	0.0	0
880054	Gab1_BossSum_Vritra_06	arm	0	7		0	arm	0	7000	0		0.0	0.0	0.0	0
880054	Gab1_BossSum_Vritra_06	arm	0	7		1	broadcast	42101	13	0		0.0	0.0	0.0	0
880054	Gab1_BossSum_Vritra_06	cycle	0	7	timer:0	0	arm	0	7000	0		0.0	0.0	0.0	0
880054	Gab1_BossSum_Vritra_06	cycle	0	7	timer:0	1	broadcast	42101	13	0		0.0	0.0	0.0	0
880055	Gab1_BossSum_Vritra_08	arm	0	7		0	arm	0	7000	0		0.0	0.0	0.0	0
880055	Gab1_BossSum_Vritra_08	arm	0	7		1	broadcast	42101	13	0		0.0	0.0	0.0	0
880055	Gab1_BossSum_Vritra_08	cycle	0	7	timer:0	0	arm	0	7000	0		0.0	0.0	0.0	0
880055	Gab1_BossSum_Vritra_08	cycle	0	7	timer:0	1	broadcast	42101	13	0		0.0	0.0	0.0	0
880056	Gab1_BossSum_Vritra_08	arm	0	7		0	arm	0	7000	0		0.0	0.0	0.0	0
880056	Gab1_BossSum_Vritra_08	arm	0	7		1	broadcast	42101	13	0		0.0	0.0	0.0	0
880056	Gab1_BossSum_Vritra_08	cycle	0	7	timer:0	0	arm	0	7000	0		0.0	0.0	0.0	0
880056	Gab1_BossSum_Vritra_08	cycle	0	7	timer:0	1	broadcast	42101	13	0		0.0	0.0	0.0	0
880057	Gab1_BossSum_Vritra_08	arm	0	7		0	arm	0	7000	0		0.0	0.0	0.0	0
880057	Gab1_BossSum_Vritra_08	arm	0	7		1	broadcast	42101	13	0		0.0	0.0	0.0	0
880057	Gab1_BossSum_Vritra_08	cycle	0	7	timer:0	0	arm	0	7000	0		0.0	0.0	0.0	0
880057	Gab1_BossSum_Vritra_08	cycle	0	7	timer:0	1	broadcast	42101	13	0		0.0	0.0	0.0	0
880058	Gab1_BossSum_Vritra_08	arm	0	7		0	arm	0	7000	0		0.0	0.0	0.0	0
880058	Gab1_BossSum_Vritra_08	arm	0	7		1	broadcast	42101	13	0		0.0	0.0	0.0	0
880058	Gab1_BossSum_Vritra_08	cycle	0	7	timer:0	0	arm	0	7000	0		0.0	0.0	0.0	0
880058	Gab1_BossSum_Vritra_08	cycle	0	7	timer:0	1	broadcast	42101	13	0		0.0	0.0	0.0	0
880059	Gab1_BossSum_Vritra_08	arm	0	7		0	arm	0	7000	0		0.0	0.0	0.0	0
880059	Gab1_BossSum_Vritra_08	arm	0	7		1	broadcast	42101	13	0		0.0	0.0	0.0	0
880059	Gab1_BossSum_Vritra_08	cycle	0	7	timer:0	0	arm	0	7000	0		0.0	0.0	0.0	0
880059	Gab1_BossSum_Vritra_08	cycle	0	7	timer:0	1	broadcast	42101	13	0		0.0	0.0	0.0	0
880748	Gab1_VritraGuard_BossKiller_01_01	arm	0	7		0	arm	0	10000	0		0.0	0.0	0.0	0
880748	Gab1_VritraGuard_BossKiller_01_01	arm	0	7		1	skill	17320	0	0	MOST_HATED	0.0	0.0	0.0	0
880748	Gab1_VritraGuard_BossKiller_01_01	arm	0	7		2	skill	17321	0	0	MOST_HATED	0.0	0.0	0.0	0
880748	Gab1_VritraGuard_BossKiller_01_01	cycle	0	7	timer:0	0	arm	0	10000	0		0.0	0.0	0.0	0
880748	Gab1_VritraGuard_BossKiller_01_01	cycle	0	7	timer:0	1	skill	16531	0	0	MOST_HATED	0.0	0.0	0.0	0
880764	Gab1_VritraGuard_BossKiller_01_01	arm	0	7		0	arm	0	10000	0		0.0	0.0	0.0	0
880764	Gab1_VritraGuard_BossKiller_01_01	arm	0	7		1	skill	17320	0	0	MOST_HATED	0.0	0.0	0.0	0
880764	Gab1_VritraGuard_BossKiller_01_01	arm	0	7		2	skill	17321	0	0	MOST_HATED	0.0	0.0	0.0	0
880764	Gab1_VritraGuard_BossKiller_01_01	cycle	0	7	timer:0	0	arm	0	10000	0		0.0	0.0	0.0	0
880764	Gab1_VritraGuard_BossKiller_01_01	cycle	0	7	timer:0	1	skill	16531	0	0	MOST_HATED	0.0	0.0	0.0	0
880780	Gab1_VritraGuard_BossKiller_01_01	arm	0	7		0	arm	0	10000	0		0.0	0.0	0.0	0
880780	Gab1_VritraGuard_BossKiller_01_01	arm	0	7		1	skill	17320	0	0	MOST_HATED	0.0	0.0	0.0	0
880780	Gab1_VritraGuard_BossKiller_01_01	arm	0	7		2	skill	17321	0	0	MOST_HATED	0.0	0.0	0.0	0
880780	Gab1_VritraGuard_BossKiller_01_01	cycle	0	7	timer:0	0	arm	0	10000	0		0.0	0.0	0.0	0
880780	Gab1_VritraGuard_BossKiller_01_01	cycle	0	7	timer:0	1	skill	16531	0	0	MOST_HATED	0.0	0.0	0.0	0
880948	Gab1_TurretSwitch_toPC_01	arm	0	7		0	arm	0	4000	0		0.0	0.0	0.0	0
880948	Gab1_TurretSwitch_toPC_01	arm	0	7		1	skill	21401	0	0	MOST_HATED	0.0	0.0	0.0	0
880948	Gab1_TurretSwitch_toPC_01	cycle	0	7	timer:0	0	arm	0	4000	0		0.0	0.0	0.0	0
880948	Gab1_TurretSwitch_toPC_01	cycle	0	7	timer:0	1	skill	21401	0	0	MOST_HATED	0.0	0.0	0.0	0
880949	Gab1_TurretSwitch_toPC_02	arm	0	7		0	arm	0	4000	0		0.0	0.0	0.0	0
880949	Gab1_TurretSwitch_toPC_02	arm	0	7		1	skill	21401	0	0	MOST_HATED	0.0	0.0	0.0	0
880949	Gab1_TurretSwitch_toPC_02	cycle	0	7	timer:0	0	arm	0	4000	0		0.0	0.0	0.0	0
880949	Gab1_TurretSwitch_toPC_02	cycle	0	7	timer:0	1	skill	21401	0	0	MOST_HATED	0.0	0.0	0.0	0
880950	Gab1_TurretSwitch_toPC_03	arm	0	7		0	arm	0	4000	0		0.0	0.0	0.0	0
880950	Gab1_TurretSwitch_toPC_03	arm	0	7		1	skill	21401	0	0	MOST_HATED	0.0	0.0	0.0	0
880950	Gab1_TurretSwitch_toPC_03	cycle	0	7	timer:0	0	arm	0	4000	0		0.0	0.0	0.0	0
880950	Gab1_TurretSwitch_toPC_03	cycle	0	7	timer:0	1	skill	21401	0	0	MOST_HATED	0.0	0.0	0.0	0
880951	Gab1_TurretSwitch_toPC_04	arm	0	7		0	arm	0	4000	0		0.0	0.0	0.0	0
880951	Gab1_TurretSwitch_toPC_04	arm	0	7		1	skill	21401	0	0	MOST_HATED	0.0	0.0	0.0	0
880951	Gab1_TurretSwitch_toPC_04	cycle	0	7	timer:0	0	arm	0	4000	0		0.0	0.0	0.0	0
880951	Gab1_TurretSwitch_toPC_04	cycle	0	7	timer:0	1	skill	21401	0	0	MOST_HATED	0.0	0.0	0.0	0
880952	Gab1_TurretSwitch_toPC_05	arm	0	7		0	arm	0	4000	0		0.0	0.0	0.0	0
880952	Gab1_TurretSwitch_toPC_05	arm	0	7		1	skill	21401	0	0	MOST_HATED	0.0	0.0	0.0	0
880952	Gab1_TurretSwitch_toPC_05	cycle	0	7	timer:0	0	arm	0	4000	0		0.0	0.0	0.0	0
880952	Gab1_TurretSwitch_toPC_05	cycle	0	7	timer:0	1	skill	21401	0	0	MOST_HATED	0.0	0.0	0.0	0
880953	Gab1_TurretSwitch_toPC_06	arm	0	7		0	arm	0	4000	0		0.0	0.0	0.0	0
880953	Gab1_TurretSwitch_toPC_06	arm	0	7		1	skill	21401	0	0	MOST_HATED	0.0	0.0	0.0	0
880953	Gab1_TurretSwitch_toPC_06	cycle	0	7	timer:0	0	arm	0	4000	0		0.0	0.0	0.0	0
880953	Gab1_TurretSwitch_toPC_06	cycle	0	7	timer:0	1	skill	21401	0	0	MOST_HATED	0.0	0.0	0.0	0
880954	Gab1_TurretSwitch_toPC_07	arm	0	7		0	arm	0	4000	0		0.0	0.0	0.0	0
880954	Gab1_TurretSwitch_toPC_07	arm	0	7		1	skill	21401	0	0	MOST_HATED	0.0	0.0	0.0	0
880954	Gab1_TurretSwitch_toPC_07	cycle	0	7	timer:0	0	arm	0	4000	0		0.0	0.0	0.0	0
880954	Gab1_TurretSwitch_toPC_07	cycle	0	7	timer:0	1	skill	21401	0	0	MOST_HATED	0.0	0.0	0.0	0
880955	Gab1_TurretSwitch_toPC_08	arm	0	7		0	arm	0	4000	0		0.0	0.0	0.0	0
880955	Gab1_TurretSwitch_toPC_08	arm	0	7		1	skill	21401	0	0	MOST_HATED	0.0	0.0	0.0	0
880955	Gab1_TurretSwitch_toPC_08	cycle	0	7	timer:0	0	arm	0	4000	0		0.0	0.0	0.0	0
880955	Gab1_TurretSwitch_toPC_08	cycle	0	7	timer:0	1	skill	21401	0	0	MOST_HATED	0.0	0.0	0.0	0
880956	Gab1_TurretSwitch_toPC_09	arm	0	7		0	arm	0	4000	0		0.0	0.0	0.0	0
880956	Gab1_TurretSwitch_toPC_09	arm	0	7		1	skill	21401	0	0	MOST_HATED	0.0	0.0	0.0	0
880956	Gab1_TurretSwitch_toPC_09	cycle	0	7	timer:0	0	arm	0	4000	0		0.0	0.0	0.0	0
880956	Gab1_TurretSwitch_toPC_09	cycle	0	7	timer:0	1	skill	21401	0	0	MOST_HATED	0.0	0.0	0.0	0
880957	Gab1_TurretSwitch_toPC_10	arm	0	7		0	arm	0	4000	0		0.0	0.0	0.0	0
880957	Gab1_TurretSwitch_toPC_10	arm	0	7		1	skill	21401	0	0	MOST_HATED	0.0	0.0	0.0	0
880957	Gab1_TurretSwitch_toPC_10	cycle	0	7	timer:0	0	arm	0	4000	0		0.0	0.0	0.0	0
880957	Gab1_TurretSwitch_toPC_10	cycle	0	7	timer:0	1	skill	21401	0	0	MOST_HATED	0.0	0.0	0.0	0
880958	Gab1_TurretSwitch_toPC_11	arm	0	7		0	arm	0	4000	0		0.0	0.0	0.0	0
880958	Gab1_TurretSwitch_toPC_11	arm	0	7		1	skill	21401	0	0	MOST_HATED	0.0	0.0	0.0	0
880958	Gab1_TurretSwitch_toPC_11	cycle	0	7	timer:0	0	arm	0	4000	0		0.0	0.0	0.0	0
880958	Gab1_TurretSwitch_toPC_11	cycle	0	7	timer:0	1	skill	21401	0	0	MOST_HATED	0.0	0.0	0.0	0
880959	Gab1_TurretSwitch_toPC_12	arm	0	7		0	arm	0	4000	0		0.0	0.0	0.0	0
880959	Gab1_TurretSwitch_toPC_12	arm	0	7		1	skill	21401	0	0	MOST_HATED	0.0	0.0	0.0	0
880959	Gab1_TurretSwitch_toPC_12	cycle	0	7	timer:0	0	arm	0	4000	0		0.0	0.0	0.0	0
880959	Gab1_TurretSwitch_toPC_12	cycle	0	7	timer:0	1	skill	21401	0	0	MOST_HATED	0.0	0.0	0.0	0
880960	Gab1_TurretSwitch_toPC_13	arm	0	7		0	arm	0	4000	0		0.0	0.0	0.0	0
880960	Gab1_TurretSwitch_toPC_13	arm	0	7		1	skill	21401	0	0	MOST_HATED	0.0	0.0	0.0	0
880960	Gab1_TurretSwitch_toPC_13	cycle	0	7	timer:0	0	arm	0	4000	0		0.0	0.0	0.0	0
880960	Gab1_TurretSwitch_toPC_13	cycle	0	7	timer:0	1	skill	21401	0	0	MOST_HATED	0.0	0.0	0.0	0
880961	Gab1_TurretSwitch_toPC_14	arm	0	7		0	arm	0	4000	0		0.0	0.0	0.0	0
880961	Gab1_TurretSwitch_toPC_14	arm	0	7		1	skill	21401	0	0	MOST_HATED	0.0	0.0	0.0	0
880961	Gab1_TurretSwitch_toPC_14	cycle	0	7	timer:0	0	arm	0	4000	0		0.0	0.0	0.0	0
880961	Gab1_TurretSwitch_toPC_14	cycle	0	7	timer:0	1	skill	21401	0	0	MOST_HATED	0.0	0.0	0.0	0
880962	Gab1_TurretSwitch_toPC_15	arm	0	7		0	arm	0	4000	0		0.0	0.0	0.0	0
880962	Gab1_TurretSwitch_toPC_15	arm	0	7		1	skill	21401	0	0	MOST_HATED	0.0	0.0	0.0	0
880962	Gab1_TurretSwitch_toPC_15	cycle	0	7	timer:0	0	arm	0	4000	0		0.0	0.0	0.0	0
880962	Gab1_TurretSwitch_toPC_15	cycle	0	7	timer:0	1	skill	21401	0	0	MOST_HATED	0.0	0.0	0.0	0
880963	Gab1_TurretSwitch_toPC_16	arm	0	7		0	arm	0	4000	0		0.0	0.0	0.0	0
880963	Gab1_TurretSwitch_toPC_16	arm	0	7		1	skill	21401	0	0	MOST_HATED	0.0	0.0	0.0	0
880963	Gab1_TurretSwitch_toPC_16	cycle	0	7	timer:0	0	arm	0	4000	0		0.0	0.0	0.0	0
880963	Gab1_TurretSwitch_toPC_16	cycle	0	7	timer:0	1	skill	21401	0	0	MOST_HATED	0.0	0.0	0.0	0
880964	Gab1_TurretSwitch_toPC_17	arm	0	7		0	arm	0	4000	0		0.0	0.0	0.0	0
880964	Gab1_TurretSwitch_toPC_17	arm	0	7		1	skill	21401	0	0	MOST_HATED	0.0	0.0	0.0	0
880964	Gab1_TurretSwitch_toPC_17	cycle	0	7	timer:0	0	arm	0	4000	0		0.0	0.0	0.0	0
880964	Gab1_TurretSwitch_toPC_17	cycle	0	7	timer:0	1	skill	21401	0	0	MOST_HATED	0.0	0.0	0.0	0
880965	Gab1_TurretSwitch_toPC_18	arm	0	7		0	arm	0	4000	0		0.0	0.0	0.0	0
880965	Gab1_TurretSwitch_toPC_18	arm	0	7		1	skill	21401	0	0	MOST_HATED	0.0	0.0	0.0	0
880965	Gab1_TurretSwitch_toPC_18	cycle	0	7	timer:0	0	arm	0	4000	0		0.0	0.0	0.0	0
880965	Gab1_TurretSwitch_toPC_18	cycle	0	7	timer:0	1	skill	21401	0	0	MOST_HATED	0.0	0.0	0.0	0
880966	Gab1_TurretSwitch_toPC_19	arm	0	7		0	arm	0	4000	0		0.0	0.0	0.0	0
880966	Gab1_TurretSwitch_toPC_19	arm	0	7		1	skill	21401	0	0	MOST_HATED	0.0	0.0	0.0	0
880966	Gab1_TurretSwitch_toPC_19	cycle	0	7	timer:0	0	arm	0	4000	0		0.0	0.0	0.0	0
880966	Gab1_TurretSwitch_toPC_19	cycle	0	7	timer:0	1	skill	21401	0	0	MOST_HATED	0.0	0.0	0.0	0
880967	Gab1_TurretSwitch_toPC_20	arm	0	7		0	arm	0	4000	0		0.0	0.0	0.0	0
880967	Gab1_TurretSwitch_toPC_20	arm	0	7		1	skill	21401	0	0	MOST_HATED	0.0	0.0	0.0	0
880967	Gab1_TurretSwitch_toPC_20	cycle	0	7	timer:0	0	arm	0	4000	0		0.0	0.0	0.0	0
880967	Gab1_TurretSwitch_toPC_20	cycle	0	7	timer:0	1	skill	21401	0	0	MOST_HATED	0.0	0.0	0.0	0
880968	Gab1_TurretSwitch_toPC_21	arm	0	7		0	arm	0	4000	0		0.0	0.0	0.0	0
880968	Gab1_TurretSwitch_toPC_21	arm	0	7		1	skill	21401	0	0	MOST_HATED	0.0	0.0	0.0	0
880968	Gab1_TurretSwitch_toPC_21	cycle	0	7	timer:0	0	arm	0	4000	0		0.0	0.0	0.0	0
880968	Gab1_TurretSwitch_toPC_21	cycle	0	7	timer:0	1	skill	21401	0	0	MOST_HATED	0.0	0.0	0.0	0
880969	Gab1_TurretSwitch_toPC_22	arm	0	7		0	arm	0	4000	0		0.0	0.0	0.0	0
880969	Gab1_TurretSwitch_toPC_22	arm	0	7		1	skill	21401	0	0	MOST_HATED	0.0	0.0	0.0	0
880969	Gab1_TurretSwitch_toPC_22	cycle	0	7	timer:0	0	arm	0	4000	0		0.0	0.0	0.0	0
880969	Gab1_TurretSwitch_toPC_22	cycle	0	7	timer:0	1	skill	21401	0	0	MOST_HATED	0.0	0.0	0.0	0
880970	Gab1_TurretSwitch_toPC_23	arm	0	7		0	arm	0	4000	0		0.0	0.0	0.0	0
880970	Gab1_TurretSwitch_toPC_23	arm	0	7		1	skill	21401	0	0	MOST_HATED	0.0	0.0	0.0	0
880970	Gab1_TurretSwitch_toPC_23	cycle	0	7	timer:0	0	arm	0	4000	0		0.0	0.0	0.0	0
880970	Gab1_TurretSwitch_toPC_23	cycle	0	7	timer:0	1	skill	21401	0	0	MOST_HATED	0.0	0.0	0.0	0
881468	Gab1_TurretSwitch_toPC_01	arm	0	7		0	arm	0	4000	0		0.0	0.0	0.0	0
881468	Gab1_TurretSwitch_toPC_01	arm	0	7		1	skill	21401	0	0	MOST_HATED	0.0	0.0	0.0	0
881468	Gab1_TurretSwitch_toPC_01	cycle	0	7	timer:0	0	arm	0	4000	0		0.0	0.0	0.0	0
881468	Gab1_TurretSwitch_toPC_01	cycle	0	7	timer:0	1	skill	21401	0	0	MOST_HATED	0.0	0.0	0.0	0
881469	Gab1_TurretSwitch_toPC_02	arm	0	7		0	arm	0	4000	0		0.0	0.0	0.0	0
881469	Gab1_TurretSwitch_toPC_02	arm	0	7		1	skill	21401	0	0	MOST_HATED	0.0	0.0	0.0	0
881469	Gab1_TurretSwitch_toPC_02	cycle	0	7	timer:0	0	arm	0	4000	0		0.0	0.0	0.0	0
881469	Gab1_TurretSwitch_toPC_02	cycle	0	7	timer:0	1	skill	21401	0	0	MOST_HATED	0.0	0.0	0.0	0
881470	Gab1_TurretSwitch_toPC_03	arm	0	7		0	arm	0	4000	0		0.0	0.0	0.0	0
881470	Gab1_TurretSwitch_toPC_03	arm	0	7		1	skill	21401	0	0	MOST_HATED	0.0	0.0	0.0	0
881470	Gab1_TurretSwitch_toPC_03	cycle	0	7	timer:0	0	arm	0	4000	0		0.0	0.0	0.0	0
881470	Gab1_TurretSwitch_toPC_03	cycle	0	7	timer:0	1	skill	21401	0	0	MOST_HATED	0.0	0.0	0.0	0
881471	Gab1_TurretSwitch_toPC_04	arm	0	7		0	arm	0	4000	0		0.0	0.0	0.0	0
881471	Gab1_TurretSwitch_toPC_04	arm	0	7		1	skill	21401	0	0	MOST_HATED	0.0	0.0	0.0	0
881471	Gab1_TurretSwitch_toPC_04	cycle	0	7	timer:0	0	arm	0	4000	0		0.0	0.0	0.0	0
881471	Gab1_TurretSwitch_toPC_04	cycle	0	7	timer:0	1	skill	21401	0	0	MOST_HATED	0.0	0.0	0.0	0
881472	Gab1_TurretSwitch_toPC_05	arm	0	7		0	arm	0	4000	0		0.0	0.0	0.0	0
881472	Gab1_TurretSwitch_toPC_05	arm	0	7		1	skill	21401	0	0	MOST_HATED	0.0	0.0	0.0	0
881472	Gab1_TurretSwitch_toPC_05	cycle	0	7	timer:0	0	arm	0	4000	0		0.0	0.0	0.0	0
881472	Gab1_TurretSwitch_toPC_05	cycle	0	7	timer:0	1	skill	21401	0	0	MOST_HATED	0.0	0.0	0.0	0
881473	Gab1_TurretSwitch_toPC_06	arm	0	7		0	arm	0	4000	0		0.0	0.0	0.0	0
881473	Gab1_TurretSwitch_toPC_06	arm	0	7		1	skill	21401	0	0	MOST_HATED	0.0	0.0	0.0	0
881473	Gab1_TurretSwitch_toPC_06	cycle	0	7	timer:0	0	arm	0	4000	0		0.0	0.0	0.0	0
881473	Gab1_TurretSwitch_toPC_06	cycle	0	7	timer:0	1	skill	21401	0	0	MOST_HATED	0.0	0.0	0.0	0
881474	Gab1_TurretSwitch_toPC_07	arm	0	7		0	arm	0	4000	0		0.0	0.0	0.0	0
881474	Gab1_TurretSwitch_toPC_07	arm	0	7		1	skill	21401	0	0	MOST_HATED	0.0	0.0	0.0	0
881474	Gab1_TurretSwitch_toPC_07	cycle	0	7	timer:0	0	arm	0	4000	0		0.0	0.0	0.0	0
881474	Gab1_TurretSwitch_toPC_07	cycle	0	7	timer:0	1	skill	21401	0	0	MOST_HATED	0.0	0.0	0.0	0
881475	Gab1_TurretSwitch_toPC_08	arm	0	7		0	arm	0	4000	0		0.0	0.0	0.0	0
881475	Gab1_TurretSwitch_toPC_08	arm	0	7		1	skill	21401	0	0	MOST_HATED	0.0	0.0	0.0	0
881475	Gab1_TurretSwitch_toPC_08	cycle	0	7	timer:0	0	arm	0	4000	0		0.0	0.0	0.0	0
881475	Gab1_TurretSwitch_toPC_08	cycle	0	7	timer:0	1	skill	21401	0	0	MOST_HATED	0.0	0.0	0.0	0
881476	Gab1_TurretSwitch_toPC_09	arm	0	7		0	arm	0	4000	0		0.0	0.0	0.0	0
881476	Gab1_TurretSwitch_toPC_09	arm	0	7		1	skill	21401	0	0	MOST_HATED	0.0	0.0	0.0	0
881476	Gab1_TurretSwitch_toPC_09	cycle	0	7	timer:0	0	arm	0	4000	0		0.0	0.0	0.0	0
881476	Gab1_TurretSwitch_toPC_09	cycle	0	7	timer:0	1	skill	21401	0	0	MOST_HATED	0.0	0.0	0.0	0
881477	Gab1_TurretSwitch_toPC_10	arm	0	7		0	arm	0	4000	0		0.0	0.0	0.0	0
881477	Gab1_TurretSwitch_toPC_10	arm	0	7		1	skill	21401	0	0	MOST_HATED	0.0	0.0	0.0	0
881477	Gab1_TurretSwitch_toPC_10	cycle	0	7	timer:0	0	arm	0	4000	0		0.0	0.0	0.0	0
881477	Gab1_TurretSwitch_toPC_10	cycle	0	7	timer:0	1	skill	21401	0	0	MOST_HATED	0.0	0.0	0.0	0
881478	Gab1_TurretSwitch_toPC_11	arm	0	7		0	arm	0	4000	0		0.0	0.0	0.0	0
881478	Gab1_TurretSwitch_toPC_11	arm	0	7		1	skill	21401	0	0	MOST_HATED	0.0	0.0	0.0	0
881478	Gab1_TurretSwitch_toPC_11	cycle	0	7	timer:0	0	arm	0	4000	0		0.0	0.0	0.0	0
881478	Gab1_TurretSwitch_toPC_11	cycle	0	7	timer:0	1	skill	21401	0	0	MOST_HATED	0.0	0.0	0.0	0
881479	Gab1_TurretSwitch_toPC_12	arm	0	7		0	arm	0	4000	0		0.0	0.0	0.0	0
881479	Gab1_TurretSwitch_toPC_12	arm	0	7		1	skill	21401	0	0	MOST_HATED	0.0	0.0	0.0	0
881479	Gab1_TurretSwitch_toPC_12	cycle	0	7	timer:0	0	arm	0	4000	0		0.0	0.0	0.0	0
881479	Gab1_TurretSwitch_toPC_12	cycle	0	7	timer:0	1	skill	21401	0	0	MOST_HATED	0.0	0.0	0.0	0
881480	Gab1_TurretSwitch_toPC_13	arm	0	7		0	arm	0	4000	0		0.0	0.0	0.0	0
881480	Gab1_TurretSwitch_toPC_13	arm	0	7		1	skill	21401	0	0	MOST_HATED	0.0	0.0	0.0	0
881480	Gab1_TurretSwitch_toPC_13	cycle	0	7	timer:0	0	arm	0	4000	0		0.0	0.0	0.0	0
881480	Gab1_TurretSwitch_toPC_13	cycle	0	7	timer:0	1	skill	21401	0	0	MOST_HATED	0.0	0.0	0.0	0
881481	Gab1_TurretSwitch_toPC_14	arm	0	7		0	arm	0	4000	0		0.0	0.0	0.0	0
881481	Gab1_TurretSwitch_toPC_14	arm	0	7		1	skill	21401	0	0	MOST_HATED	0.0	0.0	0.0	0
881481	Gab1_TurretSwitch_toPC_14	cycle	0	7	timer:0	0	arm	0	4000	0		0.0	0.0	0.0	0
881481	Gab1_TurretSwitch_toPC_14	cycle	0	7	timer:0	1	skill	21401	0	0	MOST_HATED	0.0	0.0	0.0	0
881482	Gab1_TurretSwitch_toPC_15	arm	0	7		0	arm	0	4000	0		0.0	0.0	0.0	0
881482	Gab1_TurretSwitch_toPC_15	arm	0	7		1	skill	21401	0	0	MOST_HATED	0.0	0.0	0.0	0
881482	Gab1_TurretSwitch_toPC_15	cycle	0	7	timer:0	0	arm	0	4000	0		0.0	0.0	0.0	0
881482	Gab1_TurretSwitch_toPC_15	cycle	0	7	timer:0	1	skill	21401	0	0	MOST_HATED	0.0	0.0	0.0	0
881483	Gab1_TurretSwitch_toPC_16	arm	0	7		0	arm	0	4000	0		0.0	0.0	0.0	0
881483	Gab1_TurretSwitch_toPC_16	arm	0	7		1	skill	21401	0	0	MOST_HATED	0.0	0.0	0.0	0
881483	Gab1_TurretSwitch_toPC_16	cycle	0	7	timer:0	0	arm	0	4000	0		0.0	0.0	0.0	0
881483	Gab1_TurretSwitch_toPC_16	cycle	0	7	timer:0	1	skill	21401	0	0	MOST_HATED	0.0	0.0	0.0	0
881484	Gab1_TurretSwitch_toPC_17	arm	0	7		0	arm	0	4000	0		0.0	0.0	0.0	0
881484	Gab1_TurretSwitch_toPC_17	arm	0	7		1	skill	21401	0	0	MOST_HATED	0.0	0.0	0.0	0
881484	Gab1_TurretSwitch_toPC_17	cycle	0	7	timer:0	0	arm	0	4000	0		0.0	0.0	0.0	0
881484	Gab1_TurretSwitch_toPC_17	cycle	0	7	timer:0	1	skill	21401	0	0	MOST_HATED	0.0	0.0	0.0	0
881485	Gab1_TurretSwitch_toPC_18	arm	0	7		0	arm	0	4000	0		0.0	0.0	0.0	0
881485	Gab1_TurretSwitch_toPC_18	arm	0	7		1	skill	21401	0	0	MOST_HATED	0.0	0.0	0.0	0
881485	Gab1_TurretSwitch_toPC_18	cycle	0	7	timer:0	0	arm	0	4000	0		0.0	0.0	0.0	0
881485	Gab1_TurretSwitch_toPC_18	cycle	0	7	timer:0	1	skill	21401	0	0	MOST_HATED	0.0	0.0	0.0	0
881486	Gab1_TurretSwitch_toPC_19	arm	0	7		0	arm	0	4000	0		0.0	0.0	0.0	0
881486	Gab1_TurretSwitch_toPC_19	arm	0	7		1	skill	21401	0	0	MOST_HATED	0.0	0.0	0.0	0
881486	Gab1_TurretSwitch_toPC_19	cycle	0	7	timer:0	0	arm	0	4000	0		0.0	0.0	0.0	0
881486	Gab1_TurretSwitch_toPC_19	cycle	0	7	timer:0	1	skill	21401	0	0	MOST_HATED	0.0	0.0	0.0	0
881487	Gab1_TurretSwitch_toPC_20	arm	0	7		0	arm	0	4000	0		0.0	0.0	0.0	0
881487	Gab1_TurretSwitch_toPC_20	arm	0	7		1	skill	21401	0	0	MOST_HATED	0.0	0.0	0.0	0
881487	Gab1_TurretSwitch_toPC_20	cycle	0	7	timer:0	0	arm	0	4000	0		0.0	0.0	0.0	0
881487	Gab1_TurretSwitch_toPC_20	cycle	0	7	timer:0	1	skill	21401	0	0	MOST_HATED	0.0	0.0	0.0	0
881488	Gab1_TurretSwitch_toPC_21	arm	0	7		0	arm	0	4000	0		0.0	0.0	0.0	0
881488	Gab1_TurretSwitch_toPC_21	arm	0	7		1	skill	21401	0	0	MOST_HATED	0.0	0.0	0.0	0
881488	Gab1_TurretSwitch_toPC_21	cycle	0	7	timer:0	0	arm	0	4000	0		0.0	0.0	0.0	0
881488	Gab1_TurretSwitch_toPC_21	cycle	0	7	timer:0	1	skill	21401	0	0	MOST_HATED	0.0	0.0	0.0	0
881489	Gab1_TurretSwitch_toPC_22	arm	0	7		0	arm	0	4000	0		0.0	0.0	0.0	0
881489	Gab1_TurretSwitch_toPC_22	arm	0	7		1	skill	21401	0	0	MOST_HATED	0.0	0.0	0.0	0
881489	Gab1_TurretSwitch_toPC_22	cycle	0	7	timer:0	0	arm	0	4000	0		0.0	0.0	0.0	0
881489	Gab1_TurretSwitch_toPC_22	cycle	0	7	timer:0	1	skill	21401	0	0	MOST_HATED	0.0	0.0	0.0	0
881490	Gab1_TurretSwitch_toPC_23	arm	0	7		0	arm	0	4000	0		0.0	0.0	0.0	0
881490	Gab1_TurretSwitch_toPC_23	arm	0	7		1	skill	21401	0	0	MOST_HATED	0.0	0.0	0.0	0
881490	Gab1_TurretSwitch_toPC_23	cycle	0	7	timer:0	0	arm	0	4000	0		0.0	0.0	0.0	0
881490	Gab1_TurretSwitch_toPC_23	cycle	0	7	timer:0	1	skill	21401	0	0	MOST_HATED	0.0	0.0	0.0	0
881492	Gab1_TurretSwitch_toPC_01	arm	0	7		0	arm	0	4000	0		0.0	0.0	0.0	0
881492	Gab1_TurretSwitch_toPC_01	arm	0	7		1	skill	21401	0	0	MOST_HATED	0.0	0.0	0.0	0
881492	Gab1_TurretSwitch_toPC_01	cycle	0	7	timer:0	0	arm	0	4000	0		0.0	0.0	0.0	0
881492	Gab1_TurretSwitch_toPC_01	cycle	0	7	timer:0	1	skill	21401	0	0	MOST_HATED	0.0	0.0	0.0	0
881493	Gab1_TurretSwitch_toPC_02	arm	0	7		0	arm	0	4000	0		0.0	0.0	0.0	0
881493	Gab1_TurretSwitch_toPC_02	arm	0	7		1	skill	21401	0	0	MOST_HATED	0.0	0.0	0.0	0
881493	Gab1_TurretSwitch_toPC_02	cycle	0	7	timer:0	0	arm	0	4000	0		0.0	0.0	0.0	0
881493	Gab1_TurretSwitch_toPC_02	cycle	0	7	timer:0	1	skill	21401	0	0	MOST_HATED	0.0	0.0	0.0	0
881494	Gab1_TurretSwitch_toPC_03	arm	0	7		0	arm	0	4000	0		0.0	0.0	0.0	0
881494	Gab1_TurretSwitch_toPC_03	arm	0	7		1	skill	21401	0	0	MOST_HATED	0.0	0.0	0.0	0
881494	Gab1_TurretSwitch_toPC_03	cycle	0	7	timer:0	0	arm	0	4000	0		0.0	0.0	0.0	0
881494	Gab1_TurretSwitch_toPC_03	cycle	0	7	timer:0	1	skill	21401	0	0	MOST_HATED	0.0	0.0	0.0	0
881495	Gab1_TurretSwitch_toPC_04	arm	0	7		0	arm	0	4000	0		0.0	0.0	0.0	0
881495	Gab1_TurretSwitch_toPC_04	arm	0	7		1	skill	21401	0	0	MOST_HATED	0.0	0.0	0.0	0
881495	Gab1_TurretSwitch_toPC_04	cycle	0	7	timer:0	0	arm	0	4000	0		0.0	0.0	0.0	0
881495	Gab1_TurretSwitch_toPC_04	cycle	0	7	timer:0	1	skill	21401	0	0	MOST_HATED	0.0	0.0	0.0	0
881496	Gab1_TurretSwitch_toPC_05	arm	0	7		0	arm	0	4000	0		0.0	0.0	0.0	0
881496	Gab1_TurretSwitch_toPC_05	arm	0	7		1	skill	21401	0	0	MOST_HATED	0.0	0.0	0.0	0
881496	Gab1_TurretSwitch_toPC_05	cycle	0	7	timer:0	0	arm	0	4000	0		0.0	0.0	0.0	0
881496	Gab1_TurretSwitch_toPC_05	cycle	0	7	timer:0	1	skill	21401	0	0	MOST_HATED	0.0	0.0	0.0	0
881497	Gab1_TurretSwitch_toPC_06	arm	0	7		0	arm	0	4000	0		0.0	0.0	0.0	0
881497	Gab1_TurretSwitch_toPC_06	arm	0	7		1	skill	21401	0	0	MOST_HATED	0.0	0.0	0.0	0
881497	Gab1_TurretSwitch_toPC_06	cycle	0	7	timer:0	0	arm	0	4000	0		0.0	0.0	0.0	0
881497	Gab1_TurretSwitch_toPC_06	cycle	0	7	timer:0	1	skill	21401	0	0	MOST_HATED	0.0	0.0	0.0	0
881498	Gab1_TurretSwitch_toPC_07	arm	0	7		0	arm	0	4000	0		0.0	0.0	0.0	0
881498	Gab1_TurretSwitch_toPC_07	arm	0	7		1	skill	21401	0	0	MOST_HATED	0.0	0.0	0.0	0
881498	Gab1_TurretSwitch_toPC_07	cycle	0	7	timer:0	0	arm	0	4000	0		0.0	0.0	0.0	0
881498	Gab1_TurretSwitch_toPC_07	cycle	0	7	timer:0	1	skill	21401	0	0	MOST_HATED	0.0	0.0	0.0	0
881499	Gab1_TurretSwitch_toPC_08	arm	0	7		0	arm	0	4000	0		0.0	0.0	0.0	0
881499	Gab1_TurretSwitch_toPC_08	arm	0	7		1	skill	21401	0	0	MOST_HATED	0.0	0.0	0.0	0
881499	Gab1_TurretSwitch_toPC_08	cycle	0	7	timer:0	0	arm	0	4000	0		0.0	0.0	0.0	0
881499	Gab1_TurretSwitch_toPC_08	cycle	0	7	timer:0	1	skill	21401	0	0	MOST_HATED	0.0	0.0	0.0	0
881500	Gab1_TurretSwitch_toPC_09	arm	0	7		0	arm	0	4000	0		0.0	0.0	0.0	0
881500	Gab1_TurretSwitch_toPC_09	arm	0	7		1	skill	21401	0	0	MOST_HATED	0.0	0.0	0.0	0
881500	Gab1_TurretSwitch_toPC_09	cycle	0	7	timer:0	0	arm	0	4000	0		0.0	0.0	0.0	0
881500	Gab1_TurretSwitch_toPC_09	cycle	0	7	timer:0	1	skill	21401	0	0	MOST_HATED	0.0	0.0	0.0	0
881501	Gab1_TurretSwitch_toPC_10	arm	0	7		0	arm	0	4000	0		0.0	0.0	0.0	0
881501	Gab1_TurretSwitch_toPC_10	arm	0	7		1	skill	21401	0	0	MOST_HATED	0.0	0.0	0.0	0
881501	Gab1_TurretSwitch_toPC_10	cycle	0	7	timer:0	0	arm	0	4000	0		0.0	0.0	0.0	0
881501	Gab1_TurretSwitch_toPC_10	cycle	0	7	timer:0	1	skill	21401	0	0	MOST_HATED	0.0	0.0	0.0	0
881502	Gab1_TurretSwitch_toPC_11	arm	0	7		0	arm	0	4000	0		0.0	0.0	0.0	0
881502	Gab1_TurretSwitch_toPC_11	arm	0	7		1	skill	21401	0	0	MOST_HATED	0.0	0.0	0.0	0
881502	Gab1_TurretSwitch_toPC_11	cycle	0	7	timer:0	0	arm	0	4000	0		0.0	0.0	0.0	0
881502	Gab1_TurretSwitch_toPC_11	cycle	0	7	timer:0	1	skill	21401	0	0	MOST_HATED	0.0	0.0	0.0	0
881503	Gab1_TurretSwitch_toPC_12	arm	0	7		0	arm	0	4000	0		0.0	0.0	0.0	0
881503	Gab1_TurretSwitch_toPC_12	arm	0	7		1	skill	21401	0	0	MOST_HATED	0.0	0.0	0.0	0
881503	Gab1_TurretSwitch_toPC_12	cycle	0	7	timer:0	0	arm	0	4000	0		0.0	0.0	0.0	0
881503	Gab1_TurretSwitch_toPC_12	cycle	0	7	timer:0	1	skill	21401	0	0	MOST_HATED	0.0	0.0	0.0	0
881504	Gab1_TurretSwitch_toPC_13	arm	0	7		0	arm	0	4000	0		0.0	0.0	0.0	0
881504	Gab1_TurretSwitch_toPC_13	arm	0	7		1	skill	21401	0	0	MOST_HATED	0.0	0.0	0.0	0
881504	Gab1_TurretSwitch_toPC_13	cycle	0	7	timer:0	0	arm	0	4000	0		0.0	0.0	0.0	0
881504	Gab1_TurretSwitch_toPC_13	cycle	0	7	timer:0	1	skill	21401	0	0	MOST_HATED	0.0	0.0	0.0	0
881505	Gab1_TurretSwitch_toPC_14	arm	0	7		0	arm	0	4000	0		0.0	0.0	0.0	0
881505	Gab1_TurretSwitch_toPC_14	arm	0	7		1	skill	21401	0	0	MOST_HATED	0.0	0.0	0.0	0
881505	Gab1_TurretSwitch_toPC_14	cycle	0	7	timer:0	0	arm	0	4000	0		0.0	0.0	0.0	0
881505	Gab1_TurretSwitch_toPC_14	cycle	0	7	timer:0	1	skill	21401	0	0	MOST_HATED	0.0	0.0	0.0	0
881506	Gab1_TurretSwitch_toPC_15	arm	0	7		0	arm	0	4000	0		0.0	0.0	0.0	0
881506	Gab1_TurretSwitch_toPC_15	arm	0	7		1	skill	21401	0	0	MOST_HATED	0.0	0.0	0.0	0
881506	Gab1_TurretSwitch_toPC_15	cycle	0	7	timer:0	0	arm	0	4000	0		0.0	0.0	0.0	0
881506	Gab1_TurretSwitch_toPC_15	cycle	0	7	timer:0	1	skill	21401	0	0	MOST_HATED	0.0	0.0	0.0	0
881507	Gab1_TurretSwitch_toPC_16	arm	0	7		0	arm	0	4000	0		0.0	0.0	0.0	0
881507	Gab1_TurretSwitch_toPC_16	arm	0	7		1	skill	21401	0	0	MOST_HATED	0.0	0.0	0.0	0
881507	Gab1_TurretSwitch_toPC_16	cycle	0	7	timer:0	0	arm	0	4000	0		0.0	0.0	0.0	0
881507	Gab1_TurretSwitch_toPC_16	cycle	0	7	timer:0	1	skill	21401	0	0	MOST_HATED	0.0	0.0	0.0	0
881508	Gab1_TurretSwitch_toPC_17	arm	0	7		0	arm	0	4000	0		0.0	0.0	0.0	0
881508	Gab1_TurretSwitch_toPC_17	arm	0	7		1	skill	21401	0	0	MOST_HATED	0.0	0.0	0.0	0
881508	Gab1_TurretSwitch_toPC_17	cycle	0	7	timer:0	0	arm	0	4000	0		0.0	0.0	0.0	0
881508	Gab1_TurretSwitch_toPC_17	cycle	0	7	timer:0	1	skill	21401	0	0	MOST_HATED	0.0	0.0	0.0	0
881509	Gab1_TurretSwitch_toPC_18	arm	0	7		0	arm	0	4000	0		0.0	0.0	0.0	0
881509	Gab1_TurretSwitch_toPC_18	arm	0	7		1	skill	21401	0	0	MOST_HATED	0.0	0.0	0.0	0
881509	Gab1_TurretSwitch_toPC_18	cycle	0	7	timer:0	0	arm	0	4000	0		0.0	0.0	0.0	0
881509	Gab1_TurretSwitch_toPC_18	cycle	0	7	timer:0	1	skill	21401	0	0	MOST_HATED	0.0	0.0	0.0	0
881510	Gab1_TurretSwitch_toPC_19	arm	0	7		0	arm	0	4000	0		0.0	0.0	0.0	0
881510	Gab1_TurretSwitch_toPC_19	arm	0	7		1	skill	21401	0	0	MOST_HATED	0.0	0.0	0.0	0
881510	Gab1_TurretSwitch_toPC_19	cycle	0	7	timer:0	0	arm	0	4000	0		0.0	0.0	0.0	0
881510	Gab1_TurretSwitch_toPC_19	cycle	0	7	timer:0	1	skill	21401	0	0	MOST_HATED	0.0	0.0	0.0	0
881511	Gab1_TurretSwitch_toPC_20	arm	0	7		0	arm	0	4000	0		0.0	0.0	0.0	0
881511	Gab1_TurretSwitch_toPC_20	arm	0	7		1	skill	21401	0	0	MOST_HATED	0.0	0.0	0.0	0
881511	Gab1_TurretSwitch_toPC_20	cycle	0	7	timer:0	0	arm	0	4000	0		0.0	0.0	0.0	0
881511	Gab1_TurretSwitch_toPC_20	cycle	0	7	timer:0	1	skill	21401	0	0	MOST_HATED	0.0	0.0	0.0	0
881512	Gab1_TurretSwitch_toPC_21	arm	0	7		0	arm	0	4000	0		0.0	0.0	0.0	0
881512	Gab1_TurretSwitch_toPC_21	arm	0	7		1	skill	21401	0	0	MOST_HATED	0.0	0.0	0.0	0
881512	Gab1_TurretSwitch_toPC_21	cycle	0	7	timer:0	0	arm	0	4000	0		0.0	0.0	0.0	0
881512	Gab1_TurretSwitch_toPC_21	cycle	0	7	timer:0	1	skill	21401	0	0	MOST_HATED	0.0	0.0	0.0	0
881513	Gab1_TurretSwitch_toPC_22	arm	0	7		0	arm	0	4000	0		0.0	0.0	0.0	0
881513	Gab1_TurretSwitch_toPC_22	arm	0	7		1	skill	21401	0	0	MOST_HATED	0.0	0.0	0.0	0
881513	Gab1_TurretSwitch_toPC_22	cycle	0	7	timer:0	0	arm	0	4000	0		0.0	0.0	0.0	0
881513	Gab1_TurretSwitch_toPC_22	cycle	0	7	timer:0	1	skill	21401	0	0	MOST_HATED	0.0	0.0	0.0	0
881514	Gab1_TurretSwitch_toPC_23	arm	0	7		0	arm	0	4000	0		0.0	0.0	0.0	0
881514	Gab1_TurretSwitch_toPC_23	arm	0	7		1	skill	21401	0	0	MOST_HATED	0.0	0.0	0.0	0
881514	Gab1_TurretSwitch_toPC_23	cycle	0	7	timer:0	0	arm	0	4000	0		0.0	0.0	0.0	0
881514	Gab1_TurretSwitch_toPC_23	cycle	0	7	timer:0	1	skill	21401	0	0	MOST_HATED	0.0	0.0	0.0	0
881516	Gab1_TurretSwitch_toPC_01	arm	0	7		0	arm	0	4000	0		0.0	0.0	0.0	0
881516	Gab1_TurretSwitch_toPC_01	arm	0	7		1	skill	21401	0	0	MOST_HATED	0.0	0.0	0.0	0
881516	Gab1_TurretSwitch_toPC_01	cycle	0	7	timer:0	0	arm	0	4000	0		0.0	0.0	0.0	0
881516	Gab1_TurretSwitch_toPC_01	cycle	0	7	timer:0	1	skill	21401	0	0	MOST_HATED	0.0	0.0	0.0	0
881517	Gab1_TurretSwitch_toPC_02	arm	0	7		0	arm	0	4000	0		0.0	0.0	0.0	0
881517	Gab1_TurretSwitch_toPC_02	arm	0	7		1	skill	21401	0	0	MOST_HATED	0.0	0.0	0.0	0
881517	Gab1_TurretSwitch_toPC_02	cycle	0	7	timer:0	0	arm	0	4000	0		0.0	0.0	0.0	0
881517	Gab1_TurretSwitch_toPC_02	cycle	0	7	timer:0	1	skill	21401	0	0	MOST_HATED	0.0	0.0	0.0	0
881518	Gab1_TurretSwitch_toPC_03	arm	0	7		0	arm	0	4000	0		0.0	0.0	0.0	0
881518	Gab1_TurretSwitch_toPC_03	arm	0	7		1	skill	21401	0	0	MOST_HATED	0.0	0.0	0.0	0
881518	Gab1_TurretSwitch_toPC_03	cycle	0	7	timer:0	0	arm	0	4000	0		0.0	0.0	0.0	0
881518	Gab1_TurretSwitch_toPC_03	cycle	0	7	timer:0	1	skill	21401	0	0	MOST_HATED	0.0	0.0	0.0	0
881519	Gab1_TurretSwitch_toPC_04	arm	0	7		0	arm	0	4000	0		0.0	0.0	0.0	0
881519	Gab1_TurretSwitch_toPC_04	arm	0	7		1	skill	21401	0	0	MOST_HATED	0.0	0.0	0.0	0
881519	Gab1_TurretSwitch_toPC_04	cycle	0	7	timer:0	0	arm	0	4000	0		0.0	0.0	0.0	0
881519	Gab1_TurretSwitch_toPC_04	cycle	0	7	timer:0	1	skill	21401	0	0	MOST_HATED	0.0	0.0	0.0	0
881520	Gab1_TurretSwitch_toPC_05	arm	0	7		0	arm	0	4000	0		0.0	0.0	0.0	0
881520	Gab1_TurretSwitch_toPC_05	arm	0	7		1	skill	21401	0	0	MOST_HATED	0.0	0.0	0.0	0
881520	Gab1_TurretSwitch_toPC_05	cycle	0	7	timer:0	0	arm	0	4000	0		0.0	0.0	0.0	0
881520	Gab1_TurretSwitch_toPC_05	cycle	0	7	timer:0	1	skill	21401	0	0	MOST_HATED	0.0	0.0	0.0	0
881521	Gab1_TurretSwitch_toPC_06	arm	0	7		0	arm	0	4000	0		0.0	0.0	0.0	0
881521	Gab1_TurretSwitch_toPC_06	arm	0	7		1	skill	21401	0	0	MOST_HATED	0.0	0.0	0.0	0
881521	Gab1_TurretSwitch_toPC_06	cycle	0	7	timer:0	0	arm	0	4000	0		0.0	0.0	0.0	0
881521	Gab1_TurretSwitch_toPC_06	cycle	0	7	timer:0	1	skill	21401	0	0	MOST_HATED	0.0	0.0	0.0	0
881522	Gab1_TurretSwitch_toPC_07	arm	0	7		0	arm	0	4000	0		0.0	0.0	0.0	0
881522	Gab1_TurretSwitch_toPC_07	arm	0	7		1	skill	21401	0	0	MOST_HATED	0.0	0.0	0.0	0
881522	Gab1_TurretSwitch_toPC_07	cycle	0	7	timer:0	0	arm	0	4000	0		0.0	0.0	0.0	0
881522	Gab1_TurretSwitch_toPC_07	cycle	0	7	timer:0	1	skill	21401	0	0	MOST_HATED	0.0	0.0	0.0	0
881523	Gab1_TurretSwitch_toPC_08	arm	0	7		0	arm	0	4000	0		0.0	0.0	0.0	0
881523	Gab1_TurretSwitch_toPC_08	arm	0	7		1	skill	21401	0	0	MOST_HATED	0.0	0.0	0.0	0
881523	Gab1_TurretSwitch_toPC_08	cycle	0	7	timer:0	0	arm	0	4000	0		0.0	0.0	0.0	0
881523	Gab1_TurretSwitch_toPC_08	cycle	0	7	timer:0	1	skill	21401	0	0	MOST_HATED	0.0	0.0	0.0	0
881524	Gab1_TurretSwitch_toPC_09	arm	0	7		0	arm	0	4000	0		0.0	0.0	0.0	0
881524	Gab1_TurretSwitch_toPC_09	arm	0	7		1	skill	21401	0	0	MOST_HATED	0.0	0.0	0.0	0
881524	Gab1_TurretSwitch_toPC_09	cycle	0	7	timer:0	0	arm	0	4000	0		0.0	0.0	0.0	0
881524	Gab1_TurretSwitch_toPC_09	cycle	0	7	timer:0	1	skill	21401	0	0	MOST_HATED	0.0	0.0	0.0	0
881525	Gab1_TurretSwitch_toPC_10	arm	0	7		0	arm	0	4000	0		0.0	0.0	0.0	0
881525	Gab1_TurretSwitch_toPC_10	arm	0	7		1	skill	21401	0	0	MOST_HATED	0.0	0.0	0.0	0
881525	Gab1_TurretSwitch_toPC_10	cycle	0	7	timer:0	0	arm	0	4000	0		0.0	0.0	0.0	0
881525	Gab1_TurretSwitch_toPC_10	cycle	0	7	timer:0	1	skill	21401	0	0	MOST_HATED	0.0	0.0	0.0	0
881526	Gab1_TurretSwitch_toPC_11	arm	0	7		0	arm	0	4000	0		0.0	0.0	0.0	0
881526	Gab1_TurretSwitch_toPC_11	arm	0	7		1	skill	21401	0	0	MOST_HATED	0.0	0.0	0.0	0
881526	Gab1_TurretSwitch_toPC_11	cycle	0	7	timer:0	0	arm	0	4000	0		0.0	0.0	0.0	0
881526	Gab1_TurretSwitch_toPC_11	cycle	0	7	timer:0	1	skill	21401	0	0	MOST_HATED	0.0	0.0	0.0	0
881527	Gab1_TurretSwitch_toPC_12	arm	0	7		0	arm	0	4000	0		0.0	0.0	0.0	0
881527	Gab1_TurretSwitch_toPC_12	arm	0	7		1	skill	21401	0	0	MOST_HATED	0.0	0.0	0.0	0
881527	Gab1_TurretSwitch_toPC_12	cycle	0	7	timer:0	0	arm	0	4000	0		0.0	0.0	0.0	0
881527	Gab1_TurretSwitch_toPC_12	cycle	0	7	timer:0	1	skill	21401	0	0	MOST_HATED	0.0	0.0	0.0	0
881528	Gab1_TurretSwitch_toPC_13	arm	0	7		0	arm	0	4000	0		0.0	0.0	0.0	0
881528	Gab1_TurretSwitch_toPC_13	arm	0	7		1	skill	21401	0	0	MOST_HATED	0.0	0.0	0.0	0
881528	Gab1_TurretSwitch_toPC_13	cycle	0	7	timer:0	0	arm	0	4000	0		0.0	0.0	0.0	0
881528	Gab1_TurretSwitch_toPC_13	cycle	0	7	timer:0	1	skill	21401	0	0	MOST_HATED	0.0	0.0	0.0	0
881529	Gab1_TurretSwitch_toPC_14	arm	0	7		0	arm	0	4000	0		0.0	0.0	0.0	0
881529	Gab1_TurretSwitch_toPC_14	arm	0	7		1	skill	21401	0	0	MOST_HATED	0.0	0.0	0.0	0
881529	Gab1_TurretSwitch_toPC_14	cycle	0	7	timer:0	0	arm	0	4000	0		0.0	0.0	0.0	0
881529	Gab1_TurretSwitch_toPC_14	cycle	0	7	timer:0	1	skill	21401	0	0	MOST_HATED	0.0	0.0	0.0	0
881530	Gab1_TurretSwitch_toPC_15	arm	0	7		0	arm	0	4000	0		0.0	0.0	0.0	0
881530	Gab1_TurretSwitch_toPC_15	arm	0	7		1	skill	21401	0	0	MOST_HATED	0.0	0.0	0.0	0
881530	Gab1_TurretSwitch_toPC_15	cycle	0	7	timer:0	0	arm	0	4000	0		0.0	0.0	0.0	0
881530	Gab1_TurretSwitch_toPC_15	cycle	0	7	timer:0	1	skill	21401	0	0	MOST_HATED	0.0	0.0	0.0	0
881531	Gab1_TurretSwitch_toPC_16	arm	0	7		0	arm	0	4000	0		0.0	0.0	0.0	0
881531	Gab1_TurretSwitch_toPC_16	arm	0	7		1	skill	21401	0	0	MOST_HATED	0.0	0.0	0.0	0
881531	Gab1_TurretSwitch_toPC_16	cycle	0	7	timer:0	0	arm	0	4000	0		0.0	0.0	0.0	0
881531	Gab1_TurretSwitch_toPC_16	cycle	0	7	timer:0	1	skill	21401	0	0	MOST_HATED	0.0	0.0	0.0	0
881532	Gab1_TurretSwitch_toPC_17	arm	0	7		0	arm	0	4000	0		0.0	0.0	0.0	0
881532	Gab1_TurretSwitch_toPC_17	arm	0	7		1	skill	21401	0	0	MOST_HATED	0.0	0.0	0.0	0
881532	Gab1_TurretSwitch_toPC_17	cycle	0	7	timer:0	0	arm	0	4000	0		0.0	0.0	0.0	0
881532	Gab1_TurretSwitch_toPC_17	cycle	0	7	timer:0	1	skill	21401	0	0	MOST_HATED	0.0	0.0	0.0	0
881533	Gab1_TurretSwitch_toPC_18	arm	0	7		0	arm	0	4000	0		0.0	0.0	0.0	0
881533	Gab1_TurretSwitch_toPC_18	arm	0	7		1	skill	21401	0	0	MOST_HATED	0.0	0.0	0.0	0
881533	Gab1_TurretSwitch_toPC_18	cycle	0	7	timer:0	0	arm	0	4000	0		0.0	0.0	0.0	0
881533	Gab1_TurretSwitch_toPC_18	cycle	0	7	timer:0	1	skill	21401	0	0	MOST_HATED	0.0	0.0	0.0	0
881534	Gab1_TurretSwitch_toPC_19	arm	0	7		0	arm	0	4000	0		0.0	0.0	0.0	0
881534	Gab1_TurretSwitch_toPC_19	arm	0	7		1	skill	21401	0	0	MOST_HATED	0.0	0.0	0.0	0
881534	Gab1_TurretSwitch_toPC_19	cycle	0	7	timer:0	0	arm	0	4000	0		0.0	0.0	0.0	0
881534	Gab1_TurretSwitch_toPC_19	cycle	0	7	timer:0	1	skill	21401	0	0	MOST_HATED	0.0	0.0	0.0	0
881535	Gab1_TurretSwitch_toPC_20	arm	0	7		0	arm	0	4000	0		0.0	0.0	0.0	0
881535	Gab1_TurretSwitch_toPC_20	arm	0	7		1	skill	21401	0	0	MOST_HATED	0.0	0.0	0.0	0
881535	Gab1_TurretSwitch_toPC_20	cycle	0	7	timer:0	0	arm	0	4000	0		0.0	0.0	0.0	0
881535	Gab1_TurretSwitch_toPC_20	cycle	0	7	timer:0	1	skill	21401	0	0	MOST_HATED	0.0	0.0	0.0	0
881536	Gab1_TurretSwitch_toPC_21	arm	0	7		0	arm	0	4000	0		0.0	0.0	0.0	0
881536	Gab1_TurretSwitch_toPC_21	arm	0	7		1	skill	21401	0	0	MOST_HATED	0.0	0.0	0.0	0
881536	Gab1_TurretSwitch_toPC_21	cycle	0	7	timer:0	0	arm	0	4000	0		0.0	0.0	0.0	0
881536	Gab1_TurretSwitch_toPC_21	cycle	0	7	timer:0	1	skill	21401	0	0	MOST_HATED	0.0	0.0	0.0	0
881537	Gab1_TurretSwitch_toPC_22	arm	0	7		0	arm	0	4000	0		0.0	0.0	0.0	0
881537	Gab1_TurretSwitch_toPC_22	arm	0	7		1	skill	21401	0	0	MOST_HATED	0.0	0.0	0.0	0
881537	Gab1_TurretSwitch_toPC_22	cycle	0	7	timer:0	0	arm	0	4000	0		0.0	0.0	0.0	0
881537	Gab1_TurretSwitch_toPC_22	cycle	0	7	timer:0	1	skill	21401	0	0	MOST_HATED	0.0	0.0	0.0	0
881538	Gab1_TurretSwitch_toPC_23	arm	0	7		0	arm	0	4000	0		0.0	0.0	0.0	0
881538	Gab1_TurretSwitch_toPC_23	arm	0	7		1	skill	21401	0	0	MOST_HATED	0.0	0.0	0.0	0
881538	Gab1_TurretSwitch_toPC_23	cycle	0	7	timer:0	0	arm	0	4000	0		0.0	0.0	0.0	0
881538	Gab1_TurretSwitch_toPC_23	cycle	0	7	timer:0	1	skill	21401	0	0	MOST_HATED	0.0	0.0	0.0	0
