npc	pattern	handler	killer	branch	priority	guards	order	kind	a1	a2	a3	place	x	y	z	group
213778	IDDF3_NamedNWi	on_die	ANY	0	7		0	spawn	282155	1	10	for_the_fight_absolute	488.0	412.0	615.0	2
213778	IDDF3_NamedNWi	on_die	ANY	0	7		1	var	0	1	0	lastboss	0.0	0.0	0.0	0
213778	IDDF3_NamedNWi	on_killed_by_user	KilledByPlayer	0	8		0	despawn	1	0	0		0.0	0.0	0.0	0
213779	IDDF3_NamedNKn	on_die	ANY	0	7		0	spawn	282155	1	10	for_the_fight_absolute	488.0	412.0	615.0	2
213779	IDDF3_NamedNKn	on_die	ANY	0	7		1	var	0	1	0	lastboss	0.0	0.0	0.0	0
213802	IDDF3_NamedNCh	on_die	ANY	0	7		0	spawn	282155	1	10	for_the_fight_absolute	488.0	412.0	615.0	2
213802	IDDF3_NamedNCh	on_die	ANY	0	7		1	var	0	1	0	lastboss	0.0	0.0	0.0	0
213905	LF2A_TBox	on_killed_by_user	KilledByPlayer	0	1		0	say	341026	0	0		0.0	0.0	0.0	0
213905	LF2A_TBox	on_killed_by_user	KilledByPlayer	0	1		1	spawn	280722	1	600	for_the_fight_self	0.0	0.0	0.0	1
214024	LF2A_TBox	on_killed_by_user	KilledByPlayer	0	1		0	say	341026	0	0		0.0	0.0	0.0	0
214024	LF2A_TBox	on_killed_by_user	KilledByPlayer	0	1		1	spawn	280722	1	600	for_the_fight_self	0.0	0.0	0.0	1
214532	Event_Santa_L	on_killed_by_user	KilledByPlayer	0	3	chance:25	0	spawn	280820	1	18	for_the_fight_self	0.0	0.0	0.0	0
214533	Event_Santa_D	on_killed_by_user	KilledByPlayer	0	3	chance:25	0	spawn	280821	1	18	for_the_fight_self	0.0	0.0	0.0	0
215079	IDSlk_KK	on_die	ANY	0	7		0	spawn	281197	1	6	for_the_fight_self	0.0	0.0	0.0	1
215079	IDSlk_KK	on_die	ANY	0	7		1	var	2	0	0	Lever	0.0	0.0	0.0	0
215485	Elim_ComadMe2	on_die	ANY	0	7		0	var	0	1	0	IDElim_3F_Heal_Plant_Giant	0.0	0.0	0.0	0
215486	Elim_ComadMe2	on_die	ANY	0	7		0	var	0	1	0	IDElim_3F_Heal_Plant_Giant	0.0	0.0	0.0	0
215790	IDTP_Fanatic_MeA_Key	on_die	ANY	0	5		0	var	0	1	0	IDCT_Boss_Spectre_noShown1	0.0	0.0	0.0	0
215790	IDTP_Fanatic_MeA_Key	on_die	ANY	0	5		1	sysmsg	1400366	0	0		0.0	0.0	0.0	0
216939	Elim_ComadMe2	on_die	ANY	0	7		0	var	0	1	0	IDElim_3F_Heal_Plant_Giant	0.0	0.0	0.0	0
216940	Elim_ComadMe2	on_die	ANY	0	7		0	var	0	1	0	IDElim_3F_Heal_Plant_Giant	0.0	0.0	0.0	0
216999	Cromede_Relic3_Noshow	on_die	ANY	0	7		0	var	2	0	0	Cromede_Butler	0.0	0.0	0.0	0
217119	Cromede_Named_ScaredQ	on_die	ANY	0	7		0	despawn	1	0	0		0.0	0.0	0.0	0
217119	Cromede_Named_ScaredQ	on_die	ANY	0	7		1	spawn	282115	1	60	for_the_fight_absolute	749.8	628.18	198.37	0
217119	Cromede_Named_ScaredQ	on_die	ANY	0	7		2	spawn	282115	1	60	for_the_fight_absolute	512.55	574.35	217.6	0
217119	Cromede_Named_ScaredQ	on_die	ANY	0	7		3	spawn	282115	1	60	for_the_fight_absolute	568.19	833.13	226.33	0
217234	IDForest_Prime_Boss	on_die	ANY	0	16		0	var	1	0	0	FARMER_DESPAWN	0.0	0.0	0.0	0
217234	IDForest_Prime_Boss	on_die	ANY	0	16		1	spawn	282983	1	10	for_the_fight_self	0.0	0.0	0.0	1
217234	IDForest_Prime_Boss	on_die	ANY	0	16		2	say	1500457	0	0		0.0	0.0	0.0	0
217235	IDForest_Rollingstone_Boss	on_die	ANY	0	12		0	say	1500444	0	0		0.0	0.0	0.0	0
217235	IDForest_Rollingstone_Boss	on_die	ANY	0	12		1	var	0	1	0	STONE_DESPAWN	0.0	0.0	0.0	0
217235	IDForest_Rollingstone_Boss	on_die	ANY	0	12		2	spawn	205495	1	0	for_the_fight_self	0.0	0.0	0.0	1
217235	IDForest_Rollingstone_Boss	on_die	ANY	0	12		3	spawn	701009	1	0	for_the_fight_absolute	451.706	534.313	131.979	1
217236	IDForest_Rollingstone_Boss	on_die	ANY	0	12		0	say	1500444	0	0		0.0	0.0	0.0	0
217236	IDForest_Rollingstone_Boss	on_die	ANY	0	12		1	var	0	1	0	STONE_DESPAWN	0.0	0.0	0.0	0
217236	IDForest_Rollingstone_Boss	on_die	ANY	0	12		2	spawn	205495	1	0	for_the_fight_self	0.0	0.0	0.0	1
217236	IDForest_Rollingstone_Boss	on_die	ANY	0	12		3	spawn	701009	1	0	for_the_fight_absolute	451.706	534.313	131.979	1
217245	IDForest_Prime_Boss	on_die	ANY	0	16		0	var	1	0	0	FARMER_DESPAWN	0.0	0.0	0.0	0
217245	IDForest_Prime_Boss	on_die	ANY	0	16		1	spawn	282983	1	10	for_the_fight_self	0.0	0.0	0.0	1
217245	IDForest_Prime_Boss	on_die	ANY	0	16		2	say	1500457	0	0		0.0	0.0	0.0	0
217246	IDForest_Rollingstone_Boss	on_die	ANY	0	12		0	say	1500444	0	0		0.0	0.0	0.0	0
217246	IDForest_Rollingstone_Boss	on_die	ANY	0	12		1	var	0	1	0	STONE_DESPAWN	0.0	0.0	0.0	0
217246	IDForest_Rollingstone_Boss	on_die	ANY	0	12		2	spawn	205495	1	0	for_the_fight_self	0.0	0.0	0.0	1
217246	IDForest_Rollingstone_Boss	on_die	ANY	0	12		3	spawn	701009	1	0	for_the_fight_absolute	451.706	534.313	131.979	1
217247	IDForest_Rollingstone_Boss	on_die	ANY	0	12		0	say	1500444	0	0		0.0	0.0	0.0	0
217247	IDForest_Rollingstone_Boss	on_die	ANY	0	12		1	var	0	1	0	STONE_DESPAWN	0.0	0.0	0.0	0
217247	IDForest_Rollingstone_Boss	on_die	ANY	0	12		2	spawn	205495	1	0	for_the_fight_self	0.0	0.0	0.0	1
217247	IDForest_Rollingstone_Boss	on_die	ANY	0	12		3	spawn	701009	1	0	for_the_fight_absolute	451.706	534.313	131.979	1
217251	IDHouse_Zadra_Boss_Phase3	on_die	ANY	0	6		0	var	0	1	0	ZADRA2_SPAWN	0.0	0.0	0.0	0
217252	IDHouse_Zadra_Boss_Phase3	on_die	ANY	0	6		0	var	0	1	0	ZADRA2_SPAWN	0.0	0.0	0.0	0
217263	IDForest_Nr_Golem_Ranger	on_die	ANY	0	3		0	spawn	282465	1	10	for_the_fight_self	0.0	0.0	0.0	1
217263	IDForest_Nr_Golem_Ranger	on_die	ANY	0	3		1	spawn	282441	1	0	for_the_fight_self	0.0	0.0	0.0	1
217279	Event_Santa_L	on_killed_by_user	KilledByPlayer	0	3	chance:25	0	spawn	280820	1	18	for_the_fight_self	0.0	0.0	0.0	0
217280	Event_Santa_D	on_killed_by_user	KilledByPlayer	0	3	chance:25	0	spawn	280821	1	18	for_the_fight_self	0.0	0.0	0.0	0
217282	IDF4Re_KeyNamed_3	on_die	ANY	0	7		0	sysmsg	1400919	0	0		0.0	0.0	0.0	0
217282	IDF4Re_KeyNamed_3	on_die	ANY	0	7		1	var	0	1	0	IDF4Re_Dra_02_KeyNamed_Kill	0.0	0.0	0.0	0
217282	IDF4Re_KeyNamed_3	on_die	ANY	0	7		2	var	0	1	0	Drana_2nd_gate_1	0.0	0.0	0.0	0
217301	IDYun_Temp_22	on_die	ANY	0	1	chance:35	0	spawn	282384	3	30	for_the_fight_self	0.0	0.0	0.0	1
217301	IDYun_Temp_22	on_die	ANY	0	1	chance:35	1	spawn	282382	1	30	for_the_fight_self	0.0	0.0	0.0	1
217314	IDYun_hiddennm	on_die	ANY	0	7		0	spawn	701009	1	0	for_the_fight_self	0.0	0.0	0.0	0
217327	IDYun_Temp_19	on_die	ANY	0	1		0	spawn	282551	1	10	for_the_fight_self	0.0	0.0	0.0	1
217370	Station_DrakanD	on_die	ANY	0	7		0	var	0	1	0	IDStation_Score	0.0	0.0	0.0	0
217371	Station_HugenNM	on_die	ANY	0	15		0	say	1500583	0	0		0.0	0.0	0.0	0
217371	Station_HugenNM	on_die	ANY	0	15		1	spawn	730374	1	0	for_the_fight_self	0.0	0.0	0.0	0
217371	Station_HugenNM	on_die	ANY	0	15		2	spawn	730412	1	12	for_the_fight_self	0.0	0.0	0.0	0
217477	IDArena_S1_Monster_1	on_die	ANY	0	7	set_flag_var:0	0	var	0	1	0	Condition_S1_L	0.0	0.0	0.0	0
217478	IDArena_S1_Monster_4	on_die	ANY	0	7	set_flag_var:0	0	var	0	1	0	Condition_S1_L	0.0	0.0	0.0	0
217486	IDArena_S1_D_Monster_1	on_die	ANY	0	7	set_flag_var:0	0	var	0	1	0	Condition_S1_D	0.0	0.0	0.0	0
217487	IDArena_S1_D_Monster_4	on_die	ANY	0	7	set_flag_var:0	0	var	0	1	0	Condition_S1_D	0.0	0.0	0.0	0
217494	IDArena_S2_Monster_1	on_die	ANY	0	7		0	var	0	1	0	Condition_S2_L	0.0	0.0	0.0	0
217495	IDArena_S2_Monster_2	on_die	ANY	0	7		0	var	0	1	0	Condition_S2_L	0.0	0.0	0.0	0
217496	IDArena_S2_Monster_3	on_die	ANY	0	7		0	var	0	1	0	Condition_S2_L	0.0	0.0	0.0	0
217498	IDArena_S2_Monster_5	on_die	ANY	0	7		0	var	0	1	0	Condition_S2_L	0.0	0.0	0.0	0
217499	IDArena_S2_Monster_6	on_die	ANY	0	7		0	var	0	1	0	Condition_S2_L	0.0	0.0	0.0	0
217500	IDArena_S2_Monster_7	on_die	ANY	0	7		0	var	0	1	0	Condition_S2_L	0.0	0.0	0.0	0
217502	IDArena_S2_Monster_R1	on_die	ANY	0	7		0	var	0	1	0	Condition_S2_D	0.0	0.0	0.0	0
217503	IDArena_S2_Monster_R2	on_die	ANY	0	7		0	var	0	1	0	Condition_S2_D	0.0	0.0	0.0	0
217504	IDArena_S2_Monster_R3	on_die	ANY	0	7		0	var	0	1	0	Condition_S2_D	0.0	0.0	0.0	0
217508	IDArena_S2_Monster_R7	on_die	ANY	0	7		0	var	0	1	0	Condition_S2_D	0.0	0.0	0.0	0
217511	IDArena_S3_Monster_E1	on_die	ANY	0	7		0	var	0	1	0	Condition_S3_L	0.0	0.0	0.0	0
217512	IDArena_S3_Monster_1	on_die	ANY	0	7		0	var	0	1	0	Condition_S3_L	0.0	0.0	0.0	0
217513	IDArena_S3_Monster_W1	on_die	ANY	0	7		0	var	0	1	0	Condition_S3_L	0.0	0.0	0.0	0
217514	IDArena_S3_Monster_A1	on_die	ANY	0	7		0	var	0	1	0	Condition_S3_L	0.0	0.0	0.0	0
217515	IDArena_S3_Monster_E2	on_die	ANY	0	7		0	var	0	1	0	Condition_S3_L	0.0	0.0	0.0	0
217516	IDArena_S3_Monster_2	on_die	ANY	0	7		0	var	0	1	0	Condition_S3_L	0.0	0.0	0.0	0
217517	IDArena_S3_Monster_W2	on_die	ANY	0	7		0	var	0	1	0	Condition_S3_L	0.0	0.0	0.0	0
217518	IDArena_S3_Monster_A2	on_die	ANY	0	7		0	var	0	1	0	Condition_S3_L	0.0	0.0	0.0	0
217519	IDArena_S3_Monster_E3	on_die	ANY	0	7		0	var	0	1	0	Condition_S3_L	0.0	0.0	0.0	0
217520	IDArena_S3_Monster_3	on_die	ANY	0	7		0	var	0	1	0	Condition_S3_L	0.0	0.0	0.0	0
217521	IDArena_S3_Monster_W3	on_die	ANY	0	7		0	var	0	1	0	Condition_S3_L	0.0	0.0	0.0	0
217522	IDArena_S3_Monster_A3	on_die	ANY	0	7		0	var	0	1	0	Condition_S3_L	0.0	0.0	0.0	0
217523	IDArena_S3_Monster_E4	on_die	ANY	0	7		0	var	0	1	0	Condition_S3_L	0.0	0.0	0.0	0
217524	IDArena_S3_Monster_4	on_die	ANY	0	7		0	var	0	1	0	Condition_S3_L	0.0	0.0	0.0	0
217525	IDArena_S3_Monster_W4	on_die	ANY	0	7		0	var	0	1	0	Condition_S3_L	0.0	0.0	0.0	0
217526	IDArena_S3_Monster_A4	on_die	ANY	0	7		0	var	0	1	0	Condition_S3_L	0.0	0.0	0.0	0
217527	IDArena_S3_Named_1	on_die	ANY	0	7		0	var	0	1	0	Condition_S3_L	0.0	0.0	0.0	0
217528	IDArena_S3_Named_2	on_die	ANY	0	7		0	var	0	1	0	Condition_S3_L	0.0	0.0	0.0	0
217529	IDArena_S4_Monster_1	on_die	ANY	0	7		0	var	0	1	0	Condition_S5_L	0.0	0.0	0.0	0
217530	IDArena_S4_Monster_2	on_die	ANY	0	7		0	var	0	1	0	Condition_S5_L	0.0	0.0	0.0	0
217531	IDArena_S4_Monster_3	on_die	ANY	0	7		0	var	0	1	0	Condition_S5_L	0.0	0.0	0.0	0
217532	IDArena_S4_Monster_4	on_die	ANY	0	7		0	var	0	1	0	Condition_S5_L	0.0	0.0	0.0	0
217533	IDArena_S4_Monster_5	on_die	ANY	0	7		0	var	0	1	0	Condition_S5_L	0.0	0.0	0.0	0
217534	IDArena_S4_Monster_6	on_die	ANY	0	7		0	var	0	1	0	Condition_S5_L	0.0	0.0	0.0	0
217535	IDArena_S4_Monster_7	on_die	ANY	0	7		0	var	0	1	0	Condition_S5_L	0.0	0.0	0.0	0
217536	IDArena_S4_Monster_8	on_die	ANY	0	7		0	var	0	1	0	Condition_S5_L	0.0	0.0	0.0	0
217537	IDArena_S4_Monster_3	on_die	ANY	0	7		0	var	0	1	0	Condition_S5_L	0.0	0.0	0.0	0
217538	IDArena_S4_Monster_4	on_die	ANY	0	7		0	var	0	1	0	Condition_S5_L	0.0	0.0	0.0	0
217539	IDArena_S4_Monster_5	on_die	ANY	0	7		0	var	0	1	0	Condition_S5_L	0.0	0.0	0.0	0
217540	IDArena_S4_Monster_6	on_die	ANY	0	7		0	var	0	1	0	Condition_S5_L	0.0	0.0	0.0	0
217541	IDArena_S4_Monster_7	on_die	ANY	0	7		0	var	0	1	0	Condition_S5_L	0.0	0.0	0.0	0
217542	IDArena_S4_Monster_8	on_die	ANY	0	7		0	var	0	1	0	Condition_S5_L	0.0	0.0	0.0	0
217543	IDArena_S4_Named_1	on_die	ANY	0	7		0	var	0	1	0	Condition_S5_L	0.0	0.0	0.0	0
217548	IDArena_S4_Monster_R4	on_die	ANY	0	7		0	var	0	1	0	Condition_S5_D	0.0	0.0	0.0	0
217549	IDArena_S4_Monster_R5	on_die	ANY	0	7		0	var	0	1	0	Condition_S5_D	0.0	0.0	0.0	0
217553	IDArena_S4_Named_R3	on_die	ANY	0	7		0	var	0	1	0	Condition_S5_D	0.0	0.0	0.0	0
217553	IDArena_S4_Named_R3	on_die	ANY	0	7		1	spawn	281197	1	6	for_the_fight_self	0.0	0.0	0.0	1
217555	IDArena_S4_Named_R5	on_die	ANY	0	7		0	var	0	1	0	Condition_S5_D	0.0	0.0	0.0	0
217555	IDArena_S4_Named_R5	on_die	ANY	0	7		1	spawn	281335	1	6	for_the_fight_absolute	0.0	0.0	0.0	2
217557	IDArena_S5_Monster_1	on_die	ANY	0	7		0	var	0	1	0	Condition_S4	0.0	0.0	0.0	0
217558	IDArena_S5_Monster_2	on_die	ANY	0	7		0	var	0	1	0	Condition_S4	0.0	0.0	0.0	0
217559	IDArena_S5_Monster_3	on_die	ANY	0	7		0	var	0	1	0	Condition_S4	0.0	0.0	0.0	0
217560	IDArena_S5_Monster_4	on_die	ANY	0	7		0	var	0	1	0	Condition_S4	0.0	0.0	0.0	0
217561	IDArena_S5_Monster_5	on_die	ANY	0	7		0	var	0	1	0	Condition_S4	0.0	0.0	0.0	0
217562	IDArena_S5_Monster_6	on_die	ANY	0	7		0	var	0	1	0	Condition_S4	0.0	0.0	0.0	0
217563	IDArena_S5_Monster_7	on_die	ANY	0	7		0	var	0	1	0	Condition_S4	0.0	0.0	0.0	0
217564	IDArena_S5_Monster_8	on_die	ANY	0	7		0	var	0	1	0	Condition_S4	0.0	0.0	0.0	0
217565	IDArena_S5_Monster_9	on_die	ANY	0	7		0	var	0	1	0	Condition_S4	0.0	0.0	0.0	0
217566	IDArena_S5_Monster_10	on_die	ANY	0	7		0	var	0	1	0	Condition_S4	0.0	0.0	0.0	0
217567	IDArena_S5_Named_1	on_die	ANY	0	7		0	var	0	1	0	Condition_S4	0.0	0.0	0.0	0
217568	IDArena_S6_Monster_1	on_die	ANY	0	7		0	var	0	1	0	Condition_S6	0.0	0.0	0.0	0
217568	IDArena_S6_Monster_1	on_die	ANY	0	7		1	spawn	205413	1	0	for_the_fight_self	0.0	0.0	0.0	1
217569	IDArena_S6_Monster_2	on_die	ANY	0	7		0	var	0	1	0	Condition_S6	0.0	0.0	0.0	0
217569	IDArena_S6_Monster_2	on_die	ANY	0	7		1	spawn	205414	1	0	for_the_fight_self	0.0	0.0	0.0	1
217570	IDArena_S6_Monster_3	on_die	ANY	0	7		0	var	0	1	0	Condition_S6	0.0	0.0	0.0	0
217570	IDArena_S6_Monster_3	on_die	ANY	0	7		1	spawn	217571	5	30	for_the_fight_self	0.0	0.0	0.0	1
217574	IDArena_S6_Monster_7	on_die	ANY	0	7		0	var	0	1	0	Condition_S6	0.0	0.0	0.0	0
217579	IDArena_S7_Named_2	on_die	ANY	0	7		0	say	1500212	0	0		0.0	0.0	0.0	0
217579	IDArena_S7_Named_2	on_die	ANY	0	7		1	var	0	1	0	Condition_S7_L	0.0	0.0	0.0	0
217583	IDArena_S7_D_Named_2	on_die	ANY	0	7		0	say	1500214	0	0		0.0	0.0	0.0	0
217583	IDArena_S7_D_Named_2	on_die	ANY	0	7		1	var	0	1	0	Condition_S7_D	0.0	0.0	0.0	0
217589	IDArena_S8_Named_2	on_die	ANY	0	7		0	var	0	1	0	Condition_S8	0.0	0.0	0.0	0
217592	IDArena_S8_Named_5	on_die	ANY	0	7		0	var	0	1	0	Condition_S8	0.0	0.0	0.0	0
217592	IDArena_S8_Named_5	on_killed_by_user	KilledByPlayer	0	14		0	say	341127	0	0		0.0	0.0	0.0	0
217592	IDArena_S8_Named_5	on_killed_by_user	KilledByPlayer	0	14		1	spawn	280790	1	120	for_the_fight_self	0.0	0.0	0.0	1
217600	IDArena_S10_Monster_1	on_die	ANY	0	7		0	var	0	1	0	Condition_S10	0.0	0.0	0.0	0
217601	IDArena_S10_Monster_2	on_die	ANY	0	7		0	var	0	1	0	Condition_S10	0.0	0.0	0.0	0
217601	IDArena_S10_Monster_2	on_killed_by_user	KilledByPlayer	0	15		0	despawn	1	0	0		0.0	0.0	0.0	0
217602	IDArena_S10_Monster_3	on_die	ANY	0	7		0	var	0	1	0	Condition_S10	0.0	0.0	0.0	0
217604	IDArena_S10_Monster_5	on_die	ANY	0	7		0	var	0	1	0	Condition_S10	0.0	0.0	0.0	0
217608	IDArena_S10_Named_2	on_die	ANY	0	23		0	var	0	1	0	Condition_S10	0.0	0.0	0.0	0
217608	IDArena_S10_Named_2	on_die	ANY	0	23		1	despawn	1	0	0		0.0	0.0	0.0	0
217608	IDArena_S10_Named_2	on_die	ANY	0	23		2	despawn	2	0	0		0.0	0.0	0.0	0
217608	IDArena_S10_Named_2	on_die	ANY	0	23		3	despawn	3	0	0		0.0	0.0	0.0	0
217651	IDArena_S5_MonsterDrop_7	on_die	ANY	0	7		0	var	0	1	0	Condition_S4	0.0	0.0	0.0	0
217652	IDArena_S5_MonsterDrop_8	on_die	ANY	0	7		0	var	0	1	0	Condition_S4	0.0	0.0	0.0	0
217653	IDArena_S5_MonsterDrop_9	on_die	ANY	0	7		0	var	0	1	0	Condition_S4	0.0	0.0	0.0	0
217654	IDArena_S5_MonsterDrop_10	on_die	ANY	0	7		0	var	0	1	0	Condition_S4	0.0	0.0	0.0	0
217656	Station_DrakanD	on_die	ANY	0	7		0	var	0	1	0	IDStation_Score	0.0	0.0	0.0	0
217754	IDArena_S9_Bonus_1	on_die	ANY	0	7		0	var	1	0	0	STAGE9_OVER	0.0	0.0	0.0	0
217784	IDArena_Solo_S1_Rafflesia_L	on_die	ANY	0	7		0	var	0	1	0	Condition_S1_L	0.0	0.0	0.0	0
217785	IDArena_Solo_S1_Rafflesia_D	on_die	ANY	0	7		0	var	0	1	0	Condition_S1_D	0.0	0.0	0.0	0
217787	IDArena_Solo_S2_Nor2	on_die	ANY	0	7		0	var	0	1	0	Condition_S4B	0.0	0.0	0.0	0
217792	IDArena_Solo_S2_Hamam	on_die	ANY	0	7		0	say	342426	0	0		0.0	0.0	0.0	0
217792	IDArena_Solo_S2_Hamam	on_die	ANY	0	7		1	var	0	1	0	Condition_S4B	0.0	0.0	0.0	0
217793	IDArena_Solo_S2_Anger	on_die	ANY	0	7		0	despawn	1	0	0		0.0	0.0	0.0	0
217793	IDArena_Solo_S2_Anger	on_die	ANY	0	7		1	say	342423	0	0		0.0	0.0	0.0	0
217793	IDArena_Solo_S2_Anger	on_die	ANY	0	7		2	var	0	1	0	Condition_S4B	0.0	0.0	0.0	0
217799	IDArena_Solo_S3_Victoriana	on_die	ANY	0	7		0	var	0	1	0	Condition_S2A	0.0	0.0	0.0	0
217803	IDArena_Solo_S4B_Dukaki	on_die	ANY	0	7		0	var	0	1	0	Dukaki_Count	0.0	0.0	0.0	0
217808	IDArena_Solo_S5_As	on_die	ANY	0	7		0	say	342406	0	0		0.0	0.0	0.0	0
217808	IDArena_Solo_S5_As	on_die	ANY	0	7		1	var	0	1	0	Condition_S5_L	0.0	0.0	0.0	0
217809	IDArena_Solo_S5_Ma	on_die	ANY	0	7		0	despawn	1	0	0		0.0	0.0	0.0	0
217809	IDArena_Solo_S5_Ma	on_die	ANY	0	7		1	say	342408	0	0		0.0	0.0	0.0	0
217809	IDArena_Solo_S5_Ma	on_die	ANY	0	7		2	var	0	1	0	Condition_S5_L	0.0	0.0	0.0	0
217810	IDArena_Solo_S5_Pr	on_die	ANY	0	7		0	despawn	1	0	0		0.0	0.0	0.0	0
217810	IDArena_Solo_S5_Pr	on_die	ANY	0	7		1	say	342410	0	0		0.0	0.0	0.0	0
217810	IDArena_Solo_S5_Pr	on_die	ANY	0	7		2	var	0	1	0	Condition_S5_L	0.0	0.0	0.0	0
217812	IDArena_Solo_S5_As_D	on_die	ANY	0	7		0	say	342440	0	0		0.0	0.0	0.0	0
217812	IDArena_Solo_S5_As_D	on_die	ANY	0	7		1	var	0	1	0	Condition_S5_D	0.0	0.0	0.0	0
217813	IDArena_Solo_S5_Ma_D	on_die	ANY	0	7		0	despawn	1	0	0		0.0	0.0	0.0	0
217813	IDArena_Solo_S5_Ma_D	on_die	ANY	0	7		1	say	342442	0	0		0.0	0.0	0.0	0
217813	IDArena_Solo_S5_Ma_D	on_die	ANY	0	7		2	var	0	1	0	Condition_S5_D	0.0	0.0	0.0	0
217814	IDArena_Solo_S5_Pr_D	on_die	ANY	0	7		0	despawn	1	0	0		0.0	0.0	0.0	0
217814	IDArena_Solo_S5_Pr_D	on_die	ANY	0	7		1	say	342444	0	0		0.0	0.0	0.0	0
217814	IDArena_Solo_S5_Pr_D	on_die	ANY	0	7		2	var	0	1	0	Condition_S5_D	0.0	0.0	0.0	0
218213	IDArena_Solo_S2_Nor2	on_die	ANY	0	7		0	var	0	1	0	Condition_S4B	0.0	0.0	0.0	0
218616	IDCTH_Rudra	on_die	ANY	0	7		0	spawn	730287	1	0	for_the_fight_absolute	564.0	1335.0	224.0	5
218616	IDCTH_Rudra	on_die	ANY	0	7		1	say	1500092	0	0		0.0	0.0	0.0	0
218616	IDCTH_Rudra	on_die	ANY	0	7		2	spawn	702658	1	0	for_the_fight_self	0.0	0.0	0.0	0
218616	IDCTH_Rudra	on_die	ANY	0	7		3	despawn	1	0	0		0.0	0.0	0.0	0
218618	IDAbRe_Core_NamedA1	on_die	ANY	0	9		0	spawn	282011	1	60	for_the_fight_absolute	448.99	694.32	433.06	1
218782	LDF4a_SandWarm_Monarch	on_die	ANY	0	90		0	despawn	1	0	0		0.0	0.0	0.0	0
218782	LDF4a_SandWarm_Monarch	on_die	ANY	0	90		1	say	1500274	0	0		0.0	0.0	0.0	0
218782	LDF4a_SandWarm_Monarch	on_die	ANY	0	90		2	spawn	730497	1	0	for_the_fight_absolute	474.0	489.0	105.0	0
218783	IDArena_pvp01_S1_Tbox	on_die	ANY	0	7		0	var	0	1	0	S1_BOX	0.0	0.0	0.0	0
218784	IDArena_pvp01_S1_Tbox	on_die	ANY	0	7		0	var	0	1	0	S1_BOX	0.0	0.0	0.0	0
218785	IDArena_pvp01_S2_Tbox	on_die	ANY	0	7		0	var	0	1	0	S2_BOX	0.0	0.0	0.0	0
218786	IDArena_pvp01_S2_Tbox	on_die	ANY	0	7		0	var	0	1	0	S2_BOX	0.0	0.0	0.0	0
218787	IDArena_pvp01_S3_Tbox	on_die	ANY	0	7		0	var	0	1	0	S3_BOX	0.0	0.0	0.0	0
218788	IDArena_pvp01_S3_Tbox	on_die	ANY	0	7		0	var	0	1	0	S3_BOX	0.0	0.0	0.0	0
218789	IDArena_pvp01_S4_Tbox	on_die	ANY	0	7		0	var	0	1	0	S4_BOX	0.0	0.0	0.0	0
218790	IDArena_pvp01_S4_Tbox	on_die	ANY	0	7		0	var	0	1	0	S4_BOX	0.0	0.0	0.0	0
218791	IDArena_pvp01_S5_Tbox	on_die	ANY	0	7		0	var	0	1	0	S5_BOX	0.0	0.0	0.0	0
218792	IDArena_pvp01_S5_Tbox	on_die	ANY	0	7		0	var	0	1	0	S5_BOX	0.0	0.0	0.0	0
218793	IDArena_pvp01_S6_Tbox	on_die	ANY	0	7		0	var	0	1	0	S6_BOX	0.0	0.0	0.0	0
218794	IDArena_pvp01_S6_Tbox	on_die	ANY	0	7		0	var	0	1	0	S6_BOX	0.0	0.0	0.0	0
218799	IDArena_pvp02_S3_Tbox	on_die	ANY	0	7		0	var	0	1	0	S3_BOX	0.0	0.0	0.0	0
218801	IDArena_pvp02_S3_Tbox	on_die	ANY	0	7		0	var	0	1	0	S3_BOX	0.0	0.0	0.0	0
218809	IDArena_pvp01_S1_Tbox	on_die	ANY	0	7		0	var	0	1	0	S1_BOX	0.0	0.0	0.0	0
218810	IDArena_pvp01_S2_Tbox	on_die	ANY	0	7		0	var	0	1	0	S2_BOX	0.0	0.0	0.0	0
218811	IDArena_pvp01_S3_Tbox	on_die	ANY	0	7		0	var	0	1	0	S3_BOX	0.0	0.0	0.0	0
218812	IDArena_pvp01_S4_Tbox	on_die	ANY	0	7		0	var	0	1	0	S4_BOX	0.0	0.0	0.0	0
218813	IDArena_pvp01_S5_Tbox	on_die	ANY	0	7		0	var	0	1	0	S5_BOX	0.0	0.0	0.0	0
218814	IDArena_pvp01_S6_Tbox	on_die	ANY	0	7		0	var	0	1	0	S6_BOX	0.0	0.0	0.0	0
218832	IDArena_pvp01_S1_Tbox	on_die	ANY	0	7		0	var	0	1	0	S1_BOX	0.0	0.0	0.0	0
218833	IDArena_pvp01_S1_Tbox	on_die	ANY	0	7		0	var	0	1	0	S1_BOX	0.0	0.0	0.0	0
218834	IDArena_pvp01_S1_Tbox	on_die	ANY	0	7		0	var	0	1	0	S1_BOX	0.0	0.0	0.0	0
218835	IDArena_pvp01_S2_Tbox	on_die	ANY	0	7		0	var	0	1	0	S2_BOX	0.0	0.0	0.0	0
218836	IDArena_pvp01_S2_Tbox	on_die	ANY	0	7		0	var	0	1	0	S2_BOX	0.0	0.0	0.0	0
218837	IDArena_pvp01_S2_Tbox	on_die	ANY	0	7		0	var	0	1	0	S2_BOX	0.0	0.0	0.0	0
218838	IDArena_pvp01_S3_Tbox	on_die	ANY	0	7		0	var	0	1	0	S3_BOX	0.0	0.0	0.0	0
218839	IDArena_pvp01_S3_Tbox	on_die	ANY	0	7		0	var	0	1	0	S3_BOX	0.0	0.0	0.0	0
218840	IDArena_pvp01_S3_Tbox	on_die	ANY	0	7		0	var	0	1	0	S3_BOX	0.0	0.0	0.0	0
218841	IDArena_pvp01_S4_Tbox	on_die	ANY	0	7		0	var	0	1	0	S4_BOX	0.0	0.0	0.0	0
218842	IDArena_pvp01_S4_Tbox	on_die	ANY	0	7		0	var	0	1	0	S4_BOX	0.0	0.0	0.0	0
218843	IDArena_pvp01_S4_Tbox	on_die	ANY	0	7		0	var	0	1	0	S4_BOX	0.0	0.0	0.0	0
218844	IDArena_pvp01_S5_Tbox	on_die	ANY	0	7		0	var	0	1	0	S5_BOX	0.0	0.0	0.0	0
218845	IDArena_pvp01_S5_Tbox	on_die	ANY	0	7		0	var	0	1	0	S5_BOX	0.0	0.0	0.0	0
218846	IDArena_pvp01_S5_Tbox	on_die	ANY	0	7		0	var	0	1	0	S5_BOX	0.0	0.0	0.0	0
218847	IDArena_pvp01_S6_Tbox	on_die	ANY	0	7		0	var	0	1	0	S6_BOX	0.0	0.0	0.0	0
218848	IDArena_pvp01_S6_Tbox	on_die	ANY	0	7		0	var	0	1	0	S6_BOX	0.0	0.0	0.0	0
218849	IDArena_pvp01_S6_Tbox	on_die	ANY	0	7		0	var	0	1	0	S6_BOX	0.0	0.0	0.0	0
218916	LDF4b_DragonTurret	on_die	ANY	0	1		0	spawn	218921	1	6	for_the_fight_self	0.0	0.0	0.0	1
218917	LDF4b_DragonTurret	on_die	ANY	0	1		0	spawn	218921	1	6	for_the_fight_self	0.0	0.0	0.0	1
218918	LDF4b_DragonTurret	on_die	ANY	0	1		0	spawn	218921	1	6	for_the_fight_self	0.0	0.0	0.0	1
218919	LDF4b_DragonTurret	on_die	ANY	0	1		0	spawn	218921	1	6	for_the_fight_self	0.0	0.0	0.0	1
218927	LDF4b_Cavalry_Pagati_Fighter_58	on_die	ANY	0	9		0	spawn	282798	1	10	self	0.0	0.0	0.0	0
218930	LDF4b_Cavalry_Pagati_Fighter_58	on_die	ANY	0	9		0	spawn	282798	1	10	self	0.0	0.0	0.0	0
219165	LDF4a_WindPath_Control_Monster	on_die	ANY	0	7		0	spawn	207087	1	0	for_the_fight_self	0.0	0.0	0.0	0
219165	LDF4a_WindPath_Control_Monster	on_die	ANY	0	7		1	broadcast	7299	200	0		0.0	0.0	0.0	0
219200	TDown_DrakanWi_Noble_60_Ae_Link	on_die	ANY	0	7		0	spawn	282975	1	10	for_the_fight_self	0.0	0.0	0.0	1
219200	TDown_DrakanWi_Noble_60_Ae_Link	on_die	ANY	0	7		1	despawn	1	0	0		0.0	0.0	0.0	0
219380	IDTiamat_S2_StealthUnit_60_Ae	on_die	ANY	0	3		0	spawn	283046	1	5	for_the_fight_self	0.0	0.0	0.0	1
219380	IDTiamat_S2_StealthUnit_60_Ae	on_die	ANY	0	3		1	despawn	1	0	0		0.0	0.0	0.0	0
219483	IDArena_pvp01_S6_Tbox	on_die	ANY	0	7		0	var	0	1	0	S6_BOX	0.0	0.0	0.0	0
219484	IDArena_pvp01_S6_Tbox	on_die	ANY	0	7		0	var	0	1	0	S6_BOX	0.0	0.0	0.0	0
219569	IDAbRe_Core_Summon6	on_die	ANY	0	8		0	spawn	281925	1	10	for_the_fight_self	0.0	0.0	0.0	1
219621	GM_Event_LDF4b_Golden_Gururu	on_die	ANY	0	21		0	despawn	1	0	0		0.0	0.0	0.0	0
219621	GM_Event_LDF4b_Golden_Gururu	on_die	ANY	0	21		1	say	1500503	0	0		0.0	0.0	0.0	0
219621	GM_Event_LDF4b_Golden_Gururu	on_die	ANY	0	21		2	spawn	701652	24	600	for_the_fight_self	0.0	0.0	0.0	3
219979	IDRaksha_Solo_C_Crtstal_65_An	on_die	ANY	0	7	set_flag_var:20	0	var	0	1	0	game3score	0.0	0.0	0.0	0
219979	IDRaksha_Solo_C_Crtstal_65_An	on_killed_by_npc	KilledByNpc	0	7	set_flag_var:20	0	var	0	1	0	game3score	0.0	0.0	0.0	0
230422	IDF5_Under_01_Boss	on_die	ANY	0	97	set_world_flag_var:5	0	spawn	702659	1	0	for_the_fight_absolute	335.3	489.5	607.5	0
230422	IDF5_Under_01_Boss	on_die	ANY	0	97	set_world_flag_var:5	1	var	1	0	0	IDLDF5_Under_01_Entrance_Out	0.0	0.0	0.0	0
230422	IDF5_Under_01_Boss	on_die	ANY	0	97	set_world_flag_var:5	2	var	2	0	0	cBox	0.0	0.0	0.0	0
230422	IDF5_Under_01_Boss	on_die	ANY	0	97	set_world_flag_var:5	3	var	3	0	0	cWeapon	0.0	0.0	0.0	0
230757	IDF5_TD_DragonRider_N_65_Ae	on_killed_by_user	KilledByPlayer	0	18		0	var	0	-1	0	TimeWave_Down	0.0	0.0	0.0	0
230757	IDF5_TD_DragonRider_N_65_Ae	on_killed_by_user	KilledByPlayer	0	18		1	sysmsg	1401940	0	0		0.0	0.0	0.0	0
230779	IDF5_TD_Wave_Pod_01	on_killed_by_user	KilledByPlayer	0	3		0	var	2	0	0	Wave_Z1_S3_01	0.0	0.0	0.0	0
230780	IDF5_TD_Wave_Pod_07	on_killed_by_user	KilledByPlayer	0	3		0	var	2	0	0	Wave_Z1_S5_01	0.0	0.0	0.0	0
230854	IDVritra_Base_Boss5	on_killed_by_user	KilledByPlayer	0	32		0	despawn	1	0	0		0.0	0.0	0.0	0
230854	IDVritra_Base_Boss5	on_killed_by_user	KilledByPlayer	0	32		1	spawn	801967	1	0	for_the_fight_absolute	125.0	889.0	414.0	0
230854	IDVritra_Base_Boss5	on_killed_by_user	KilledByPlayer	0	32		2	broadcast	22258	50	0		0.0	0.0	0.0	0
230855	IDVritra_Base_Boss4	on_killed_by_user	KilledByPlayer	0	16		0	var	0	-1	0	BOSS2_SUM_01	0.0	0.0	0.0	0
230855	IDVritra_Base_Boss4	on_killed_by_user	KilledByPlayer	0	16		1	var	0	-1	0	BOSS2_SUM_02	0.0	0.0	0.0	0
230855	IDVritra_Base_Boss4	on_killed_by_user	KilledByPlayer	0	16		2	var	0	-1	0	BOSS2_SUM_03	0.0	0.0	0.0	0
230855	IDVritra_Base_Boss4	on_killed_by_user	KilledByPlayer	0	16		3	spawn	801967	1	0	for_the_fight_absolute	321.0	886.0	414.0	0
230855	IDVritra_Base_Boss4	on_killed_by_user	KilledByPlayer	0	16		4	broadcast	22258	50	0		0.0	0.0	0.0	0
230856	IDVritra_Base_Boss3	on_killed_by_user	KilledByPlayer	0	32		0	spawn	801967	1	0	for_the_fight_absolute	519.0	889.0	414.0	0
230856	IDVritra_Base_Boss3	on_killed_by_user	KilledByPlayer	0	32		1	broadcast	22258	50	0		0.0	0.0	0.0	0
231079	IDRuneWP_A2_VriIU_As_65_Ae	on_die	ANY	0	100		0	var	0	1	0	cProtection02	0.0	0.0	0.0	0
231079	IDRuneWP_A2_VriIU_As_65_Ae	on_die	ANY	0	100		1	broadcast	21141	50	0		0.0	0.0	0.0	0
231080	IDRuneWP_A2_VriCU_Ra_65_Ae	on_die	ANY	0	100		0	var	0	1	0	cProtection02	0.0	0.0	0.0	0
231080	IDRuneWP_A2_VriCU_Ra_65_Ae	on_die	ANY	0	100		1	broadcast	21142	50	0		0.0	0.0	0.0	0
231083	IDRuneWP_A3_VriIU_Wi_65_Ae	on_die	ANY	0	100		0	var	0	1	0	cProtection03	0.0	0.0	0.0	0
231083	IDRuneWP_A3_VriIU_Wi_65_Ae	on_die	ANY	0	100		1	broadcast	21151	50	0		0.0	0.0	0.0	0
231606	LF2_1_Village_Killer	on_die	ANY	0	7		0	var	-1	0	0	LF2_1_Killer	0.0	0.0	0.0	0
231607	LF2_2_Village_Killer	on_die	ANY	0	7		0	var	-1	0	0	LF2_2_Killer	0.0	0.0	0.0	0
231608	DF2_1_Village_Killer	on_die	ANY	0	7		0	var	-1	0	0	DF2_1_Killer	0.0	0.0	0.0	0
231609	DF2_2_Village_Killer	on_die	ANY	0	7		0	var	-1	0	0	DF2_2_Killer	0.0	0.0	0.0	0
231610	LF3_1_Village_Killer	on_die	ANY	0	7		0	var	-1	0	0	LF3_1_Killer	0.0	0.0	0.0	0
231611	LF3_2_Village_Killer	on_die	ANY	0	7		0	var	-1	0	0	LF3_2_Killer	0.0	0.0	0.0	0
231612	DF3_1_Village_Killer	on_die	ANY	0	7		0	var	-1	0	0	DF3_1_Killer	0.0	0.0	0.0	0
231613	DF3_2_Village_Killer	on_die	ANY	0	7		0	var	-1	0	0	DF3_2_Killer	0.0	0.0	0.0	0
233090	IDF5_U2_VriRP_As_party_N_65_Ae2	on_die	ANY	0	100		0	var	0	1	0	cSetPortal	0.0	0.0	0.0	0
233381	IDF5_U2_VriRP_As_party_N_65_Ae2	on_die	ANY	0	100		0	var	0	1	0	cSetPortal	0.0	0.0	0.0	0
233384	IDF5_U2_VriRP_As_party_N_65_Ae2	on_die	ANY	0	100		0	var	0	1	0	cSetPortal	0.0	0.0	0.0	0
233884	IDArena_S5_Named_1	on_die	ANY	0	7		0	var	0	1	0	Condition_S4	0.0	0.0	0.0	0
236010	Tames_Solo_A_normal_01	on_killed_by_npc	KilledByNpc	0	7		0	var	0	1	0	Wave_A_01_Clear	0.0	0.0	0.0	0
236010	Tames_Solo_A_normal_01	on_killed_by_user	KilledByPlayer	0	7		0	var	0	1	0	Wave_A_01_Clear	0.0	0.0	0.0	0
236011	Tames_Solo_A_normal_02	on_killed_by_npc	KilledByNpc	0	7		0	var	0	1	0	Wave_A_01_Clear	0.0	0.0	0.0	0
236011	Tames_Solo_A_normal_02	on_killed_by_user	KilledByPlayer	0	7		0	var	0	1	0	Wave_A_01_Clear	0.0	0.0	0.0	0
236012	Tames_Solo_A_normal_03	on_killed_by_npc	KilledByNpc	0	7		0	var	0	1	0	Wave_A_01_Clear	0.0	0.0	0.0	0
236012	Tames_Solo_A_normal_03	on_killed_by_user	KilledByPlayer	0	7		0	var	0	1	0	Wave_A_01_Clear	0.0	0.0	0.0	0
236013	Tames_Solo_A_normal_04	on_killed_by_npc	KilledByNpc	0	7		0	var	0	1	0	Wave_A_01_Clear	0.0	0.0	0.0	0
236013	Tames_Solo_A_normal_04	on_killed_by_user	KilledByPlayer	0	7		0	var	0	1	0	Wave_A_01_Clear	0.0	0.0	0.0	0
236014	Tames_Solo_A_normal_05	on_killed_by_npc	KilledByNpc	0	7		0	var	0	1	0	Wave_A_Clear	0.0	0.0	0.0	0
236014	Tames_Solo_A_normal_05	on_killed_by_user	KilledByPlayer	0	7		0	var	0	1	0	Wave_A_Clear	0.0	0.0	0.0	0
236020	Tames_Solo_C_normal_01	on_killed_by_npc	KilledByNpc	0	7		0	var	0	1	0	Wave_C_Clear	0.0	0.0	0.0	0
236020	Tames_Solo_C_normal_01	on_killed_by_user	KilledByPlayer	0	7		0	var	0	1	0	Wave_C_Clear	0.0	0.0	0.0	0
236021	Tames_Solo_C_normal_02	on_killed_by_npc	KilledByNpc	0	7		0	var	0	1	0	Wave_C_Clear	0.0	0.0	0.0	0
236021	Tames_Solo_C_normal_02	on_killed_by_user	KilledByPlayer	0	7		0	var	0	1	0	Wave_C_Clear	0.0	0.0	0.0	0
236074	Tames_Solo_B_normal_01	on_killed_by_npc	KilledByNpc	0	7		0	var	0	1	0	Wave_B_01_Clear	0.0	0.0	0.0	0
236074	Tames_Solo_B_normal_01	on_killed_by_user	KilledByPlayer	0	7		0	var	0	1	0	Wave_B_01_Clear	0.0	0.0	0.0	0
236075	Tames_Solo_B_normal_03	on_killed_by_npc	KilledByNpc	0	7		0	var	0	1	0	Wave_B_01_Clear	0.0	0.0	0.0	0
236075	Tames_Solo_B_normal_03	on_killed_by_user	KilledByPlayer	0	7		0	var	0	1	0	Wave_B_01_Clear	0.0	0.0	0.0	0
236076	Tames_Solo_B_normal_04	on_killed_by_npc	KilledByNpc	0	7		0	var	0	1	0	Wave_B_01_Clear	0.0	0.0	0.0	0
236076	Tames_Solo_B_normal_04	on_killed_by_user	KilledByPlayer	0	7		0	var	0	1	0	Wave_B_01_Clear	0.0	0.0	0.0	0
236077	Tames_Solo_B_normal_02	on_killed_by_npc	KilledByNpc	0	7		0	var	0	1	0	Wave_B_04_Clear	0.0	0.0	0.0	0
236077	Tames_Solo_B_normal_02	on_killed_by_user	KilledByPlayer	0	7		0	var	0	1	0	Wave_B_04_Clear	0.0	0.0	0.0	0
236078	Tames_Solo_B_normal_05	on_killed_by_npc	KilledByNpc	0	7		0	var	0	1	0	Wave_B_04_Clear	0.0	0.0	0.0	0
236078	Tames_Solo_B_normal_05	on_killed_by_user	KilledByPlayer	0	7		0	var	0	1	0	Wave_B_04_Clear	0.0	0.0	0.0	0
236079	Tames_Solo_A_normal_07	on_killed_by_npc	KilledByNpc	0	7		0	var	0	1	0	Wave_B_04_Clear	0.0	0.0	0.0	0
236079	Tames_Solo_A_normal_07	on_killed_by_user	KilledByPlayer	0	7		0	var	0	1	0	Wave_B_04_Clear	0.0	0.0	0.0	0
236087	Tames_Solo_B_normal_05	on_killed_by_npc	KilledByNpc	0	7		0	var	0	1	0	Wave_B_04_Clear	0.0	0.0	0.0	0
236087	Tames_Solo_B_normal_05	on_killed_by_user	KilledByPlayer	0	7		0	var	0	1	0	Wave_B_04_Clear	0.0	0.0	0.0	0
236088	Tames_Solo_B_normal_05	on_killed_by_npc	KilledByNpc	0	7		0	var	0	1	0	Wave_B_04_Clear	0.0	0.0	0.0	0
236088	Tames_Solo_B_normal_05	on_killed_by_user	KilledByPlayer	0	7		0	var	0	1	0	Wave_B_04_Clear	0.0	0.0	0.0	0
236089	Tames_Solo_B_normal_05	on_killed_by_npc	KilledByNpc	0	7		0	var	0	1	0	Wave_B_04_Clear	0.0	0.0	0.0	0
236089	Tames_Solo_B_normal_05	on_killed_by_user	KilledByPlayer	0	7		0	var	0	1	0	Wave_B_04_Clear	0.0	0.0	0.0	0
236096	Tames_Solo_C_normal_03	on_killed_by_npc	KilledByNpc	0	7		0	var	0	1	0	Wave_C_02_Clear	0.0	0.0	0.0	0
236096	Tames_Solo_C_normal_03	on_killed_by_user	KilledByPlayer	0	7		0	var	0	1	0	Wave_C_02_Clear	0.0	0.0	0.0	0
236097	Tames_Solo_C_normal_04	on_killed_by_npc	KilledByNpc	0	7		0	var	0	1	0	Wave_C_02_Clear	0.0	0.0	0.0	0
236097	Tames_Solo_C_normal_04	on_killed_by_user	KilledByPlayer	0	7		0	var	0	1	0	Wave_C_02_Clear	0.0	0.0	0.0	0
236283	IDYun_Drakan_ND3	on_die	ANY	0	4		0	spawn	282528	1	10	for_the_fight_self	0.0	0.0	0.0	1
236290	IDYun_info_07	on_die	ANY	0	4		0	spawn	856481	1	10	for_the_fight_self	0.0	0.0	0.0	1
236306	IDRaksha_Re_Boss_KJS	on_killed_by_npc	KilledByNpc	0	7	set_flag_var:18	0	var	1	0	0	idraksha_clear	0.0	0.0	0.0	0
236306	IDRaksha_Re_Boss_KJS	on_killed_by_user	KilledByPlayer	0	7	set_flag_var:18	0	var	1	0	0	idraksha_clear	0.0	0.0	0.0	0
236526	IDYun_Nmd3_FallOff	on_die	ANY	0	5		0	var	1	0	0	DISPEL_ARIANA	0.0	0.0	0.0	0
236526	IDYun_Nmd3_FallOff	on_die	ANY	0	5		1	broadcast	500	100	0		0.0	0.0	0.0	0
236527	IDYun_Nmd3_FallOff	on_die	ANY	0	5		0	var	1	0	0	DISPEL_ARIANA	0.0	0.0	0.0	0
236527	IDYun_Nmd3_FallOff	on_die	ANY	0	5		1	broadcast	500	100	0		0.0	0.0	0.0	0
251045	FD2_FrA_S	on_killed_by_user	KilledByPlayer	0	17		0	spawn	290116	1	20	for_the_fight_self	0.0	0.0	0.0	1
260224	BGuard_BombMan	on_killed_by_user	KilledByPlayer	0	3		0	say	340926	0	0		0.0	0.0	0.0	0
260224	BGuard_BombMan	on_killed_by_user	KilledByPlayer	0	3		1	spawn	294561	1	360	for_the_fight_self	0.0	0.0	0.0	0
260225	BGuard_BombMan	on_killed_by_user	KilledByPlayer	0	3		0	say	340926	0	0		0.0	0.0	0.0	0
260225	BGuard_BombMan	on_killed_by_user	KilledByPlayer	0	3		1	spawn	294561	1	360	for_the_fight_self	0.0	0.0	0.0	0
260226	BGuard_BombMan	on_killed_by_user	KilledByPlayer	0	3		0	say	340926	0	0		0.0	0.0	0.0	0
260226	BGuard_BombMan	on_killed_by_user	KilledByPlayer	0	3		1	spawn	294561	1	360	for_the_fight_self	0.0	0.0	0.0	0
263255	BGuard_BombMan	on_killed_by_user	KilledByPlayer	0	3		0	say	340926	0	0		0.0	0.0	0.0	0
263255	BGuard_BombMan	on_killed_by_user	KilledByPlayer	0	3		1	spawn	294561	1	360	for_the_fight_self	0.0	0.0	0.0	0
263256	BGuard_BombMan	on_killed_by_user	KilledByPlayer	0	3		0	say	340926	0	0		0.0	0.0	0.0	0
263256	BGuard_BombMan	on_killed_by_user	KilledByPlayer	0	3		1	spawn	294561	1	360	for_the_fight_self	0.0	0.0	0.0	0
263257	BGuard_BombMan	on_killed_by_user	KilledByPlayer	0	3		0	say	340926	0	0		0.0	0.0	0.0	0
263257	BGuard_BombMan	on_killed_by_user	KilledByPlayer	0	3		1	spawn	294561	1	360	for_the_fight_self	0.0	0.0	0.0	0
263557	BGuard_BombMan	on_killed_by_user	KilledByPlayer	0	3		0	say	340926	0	0		0.0	0.0	0.0	0
263557	BGuard_BombMan	on_killed_by_user	KilledByPlayer	0	3		1	spawn	294561	1	360	for_the_fight_self	0.0	0.0	0.0	0
263558	BGuard_BombMan	on_killed_by_user	KilledByPlayer	0	3		0	say	340926	0	0		0.0	0.0	0.0	0
263558	BGuard_BombMan	on_killed_by_user	KilledByPlayer	0	3		1	spawn	294561	1	360	for_the_fight_self	0.0	0.0	0.0	0
263559	BGuard_BombMan	on_killed_by_user	KilledByPlayer	0	3		0	say	340926	0	0		0.0	0.0	0.0	0
263559	BGuard_BombMan	on_killed_by_user	KilledByPlayer	0	3		1	spawn	294561	1	360	for_the_fight_self	0.0	0.0	0.0	0
264757	BGuard_BombMan	on_killed_by_user	KilledByPlayer	0	3		0	say	340926	0	0		0.0	0.0	0.0	0
264757	BGuard_BombMan	on_killed_by_user	KilledByPlayer	0	3		1	spawn	294561	1	360	for_the_fight_self	0.0	0.0	0.0	0
264758	BGuard_BombMan	on_killed_by_user	KilledByPlayer	0	3		0	say	340926	0	0		0.0	0.0	0.0	0
264758	BGuard_BombMan	on_killed_by_user	KilledByPlayer	0	3		1	spawn	294561	1	360	for_the_fight_self	0.0	0.0	0.0	0
264759	BGuard_BombMan	on_killed_by_user	KilledByPlayer	0	3		0	say	340926	0	0		0.0	0.0	0.0	0
264759	BGuard_BombMan	on_killed_by_user	KilledByPlayer	0	3		1	spawn	294561	1	360	for_the_fight_self	0.0	0.0	0.0	0
266542	BGuard_BombMan	on_killed_by_user	KilledByPlayer	0	3		0	say	340926	0	0		0.0	0.0	0.0	0
266542	BGuard_BombMan	on_killed_by_user	KilledByPlayer	0	3		1	spawn	294561	1	360	for_the_fight_self	0.0	0.0	0.0	0
266543	BGuard_BombMan	on_killed_by_user	KilledByPlayer	0	3		0	say	340926	0	0		0.0	0.0	0.0	0
266543	BGuard_BombMan	on_killed_by_user	KilledByPlayer	0	3		1	spawn	294561	1	360	for_the_fight_self	0.0	0.0	0.0	0
266544	BGuard_BombMan	on_killed_by_user	KilledByPlayer	0	3		0	say	340926	0	0		0.0	0.0	0.0	0
266544	BGuard_BombMan	on_killed_by_user	KilledByPlayer	0	3		1	spawn	294561	1	360	for_the_fight_self	0.0	0.0	0.0	0
268040	BGuard_BombMan	on_killed_by_user	KilledByPlayer	0	3		0	say	340926	0	0		0.0	0.0	0.0	0
268040	BGuard_BombMan	on_killed_by_user	KilledByPlayer	0	3		1	spawn	294561	1	360	for_the_fight_self	0.0	0.0	0.0	0
268041	BGuard_BombMan	on_killed_by_user	KilledByPlayer	0	3		0	say	340926	0	0		0.0	0.0	0.0	0
268041	BGuard_BombMan	on_killed_by_user	KilledByPlayer	0	3		1	spawn	294561	1	360	for_the_fight_self	0.0	0.0	0.0	0
268042	BGuard_BombMan	on_killed_by_user	KilledByPlayer	0	3		0	say	340926	0	0		0.0	0.0	0.0	0
268042	BGuard_BombMan	on_killed_by_user	KilledByPlayer	0	3		1	spawn	294561	1	360	for_the_fight_self	0.0	0.0	0.0	0
269240	BGuard_BombMan	on_killed_by_user	KilledByPlayer	0	3		0	say	340926	0	0		0.0	0.0	0.0	0
269240	BGuard_BombMan	on_killed_by_user	KilledByPlayer	0	3		1	spawn	294561	1	360	for_the_fight_self	0.0	0.0	0.0	0
269241	BGuard_BombMan	on_killed_by_user	KilledByPlayer	0	3		0	say	340926	0	0		0.0	0.0	0.0	0
269241	BGuard_BombMan	on_killed_by_user	KilledByPlayer	0	3		1	spawn	294561	1	360	for_the_fight_self	0.0	0.0	0.0	0
269242	BGuard_BombMan	on_killed_by_user	KilledByPlayer	0	3		0	say	340926	0	0		0.0	0.0	0.0	0
269242	BGuard_BombMan	on_killed_by_user	KilledByPlayer	0	3		1	spawn	294561	1	360	for_the_fight_self	0.0	0.0	0.0	0
270140	BGuard_BombMan	on_killed_by_user	KilledByPlayer	0	3		0	say	340926	0	0		0.0	0.0	0.0	0
270140	BGuard_BombMan	on_killed_by_user	KilledByPlayer	0	3		1	spawn	294561	1	360	for_the_fight_self	0.0	0.0	0.0	0
270141	BGuard_BombMan	on_killed_by_user	KilledByPlayer	0	3		0	say	340926	0	0		0.0	0.0	0.0	0
270141	BGuard_BombMan	on_killed_by_user	KilledByPlayer	0	3		1	spawn	294561	1	360	for_the_fight_self	0.0	0.0	0.0	0
270142	BGuard_BombMan	on_killed_by_user	KilledByPlayer	0	3		0	say	340926	0	0		0.0	0.0	0.0	0
270142	BGuard_BombMan	on_killed_by_user	KilledByPlayer	0	3		1	spawn	294561	1	360	for_the_fight_self	0.0	0.0	0.0	0
271042	BGuard_BombMan	on_killed_by_user	KilledByPlayer	0	3		0	say	340926	0	0		0.0	0.0	0.0	0
271042	BGuard_BombMan	on_killed_by_user	KilledByPlayer	0	3		1	spawn	294561	1	360	for_the_fight_self	0.0	0.0	0.0	0
271043	BGuard_BombMan	on_killed_by_user	KilledByPlayer	0	3		0	say	340926	0	0		0.0	0.0	0.0	0
271043	BGuard_BombMan	on_killed_by_user	KilledByPlayer	0	3		1	spawn	294561	1	360	for_the_fight_self	0.0	0.0	0.0	0
271044	BGuard_BombMan	on_killed_by_user	KilledByPlayer	0	3		0	say	340926	0	0		0.0	0.0	0.0	0
271044	BGuard_BombMan	on_killed_by_user	KilledByPlayer	0	3		1	spawn	294561	1	360	for_the_fight_self	0.0	0.0	0.0	0
277400	BGuard_Chief_Gab1_L	on_killed_by_npc	KilledByNpc	0	100		0	spawn	295092	1	12	for_the_fight_self	0.0	0.0	0.0	1
277400	BGuard_Chief_Gab1_L	on_killed_by_npc	KilledByNpc	0	100		1	var	22	0	0	v05	0.0	0.0	0.0	0
277400	BGuard_Chief_Gab1_L	on_killed_by_npc	KilledByNpc	0	100		2	var	22	0	0	v06	0.0	0.0	0.0	0
277400	BGuard_Chief_Gab1_L	on_killed_by_npc	KilledByNpc	0	100		3	var	22	0	0	v07	0.0	0.0	0.0	0
277400	BGuard_Chief_Gab1_L	on_killed_by_npc	KilledByNpc	0	100		4	var	22	0	0	v08	0.0	0.0	0.0	0
277400	BGuard_Chief_Gab1_L	on_killed_by_npc	KilledByNpc	0	100		5	var	22	0	0	v09	0.0	0.0	0.0	0
277400	BGuard_Chief_Gab1_L	on_killed_by_npc	KilledByNpc	0	100		6	var	22	0	0	v10	0.0	0.0	0.0	0
277400	BGuard_Chief_Gab1_L	on_killed_by_npc	KilledByNpc	0	100		7	var	22	0	0	v11	0.0	0.0	0.0	0
277400	BGuard_Chief_Gab1_L	on_killed_by_npc	KilledByNpc	0	100		8	var	22	0	0	v12	0.0	0.0	0.0	0
277400	BGuard_Chief_Gab1_L	on_killed_by_user	KilledByPlayer	0	100		0	spawn	295092	1	12	for_the_fight_self	0.0	0.0	0.0	1
277400	BGuard_Chief_Gab1_L	on_killed_by_user	KilledByPlayer	0	100		1	var	22	0	0	v05	0.0	0.0	0.0	0
277400	BGuard_Chief_Gab1_L	on_killed_by_user	KilledByPlayer	0	100		2	var	22	0	0	v06	0.0	0.0	0.0	0
277400	BGuard_Chief_Gab1_L	on_killed_by_user	KilledByPlayer	0	100		3	var	22	0	0	v07	0.0	0.0	0.0	0
277400	BGuard_Chief_Gab1_L	on_killed_by_user	KilledByPlayer	0	100		4	var	22	0	0	v08	0.0	0.0	0.0	0
277400	BGuard_Chief_Gab1_L	on_killed_by_user	KilledByPlayer	0	100		5	var	22	0	0	v09	0.0	0.0	0.0	0
277400	BGuard_Chief_Gab1_L	on_killed_by_user	KilledByPlayer	0	100		6	var	22	0	0	v10	0.0	0.0	0.0	0
277400	BGuard_Chief_Gab1_L	on_killed_by_user	KilledByPlayer	0	100		7	var	22	0	0	v11	0.0	0.0	0.0	0
277400	BGuard_Chief_Gab1_L	on_killed_by_user	KilledByPlayer	0	100		8	var	22	0	0	v12	0.0	0.0	0.0	0
277401	BGuard_Chief_Gab1_L	on_killed_by_npc	KilledByNpc	0	100		0	spawn	295092	1	12	for_the_fight_self	0.0	0.0	0.0	1
277401	BGuard_Chief_Gab1_L	on_killed_by_npc	KilledByNpc	0	100		1	var	22	0	0	v05	0.0	0.0	0.0	0
277401	BGuard_Chief_Gab1_L	on_killed_by_npc	KilledByNpc	0	100		2	var	22	0	0	v06	0.0	0.0	0.0	0
277401	BGuard_Chief_Gab1_L	on_killed_by_npc	KilledByNpc	0	100		3	var	22	0	0	v07	0.0	0.0	0.0	0
277401	BGuard_Chief_Gab1_L	on_killed_by_npc	KilledByNpc	0	100		4	var	22	0	0	v08	0.0	0.0	0.0	0
277401	BGuard_Chief_Gab1_L	on_killed_by_npc	KilledByNpc	0	100		5	var	22	0	0	v09	0.0	0.0	0.0	0
277401	BGuard_Chief_Gab1_L	on_killed_by_npc	KilledByNpc	0	100		6	var	22	0	0	v10	0.0	0.0	0.0	0
277401	BGuard_Chief_Gab1_L	on_killed_by_npc	KilledByNpc	0	100		7	var	22	0	0	v11	0.0	0.0	0.0	0
277401	BGuard_Chief_Gab1_L	on_killed_by_npc	KilledByNpc	0	100		8	var	22	0	0	v12	0.0	0.0	0.0	0
277401	BGuard_Chief_Gab1_L	on_killed_by_user	KilledByPlayer	0	100		0	spawn	295092	1	12	for_the_fight_self	0.0	0.0	0.0	1
277401	BGuard_Chief_Gab1_L	on_killed_by_user	KilledByPlayer	0	100		1	var	22	0	0	v05	0.0	0.0	0.0	0
277401	BGuard_Chief_Gab1_L	on_killed_by_user	KilledByPlayer	0	100		2	var	22	0	0	v06	0.0	0.0	0.0	0
277401	BGuard_Chief_Gab1_L	on_killed_by_user	KilledByPlayer	0	100		3	var	22	0	0	v07	0.0	0.0	0.0	0
277401	BGuard_Chief_Gab1_L	on_killed_by_user	KilledByPlayer	0	100		4	var	22	0	0	v08	0.0	0.0	0.0	0
277401	BGuard_Chief_Gab1_L	on_killed_by_user	KilledByPlayer	0	100		5	var	22	0	0	v09	0.0	0.0	0.0	0
277401	BGuard_Chief_Gab1_L	on_killed_by_user	KilledByPlayer	0	100		6	var	22	0	0	v10	0.0	0.0	0.0	0
277401	BGuard_Chief_Gab1_L	on_killed_by_user	KilledByPlayer	0	100		7	var	22	0	0	v11	0.0	0.0	0.0	0
277401	BGuard_Chief_Gab1_L	on_killed_by_user	KilledByPlayer	0	100		8	var	22	0	0	v12	0.0	0.0	0.0	0
277402	BGuard_Chief_Gab1_L	on_killed_by_npc	KilledByNpc	0	100		0	spawn	295092	1	12	for_the_fight_self	0.0	0.0	0.0	1
277402	BGuard_Chief_Gab1_L	on_killed_by_npc	KilledByNpc	0	100		1	var	22	0	0	v05	0.0	0.0	0.0	0
277402	BGuard_Chief_Gab1_L	on_killed_by_npc	KilledByNpc	0	100		2	var	22	0	0	v06	0.0	0.0	0.0	0
277402	BGuard_Chief_Gab1_L	on_killed_by_npc	KilledByNpc	0	100		3	var	22	0	0	v07	0.0	0.0	0.0	0
277402	BGuard_Chief_Gab1_L	on_killed_by_npc	KilledByNpc	0	100		4	var	22	0	0	v08	0.0	0.0	0.0	0
277402	BGuard_Chief_Gab1_L	on_killed_by_npc	KilledByNpc	0	100		5	var	22	0	0	v09	0.0	0.0	0.0	0
277402	BGuard_Chief_Gab1_L	on_killed_by_npc	KilledByNpc	0	100		6	var	22	0	0	v10	0.0	0.0	0.0	0
277402	BGuard_Chief_Gab1_L	on_killed_by_npc	KilledByNpc	0	100		7	var	22	0	0	v11	0.0	0.0	0.0	0
277402	BGuard_Chief_Gab1_L	on_killed_by_npc	KilledByNpc	0	100		8	var	22	0	0	v12	0.0	0.0	0.0	0
277402	BGuard_Chief_Gab1_L	on_killed_by_user	KilledByPlayer	0	100		0	spawn	295092	1	12	for_the_fight_self	0.0	0.0	0.0	1
277402	BGuard_Chief_Gab1_L	on_killed_by_user	KilledByPlayer	0	100		1	var	22	0	0	v05	0.0	0.0	0.0	0
277402	BGuard_Chief_Gab1_L	on_killed_by_user	KilledByPlayer	0	100		2	var	22	0	0	v06	0.0	0.0	0.0	0
277402	BGuard_Chief_Gab1_L	on_killed_by_user	KilledByPlayer	0	100		3	var	22	0	0	v07	0.0	0.0	0.0	0
277402	BGuard_Chief_Gab1_L	on_killed_by_user	KilledByPlayer	0	100		4	var	22	0	0	v08	0.0	0.0	0.0	0
277402	BGuard_Chief_Gab1_L	on_killed_by_user	KilledByPlayer	0	100		5	var	22	0	0	v09	0.0	0.0	0.0	0
277402	BGuard_Chief_Gab1_L	on_killed_by_user	KilledByPlayer	0	100		6	var	22	0	0	v10	0.0	0.0	0.0	0
277402	BGuard_Chief_Gab1_L	on_killed_by_user	KilledByPlayer	0	100		7	var	22	0	0	v11	0.0	0.0	0.0	0
277402	BGuard_Chief_Gab1_L	on_killed_by_user	KilledByPlayer	0	100		8	var	22	0	0	v12	0.0	0.0	0.0	0
277403	BGuard_Chief_Gab1_L	on_killed_by_npc	KilledByNpc	0	100		0	spawn	295092	1	12	for_the_fight_self	0.0	0.0	0.0	1
277403	BGuard_Chief_Gab1_L	on_killed_by_npc	KilledByNpc	0	100		1	var	22	0	0	v05	0.0	0.0	0.0	0
277403	BGuard_Chief_Gab1_L	on_killed_by_npc	KilledByNpc	0	100		2	var	22	0	0	v06	0.0	0.0	0.0	0
277403	BGuard_Chief_Gab1_L	on_killed_by_npc	KilledByNpc	0	100		3	var	22	0	0	v07	0.0	0.0	0.0	0
277403	BGuard_Chief_Gab1_L	on_killed_by_npc	KilledByNpc	0	100		4	var	22	0	0	v08	0.0	0.0	0.0	0
277403	BGuard_Chief_Gab1_L	on_killed_by_npc	KilledByNpc	0	100		5	var	22	0	0	v09	0.0	0.0	0.0	0
277403	BGuard_Chief_Gab1_L	on_killed_by_npc	KilledByNpc	0	100		6	var	22	0	0	v10	0.0	0.0	0.0	0
277403	BGuard_Chief_Gab1_L	on_killed_by_npc	KilledByNpc	0	100		7	var	22	0	0	v11	0.0	0.0	0.0	0
277403	BGuard_Chief_Gab1_L	on_killed_by_npc	KilledByNpc	0	100		8	var	22	0	0	v12	0.0	0.0	0.0	0
277403	BGuard_Chief_Gab1_L	on_killed_by_user	KilledByPlayer	0	100		0	spawn	295092	1	12	for_the_fight_self	0.0	0.0	0.0	1
277403	BGuard_Chief_Gab1_L	on_killed_by_user	KilledByPlayer	0	100		1	var	22	0	0	v05	0.0	0.0	0.0	0
277403	BGuard_Chief_Gab1_L	on_killed_by_user	KilledByPlayer	0	100		2	var	22	0	0	v06	0.0	0.0	0.0	0
277403	BGuard_Chief_Gab1_L	on_killed_by_user	KilledByPlayer	0	100		3	var	22	0	0	v07	0.0	0.0	0.0	0
277403	BGuard_Chief_Gab1_L	on_killed_by_user	KilledByPlayer	0	100		4	var	22	0	0	v08	0.0	0.0	0.0	0
277403	BGuard_Chief_Gab1_L	on_killed_by_user	KilledByPlayer	0	100		5	var	22	0	0	v09	0.0	0.0	0.0	0
277403	BGuard_Chief_Gab1_L	on_killed_by_user	KilledByPlayer	0	100		6	var	22	0	0	v10	0.0	0.0	0.0	0
277403	BGuard_Chief_Gab1_L	on_killed_by_user	KilledByPlayer	0	100		7	var	22	0	0	v11	0.0	0.0	0.0	0
277403	BGuard_Chief_Gab1_L	on_killed_by_user	KilledByPlayer	0	100		8	var	22	0	0	v12	0.0	0.0	0.0	0
277404	BGuard_Chief_Gab1_L	on_killed_by_npc	KilledByNpc	0	100		0	spawn	295092	1	12	for_the_fight_self	0.0	0.0	0.0	1
277404	BGuard_Chief_Gab1_L	on_killed_by_npc	KilledByNpc	0	100		1	var	22	0	0	v05	0.0	0.0	0.0	0
277404	BGuard_Chief_Gab1_L	on_killed_by_npc	KilledByNpc	0	100		2	var	22	0	0	v06	0.0	0.0	0.0	0
277404	BGuard_Chief_Gab1_L	on_killed_by_npc	KilledByNpc	0	100		3	var	22	0	0	v07	0.0	0.0	0.0	0
277404	BGuard_Chief_Gab1_L	on_killed_by_npc	KilledByNpc	0	100		4	var	22	0	0	v08	0.0	0.0	0.0	0
277404	BGuard_Chief_Gab1_L	on_killed_by_npc	KilledByNpc	0	100		5	var	22	0	0	v09	0.0	0.0	0.0	0
277404	BGuard_Chief_Gab1_L	on_killed_by_npc	KilledByNpc	0	100		6	var	22	0	0	v10	0.0	0.0	0.0	0
277404	BGuard_Chief_Gab1_L	on_killed_by_npc	KilledByNpc	0	100		7	var	22	0	0	v11	0.0	0.0	0.0	0
277404	BGuard_Chief_Gab1_L	on_killed_by_npc	KilledByNpc	0	100		8	var	22	0	0	v12	0.0	0.0	0.0	0
277404	BGuard_Chief_Gab1_L	on_killed_by_user	KilledByPlayer	0	100		0	spawn	295092	1	12	for_the_fight_self	0.0	0.0	0.0	1
277404	BGuard_Chief_Gab1_L	on_killed_by_user	KilledByPlayer	0	100		1	var	22	0	0	v05	0.0	0.0	0.0	0
277404	BGuard_Chief_Gab1_L	on_killed_by_user	KilledByPlayer	0	100		2	var	22	0	0	v06	0.0	0.0	0.0	0
277404	BGuard_Chief_Gab1_L	on_killed_by_user	KilledByPlayer	0	100		3	var	22	0	0	v07	0.0	0.0	0.0	0
277404	BGuard_Chief_Gab1_L	on_killed_by_user	KilledByPlayer	0	100		4	var	22	0	0	v08	0.0	0.0	0.0	0
277404	BGuard_Chief_Gab1_L	on_killed_by_user	KilledByPlayer	0	100		5	var	22	0	0	v09	0.0	0.0	0.0	0
277404	BGuard_Chief_Gab1_L	on_killed_by_user	KilledByPlayer	0	100		6	var	22	0	0	v10	0.0	0.0	0.0	0
277404	BGuard_Chief_Gab1_L	on_killed_by_user	KilledByPlayer	0	100		7	var	22	0	0	v11	0.0	0.0	0.0	0
277404	BGuard_Chief_Gab1_L	on_killed_by_user	KilledByPlayer	0	100		8	var	22	0	0	v12	0.0	0.0	0.0	0
277405	BGuard_Chief_Gab1_D	on_killed_by_npc	KilledByNpc	0	100		0	spawn	295092	1	12	for_the_fight_self	0.0	0.0	0.0	1
277405	BGuard_Chief_Gab1_D	on_killed_by_npc	KilledByNpc	0	100		1	var	22	0	0	v05	0.0	0.0	0.0	0
277405	BGuard_Chief_Gab1_D	on_killed_by_npc	KilledByNpc	0	100		2	var	22	0	0	v06	0.0	0.0	0.0	0
277405	BGuard_Chief_Gab1_D	on_killed_by_npc	KilledByNpc	0	100		3	var	22	0	0	v07	0.0	0.0	0.0	0
277405	BGuard_Chief_Gab1_D	on_killed_by_npc	KilledByNpc	0	100		4	var	22	0	0	v08	0.0	0.0	0.0	0
277405	BGuard_Chief_Gab1_D	on_killed_by_npc	KilledByNpc	0	100		5	var	22	0	0	v09	0.0	0.0	0.0	0
277405	BGuard_Chief_Gab1_D	on_killed_by_npc	KilledByNpc	0	100		6	var	22	0	0	v10	0.0	0.0	0.0	0
277405	BGuard_Chief_Gab1_D	on_killed_by_npc	KilledByNpc	0	100		7	var	22	0	0	v11	0.0	0.0	0.0	0
277405	BGuard_Chief_Gab1_D	on_killed_by_npc	KilledByNpc	0	100		8	var	22	0	0	v12	0.0	0.0	0.0	0
277405	BGuard_Chief_Gab1_D	on_killed_by_user	KilledByPlayer	0	100		0	spawn	295092	1	12	for_the_fight_self	0.0	0.0	0.0	1
277405	BGuard_Chief_Gab1_D	on_killed_by_user	KilledByPlayer	0	100		1	var	22	0	0	v05	0.0	0.0	0.0	0
277405	BGuard_Chief_Gab1_D	on_killed_by_user	KilledByPlayer	0	100		2	var	22	0	0	v06	0.0	0.0	0.0	0
277405	BGuard_Chief_Gab1_D	on_killed_by_user	KilledByPlayer	0	100		3	var	22	0	0	v07	0.0	0.0	0.0	0
277405	BGuard_Chief_Gab1_D	on_killed_by_user	KilledByPlayer	0	100		4	var	22	0	0	v08	0.0	0.0	0.0	0
277405	BGuard_Chief_Gab1_D	on_killed_by_user	KilledByPlayer	0	100		5	var	22	0	0	v09	0.0	0.0	0.0	0
277405	BGuard_Chief_Gab1_D	on_killed_by_user	KilledByPlayer	0	100		6	var	22	0	0	v10	0.0	0.0	0.0	0
277405	BGuard_Chief_Gab1_D	on_killed_by_user	KilledByPlayer	0	100		7	var	22	0	0	v11	0.0	0.0	0.0	0
277405	BGuard_Chief_Gab1_D	on_killed_by_user	KilledByPlayer	0	100		8	var	22	0	0	v12	0.0	0.0	0.0	0
277406	BGuard_Chief_Gab1_D	on_killed_by_npc	KilledByNpc	0	100		0	spawn	295092	1	12	for_the_fight_self	0.0	0.0	0.0	1
277406	BGuard_Chief_Gab1_D	on_killed_by_npc	KilledByNpc	0	100		1	var	22	0	0	v05	0.0	0.0	0.0	0
277406	BGuard_Chief_Gab1_D	on_killed_by_npc	KilledByNpc	0	100		2	var	22	0	0	v06	0.0	0.0	0.0	0
277406	BGuard_Chief_Gab1_D	on_killed_by_npc	KilledByNpc	0	100		3	var	22	0	0	v07	0.0	0.0	0.0	0
277406	BGuard_Chief_Gab1_D	on_killed_by_npc	KilledByNpc	0	100		4	var	22	0	0	v08	0.0	0.0	0.0	0
277406	BGuard_Chief_Gab1_D	on_killed_by_npc	KilledByNpc	0	100		5	var	22	0	0	v09	0.0	0.0	0.0	0
277406	BGuard_Chief_Gab1_D	on_killed_by_npc	KilledByNpc	0	100		6	var	22	0	0	v10	0.0	0.0	0.0	0
277406	BGuard_Chief_Gab1_D	on_killed_by_npc	KilledByNpc	0	100		7	var	22	0	0	v11	0.0	0.0	0.0	0
277406	BGuard_Chief_Gab1_D	on_killed_by_npc	KilledByNpc	0	100		8	var	22	0	0	v12	0.0	0.0	0.0	0
277406	BGuard_Chief_Gab1_D	on_killed_by_user	KilledByPlayer	0	100		0	spawn	295092	1	12	for_the_fight_self	0.0	0.0	0.0	1
277406	BGuard_Chief_Gab1_D	on_killed_by_user	KilledByPlayer	0	100		1	var	22	0	0	v05	0.0	0.0	0.0	0
277406	BGuard_Chief_Gab1_D	on_killed_by_user	KilledByPlayer	0	100		2	var	22	0	0	v06	0.0	0.0	0.0	0
277406	BGuard_Chief_Gab1_D	on_killed_by_user	KilledByPlayer	0	100		3	var	22	0	0	v07	0.0	0.0	0.0	0
277406	BGuard_Chief_Gab1_D	on_killed_by_user	KilledByPlayer	0	100		4	var	22	0	0	v08	0.0	0.0	0.0	0
277406	BGuard_Chief_Gab1_D	on_killed_by_user	KilledByPlayer	0	100		5	var	22	0	0	v09	0.0	0.0	0.0	0
277406	BGuard_Chief_Gab1_D	on_killed_by_user	KilledByPlayer	0	100		6	var	22	0	0	v10	0.0	0.0	0.0	0
277406	BGuard_Chief_Gab1_D	on_killed_by_user	KilledByPlayer	0	100		7	var	22	0	0	v11	0.0	0.0	0.0	0
277406	BGuard_Chief_Gab1_D	on_killed_by_user	KilledByPlayer	0	100		8	var	22	0	0	v12	0.0	0.0	0.0	0
277407	BGuard_Chief_Gab1_D	on_killed_by_npc	KilledByNpc	0	100		0	spawn	295092	1	12	for_the_fight_self	0.0	0.0	0.0	1
277407	BGuard_Chief_Gab1_D	on_killed_by_npc	KilledByNpc	0	100		1	var	22	0	0	v05	0.0	0.0	0.0	0
277407	BGuard_Chief_Gab1_D	on_killed_by_npc	KilledByNpc	0	100		2	var	22	0	0	v06	0.0	0.0	0.0	0
277407	BGuard_Chief_Gab1_D	on_killed_by_npc	KilledByNpc	0	100		3	var	22	0	0	v07	0.0	0.0	0.0	0
277407	BGuard_Chief_Gab1_D	on_killed_by_npc	KilledByNpc	0	100		4	var	22	0	0	v08	0.0	0.0	0.0	0
277407	BGuard_Chief_Gab1_D	on_killed_by_npc	KilledByNpc	0	100		5	var	22	0	0	v09	0.0	0.0	0.0	0
277407	BGuard_Chief_Gab1_D	on_killed_by_npc	KilledByNpc	0	100		6	var	22	0	0	v10	0.0	0.0	0.0	0
277407	BGuard_Chief_Gab1_D	on_killed_by_npc	KilledByNpc	0	100		7	var	22	0	0	v11	0.0	0.0	0.0	0
277407	BGuard_Chief_Gab1_D	on_killed_by_npc	KilledByNpc	0	100		8	var	22	0	0	v12	0.0	0.0	0.0	0
277407	BGuard_Chief_Gab1_D	on_killed_by_user	KilledByPlayer	0	100		0	spawn	295092	1	12	for_the_fight_self	0.0	0.0	0.0	1
277407	BGuard_Chief_Gab1_D	on_killed_by_user	KilledByPlayer	0	100		1	var	22	0	0	v05	0.0	0.0	0.0	0
277407	BGuard_Chief_Gab1_D	on_killed_by_user	KilledByPlayer	0	100		2	var	22	0	0	v06	0.0	0.0	0.0	0
277407	BGuard_Chief_Gab1_D	on_killed_by_user	KilledByPlayer	0	100		3	var	22	0	0	v07	0.0	0.0	0.0	0
277407	BGuard_Chief_Gab1_D	on_killed_by_user	KilledByPlayer	0	100		4	var	22	0	0	v08	0.0	0.0	0.0	0
277407	BGuard_Chief_Gab1_D	on_killed_by_user	KilledByPlayer	0	100		5	var	22	0	0	v09	0.0	0.0	0.0	0
277407	BGuard_Chief_Gab1_D	on_killed_by_user	KilledByPlayer	0	100		6	var	22	0	0	v10	0.0	0.0	0.0	0
277407	BGuard_Chief_Gab1_D	on_killed_by_user	KilledByPlayer	0	100		7	var	22	0	0	v11	0.0	0.0	0.0	0
277407	BGuard_Chief_Gab1_D	on_killed_by_user	KilledByPlayer	0	100		8	var	22	0	0	v12	0.0	0.0	0.0	0
277408	BGuard_Chief_Gab1_D	on_killed_by_npc	KilledByNpc	0	100		0	spawn	295092	1	12	for_the_fight_self	0.0	0.0	0.0	1
277408	BGuard_Chief_Gab1_D	on_killed_by_npc	KilledByNpc	0	100		1	var	22	0	0	v05	0.0	0.0	0.0	0
277408	BGuard_Chief_Gab1_D	on_killed_by_npc	KilledByNpc	0	100		2	var	22	0	0	v06	0.0	0.0	0.0	0
277408	BGuard_Chief_Gab1_D	on_killed_by_npc	KilledByNpc	0	100		3	var	22	0	0	v07	0.0	0.0	0.0	0
277408	BGuard_Chief_Gab1_D	on_killed_by_npc	KilledByNpc	0	100		4	var	22	0	0	v08	0.0	0.0	0.0	0
277408	BGuard_Chief_Gab1_D	on_killed_by_npc	KilledByNpc	0	100		5	var	22	0	0	v09	0.0	0.0	0.0	0
277408	BGuard_Chief_Gab1_D	on_killed_by_npc	KilledByNpc	0	100		6	var	22	0	0	v10	0.0	0.0	0.0	0
277408	BGuard_Chief_Gab1_D	on_killed_by_npc	KilledByNpc	0	100		7	var	22	0	0	v11	0.0	0.0	0.0	0
277408	BGuard_Chief_Gab1_D	on_killed_by_npc	KilledByNpc	0	100		8	var	22	0	0	v12	0.0	0.0	0.0	0
277408	BGuard_Chief_Gab1_D	on_killed_by_user	KilledByPlayer	0	100		0	spawn	295092	1	12	for_the_fight_self	0.0	0.0	0.0	1
277408	BGuard_Chief_Gab1_D	on_killed_by_user	KilledByPlayer	0	100		1	var	22	0	0	v05	0.0	0.0	0.0	0
277408	BGuard_Chief_Gab1_D	on_killed_by_user	KilledByPlayer	0	100		2	var	22	0	0	v06	0.0	0.0	0.0	0
277408	BGuard_Chief_Gab1_D	on_killed_by_user	KilledByPlayer	0	100		3	var	22	0	0	v07	0.0	0.0	0.0	0
277408	BGuard_Chief_Gab1_D	on_killed_by_user	KilledByPlayer	0	100		4	var	22	0	0	v08	0.0	0.0	0.0	0
277408	BGuard_Chief_Gab1_D	on_killed_by_user	KilledByPlayer	0	100		5	var	22	0	0	v09	0.0	0.0	0.0	0
277408	BGuard_Chief_Gab1_D	on_killed_by_user	KilledByPlayer	0	100		6	var	22	0	0	v10	0.0	0.0	0.0	0
277408	BGuard_Chief_Gab1_D	on_killed_by_user	KilledByPlayer	0	100		7	var	22	0	0	v11	0.0	0.0	0.0	0
277408	BGuard_Chief_Gab1_D	on_killed_by_user	KilledByPlayer	0	100		8	var	22	0	0	v12	0.0	0.0	0.0	0
277409	BGuard_Chief_Gab1_D	on_killed_by_npc	KilledByNpc	0	100		0	spawn	295092	1	12	for_the_fight_self	0.0	0.0	0.0	1
277409	BGuard_Chief_Gab1_D	on_killed_by_npc	KilledByNpc	0	100		1	var	22	0	0	v05	0.0	0.0	0.0	0
277409	BGuard_Chief_Gab1_D	on_killed_by_npc	KilledByNpc	0	100		2	var	22	0	0	v06	0.0	0.0	0.0	0
277409	BGuard_Chief_Gab1_D	on_killed_by_npc	KilledByNpc	0	100		3	var	22	0	0	v07	0.0	0.0	0.0	0
277409	BGuard_Chief_Gab1_D	on_killed_by_npc	KilledByNpc	0	100		4	var	22	0	0	v08	0.0	0.0	0.0	0
277409	BGuard_Chief_Gab1_D	on_killed_by_npc	KilledByNpc	0	100		5	var	22	0	0	v09	0.0	0.0	0.0	0
277409	BGuard_Chief_Gab1_D	on_killed_by_npc	KilledByNpc	0	100		6	var	22	0	0	v10	0.0	0.0	0.0	0
277409	BGuard_Chief_Gab1_D	on_killed_by_npc	KilledByNpc	0	100		7	var	22	0	0	v11	0.0	0.0	0.0	0
277409	BGuard_Chief_Gab1_D	on_killed_by_npc	KilledByNpc	0	100		8	var	22	0	0	v12	0.0	0.0	0.0	0
277409	BGuard_Chief_Gab1_D	on_killed_by_user	KilledByPlayer	0	100		0	spawn	295092	1	12	for_the_fight_self	0.0	0.0	0.0	1
277409	BGuard_Chief_Gab1_D	on_killed_by_user	KilledByPlayer	0	100		1	var	22	0	0	v05	0.0	0.0	0.0	0
277409	BGuard_Chief_Gab1_D	on_killed_by_user	KilledByPlayer	0	100		2	var	22	0	0	v06	0.0	0.0	0.0	0
277409	BGuard_Chief_Gab1_D	on_killed_by_user	KilledByPlayer	0	100		3	var	22	0	0	v07	0.0	0.0	0.0	0
277409	BGuard_Chief_Gab1_D	on_killed_by_user	KilledByPlayer	0	100		4	var	22	0	0	v08	0.0	0.0	0.0	0
277409	BGuard_Chief_Gab1_D	on_killed_by_user	KilledByPlayer	0	100		5	var	22	0	0	v09	0.0	0.0	0.0	0
277409	BGuard_Chief_Gab1_D	on_killed_by_user	KilledByPlayer	0	100		6	var	22	0	0	v10	0.0	0.0	0.0	0
277409	BGuard_Chief_Gab1_D	on_killed_by_user	KilledByPlayer	0	100		7	var	22	0	0	v11	0.0	0.0	0.0	0
277409	BGuard_Chief_Gab1_D	on_killed_by_user	KilledByPlayer	0	100		8	var	22	0	0	v12	0.0	0.0	0.0	0
277410	BGuard_Chief_Gab1_Dr	on_killed_by_npc	KilledByNpc	0	100		0	spawn	295092	1	12	for_the_fight_self	0.0	0.0	0.0	1
277410	BGuard_Chief_Gab1_Dr	on_killed_by_npc	KilledByNpc	0	100		1	var	22	0	0	v05	0.0	0.0	0.0	0
277410	BGuard_Chief_Gab1_Dr	on_killed_by_npc	KilledByNpc	0	100		2	var	22	0	0	v06	0.0	0.0	0.0	0
277410	BGuard_Chief_Gab1_Dr	on_killed_by_npc	KilledByNpc	0	100		3	var	22	0	0	v07	0.0	0.0	0.0	0
277410	BGuard_Chief_Gab1_Dr	on_killed_by_npc	KilledByNpc	0	100		4	var	22	0	0	v08	0.0	0.0	0.0	0
277410	BGuard_Chief_Gab1_Dr	on_killed_by_npc	KilledByNpc	0	100		5	var	22	0	0	v09	0.0	0.0	0.0	0
277410	BGuard_Chief_Gab1_Dr	on_killed_by_npc	KilledByNpc	0	100		6	var	22	0	0	v10	0.0	0.0	0.0	0
277410	BGuard_Chief_Gab1_Dr	on_killed_by_npc	KilledByNpc	0	100		7	var	22	0	0	v11	0.0	0.0	0.0	0
277410	BGuard_Chief_Gab1_Dr	on_killed_by_npc	KilledByNpc	0	100		8	var	22	0	0	v12	0.0	0.0	0.0	0
277410	BGuard_Chief_Gab1_Dr	on_killed_by_user	KilledByPlayer	0	100		0	spawn	295092	1	12	for_the_fight_self	0.0	0.0	0.0	1
277410	BGuard_Chief_Gab1_Dr	on_killed_by_user	KilledByPlayer	0	100		1	var	22	0	0	v05	0.0	0.0	0.0	0
277410	BGuard_Chief_Gab1_Dr	on_killed_by_user	KilledByPlayer	0	100		2	var	22	0	0	v06	0.0	0.0	0.0	0
277410	BGuard_Chief_Gab1_Dr	on_killed_by_user	KilledByPlayer	0	100		3	var	22	0	0	v07	0.0	0.0	0.0	0
277410	BGuard_Chief_Gab1_Dr	on_killed_by_user	KilledByPlayer	0	100		4	var	22	0	0	v08	0.0	0.0	0.0	0
277410	BGuard_Chief_Gab1_Dr	on_killed_by_user	KilledByPlayer	0	100		5	var	22	0	0	v09	0.0	0.0	0.0	0
277410	BGuard_Chief_Gab1_Dr	on_killed_by_user	KilledByPlayer	0	100		6	var	22	0	0	v10	0.0	0.0	0.0	0
277410	BGuard_Chief_Gab1_Dr	on_killed_by_user	KilledByPlayer	0	100		7	var	22	0	0	v11	0.0	0.0	0.0	0
277410	BGuard_Chief_Gab1_Dr	on_killed_by_user	KilledByPlayer	0	100		8	var	22	0	0	v12	0.0	0.0	0.0	0
277411	BGuard_Chief_Gab1_Dr	on_killed_by_npc	KilledByNpc	0	100		0	spawn	295092	1	12	for_the_fight_self	0.0	0.0	0.0	1
277411	BGuard_Chief_Gab1_Dr	on_killed_by_npc	KilledByNpc	0	100		1	var	22	0	0	v05	0.0	0.0	0.0	0
277411	BGuard_Chief_Gab1_Dr	on_killed_by_npc	KilledByNpc	0	100		2	var	22	0	0	v06	0.0	0.0	0.0	0
277411	BGuard_Chief_Gab1_Dr	on_killed_by_npc	KilledByNpc	0	100		3	var	22	0	0	v07	0.0	0.0	0.0	0
277411	BGuard_Chief_Gab1_Dr	on_killed_by_npc	KilledByNpc	0	100		4	var	22	0	0	v08	0.0	0.0	0.0	0
277411	BGuard_Chief_Gab1_Dr	on_killed_by_npc	KilledByNpc	0	100		5	var	22	0	0	v09	0.0	0.0	0.0	0
277411	BGuard_Chief_Gab1_Dr	on_killed_by_npc	KilledByNpc	0	100		6	var	22	0	0	v10	0.0	0.0	0.0	0
277411	BGuard_Chief_Gab1_Dr	on_killed_by_npc	KilledByNpc	0	100		7	var	22	0	0	v11	0.0	0.0	0.0	0
277411	BGuard_Chief_Gab1_Dr	on_killed_by_npc	KilledByNpc	0	100		8	var	22	0	0	v12	0.0	0.0	0.0	0
277411	BGuard_Chief_Gab1_Dr	on_killed_by_user	KilledByPlayer	0	100		0	spawn	295092	1	12	for_the_fight_self	0.0	0.0	0.0	1
277411	BGuard_Chief_Gab1_Dr	on_killed_by_user	KilledByPlayer	0	100		1	var	22	0	0	v05	0.0	0.0	0.0	0
277411	BGuard_Chief_Gab1_Dr	on_killed_by_user	KilledByPlayer	0	100		2	var	22	0	0	v06	0.0	0.0	0.0	0
277411	BGuard_Chief_Gab1_Dr	on_killed_by_user	KilledByPlayer	0	100		3	var	22	0	0	v07	0.0	0.0	0.0	0
277411	BGuard_Chief_Gab1_Dr	on_killed_by_user	KilledByPlayer	0	100		4	var	22	0	0	v08	0.0	0.0	0.0	0
277411	BGuard_Chief_Gab1_Dr	on_killed_by_user	KilledByPlayer	0	100		5	var	22	0	0	v09	0.0	0.0	0.0	0
277411	BGuard_Chief_Gab1_Dr	on_killed_by_user	KilledByPlayer	0	100		6	var	22	0	0	v10	0.0	0.0	0.0	0
277411	BGuard_Chief_Gab1_Dr	on_killed_by_user	KilledByPlayer	0	100		7	var	22	0	0	v11	0.0	0.0	0.0	0
277411	BGuard_Chief_Gab1_Dr	on_killed_by_user	KilledByPlayer	0	100		8	var	22	0	0	v12	0.0	0.0	0.0	0
277412	BGuard_Chief_Gab1_Dr	on_killed_by_npc	KilledByNpc	0	100		0	spawn	295092	1	12	for_the_fight_self	0.0	0.0	0.0	1
277412	BGuard_Chief_Gab1_Dr	on_killed_by_npc	KilledByNpc	0	100		1	var	22	0	0	v05	0.0	0.0	0.0	0
277412	BGuard_Chief_Gab1_Dr	on_killed_by_npc	KilledByNpc	0	100		2	var	22	0	0	v06	0.0	0.0	0.0	0
277412	BGuard_Chief_Gab1_Dr	on_killed_by_npc	KilledByNpc	0	100		3	var	22	0	0	v07	0.0	0.0	0.0	0
277412	BGuard_Chief_Gab1_Dr	on_killed_by_npc	KilledByNpc	0	100		4	var	22	0	0	v08	0.0	0.0	0.0	0
277412	BGuard_Chief_Gab1_Dr	on_killed_by_npc	KilledByNpc	0	100		5	var	22	0	0	v09	0.0	0.0	0.0	0
277412	BGuard_Chief_Gab1_Dr	on_killed_by_npc	KilledByNpc	0	100		6	var	22	0	0	v10	0.0	0.0	0.0	0
277412	BGuard_Chief_Gab1_Dr	on_killed_by_npc	KilledByNpc	0	100		7	var	22	0	0	v11	0.0	0.0	0.0	0
277412	BGuard_Chief_Gab1_Dr	on_killed_by_npc	KilledByNpc	0	100		8	var	22	0	0	v12	0.0	0.0	0.0	0
277412	BGuard_Chief_Gab1_Dr	on_killed_by_user	KilledByPlayer	0	100		0	spawn	295092	1	12	for_the_fight_self	0.0	0.0	0.0	1
277412	BGuard_Chief_Gab1_Dr	on_killed_by_user	KilledByPlayer	0	100		1	var	22	0	0	v05	0.0	0.0	0.0	0
277412	BGuard_Chief_Gab1_Dr	on_killed_by_user	KilledByPlayer	0	100		2	var	22	0	0	v06	0.0	0.0	0.0	0
277412	BGuard_Chief_Gab1_Dr	on_killed_by_user	KilledByPlayer	0	100		3	var	22	0	0	v07	0.0	0.0	0.0	0
277412	BGuard_Chief_Gab1_Dr	on_killed_by_user	KilledByPlayer	0	100		4	var	22	0	0	v08	0.0	0.0	0.0	0
277412	BGuard_Chief_Gab1_Dr	on_killed_by_user	KilledByPlayer	0	100		5	var	22	0	0	v09	0.0	0.0	0.0	0
277412	BGuard_Chief_Gab1_Dr	on_killed_by_user	KilledByPlayer	0	100		6	var	22	0	0	v10	0.0	0.0	0.0	0
277412	BGuard_Chief_Gab1_Dr	on_killed_by_user	KilledByPlayer	0	100		7	var	22	0	0	v11	0.0	0.0	0.0	0
277412	BGuard_Chief_Gab1_Dr	on_killed_by_user	KilledByPlayer	0	100		8	var	22	0	0	v12	0.0	0.0	0.0	0
277413	BGuard_Chief_Gab1_Dr	on_killed_by_npc	KilledByNpc	0	100		0	spawn	295092	1	12	for_the_fight_self	0.0	0.0	0.0	1
277413	BGuard_Chief_Gab1_Dr	on_killed_by_npc	KilledByNpc	0	100		1	var	22	0	0	v05	0.0	0.0	0.0	0
277413	BGuard_Chief_Gab1_Dr	on_killed_by_npc	KilledByNpc	0	100		2	var	22	0	0	v06	0.0	0.0	0.0	0
277413	BGuard_Chief_Gab1_Dr	on_killed_by_npc	KilledByNpc	0	100		3	var	22	0	0	v07	0.0	0.0	0.0	0
277413	BGuard_Chief_Gab1_Dr	on_killed_by_npc	KilledByNpc	0	100		4	var	22	0	0	v08	0.0	0.0	0.0	0
277413	BGuard_Chief_Gab1_Dr	on_killed_by_npc	KilledByNpc	0	100		5	var	22	0	0	v09	0.0	0.0	0.0	0
277413	BGuard_Chief_Gab1_Dr	on_killed_by_npc	KilledByNpc	0	100		6	var	22	0	0	v10	0.0	0.0	0.0	0
277413	BGuard_Chief_Gab1_Dr	on_killed_by_npc	KilledByNpc	0	100		7	var	22	0	0	v11	0.0	0.0	0.0	0
277413	BGuard_Chief_Gab1_Dr	on_killed_by_npc	KilledByNpc	0	100		8	var	22	0	0	v12	0.0	0.0	0.0	0
277413	BGuard_Chief_Gab1_Dr	on_killed_by_user	KilledByPlayer	0	100		0	spawn	295092	1	12	for_the_fight_self	0.0	0.0	0.0	1
277413	BGuard_Chief_Gab1_Dr	on_killed_by_user	KilledByPlayer	0	100		1	var	22	0	0	v05	0.0	0.0	0.0	0
277413	BGuard_Chief_Gab1_Dr	on_killed_by_user	KilledByPlayer	0	100		2	var	22	0	0	v06	0.0	0.0	0.0	0
277413	BGuard_Chief_Gab1_Dr	on_killed_by_user	KilledByPlayer	0	100		3	var	22	0	0	v07	0.0	0.0	0.0	0
277413	BGuard_Chief_Gab1_Dr	on_killed_by_user	KilledByPlayer	0	100		4	var	22	0	0	v08	0.0	0.0	0.0	0
277413	BGuard_Chief_Gab1_Dr	on_killed_by_user	KilledByPlayer	0	100		5	var	22	0	0	v09	0.0	0.0	0.0	0
277413	BGuard_Chief_Gab1_Dr	on_killed_by_user	KilledByPlayer	0	100		6	var	22	0	0	v10	0.0	0.0	0.0	0
277413	BGuard_Chief_Gab1_Dr	on_killed_by_user	KilledByPlayer	0	100		7	var	22	0	0	v11	0.0	0.0	0.0	0
277413	BGuard_Chief_Gab1_Dr	on_killed_by_user	KilledByPlayer	0	100		8	var	22	0	0	v12	0.0	0.0	0.0	0
277414	BGuard_Chief_Gab1_Dr	on_killed_by_npc	KilledByNpc	0	100		0	spawn	295092	1	12	for_the_fight_self	0.0	0.0	0.0	1
277414	BGuard_Chief_Gab1_Dr	on_killed_by_npc	KilledByNpc	0	100		1	var	22	0	0	v05	0.0	0.0	0.0	0
277414	BGuard_Chief_Gab1_Dr	on_killed_by_npc	KilledByNpc	0	100		2	var	22	0	0	v06	0.0	0.0	0.0	0
277414	BGuard_Chief_Gab1_Dr	on_killed_by_npc	KilledByNpc	0	100		3	var	22	0	0	v07	0.0	0.0	0.0	0
277414	BGuard_Chief_Gab1_Dr	on_killed_by_npc	KilledByNpc	0	100		4	var	22	0	0	v08	0.0	0.0	0.0	0
277414	BGuard_Chief_Gab1_Dr	on_killed_by_npc	KilledByNpc	0	100		5	var	22	0	0	v09	0.0	0.0	0.0	0
277414	BGuard_Chief_Gab1_Dr	on_killed_by_npc	KilledByNpc	0	100		6	var	22	0	0	v10	0.0	0.0	0.0	0
277414	BGuard_Chief_Gab1_Dr	on_killed_by_npc	KilledByNpc	0	100		7	var	22	0	0	v11	0.0	0.0	0.0	0
277414	BGuard_Chief_Gab1_Dr	on_killed_by_npc	KilledByNpc	0	100		8	var	22	0	0	v12	0.0	0.0	0.0	0
277414	BGuard_Chief_Gab1_Dr	on_killed_by_user	KilledByPlayer	0	100		0	spawn	295092	1	12	for_the_fight_self	0.0	0.0	0.0	1
277414	BGuard_Chief_Gab1_Dr	on_killed_by_user	KilledByPlayer	0	100		1	var	22	0	0	v05	0.0	0.0	0.0	0
277414	BGuard_Chief_Gab1_Dr	on_killed_by_user	KilledByPlayer	0	100		2	var	22	0	0	v06	0.0	0.0	0.0	0
277414	BGuard_Chief_Gab1_Dr	on_killed_by_user	KilledByPlayer	0	100		3	var	22	0	0	v07	0.0	0.0	0.0	0
277414	BGuard_Chief_Gab1_Dr	on_killed_by_user	KilledByPlayer	0	100		4	var	22	0	0	v08	0.0	0.0	0.0	0
277414	BGuard_Chief_Gab1_Dr	on_killed_by_user	KilledByPlayer	0	100		5	var	22	0	0	v09	0.0	0.0	0.0	0
277414	BGuard_Chief_Gab1_Dr	on_killed_by_user	KilledByPlayer	0	100		6	var	22	0	0	v10	0.0	0.0	0.0	0
277414	BGuard_Chief_Gab1_Dr	on_killed_by_user	KilledByPlayer	0	100		7	var	22	0	0	v11	0.0	0.0	0.0	0
277414	BGuard_Chief_Gab1_Dr	on_killed_by_user	KilledByPlayer	0	100		8	var	22	0	0	v12	0.0	0.0	0.0	0
277415	BGuard_Chief_Gab1_L	on_killed_by_npc	KilledByNpc	0	100		0	spawn	295092	1	12	for_the_fight_self	0.0	0.0	0.0	1
277415	BGuard_Chief_Gab1_L	on_killed_by_npc	KilledByNpc	0	100		1	var	22	0	0	v05	0.0	0.0	0.0	0
277415	BGuard_Chief_Gab1_L	on_killed_by_npc	KilledByNpc	0	100		2	var	22	0	0	v06	0.0	0.0	0.0	0
277415	BGuard_Chief_Gab1_L	on_killed_by_npc	KilledByNpc	0	100		3	var	22	0	0	v07	0.0	0.0	0.0	0
277415	BGuard_Chief_Gab1_L	on_killed_by_npc	KilledByNpc	0	100		4	var	22	0	0	v08	0.0	0.0	0.0	0
277415	BGuard_Chief_Gab1_L	on_killed_by_npc	KilledByNpc	0	100		5	var	22	0	0	v09	0.0	0.0	0.0	0
277415	BGuard_Chief_Gab1_L	on_killed_by_npc	KilledByNpc	0	100		6	var	22	0	0	v10	0.0	0.0	0.0	0
277415	BGuard_Chief_Gab1_L	on_killed_by_npc	KilledByNpc	0	100		7	var	22	0	0	v11	0.0	0.0	0.0	0
277415	BGuard_Chief_Gab1_L	on_killed_by_npc	KilledByNpc	0	100		8	var	22	0	0	v12	0.0	0.0	0.0	0
277415	BGuard_Chief_Gab1_L	on_killed_by_user	KilledByPlayer	0	100		0	spawn	295092	1	12	for_the_fight_self	0.0	0.0	0.0	1
277415	BGuard_Chief_Gab1_L	on_killed_by_user	KilledByPlayer	0	100		1	var	22	0	0	v05	0.0	0.0	0.0	0
277415	BGuard_Chief_Gab1_L	on_killed_by_user	KilledByPlayer	0	100		2	var	22	0	0	v06	0.0	0.0	0.0	0
277415	BGuard_Chief_Gab1_L	on_killed_by_user	KilledByPlayer	0	100		3	var	22	0	0	v07	0.0	0.0	0.0	0
277415	BGuard_Chief_Gab1_L	on_killed_by_user	KilledByPlayer	0	100		4	var	22	0	0	v08	0.0	0.0	0.0	0
277415	BGuard_Chief_Gab1_L	on_killed_by_user	KilledByPlayer	0	100		5	var	22	0	0	v09	0.0	0.0	0.0	0
277415	BGuard_Chief_Gab1_L	on_killed_by_user	KilledByPlayer	0	100		6	var	22	0	0	v10	0.0	0.0	0.0	0
277415	BGuard_Chief_Gab1_L	on_killed_by_user	KilledByPlayer	0	100		7	var	22	0	0	v11	0.0	0.0	0.0	0
277415	BGuard_Chief_Gab1_L	on_killed_by_user	KilledByPlayer	0	100		8	var	22	0	0	v12	0.0	0.0	0.0	0
277416	BGuard_Chief_Gab1_L	on_killed_by_npc	KilledByNpc	0	100		0	spawn	295092	1	12	for_the_fight_self	0.0	0.0	0.0	1
277416	BGuard_Chief_Gab1_L	on_killed_by_npc	KilledByNpc	0	100		1	var	22	0	0	v05	0.0	0.0	0.0	0
277416	BGuard_Chief_Gab1_L	on_killed_by_npc	KilledByNpc	0	100		2	var	22	0	0	v06	0.0	0.0	0.0	0
277416	BGuard_Chief_Gab1_L	on_killed_by_npc	KilledByNpc	0	100		3	var	22	0	0	v07	0.0	0.0	0.0	0
277416	BGuard_Chief_Gab1_L	on_killed_by_npc	KilledByNpc	0	100		4	var	22	0	0	v08	0.0	0.0	0.0	0
277416	BGuard_Chief_Gab1_L	on_killed_by_npc	KilledByNpc	0	100		5	var	22	0	0	v09	0.0	0.0	0.0	0
277416	BGuard_Chief_Gab1_L	on_killed_by_npc	KilledByNpc	0	100		6	var	22	0	0	v10	0.0	0.0	0.0	0
277416	BGuard_Chief_Gab1_L	on_killed_by_npc	KilledByNpc	0	100		7	var	22	0	0	v11	0.0	0.0	0.0	0
277416	BGuard_Chief_Gab1_L	on_killed_by_npc	KilledByNpc	0	100		8	var	22	0	0	v12	0.0	0.0	0.0	0
277416	BGuard_Chief_Gab1_L	on_killed_by_user	KilledByPlayer	0	100		0	spawn	295092	1	12	for_the_fight_self	0.0	0.0	0.0	1
277416	BGuard_Chief_Gab1_L	on_killed_by_user	KilledByPlayer	0	100		1	var	22	0	0	v05	0.0	0.0	0.0	0
277416	BGuard_Chief_Gab1_L	on_killed_by_user	KilledByPlayer	0	100		2	var	22	0	0	v06	0.0	0.0	0.0	0
277416	BGuard_Chief_Gab1_L	on_killed_by_user	KilledByPlayer	0	100		3	var	22	0	0	v07	0.0	0.0	0.0	0
277416	BGuard_Chief_Gab1_L	on_killed_by_user	KilledByPlayer	0	100		4	var	22	0	0	v08	0.0	0.0	0.0	0
277416	BGuard_Chief_Gab1_L	on_killed_by_user	KilledByPlayer	0	100		5	var	22	0	0	v09	0.0	0.0	0.0	0
277416	BGuard_Chief_Gab1_L	on_killed_by_user	KilledByPlayer	0	100		6	var	22	0	0	v10	0.0	0.0	0.0	0
277416	BGuard_Chief_Gab1_L	on_killed_by_user	KilledByPlayer	0	100		7	var	22	0	0	v11	0.0	0.0	0.0	0
277416	BGuard_Chief_Gab1_L	on_killed_by_user	KilledByPlayer	0	100		8	var	22	0	0	v12	0.0	0.0	0.0	0
277417	BGuard_Chief_Gab1_L	on_killed_by_npc	KilledByNpc	0	100		0	spawn	295092	1	12	for_the_fight_self	0.0	0.0	0.0	1
277417	BGuard_Chief_Gab1_L	on_killed_by_npc	KilledByNpc	0	100		1	var	22	0	0	v05	0.0	0.0	0.0	0
277417	BGuard_Chief_Gab1_L	on_killed_by_npc	KilledByNpc	0	100		2	var	22	0	0	v06	0.0	0.0	0.0	0
277417	BGuard_Chief_Gab1_L	on_killed_by_npc	KilledByNpc	0	100		3	var	22	0	0	v07	0.0	0.0	0.0	0
277417	BGuard_Chief_Gab1_L	on_killed_by_npc	KilledByNpc	0	100		4	var	22	0	0	v08	0.0	0.0	0.0	0
277417	BGuard_Chief_Gab1_L	on_killed_by_npc	KilledByNpc	0	100		5	var	22	0	0	v09	0.0	0.0	0.0	0
277417	BGuard_Chief_Gab1_L	on_killed_by_npc	KilledByNpc	0	100		6	var	22	0	0	v10	0.0	0.0	0.0	0
277417	BGuard_Chief_Gab1_L	on_killed_by_npc	KilledByNpc	0	100		7	var	22	0	0	v11	0.0	0.0	0.0	0
277417	BGuard_Chief_Gab1_L	on_killed_by_npc	KilledByNpc	0	100		8	var	22	0	0	v12	0.0	0.0	0.0	0
277417	BGuard_Chief_Gab1_L	on_killed_by_user	KilledByPlayer	0	100		0	spawn	295092	1	12	for_the_fight_self	0.0	0.0	0.0	1
277417	BGuard_Chief_Gab1_L	on_killed_by_user	KilledByPlayer	0	100		1	var	22	0	0	v05	0.0	0.0	0.0	0
277417	BGuard_Chief_Gab1_L	on_killed_by_user	KilledByPlayer	0	100		2	var	22	0	0	v06	0.0	0.0	0.0	0
277417	BGuard_Chief_Gab1_L	on_killed_by_user	KilledByPlayer	0	100		3	var	22	0	0	v07	0.0	0.0	0.0	0
277417	BGuard_Chief_Gab1_L	on_killed_by_user	KilledByPlayer	0	100		4	var	22	0	0	v08	0.0	0.0	0.0	0
277417	BGuard_Chief_Gab1_L	on_killed_by_user	KilledByPlayer	0	100		5	var	22	0	0	v09	0.0	0.0	0.0	0
277417	BGuard_Chief_Gab1_L	on_killed_by_user	KilledByPlayer	0	100		6	var	22	0	0	v10	0.0	0.0	0.0	0
277417	BGuard_Chief_Gab1_L	on_killed_by_user	KilledByPlayer	0	100		7	var	22	0	0	v11	0.0	0.0	0.0	0
277417	BGuard_Chief_Gab1_L	on_killed_by_user	KilledByPlayer	0	100		8	var	22	0	0	v12	0.0	0.0	0.0	0
277418	BGuard_Chief_Gab1_L	on_killed_by_npc	KilledByNpc	0	100		0	spawn	295092	1	12	for_the_fight_self	0.0	0.0	0.0	1
277418	BGuard_Chief_Gab1_L	on_killed_by_npc	KilledByNpc	0	100		1	var	22	0	0	v05	0.0	0.0	0.0	0
277418	BGuard_Chief_Gab1_L	on_killed_by_npc	KilledByNpc	0	100		2	var	22	0	0	v06	0.0	0.0	0.0	0
277418	BGuard_Chief_Gab1_L	on_killed_by_npc	KilledByNpc	0	100		3	var	22	0	0	v07	0.0	0.0	0.0	0
277418	BGuard_Chief_Gab1_L	on_killed_by_npc	KilledByNpc	0	100		4	var	22	0	0	v08	0.0	0.0	0.0	0
277418	BGuard_Chief_Gab1_L	on_killed_by_npc	KilledByNpc	0	100		5	var	22	0	0	v09	0.0	0.0	0.0	0
277418	BGuard_Chief_Gab1_L	on_killed_by_npc	KilledByNpc	0	100		6	var	22	0	0	v10	0.0	0.0	0.0	0
277418	BGuard_Chief_Gab1_L	on_killed_by_npc	KilledByNpc	0	100		7	var	22	0	0	v11	0.0	0.0	0.0	0
277418	BGuard_Chief_Gab1_L	on_killed_by_npc	KilledByNpc	0	100		8	var	22	0	0	v12	0.0	0.0	0.0	0
277418	BGuard_Chief_Gab1_L	on_killed_by_user	KilledByPlayer	0	100		0	spawn	295092	1	12	for_the_fight_self	0.0	0.0	0.0	1
277418	BGuard_Chief_Gab1_L	on_killed_by_user	KilledByPlayer	0	100		1	var	22	0	0	v05	0.0	0.0	0.0	0
277418	BGuard_Chief_Gab1_L	on_killed_by_user	KilledByPlayer	0	100		2	var	22	0	0	v06	0.0	0.0	0.0	0
277418	BGuard_Chief_Gab1_L	on_killed_by_user	KilledByPlayer	0	100		3	var	22	0	0	v07	0.0	0.0	0.0	0
277418	BGuard_Chief_Gab1_L	on_killed_by_user	KilledByPlayer	0	100		4	var	22	0	0	v08	0.0	0.0	0.0	0
277418	BGuard_Chief_Gab1_L	on_killed_by_user	KilledByPlayer	0	100		5	var	22	0	0	v09	0.0	0.0	0.0	0
277418	BGuard_Chief_Gab1_L	on_killed_by_user	KilledByPlayer	0	100		6	var	22	0	0	v10	0.0	0.0	0.0	0
277418	BGuard_Chief_Gab1_L	on_killed_by_user	KilledByPlayer	0	100		7	var	22	0	0	v11	0.0	0.0	0.0	0
277418	BGuard_Chief_Gab1_L	on_killed_by_user	KilledByPlayer	0	100		8	var	22	0	0	v12	0.0	0.0	0.0	0
277419	BGuard_Chief_Gab1_L	on_killed_by_npc	KilledByNpc	0	100		0	spawn	295092	1	12	for_the_fight_self	0.0	0.0	0.0	1
277419	BGuard_Chief_Gab1_L	on_killed_by_npc	KilledByNpc	0	100		1	var	22	0	0	v05	0.0	0.0	0.0	0
277419	BGuard_Chief_Gab1_L	on_killed_by_npc	KilledByNpc	0	100		2	var	22	0	0	v06	0.0	0.0	0.0	0
277419	BGuard_Chief_Gab1_L	on_killed_by_npc	KilledByNpc	0	100		3	var	22	0	0	v07	0.0	0.0	0.0	0
277419	BGuard_Chief_Gab1_L	on_killed_by_npc	KilledByNpc	0	100		4	var	22	0	0	v08	0.0	0.0	0.0	0
277419	BGuard_Chief_Gab1_L	on_killed_by_npc	KilledByNpc	0	100		5	var	22	0	0	v09	0.0	0.0	0.0	0
277419	BGuard_Chief_Gab1_L	on_killed_by_npc	KilledByNpc	0	100		6	var	22	0	0	v10	0.0	0.0	0.0	0
277419	BGuard_Chief_Gab1_L	on_killed_by_npc	KilledByNpc	0	100		7	var	22	0	0	v11	0.0	0.0	0.0	0
277419	BGuard_Chief_Gab1_L	on_killed_by_npc	KilledByNpc	0	100		8	var	22	0	0	v12	0.0	0.0	0.0	0
277419	BGuard_Chief_Gab1_L	on_killed_by_user	KilledByPlayer	0	100		0	spawn	295092	1	12	for_the_fight_self	0.0	0.0	0.0	1
277419	BGuard_Chief_Gab1_L	on_killed_by_user	KilledByPlayer	0	100		1	var	22	0	0	v05	0.0	0.0	0.0	0
277419	BGuard_Chief_Gab1_L	on_killed_by_user	KilledByPlayer	0	100		2	var	22	0	0	v06	0.0	0.0	0.0	0
277419	BGuard_Chief_Gab1_L	on_killed_by_user	KilledByPlayer	0	100		3	var	22	0	0	v07	0.0	0.0	0.0	0
277419	BGuard_Chief_Gab1_L	on_killed_by_user	KilledByPlayer	0	100		4	var	22	0	0	v08	0.0	0.0	0.0	0
277419	BGuard_Chief_Gab1_L	on_killed_by_user	KilledByPlayer	0	100		5	var	22	0	0	v09	0.0	0.0	0.0	0
277419	BGuard_Chief_Gab1_L	on_killed_by_user	KilledByPlayer	0	100		6	var	22	0	0	v10	0.0	0.0	0.0	0
277419	BGuard_Chief_Gab1_L	on_killed_by_user	KilledByPlayer	0	100		7	var	22	0	0	v11	0.0	0.0	0.0	0
277419	BGuard_Chief_Gab1_L	on_killed_by_user	KilledByPlayer	0	100		8	var	22	0	0	v12	0.0	0.0	0.0	0
277420	BGuard_Chief_Gab1_D	on_killed_by_npc	KilledByNpc	0	100		0	spawn	295092	1	12	for_the_fight_self	0.0	0.0	0.0	1
277420	BGuard_Chief_Gab1_D	on_killed_by_npc	KilledByNpc	0	100		1	var	22	0	0	v05	0.0	0.0	0.0	0
277420	BGuard_Chief_Gab1_D	on_killed_by_npc	KilledByNpc	0	100		2	var	22	0	0	v06	0.0	0.0	0.0	0
277420	BGuard_Chief_Gab1_D	on_killed_by_npc	KilledByNpc	0	100		3	var	22	0	0	v07	0.0	0.0	0.0	0
277420	BGuard_Chief_Gab1_D	on_killed_by_npc	KilledByNpc	0	100		4	var	22	0	0	v08	0.0	0.0	0.0	0
277420	BGuard_Chief_Gab1_D	on_killed_by_npc	KilledByNpc	0	100		5	var	22	0	0	v09	0.0	0.0	0.0	0
277420	BGuard_Chief_Gab1_D	on_killed_by_npc	KilledByNpc	0	100		6	var	22	0	0	v10	0.0	0.0	0.0	0
277420	BGuard_Chief_Gab1_D	on_killed_by_npc	KilledByNpc	0	100		7	var	22	0	0	v11	0.0	0.0	0.0	0
277420	BGuard_Chief_Gab1_D	on_killed_by_npc	KilledByNpc	0	100		8	var	22	0	0	v12	0.0	0.0	0.0	0
277420	BGuard_Chief_Gab1_D	on_killed_by_user	KilledByPlayer	0	100		0	spawn	295092	1	12	for_the_fight_self	0.0	0.0	0.0	1
277420	BGuard_Chief_Gab1_D	on_killed_by_user	KilledByPlayer	0	100		1	var	22	0	0	v05	0.0	0.0	0.0	0
277420	BGuard_Chief_Gab1_D	on_killed_by_user	KilledByPlayer	0	100		2	var	22	0	0	v06	0.0	0.0	0.0	0
277420	BGuard_Chief_Gab1_D	on_killed_by_user	KilledByPlayer	0	100		3	var	22	0	0	v07	0.0	0.0	0.0	0
277420	BGuard_Chief_Gab1_D	on_killed_by_user	KilledByPlayer	0	100		4	var	22	0	0	v08	0.0	0.0	0.0	0
277420	BGuard_Chief_Gab1_D	on_killed_by_user	KilledByPlayer	0	100		5	var	22	0	0	v09	0.0	0.0	0.0	0
277420	BGuard_Chief_Gab1_D	on_killed_by_user	KilledByPlayer	0	100		6	var	22	0	0	v10	0.0	0.0	0.0	0
277420	BGuard_Chief_Gab1_D	on_killed_by_user	KilledByPlayer	0	100		7	var	22	0	0	v11	0.0	0.0	0.0	0
277420	BGuard_Chief_Gab1_D	on_killed_by_user	KilledByPlayer	0	100		8	var	22	0	0	v12	0.0	0.0	0.0	0
277421	BGuard_Chief_Gab1_D	on_killed_by_npc	KilledByNpc	0	100		0	spawn	295092	1	12	for_the_fight_self	0.0	0.0	0.0	1
277421	BGuard_Chief_Gab1_D	on_killed_by_npc	KilledByNpc	0	100		1	var	22	0	0	v05	0.0	0.0	0.0	0
277421	BGuard_Chief_Gab1_D	on_killed_by_npc	KilledByNpc	0	100		2	var	22	0	0	v06	0.0	0.0	0.0	0
277421	BGuard_Chief_Gab1_D	on_killed_by_npc	KilledByNpc	0	100		3	var	22	0	0	v07	0.0	0.0	0.0	0
277421	BGuard_Chief_Gab1_D	on_killed_by_npc	KilledByNpc	0	100		4	var	22	0	0	v08	0.0	0.0	0.0	0
277421	BGuard_Chief_Gab1_D	on_killed_by_npc	KilledByNpc	0	100		5	var	22	0	0	v09	0.0	0.0	0.0	0
277421	BGuard_Chief_Gab1_D	on_killed_by_npc	KilledByNpc	0	100		6	var	22	0	0	v10	0.0	0.0	0.0	0
277421	BGuard_Chief_Gab1_D	on_killed_by_npc	KilledByNpc	0	100		7	var	22	0	0	v11	0.0	0.0	0.0	0
277421	BGuard_Chief_Gab1_D	on_killed_by_npc	KilledByNpc	0	100		8	var	22	0	0	v12	0.0	0.0	0.0	0
277421	BGuard_Chief_Gab1_D	on_killed_by_user	KilledByPlayer	0	100		0	spawn	295092	1	12	for_the_fight_self	0.0	0.0	0.0	1
277421	BGuard_Chief_Gab1_D	on_killed_by_user	KilledByPlayer	0	100		1	var	22	0	0	v05	0.0	0.0	0.0	0
277421	BGuard_Chief_Gab1_D	on_killed_by_user	KilledByPlayer	0	100		2	var	22	0	0	v06	0.0	0.0	0.0	0
277421	BGuard_Chief_Gab1_D	on_killed_by_user	KilledByPlayer	0	100		3	var	22	0	0	v07	0.0	0.0	0.0	0
277421	BGuard_Chief_Gab1_D	on_killed_by_user	KilledByPlayer	0	100		4	var	22	0	0	v08	0.0	0.0	0.0	0
277421	BGuard_Chief_Gab1_D	on_killed_by_user	KilledByPlayer	0	100		5	var	22	0	0	v09	0.0	0.0	0.0	0
277421	BGuard_Chief_Gab1_D	on_killed_by_user	KilledByPlayer	0	100		6	var	22	0	0	v10	0.0	0.0	0.0	0
277421	BGuard_Chief_Gab1_D	on_killed_by_user	KilledByPlayer	0	100		7	var	22	0	0	v11	0.0	0.0	0.0	0
277421	BGuard_Chief_Gab1_D	on_killed_by_user	KilledByPlayer	0	100		8	var	22	0	0	v12	0.0	0.0	0.0	0
277422	BGuard_Chief_Gab1_D	on_killed_by_npc	KilledByNpc	0	100		0	spawn	295092	1	12	for_the_fight_self	0.0	0.0	0.0	1
277422	BGuard_Chief_Gab1_D	on_killed_by_npc	KilledByNpc	0	100		1	var	22	0	0	v05	0.0	0.0	0.0	0
277422	BGuard_Chief_Gab1_D	on_killed_by_npc	KilledByNpc	0	100		2	var	22	0	0	v06	0.0	0.0	0.0	0
277422	BGuard_Chief_Gab1_D	on_killed_by_npc	KilledByNpc	0	100		3	var	22	0	0	v07	0.0	0.0	0.0	0
277422	BGuard_Chief_Gab1_D	on_killed_by_npc	KilledByNpc	0	100		4	var	22	0	0	v08	0.0	0.0	0.0	0
277422	BGuard_Chief_Gab1_D	on_killed_by_npc	KilledByNpc	0	100		5	var	22	0	0	v09	0.0	0.0	0.0	0
277422	BGuard_Chief_Gab1_D	on_killed_by_npc	KilledByNpc	0	100		6	var	22	0	0	v10	0.0	0.0	0.0	0
277422	BGuard_Chief_Gab1_D	on_killed_by_npc	KilledByNpc	0	100		7	var	22	0	0	v11	0.0	0.0	0.0	0
277422	BGuard_Chief_Gab1_D	on_killed_by_npc	KilledByNpc	0	100		8	var	22	0	0	v12	0.0	0.0	0.0	0
277422	BGuard_Chief_Gab1_D	on_killed_by_user	KilledByPlayer	0	100		0	spawn	295092	1	12	for_the_fight_self	0.0	0.0	0.0	1
277422	BGuard_Chief_Gab1_D	on_killed_by_user	KilledByPlayer	0	100		1	var	22	0	0	v05	0.0	0.0	0.0	0
277422	BGuard_Chief_Gab1_D	on_killed_by_user	KilledByPlayer	0	100		2	var	22	0	0	v06	0.0	0.0	0.0	0
277422	BGuard_Chief_Gab1_D	on_killed_by_user	KilledByPlayer	0	100		3	var	22	0	0	v07	0.0	0.0	0.0	0
277422	BGuard_Chief_Gab1_D	on_killed_by_user	KilledByPlayer	0	100		4	var	22	0	0	v08	0.0	0.0	0.0	0
277422	BGuard_Chief_Gab1_D	on_killed_by_user	KilledByPlayer	0	100		5	var	22	0	0	v09	0.0	0.0	0.0	0
277422	BGuard_Chief_Gab1_D	on_killed_by_user	KilledByPlayer	0	100		6	var	22	0	0	v10	0.0	0.0	0.0	0
277422	BGuard_Chief_Gab1_D	on_killed_by_user	KilledByPlayer	0	100		7	var	22	0	0	v11	0.0	0.0	0.0	0
277422	BGuard_Chief_Gab1_D	on_killed_by_user	KilledByPlayer	0	100		8	var	22	0	0	v12	0.0	0.0	0.0	0
277423	BGuard_Chief_Gab1_D	on_killed_by_npc	KilledByNpc	0	100		0	spawn	295092	1	12	for_the_fight_self	0.0	0.0	0.0	1
277423	BGuard_Chief_Gab1_D	on_killed_by_npc	KilledByNpc	0	100		1	var	22	0	0	v05	0.0	0.0	0.0	0
277423	BGuard_Chief_Gab1_D	on_killed_by_npc	KilledByNpc	0	100		2	var	22	0	0	v06	0.0	0.0	0.0	0
277423	BGuard_Chief_Gab1_D	on_killed_by_npc	KilledByNpc	0	100		3	var	22	0	0	v07	0.0	0.0	0.0	0
277423	BGuard_Chief_Gab1_D	on_killed_by_npc	KilledByNpc	0	100		4	var	22	0	0	v08	0.0	0.0	0.0	0
277423	BGuard_Chief_Gab1_D	on_killed_by_npc	KilledByNpc	0	100		5	var	22	0	0	v09	0.0	0.0	0.0	0
277423	BGuard_Chief_Gab1_D	on_killed_by_npc	KilledByNpc	0	100		6	var	22	0	0	v10	0.0	0.0	0.0	0
277423	BGuard_Chief_Gab1_D	on_killed_by_npc	KilledByNpc	0	100		7	var	22	0	0	v11	0.0	0.0	0.0	0
277423	BGuard_Chief_Gab1_D	on_killed_by_npc	KilledByNpc	0	100		8	var	22	0	0	v12	0.0	0.0	0.0	0
277423	BGuard_Chief_Gab1_D	on_killed_by_user	KilledByPlayer	0	100		0	spawn	295092	1	12	for_the_fight_self	0.0	0.0	0.0	1
277423	BGuard_Chief_Gab1_D	on_killed_by_user	KilledByPlayer	0	100		1	var	22	0	0	v05	0.0	0.0	0.0	0
277423	BGuard_Chief_Gab1_D	on_killed_by_user	KilledByPlayer	0	100		2	var	22	0	0	v06	0.0	0.0	0.0	0
277423	BGuard_Chief_Gab1_D	on_killed_by_user	KilledByPlayer	0	100		3	var	22	0	0	v07	0.0	0.0	0.0	0
277423	BGuard_Chief_Gab1_D	on_killed_by_user	KilledByPlayer	0	100		4	var	22	0	0	v08	0.0	0.0	0.0	0
277423	BGuard_Chief_Gab1_D	on_killed_by_user	KilledByPlayer	0	100		5	var	22	0	0	v09	0.0	0.0	0.0	0
277423	BGuard_Chief_Gab1_D	on_killed_by_user	KilledByPlayer	0	100		6	var	22	0	0	v10	0.0	0.0	0.0	0
277423	BGuard_Chief_Gab1_D	on_killed_by_user	KilledByPlayer	0	100		7	var	22	0	0	v11	0.0	0.0	0.0	0
277423	BGuard_Chief_Gab1_D	on_killed_by_user	KilledByPlayer	0	100		8	var	22	0	0	v12	0.0	0.0	0.0	0
277424	BGuard_Chief_Gab1_D	on_killed_by_npc	KilledByNpc	0	100		0	spawn	295092	1	12	for_the_fight_self	0.0	0.0	0.0	1
277424	BGuard_Chief_Gab1_D	on_killed_by_npc	KilledByNpc	0	100		1	var	22	0	0	v05	0.0	0.0	0.0	0
277424	BGuard_Chief_Gab1_D	on_killed_by_npc	KilledByNpc	0	100		2	var	22	0	0	v06	0.0	0.0	0.0	0
277424	BGuard_Chief_Gab1_D	on_killed_by_npc	KilledByNpc	0	100		3	var	22	0	0	v07	0.0	0.0	0.0	0
277424	BGuard_Chief_Gab1_D	on_killed_by_npc	KilledByNpc	0	100		4	var	22	0	0	v08	0.0	0.0	0.0	0
277424	BGuard_Chief_Gab1_D	on_killed_by_npc	KilledByNpc	0	100		5	var	22	0	0	v09	0.0	0.0	0.0	0
277424	BGuard_Chief_Gab1_D	on_killed_by_npc	KilledByNpc	0	100		6	var	22	0	0	v10	0.0	0.0	0.0	0
277424	BGuard_Chief_Gab1_D	on_killed_by_npc	KilledByNpc	0	100		7	var	22	0	0	v11	0.0	0.0	0.0	0
277424	BGuard_Chief_Gab1_D	on_killed_by_npc	KilledByNpc	0	100		8	var	22	0	0	v12	0.0	0.0	0.0	0
277424	BGuard_Chief_Gab1_D	on_killed_by_user	KilledByPlayer	0	100		0	spawn	295092	1	12	for_the_fight_self	0.0	0.0	0.0	1
277424	BGuard_Chief_Gab1_D	on_killed_by_user	KilledByPlayer	0	100		1	var	22	0	0	v05	0.0	0.0	0.0	0
277424	BGuard_Chief_Gab1_D	on_killed_by_user	KilledByPlayer	0	100		2	var	22	0	0	v06	0.0	0.0	0.0	0
277424	BGuard_Chief_Gab1_D	on_killed_by_user	KilledByPlayer	0	100		3	var	22	0	0	v07	0.0	0.0	0.0	0
277424	BGuard_Chief_Gab1_D	on_killed_by_user	KilledByPlayer	0	100		4	var	22	0	0	v08	0.0	0.0	0.0	0
277424	BGuard_Chief_Gab1_D	on_killed_by_user	KilledByPlayer	0	100		5	var	22	0	0	v09	0.0	0.0	0.0	0
277424	BGuard_Chief_Gab1_D	on_killed_by_user	KilledByPlayer	0	100		6	var	22	0	0	v10	0.0	0.0	0.0	0
277424	BGuard_Chief_Gab1_D	on_killed_by_user	KilledByPlayer	0	100		7	var	22	0	0	v11	0.0	0.0	0.0	0
277424	BGuard_Chief_Gab1_D	on_killed_by_user	KilledByPlayer	0	100		8	var	22	0	0	v12	0.0	0.0	0.0	0
277425	BGuard_Chief_Gab1_Dr	on_killed_by_npc	KilledByNpc	0	100		0	spawn	295092	1	12	for_the_fight_self	0.0	0.0	0.0	1
277425	BGuard_Chief_Gab1_Dr	on_killed_by_npc	KilledByNpc	0	100		1	var	22	0	0	v05	0.0	0.0	0.0	0
277425	BGuard_Chief_Gab1_Dr	on_killed_by_npc	KilledByNpc	0	100		2	var	22	0	0	v06	0.0	0.0	0.0	0
277425	BGuard_Chief_Gab1_Dr	on_killed_by_npc	KilledByNpc	0	100		3	var	22	0	0	v07	0.0	0.0	0.0	0
277425	BGuard_Chief_Gab1_Dr	on_killed_by_npc	KilledByNpc	0	100		4	var	22	0	0	v08	0.0	0.0	0.0	0
277425	BGuard_Chief_Gab1_Dr	on_killed_by_npc	KilledByNpc	0	100		5	var	22	0	0	v09	0.0	0.0	0.0	0
277425	BGuard_Chief_Gab1_Dr	on_killed_by_npc	KilledByNpc	0	100		6	var	22	0	0	v10	0.0	0.0	0.0	0
277425	BGuard_Chief_Gab1_Dr	on_killed_by_npc	KilledByNpc	0	100		7	var	22	0	0	v11	0.0	0.0	0.0	0
277425	BGuard_Chief_Gab1_Dr	on_killed_by_npc	KilledByNpc	0	100		8	var	22	0	0	v12	0.0	0.0	0.0	0
277425	BGuard_Chief_Gab1_Dr	on_killed_by_user	KilledByPlayer	0	100		0	spawn	295092	1	12	for_the_fight_self	0.0	0.0	0.0	1
277425	BGuard_Chief_Gab1_Dr	on_killed_by_user	KilledByPlayer	0	100		1	var	22	0	0	v05	0.0	0.0	0.0	0
277425	BGuard_Chief_Gab1_Dr	on_killed_by_user	KilledByPlayer	0	100		2	var	22	0	0	v06	0.0	0.0	0.0	0
277425	BGuard_Chief_Gab1_Dr	on_killed_by_user	KilledByPlayer	0	100		3	var	22	0	0	v07	0.0	0.0	0.0	0
277425	BGuard_Chief_Gab1_Dr	on_killed_by_user	KilledByPlayer	0	100		4	var	22	0	0	v08	0.0	0.0	0.0	0
277425	BGuard_Chief_Gab1_Dr	on_killed_by_user	KilledByPlayer	0	100		5	var	22	0	0	v09	0.0	0.0	0.0	0
277425	BGuard_Chief_Gab1_Dr	on_killed_by_user	KilledByPlayer	0	100		6	var	22	0	0	v10	0.0	0.0	0.0	0
277425	BGuard_Chief_Gab1_Dr	on_killed_by_user	KilledByPlayer	0	100		7	var	22	0	0	v11	0.0	0.0	0.0	0
277425	BGuard_Chief_Gab1_Dr	on_killed_by_user	KilledByPlayer	0	100		8	var	22	0	0	v12	0.0	0.0	0.0	0
277426	BGuard_Chief_Gab1_Dr	on_killed_by_npc	KilledByNpc	0	100		0	spawn	295092	1	12	for_the_fight_self	0.0	0.0	0.0	1
277426	BGuard_Chief_Gab1_Dr	on_killed_by_npc	KilledByNpc	0	100		1	var	22	0	0	v05	0.0	0.0	0.0	0
277426	BGuard_Chief_Gab1_Dr	on_killed_by_npc	KilledByNpc	0	100		2	var	22	0	0	v06	0.0	0.0	0.0	0
277426	BGuard_Chief_Gab1_Dr	on_killed_by_npc	KilledByNpc	0	100		3	var	22	0	0	v07	0.0	0.0	0.0	0
277426	BGuard_Chief_Gab1_Dr	on_killed_by_npc	KilledByNpc	0	100		4	var	22	0	0	v08	0.0	0.0	0.0	0
277426	BGuard_Chief_Gab1_Dr	on_killed_by_npc	KilledByNpc	0	100		5	var	22	0	0	v09	0.0	0.0	0.0	0
277426	BGuard_Chief_Gab1_Dr	on_killed_by_npc	KilledByNpc	0	100		6	var	22	0	0	v10	0.0	0.0	0.0	0
277426	BGuard_Chief_Gab1_Dr	on_killed_by_npc	KilledByNpc	0	100		7	var	22	0	0	v11	0.0	0.0	0.0	0
277426	BGuard_Chief_Gab1_Dr	on_killed_by_npc	KilledByNpc	0	100		8	var	22	0	0	v12	0.0	0.0	0.0	0
277426	BGuard_Chief_Gab1_Dr	on_killed_by_user	KilledByPlayer	0	100		0	spawn	295092	1	12	for_the_fight_self	0.0	0.0	0.0	1
277426	BGuard_Chief_Gab1_Dr	on_killed_by_user	KilledByPlayer	0	100		1	var	22	0	0	v05	0.0	0.0	0.0	0
277426	BGuard_Chief_Gab1_Dr	on_killed_by_user	KilledByPlayer	0	100		2	var	22	0	0	v06	0.0	0.0	0.0	0
277426	BGuard_Chief_Gab1_Dr	on_killed_by_user	KilledByPlayer	0	100		3	var	22	0	0	v07	0.0	0.0	0.0	0
277426	BGuard_Chief_Gab1_Dr	on_killed_by_user	KilledByPlayer	0	100		4	var	22	0	0	v08	0.0	0.0	0.0	0
277426	BGuard_Chief_Gab1_Dr	on_killed_by_user	KilledByPlayer	0	100		5	var	22	0	0	v09	0.0	0.0	0.0	0
277426	BGuard_Chief_Gab1_Dr	on_killed_by_user	KilledByPlayer	0	100		6	var	22	0	0	v10	0.0	0.0	0.0	0
277426	BGuard_Chief_Gab1_Dr	on_killed_by_user	KilledByPlayer	0	100		7	var	22	0	0	v11	0.0	0.0	0.0	0
277426	BGuard_Chief_Gab1_Dr	on_killed_by_user	KilledByPlayer	0	100		8	var	22	0	0	v12	0.0	0.0	0.0	0
277427	BGuard_Chief_Gab1_Dr	on_killed_by_npc	KilledByNpc	0	100		0	spawn	295092	1	12	for_the_fight_self	0.0	0.0	0.0	1
277427	BGuard_Chief_Gab1_Dr	on_killed_by_npc	KilledByNpc	0	100		1	var	22	0	0	v05	0.0	0.0	0.0	0
277427	BGuard_Chief_Gab1_Dr	on_killed_by_npc	KilledByNpc	0	100		2	var	22	0	0	v06	0.0	0.0	0.0	0
277427	BGuard_Chief_Gab1_Dr	on_killed_by_npc	KilledByNpc	0	100		3	var	22	0	0	v07	0.0	0.0	0.0	0
277427	BGuard_Chief_Gab1_Dr	on_killed_by_npc	KilledByNpc	0	100		4	var	22	0	0	v08	0.0	0.0	0.0	0
277427	BGuard_Chief_Gab1_Dr	on_killed_by_npc	KilledByNpc	0	100		5	var	22	0	0	v09	0.0	0.0	0.0	0
277427	BGuard_Chief_Gab1_Dr	on_killed_by_npc	KilledByNpc	0	100		6	var	22	0	0	v10	0.0	0.0	0.0	0
277427	BGuard_Chief_Gab1_Dr	on_killed_by_npc	KilledByNpc	0	100		7	var	22	0	0	v11	0.0	0.0	0.0	0
277427	BGuard_Chief_Gab1_Dr	on_killed_by_npc	KilledByNpc	0	100		8	var	22	0	0	v12	0.0	0.0	0.0	0
277427	BGuard_Chief_Gab1_Dr	on_killed_by_user	KilledByPlayer	0	100		0	spawn	295092	1	12	for_the_fight_self	0.0	0.0	0.0	1
277427	BGuard_Chief_Gab1_Dr	on_killed_by_user	KilledByPlayer	0	100		1	var	22	0	0	v05	0.0	0.0	0.0	0
277427	BGuard_Chief_Gab1_Dr	on_killed_by_user	KilledByPlayer	0	100		2	var	22	0	0	v06	0.0	0.0	0.0	0
277427	BGuard_Chief_Gab1_Dr	on_killed_by_user	KilledByPlayer	0	100		3	var	22	0	0	v07	0.0	0.0	0.0	0
277427	BGuard_Chief_Gab1_Dr	on_killed_by_user	KilledByPlayer	0	100		4	var	22	0	0	v08	0.0	0.0	0.0	0
277427	BGuard_Chief_Gab1_Dr	on_killed_by_user	KilledByPlayer	0	100		5	var	22	0	0	v09	0.0	0.0	0.0	0
277427	BGuard_Chief_Gab1_Dr	on_killed_by_user	KilledByPlayer	0	100		6	var	22	0	0	v10	0.0	0.0	0.0	0
277427	BGuard_Chief_Gab1_Dr	on_killed_by_user	KilledByPlayer	0	100		7	var	22	0	0	v11	0.0	0.0	0.0	0
277427	BGuard_Chief_Gab1_Dr	on_killed_by_user	KilledByPlayer	0	100		8	var	22	0	0	v12	0.0	0.0	0.0	0
277428	BGuard_Chief_Gab1_Dr	on_killed_by_npc	KilledByNpc	0	100		0	spawn	295092	1	12	for_the_fight_self	0.0	0.0	0.0	1
277428	BGuard_Chief_Gab1_Dr	on_killed_by_npc	KilledByNpc	0	100		1	var	22	0	0	v05	0.0	0.0	0.0	0
277428	BGuard_Chief_Gab1_Dr	on_killed_by_npc	KilledByNpc	0	100		2	var	22	0	0	v06	0.0	0.0	0.0	0
277428	BGuard_Chief_Gab1_Dr	on_killed_by_npc	KilledByNpc	0	100		3	var	22	0	0	v07	0.0	0.0	0.0	0
277428	BGuard_Chief_Gab1_Dr	on_killed_by_npc	KilledByNpc	0	100		4	var	22	0	0	v08	0.0	0.0	0.0	0
277428	BGuard_Chief_Gab1_Dr	on_killed_by_npc	KilledByNpc	0	100		5	var	22	0	0	v09	0.0	0.0	0.0	0
277428	BGuard_Chief_Gab1_Dr	on_killed_by_npc	KilledByNpc	0	100		6	var	22	0	0	v10	0.0	0.0	0.0	0
277428	BGuard_Chief_Gab1_Dr	on_killed_by_npc	KilledByNpc	0	100		7	var	22	0	0	v11	0.0	0.0	0.0	0
277428	BGuard_Chief_Gab1_Dr	on_killed_by_npc	KilledByNpc	0	100		8	var	22	0	0	v12	0.0	0.0	0.0	0
277428	BGuard_Chief_Gab1_Dr	on_killed_by_user	KilledByPlayer	0	100		0	spawn	295092	1	12	for_the_fight_self	0.0	0.0	0.0	1
277428	BGuard_Chief_Gab1_Dr	on_killed_by_user	KilledByPlayer	0	100		1	var	22	0	0	v05	0.0	0.0	0.0	0
277428	BGuard_Chief_Gab1_Dr	on_killed_by_user	KilledByPlayer	0	100		2	var	22	0	0	v06	0.0	0.0	0.0	0
277428	BGuard_Chief_Gab1_Dr	on_killed_by_user	KilledByPlayer	0	100		3	var	22	0	0	v07	0.0	0.0	0.0	0
277428	BGuard_Chief_Gab1_Dr	on_killed_by_user	KilledByPlayer	0	100		4	var	22	0	0	v08	0.0	0.0	0.0	0
277428	BGuard_Chief_Gab1_Dr	on_killed_by_user	KilledByPlayer	0	100		5	var	22	0	0	v09	0.0	0.0	0.0	0
277428	BGuard_Chief_Gab1_Dr	on_killed_by_user	KilledByPlayer	0	100		6	var	22	0	0	v10	0.0	0.0	0.0	0
277428	BGuard_Chief_Gab1_Dr	on_killed_by_user	KilledByPlayer	0	100		7	var	22	0	0	v11	0.0	0.0	0.0	0
277428	BGuard_Chief_Gab1_Dr	on_killed_by_user	KilledByPlayer	0	100		8	var	22	0	0	v12	0.0	0.0	0.0	0
277429	BGuard_Chief_Gab1_Dr	on_killed_by_npc	KilledByNpc	0	100		0	spawn	295092	1	12	for_the_fight_self	0.0	0.0	0.0	1
277429	BGuard_Chief_Gab1_Dr	on_killed_by_npc	KilledByNpc	0	100		1	var	22	0	0	v05	0.0	0.0	0.0	0
277429	BGuard_Chief_Gab1_Dr	on_killed_by_npc	KilledByNpc	0	100		2	var	22	0	0	v06	0.0	0.0	0.0	0
277429	BGuard_Chief_Gab1_Dr	on_killed_by_npc	KilledByNpc	0	100		3	var	22	0	0	v07	0.0	0.0	0.0	0
277429	BGuard_Chief_Gab1_Dr	on_killed_by_npc	KilledByNpc	0	100		4	var	22	0	0	v08	0.0	0.0	0.0	0
277429	BGuard_Chief_Gab1_Dr	on_killed_by_npc	KilledByNpc	0	100		5	var	22	0	0	v09	0.0	0.0	0.0	0
277429	BGuard_Chief_Gab1_Dr	on_killed_by_npc	KilledByNpc	0	100		6	var	22	0	0	v10	0.0	0.0	0.0	0
277429	BGuard_Chief_Gab1_Dr	on_killed_by_npc	KilledByNpc	0	100		7	var	22	0	0	v11	0.0	0.0	0.0	0
277429	BGuard_Chief_Gab1_Dr	on_killed_by_npc	KilledByNpc	0	100		8	var	22	0	0	v12	0.0	0.0	0.0	0
277429	BGuard_Chief_Gab1_Dr	on_killed_by_user	KilledByPlayer	0	100		0	spawn	295092	1	12	for_the_fight_self	0.0	0.0	0.0	1
277429	BGuard_Chief_Gab1_Dr	on_killed_by_user	KilledByPlayer	0	100		1	var	22	0	0	v05	0.0	0.0	0.0	0
277429	BGuard_Chief_Gab1_Dr	on_killed_by_user	KilledByPlayer	0	100		2	var	22	0	0	v06	0.0	0.0	0.0	0
277429	BGuard_Chief_Gab1_Dr	on_killed_by_user	KilledByPlayer	0	100		3	var	22	0	0	v07	0.0	0.0	0.0	0
277429	BGuard_Chief_Gab1_Dr	on_killed_by_user	KilledByPlayer	0	100		4	var	22	0	0	v08	0.0	0.0	0.0	0
277429	BGuard_Chief_Gab1_Dr	on_killed_by_user	KilledByPlayer	0	100		5	var	22	0	0	v09	0.0	0.0	0.0	0
277429	BGuard_Chief_Gab1_Dr	on_killed_by_user	KilledByPlayer	0	100		6	var	22	0	0	v10	0.0	0.0	0.0	0
277429	BGuard_Chief_Gab1_Dr	on_killed_by_user	KilledByPlayer	0	100		7	var	22	0	0	v11	0.0	0.0	0.0	0
277429	BGuard_Chief_Gab1_Dr	on_killed_by_user	KilledByPlayer	0	100		8	var	22	0	0	v12	0.0	0.0	0.0	0
277430	BGuard_Chief_Gab1_L	on_killed_by_npc	KilledByNpc	0	100		0	spawn	295092	1	12	for_the_fight_self	0.0	0.0	0.0	1
277430	BGuard_Chief_Gab1_L	on_killed_by_npc	KilledByNpc	0	100		1	var	22	0	0	v05	0.0	0.0	0.0	0
277430	BGuard_Chief_Gab1_L	on_killed_by_npc	KilledByNpc	0	100		2	var	22	0	0	v06	0.0	0.0	0.0	0
277430	BGuard_Chief_Gab1_L	on_killed_by_npc	KilledByNpc	0	100		3	var	22	0	0	v07	0.0	0.0	0.0	0
277430	BGuard_Chief_Gab1_L	on_killed_by_npc	KilledByNpc	0	100		4	var	22	0	0	v08	0.0	0.0	0.0	0
277430	BGuard_Chief_Gab1_L	on_killed_by_npc	KilledByNpc	0	100		5	var	22	0	0	v09	0.0	0.0	0.0	0
277430	BGuard_Chief_Gab1_L	on_killed_by_npc	KilledByNpc	0	100		6	var	22	0	0	v10	0.0	0.0	0.0	0
277430	BGuard_Chief_Gab1_L	on_killed_by_npc	KilledByNpc	0	100		7	var	22	0	0	v11	0.0	0.0	0.0	0
277430	BGuard_Chief_Gab1_L	on_killed_by_npc	KilledByNpc	0	100		8	var	22	0	0	v12	0.0	0.0	0.0	0
277430	BGuard_Chief_Gab1_L	on_killed_by_user	KilledByPlayer	0	100		0	spawn	295092	1	12	for_the_fight_self	0.0	0.0	0.0	1
277430	BGuard_Chief_Gab1_L	on_killed_by_user	KilledByPlayer	0	100		1	var	22	0	0	v05	0.0	0.0	0.0	0
277430	BGuard_Chief_Gab1_L	on_killed_by_user	KilledByPlayer	0	100		2	var	22	0	0	v06	0.0	0.0	0.0	0
277430	BGuard_Chief_Gab1_L	on_killed_by_user	KilledByPlayer	0	100		3	var	22	0	0	v07	0.0	0.0	0.0	0
277430	BGuard_Chief_Gab1_L	on_killed_by_user	KilledByPlayer	0	100		4	var	22	0	0	v08	0.0	0.0	0.0	0
277430	BGuard_Chief_Gab1_L	on_killed_by_user	KilledByPlayer	0	100		5	var	22	0	0	v09	0.0	0.0	0.0	0
277430	BGuard_Chief_Gab1_L	on_killed_by_user	KilledByPlayer	0	100		6	var	22	0	0	v10	0.0	0.0	0.0	0
277430	BGuard_Chief_Gab1_L	on_killed_by_user	KilledByPlayer	0	100		7	var	22	0	0	v11	0.0	0.0	0.0	0
277430	BGuard_Chief_Gab1_L	on_killed_by_user	KilledByPlayer	0	100		8	var	22	0	0	v12	0.0	0.0	0.0	0
277431	BGuard_Chief_Gab1_L	on_killed_by_npc	KilledByNpc	0	100		0	spawn	295092	1	12	for_the_fight_self	0.0	0.0	0.0	1
277431	BGuard_Chief_Gab1_L	on_killed_by_npc	KilledByNpc	0	100		1	var	22	0	0	v05	0.0	0.0	0.0	0
277431	BGuard_Chief_Gab1_L	on_killed_by_npc	KilledByNpc	0	100		2	var	22	0	0	v06	0.0	0.0	0.0	0
277431	BGuard_Chief_Gab1_L	on_killed_by_npc	KilledByNpc	0	100		3	var	22	0	0	v07	0.0	0.0	0.0	0
277431	BGuard_Chief_Gab1_L	on_killed_by_npc	KilledByNpc	0	100		4	var	22	0	0	v08	0.0	0.0	0.0	0
277431	BGuard_Chief_Gab1_L	on_killed_by_npc	KilledByNpc	0	100		5	var	22	0	0	v09	0.0	0.0	0.0	0
277431	BGuard_Chief_Gab1_L	on_killed_by_npc	KilledByNpc	0	100		6	var	22	0	0	v10	0.0	0.0	0.0	0
277431	BGuard_Chief_Gab1_L	on_killed_by_npc	KilledByNpc	0	100		7	var	22	0	0	v11	0.0	0.0	0.0	0
277431	BGuard_Chief_Gab1_L	on_killed_by_npc	KilledByNpc	0	100		8	var	22	0	0	v12	0.0	0.0	0.0	0
277431	BGuard_Chief_Gab1_L	on_killed_by_user	KilledByPlayer	0	100		0	spawn	295092	1	12	for_the_fight_self	0.0	0.0	0.0	1
277431	BGuard_Chief_Gab1_L	on_killed_by_user	KilledByPlayer	0	100		1	var	22	0	0	v05	0.0	0.0	0.0	0
277431	BGuard_Chief_Gab1_L	on_killed_by_user	KilledByPlayer	0	100		2	var	22	0	0	v06	0.0	0.0	0.0	0
277431	BGuard_Chief_Gab1_L	on_killed_by_user	KilledByPlayer	0	100		3	var	22	0	0	v07	0.0	0.0	0.0	0
277431	BGuard_Chief_Gab1_L	on_killed_by_user	KilledByPlayer	0	100		4	var	22	0	0	v08	0.0	0.0	0.0	0
277431	BGuard_Chief_Gab1_L	on_killed_by_user	KilledByPlayer	0	100		5	var	22	0	0	v09	0.0	0.0	0.0	0
277431	BGuard_Chief_Gab1_L	on_killed_by_user	KilledByPlayer	0	100		6	var	22	0	0	v10	0.0	0.0	0.0	0
277431	BGuard_Chief_Gab1_L	on_killed_by_user	KilledByPlayer	0	100		7	var	22	0	0	v11	0.0	0.0	0.0	0
277431	BGuard_Chief_Gab1_L	on_killed_by_user	KilledByPlayer	0	100		8	var	22	0	0	v12	0.0	0.0	0.0	0
277432	BGuard_Chief_Gab1_L	on_killed_by_npc	KilledByNpc	0	100		0	spawn	295092	1	12	for_the_fight_self	0.0	0.0	0.0	1
277432	BGuard_Chief_Gab1_L	on_killed_by_npc	KilledByNpc	0	100		1	var	22	0	0	v05	0.0	0.0	0.0	0
277432	BGuard_Chief_Gab1_L	on_killed_by_npc	KilledByNpc	0	100		2	var	22	0	0	v06	0.0	0.0	0.0	0
277432	BGuard_Chief_Gab1_L	on_killed_by_npc	KilledByNpc	0	100		3	var	22	0	0	v07	0.0	0.0	0.0	0
277432	BGuard_Chief_Gab1_L	on_killed_by_npc	KilledByNpc	0	100		4	var	22	0	0	v08	0.0	0.0	0.0	0
277432	BGuard_Chief_Gab1_L	on_killed_by_npc	KilledByNpc	0	100		5	var	22	0	0	v09	0.0	0.0	0.0	0
277432	BGuard_Chief_Gab1_L	on_killed_by_npc	KilledByNpc	0	100		6	var	22	0	0	v10	0.0	0.0	0.0	0
277432	BGuard_Chief_Gab1_L	on_killed_by_npc	KilledByNpc	0	100		7	var	22	0	0	v11	0.0	0.0	0.0	0
277432	BGuard_Chief_Gab1_L	on_killed_by_npc	KilledByNpc	0	100		8	var	22	0	0	v12	0.0	0.0	0.0	0
277432	BGuard_Chief_Gab1_L	on_killed_by_user	KilledByPlayer	0	100		0	spawn	295092	1	12	for_the_fight_self	0.0	0.0	0.0	1
277432	BGuard_Chief_Gab1_L	on_killed_by_user	KilledByPlayer	0	100		1	var	22	0	0	v05	0.0	0.0	0.0	0
277432	BGuard_Chief_Gab1_L	on_killed_by_user	KilledByPlayer	0	100		2	var	22	0	0	v06	0.0	0.0	0.0	0
277432	BGuard_Chief_Gab1_L	on_killed_by_user	KilledByPlayer	0	100		3	var	22	0	0	v07	0.0	0.0	0.0	0
277432	BGuard_Chief_Gab1_L	on_killed_by_user	KilledByPlayer	0	100		4	var	22	0	0	v08	0.0	0.0	0.0	0
277432	BGuard_Chief_Gab1_L	on_killed_by_user	KilledByPlayer	0	100		5	var	22	0	0	v09	0.0	0.0	0.0	0
277432	BGuard_Chief_Gab1_L	on_killed_by_user	KilledByPlayer	0	100		6	var	22	0	0	v10	0.0	0.0	0.0	0
277432	BGuard_Chief_Gab1_L	on_killed_by_user	KilledByPlayer	0	100		7	var	22	0	0	v11	0.0	0.0	0.0	0
277432	BGuard_Chief_Gab1_L	on_killed_by_user	KilledByPlayer	0	100		8	var	22	0	0	v12	0.0	0.0	0.0	0
277433	BGuard_Chief_Gab1_L	on_killed_by_npc	KilledByNpc	0	100		0	spawn	295092	1	12	for_the_fight_self	0.0	0.0	0.0	1
277433	BGuard_Chief_Gab1_L	on_killed_by_npc	KilledByNpc	0	100		1	var	22	0	0	v05	0.0	0.0	0.0	0
277433	BGuard_Chief_Gab1_L	on_killed_by_npc	KilledByNpc	0	100		2	var	22	0	0	v06	0.0	0.0	0.0	0
277433	BGuard_Chief_Gab1_L	on_killed_by_npc	KilledByNpc	0	100		3	var	22	0	0	v07	0.0	0.0	0.0	0
277433	BGuard_Chief_Gab1_L	on_killed_by_npc	KilledByNpc	0	100		4	var	22	0	0	v08	0.0	0.0	0.0	0
277433	BGuard_Chief_Gab1_L	on_killed_by_npc	KilledByNpc	0	100		5	var	22	0	0	v09	0.0	0.0	0.0	0
277433	BGuard_Chief_Gab1_L	on_killed_by_npc	KilledByNpc	0	100		6	var	22	0	0	v10	0.0	0.0	0.0	0
277433	BGuard_Chief_Gab1_L	on_killed_by_npc	KilledByNpc	0	100		7	var	22	0	0	v11	0.0	0.0	0.0	0
277433	BGuard_Chief_Gab1_L	on_killed_by_npc	KilledByNpc	0	100		8	var	22	0	0	v12	0.0	0.0	0.0	0
277433	BGuard_Chief_Gab1_L	on_killed_by_user	KilledByPlayer	0	100		0	spawn	295092	1	12	for_the_fight_self	0.0	0.0	0.0	1
277433	BGuard_Chief_Gab1_L	on_killed_by_user	KilledByPlayer	0	100		1	var	22	0	0	v05	0.0	0.0	0.0	0
277433	BGuard_Chief_Gab1_L	on_killed_by_user	KilledByPlayer	0	100		2	var	22	0	0	v06	0.0	0.0	0.0	0
277433	BGuard_Chief_Gab1_L	on_killed_by_user	KilledByPlayer	0	100		3	var	22	0	0	v07	0.0	0.0	0.0	0
277433	BGuard_Chief_Gab1_L	on_killed_by_user	KilledByPlayer	0	100		4	var	22	0	0	v08	0.0	0.0	0.0	0
277433	BGuard_Chief_Gab1_L	on_killed_by_user	KilledByPlayer	0	100		5	var	22	0	0	v09	0.0	0.0	0.0	0
277433	BGuard_Chief_Gab1_L	on_killed_by_user	KilledByPlayer	0	100		6	var	22	0	0	v10	0.0	0.0	0.0	0
277433	BGuard_Chief_Gab1_L	on_killed_by_user	KilledByPlayer	0	100		7	var	22	0	0	v11	0.0	0.0	0.0	0
277433	BGuard_Chief_Gab1_L	on_killed_by_user	KilledByPlayer	0	100		8	var	22	0	0	v12	0.0	0.0	0.0	0
277434	BGuard_Chief_Gab1_L	on_killed_by_npc	KilledByNpc	0	100		0	spawn	295092	1	12	for_the_fight_self	0.0	0.0	0.0	1
277434	BGuard_Chief_Gab1_L	on_killed_by_npc	KilledByNpc	0	100		1	var	22	0	0	v05	0.0	0.0	0.0	0
277434	BGuard_Chief_Gab1_L	on_killed_by_npc	KilledByNpc	0	100		2	var	22	0	0	v06	0.0	0.0	0.0	0
277434	BGuard_Chief_Gab1_L	on_killed_by_npc	KilledByNpc	0	100		3	var	22	0	0	v07	0.0	0.0	0.0	0
277434	BGuard_Chief_Gab1_L	on_killed_by_npc	KilledByNpc	0	100		4	var	22	0	0	v08	0.0	0.0	0.0	0
277434	BGuard_Chief_Gab1_L	on_killed_by_npc	KilledByNpc	0	100		5	var	22	0	0	v09	0.0	0.0	0.0	0
277434	BGuard_Chief_Gab1_L	on_killed_by_npc	KilledByNpc	0	100		6	var	22	0	0	v10	0.0	0.0	0.0	0
277434	BGuard_Chief_Gab1_L	on_killed_by_npc	KilledByNpc	0	100		7	var	22	0	0	v11	0.0	0.0	0.0	0
277434	BGuard_Chief_Gab1_L	on_killed_by_npc	KilledByNpc	0	100		8	var	22	0	0	v12	0.0	0.0	0.0	0
277434	BGuard_Chief_Gab1_L	on_killed_by_user	KilledByPlayer	0	100		0	spawn	295092	1	12	for_the_fight_self	0.0	0.0	0.0	1
277434	BGuard_Chief_Gab1_L	on_killed_by_user	KilledByPlayer	0	100		1	var	22	0	0	v05	0.0	0.0	0.0	0
277434	BGuard_Chief_Gab1_L	on_killed_by_user	KilledByPlayer	0	100		2	var	22	0	0	v06	0.0	0.0	0.0	0
277434	BGuard_Chief_Gab1_L	on_killed_by_user	KilledByPlayer	0	100		3	var	22	0	0	v07	0.0	0.0	0.0	0
277434	BGuard_Chief_Gab1_L	on_killed_by_user	KilledByPlayer	0	100		4	var	22	0	0	v08	0.0	0.0	0.0	0
277434	BGuard_Chief_Gab1_L	on_killed_by_user	KilledByPlayer	0	100		5	var	22	0	0	v09	0.0	0.0	0.0	0
277434	BGuard_Chief_Gab1_L	on_killed_by_user	KilledByPlayer	0	100		6	var	22	0	0	v10	0.0	0.0	0.0	0
277434	BGuard_Chief_Gab1_L	on_killed_by_user	KilledByPlayer	0	100		7	var	22	0	0	v11	0.0	0.0	0.0	0
277434	BGuard_Chief_Gab1_L	on_killed_by_user	KilledByPlayer	0	100		8	var	22	0	0	v12	0.0	0.0	0.0	0
277435	BGuard_Chief_Gab1_D	on_killed_by_npc	KilledByNpc	0	100		0	spawn	295092	1	12	for_the_fight_self	0.0	0.0	0.0	1
277435	BGuard_Chief_Gab1_D	on_killed_by_npc	KilledByNpc	0	100		1	var	22	0	0	v05	0.0	0.0	0.0	0
277435	BGuard_Chief_Gab1_D	on_killed_by_npc	KilledByNpc	0	100		2	var	22	0	0	v06	0.0	0.0	0.0	0
277435	BGuard_Chief_Gab1_D	on_killed_by_npc	KilledByNpc	0	100		3	var	22	0	0	v07	0.0	0.0	0.0	0
277435	BGuard_Chief_Gab1_D	on_killed_by_npc	KilledByNpc	0	100		4	var	22	0	0	v08	0.0	0.0	0.0	0
277435	BGuard_Chief_Gab1_D	on_killed_by_npc	KilledByNpc	0	100		5	var	22	0	0	v09	0.0	0.0	0.0	0
277435	BGuard_Chief_Gab1_D	on_killed_by_npc	KilledByNpc	0	100		6	var	22	0	0	v10	0.0	0.0	0.0	0
277435	BGuard_Chief_Gab1_D	on_killed_by_npc	KilledByNpc	0	100		7	var	22	0	0	v11	0.0	0.0	0.0	0
277435	BGuard_Chief_Gab1_D	on_killed_by_npc	KilledByNpc	0	100		8	var	22	0	0	v12	0.0	0.0	0.0	0
277435	BGuard_Chief_Gab1_D	on_killed_by_user	KilledByPlayer	0	100		0	spawn	295092	1	12	for_the_fight_self	0.0	0.0	0.0	1
277435	BGuard_Chief_Gab1_D	on_killed_by_user	KilledByPlayer	0	100		1	var	22	0	0	v05	0.0	0.0	0.0	0
277435	BGuard_Chief_Gab1_D	on_killed_by_user	KilledByPlayer	0	100		2	var	22	0	0	v06	0.0	0.0	0.0	0
277435	BGuard_Chief_Gab1_D	on_killed_by_user	KilledByPlayer	0	100		3	var	22	0	0	v07	0.0	0.0	0.0	0
277435	BGuard_Chief_Gab1_D	on_killed_by_user	KilledByPlayer	0	100		4	var	22	0	0	v08	0.0	0.0	0.0	0
277435	BGuard_Chief_Gab1_D	on_killed_by_user	KilledByPlayer	0	100		5	var	22	0	0	v09	0.0	0.0	0.0	0
277435	BGuard_Chief_Gab1_D	on_killed_by_user	KilledByPlayer	0	100		6	var	22	0	0	v10	0.0	0.0	0.0	0
277435	BGuard_Chief_Gab1_D	on_killed_by_user	KilledByPlayer	0	100		7	var	22	0	0	v11	0.0	0.0	0.0	0
277435	BGuard_Chief_Gab1_D	on_killed_by_user	KilledByPlayer	0	100		8	var	22	0	0	v12	0.0	0.0	0.0	0
277436	BGuard_Chief_Gab1_D	on_killed_by_npc	KilledByNpc	0	100		0	spawn	295092	1	12	for_the_fight_self	0.0	0.0	0.0	1
277436	BGuard_Chief_Gab1_D	on_killed_by_npc	KilledByNpc	0	100		1	var	22	0	0	v05	0.0	0.0	0.0	0
277436	BGuard_Chief_Gab1_D	on_killed_by_npc	KilledByNpc	0	100		2	var	22	0	0	v06	0.0	0.0	0.0	0
277436	BGuard_Chief_Gab1_D	on_killed_by_npc	KilledByNpc	0	100		3	var	22	0	0	v07	0.0	0.0	0.0	0
277436	BGuard_Chief_Gab1_D	on_killed_by_npc	KilledByNpc	0	100		4	var	22	0	0	v08	0.0	0.0	0.0	0
277436	BGuard_Chief_Gab1_D	on_killed_by_npc	KilledByNpc	0	100		5	var	22	0	0	v09	0.0	0.0	0.0	0
277436	BGuard_Chief_Gab1_D	on_killed_by_npc	KilledByNpc	0	100		6	var	22	0	0	v10	0.0	0.0	0.0	0
277436	BGuard_Chief_Gab1_D	on_killed_by_npc	KilledByNpc	0	100		7	var	22	0	0	v11	0.0	0.0	0.0	0
277436	BGuard_Chief_Gab1_D	on_killed_by_npc	KilledByNpc	0	100		8	var	22	0	0	v12	0.0	0.0	0.0	0
277436	BGuard_Chief_Gab1_D	on_killed_by_user	KilledByPlayer	0	100		0	spawn	295092	1	12	for_the_fight_self	0.0	0.0	0.0	1
277436	BGuard_Chief_Gab1_D	on_killed_by_user	KilledByPlayer	0	100		1	var	22	0	0	v05	0.0	0.0	0.0	0
277436	BGuard_Chief_Gab1_D	on_killed_by_user	KilledByPlayer	0	100		2	var	22	0	0	v06	0.0	0.0	0.0	0
277436	BGuard_Chief_Gab1_D	on_killed_by_user	KilledByPlayer	0	100		3	var	22	0	0	v07	0.0	0.0	0.0	0
277436	BGuard_Chief_Gab1_D	on_killed_by_user	KilledByPlayer	0	100		4	var	22	0	0	v08	0.0	0.0	0.0	0
277436	BGuard_Chief_Gab1_D	on_killed_by_user	KilledByPlayer	0	100		5	var	22	0	0	v09	0.0	0.0	0.0	0
277436	BGuard_Chief_Gab1_D	on_killed_by_user	KilledByPlayer	0	100		6	var	22	0	0	v10	0.0	0.0	0.0	0
277436	BGuard_Chief_Gab1_D	on_killed_by_user	KilledByPlayer	0	100		7	var	22	0	0	v11	0.0	0.0	0.0	0
277436	BGuard_Chief_Gab1_D	on_killed_by_user	KilledByPlayer	0	100		8	var	22	0	0	v12	0.0	0.0	0.0	0
277437	BGuard_Chief_Gab1_D	on_killed_by_npc	KilledByNpc	0	100		0	spawn	295092	1	12	for_the_fight_self	0.0	0.0	0.0	1
277437	BGuard_Chief_Gab1_D	on_killed_by_npc	KilledByNpc	0	100		1	var	22	0	0	v05	0.0	0.0	0.0	0
277437	BGuard_Chief_Gab1_D	on_killed_by_npc	KilledByNpc	0	100		2	var	22	0	0	v06	0.0	0.0	0.0	0
277437	BGuard_Chief_Gab1_D	on_killed_by_npc	KilledByNpc	0	100		3	var	22	0	0	v07	0.0	0.0	0.0	0
277437	BGuard_Chief_Gab1_D	on_killed_by_npc	KilledByNpc	0	100		4	var	22	0	0	v08	0.0	0.0	0.0	0
277437	BGuard_Chief_Gab1_D	on_killed_by_npc	KilledByNpc	0	100		5	var	22	0	0	v09	0.0	0.0	0.0	0
277437	BGuard_Chief_Gab1_D	on_killed_by_npc	KilledByNpc	0	100		6	var	22	0	0	v10	0.0	0.0	0.0	0
277437	BGuard_Chief_Gab1_D	on_killed_by_npc	KilledByNpc	0	100		7	var	22	0	0	v11	0.0	0.0	0.0	0
277437	BGuard_Chief_Gab1_D	on_killed_by_npc	KilledByNpc	0	100		8	var	22	0	0	v12	0.0	0.0	0.0	0
277437	BGuard_Chief_Gab1_D	on_killed_by_user	KilledByPlayer	0	100		0	spawn	295092	1	12	for_the_fight_self	0.0	0.0	0.0	1
277437	BGuard_Chief_Gab1_D	on_killed_by_user	KilledByPlayer	0	100		1	var	22	0	0	v05	0.0	0.0	0.0	0
277437	BGuard_Chief_Gab1_D	on_killed_by_user	KilledByPlayer	0	100		2	var	22	0	0	v06	0.0	0.0	0.0	0
277437	BGuard_Chief_Gab1_D	on_killed_by_user	KilledByPlayer	0	100		3	var	22	0	0	v07	0.0	0.0	0.0	0
277437	BGuard_Chief_Gab1_D	on_killed_by_user	KilledByPlayer	0	100		4	var	22	0	0	v08	0.0	0.0	0.0	0
277437	BGuard_Chief_Gab1_D	on_killed_by_user	KilledByPlayer	0	100		5	var	22	0	0	v09	0.0	0.0	0.0	0
277437	BGuard_Chief_Gab1_D	on_killed_by_user	KilledByPlayer	0	100		6	var	22	0	0	v10	0.0	0.0	0.0	0
277437	BGuard_Chief_Gab1_D	on_killed_by_user	KilledByPlayer	0	100		7	var	22	0	0	v11	0.0	0.0	0.0	0
277437	BGuard_Chief_Gab1_D	on_killed_by_user	KilledByPlayer	0	100		8	var	22	0	0	v12	0.0	0.0	0.0	0
277438	BGuard_Chief_Gab1_D	on_killed_by_npc	KilledByNpc	0	100		0	spawn	295092	1	12	for_the_fight_self	0.0	0.0	0.0	1
277438	BGuard_Chief_Gab1_D	on_killed_by_npc	KilledByNpc	0	100		1	var	22	0	0	v05	0.0	0.0	0.0	0
277438	BGuard_Chief_Gab1_D	on_killed_by_npc	KilledByNpc	0	100		2	var	22	0	0	v06	0.0	0.0	0.0	0
277438	BGuard_Chief_Gab1_D	on_killed_by_npc	KilledByNpc	0	100		3	var	22	0	0	v07	0.0	0.0	0.0	0
277438	BGuard_Chief_Gab1_D	on_killed_by_npc	KilledByNpc	0	100		4	var	22	0	0	v08	0.0	0.0	0.0	0
277438	BGuard_Chief_Gab1_D	on_killed_by_npc	KilledByNpc	0	100		5	var	22	0	0	v09	0.0	0.0	0.0	0
277438	BGuard_Chief_Gab1_D	on_killed_by_npc	KilledByNpc	0	100		6	var	22	0	0	v10	0.0	0.0	0.0	0
277438	BGuard_Chief_Gab1_D	on_killed_by_npc	KilledByNpc	0	100		7	var	22	0	0	v11	0.0	0.0	0.0	0
277438	BGuard_Chief_Gab1_D	on_killed_by_npc	KilledByNpc	0	100		8	var	22	0	0	v12	0.0	0.0	0.0	0
277438	BGuard_Chief_Gab1_D	on_killed_by_user	KilledByPlayer	0	100		0	spawn	295092	1	12	for_the_fight_self	0.0	0.0	0.0	1
277438	BGuard_Chief_Gab1_D	on_killed_by_user	KilledByPlayer	0	100		1	var	22	0	0	v05	0.0	0.0	0.0	0
277438	BGuard_Chief_Gab1_D	on_killed_by_user	KilledByPlayer	0	100		2	var	22	0	0	v06	0.0	0.0	0.0	0
277438	BGuard_Chief_Gab1_D	on_killed_by_user	KilledByPlayer	0	100		3	var	22	0	0	v07	0.0	0.0	0.0	0
277438	BGuard_Chief_Gab1_D	on_killed_by_user	KilledByPlayer	0	100		4	var	22	0	0	v08	0.0	0.0	0.0	0
277438	BGuard_Chief_Gab1_D	on_killed_by_user	KilledByPlayer	0	100		5	var	22	0	0	v09	0.0	0.0	0.0	0
277438	BGuard_Chief_Gab1_D	on_killed_by_user	KilledByPlayer	0	100		6	var	22	0	0	v10	0.0	0.0	0.0	0
277438	BGuard_Chief_Gab1_D	on_killed_by_user	KilledByPlayer	0	100		7	var	22	0	0	v11	0.0	0.0	0.0	0
277438	BGuard_Chief_Gab1_D	on_killed_by_user	KilledByPlayer	0	100		8	var	22	0	0	v12	0.0	0.0	0.0	0
277439	BGuard_Chief_Gab1_D	on_killed_by_npc	KilledByNpc	0	100		0	spawn	295092	1	12	for_the_fight_self	0.0	0.0	0.0	1
277439	BGuard_Chief_Gab1_D	on_killed_by_npc	KilledByNpc	0	100		1	var	22	0	0	v05	0.0	0.0	0.0	0
277439	BGuard_Chief_Gab1_D	on_killed_by_npc	KilledByNpc	0	100		2	var	22	0	0	v06	0.0	0.0	0.0	0
277439	BGuard_Chief_Gab1_D	on_killed_by_npc	KilledByNpc	0	100		3	var	22	0	0	v07	0.0	0.0	0.0	0
277439	BGuard_Chief_Gab1_D	on_killed_by_npc	KilledByNpc	0	100		4	var	22	0	0	v08	0.0	0.0	0.0	0
277439	BGuard_Chief_Gab1_D	on_killed_by_npc	KilledByNpc	0	100		5	var	22	0	0	v09	0.0	0.0	0.0	0
277439	BGuard_Chief_Gab1_D	on_killed_by_npc	KilledByNpc	0	100		6	var	22	0	0	v10	0.0	0.0	0.0	0
277439	BGuard_Chief_Gab1_D	on_killed_by_npc	KilledByNpc	0	100		7	var	22	0	0	v11	0.0	0.0	0.0	0
277439	BGuard_Chief_Gab1_D	on_killed_by_npc	KilledByNpc	0	100		8	var	22	0	0	v12	0.0	0.0	0.0	0
277439	BGuard_Chief_Gab1_D	on_killed_by_user	KilledByPlayer	0	100		0	spawn	295092	1	12	for_the_fight_self	0.0	0.0	0.0	1
277439	BGuard_Chief_Gab1_D	on_killed_by_user	KilledByPlayer	0	100		1	var	22	0	0	v05	0.0	0.0	0.0	0
277439	BGuard_Chief_Gab1_D	on_killed_by_user	KilledByPlayer	0	100		2	var	22	0	0	v06	0.0	0.0	0.0	0
277439	BGuard_Chief_Gab1_D	on_killed_by_user	KilledByPlayer	0	100		3	var	22	0	0	v07	0.0	0.0	0.0	0
277439	BGuard_Chief_Gab1_D	on_killed_by_user	KilledByPlayer	0	100		4	var	22	0	0	v08	0.0	0.0	0.0	0
277439	BGuard_Chief_Gab1_D	on_killed_by_user	KilledByPlayer	0	100		5	var	22	0	0	v09	0.0	0.0	0.0	0
277439	BGuard_Chief_Gab1_D	on_killed_by_user	KilledByPlayer	0	100		6	var	22	0	0	v10	0.0	0.0	0.0	0
277439	BGuard_Chief_Gab1_D	on_killed_by_user	KilledByPlayer	0	100		7	var	22	0	0	v11	0.0	0.0	0.0	0
277439	BGuard_Chief_Gab1_D	on_killed_by_user	KilledByPlayer	0	100		8	var	22	0	0	v12	0.0	0.0	0.0	0
277440	BGuard_Chief_Gab1_Dr	on_killed_by_npc	KilledByNpc	0	100		0	spawn	295092	1	12	for_the_fight_self	0.0	0.0	0.0	1
277440	BGuard_Chief_Gab1_Dr	on_killed_by_npc	KilledByNpc	0	100		1	var	22	0	0	v05	0.0	0.0	0.0	0
277440	BGuard_Chief_Gab1_Dr	on_killed_by_npc	KilledByNpc	0	100		2	var	22	0	0	v06	0.0	0.0	0.0	0
277440	BGuard_Chief_Gab1_Dr	on_killed_by_npc	KilledByNpc	0	100		3	var	22	0	0	v07	0.0	0.0	0.0	0
277440	BGuard_Chief_Gab1_Dr	on_killed_by_npc	KilledByNpc	0	100		4	var	22	0	0	v08	0.0	0.0	0.0	0
277440	BGuard_Chief_Gab1_Dr	on_killed_by_npc	KilledByNpc	0	100		5	var	22	0	0	v09	0.0	0.0	0.0	0
277440	BGuard_Chief_Gab1_Dr	on_killed_by_npc	KilledByNpc	0	100		6	var	22	0	0	v10	0.0	0.0	0.0	0
277440	BGuard_Chief_Gab1_Dr	on_killed_by_npc	KilledByNpc	0	100		7	var	22	0	0	v11	0.0	0.0	0.0	0
277440	BGuard_Chief_Gab1_Dr	on_killed_by_npc	KilledByNpc	0	100		8	var	22	0	0	v12	0.0	0.0	0.0	0
277440	BGuard_Chief_Gab1_Dr	on_killed_by_user	KilledByPlayer	0	100		0	spawn	295092	1	12	for_the_fight_self	0.0	0.0	0.0	1
277440	BGuard_Chief_Gab1_Dr	on_killed_by_user	KilledByPlayer	0	100		1	var	22	0	0	v05	0.0	0.0	0.0	0
277440	BGuard_Chief_Gab1_Dr	on_killed_by_user	KilledByPlayer	0	100		2	var	22	0	0	v06	0.0	0.0	0.0	0
277440	BGuard_Chief_Gab1_Dr	on_killed_by_user	KilledByPlayer	0	100		3	var	22	0	0	v07	0.0	0.0	0.0	0
277440	BGuard_Chief_Gab1_Dr	on_killed_by_user	KilledByPlayer	0	100		4	var	22	0	0	v08	0.0	0.0	0.0	0
277440	BGuard_Chief_Gab1_Dr	on_killed_by_user	KilledByPlayer	0	100		5	var	22	0	0	v09	0.0	0.0	0.0	0
277440	BGuard_Chief_Gab1_Dr	on_killed_by_user	KilledByPlayer	0	100		6	var	22	0	0	v10	0.0	0.0	0.0	0
277440	BGuard_Chief_Gab1_Dr	on_killed_by_user	KilledByPlayer	0	100		7	var	22	0	0	v11	0.0	0.0	0.0	0
277440	BGuard_Chief_Gab1_Dr	on_killed_by_user	KilledByPlayer	0	100		8	var	22	0	0	v12	0.0	0.0	0.0	0
277441	BGuard_Chief_Gab1_Dr	on_killed_by_npc	KilledByNpc	0	100		0	spawn	295092	1	12	for_the_fight_self	0.0	0.0	0.0	1
277441	BGuard_Chief_Gab1_Dr	on_killed_by_npc	KilledByNpc	0	100		1	var	22	0	0	v05	0.0	0.0	0.0	0
277441	BGuard_Chief_Gab1_Dr	on_killed_by_npc	KilledByNpc	0	100		2	var	22	0	0	v06	0.0	0.0	0.0	0
277441	BGuard_Chief_Gab1_Dr	on_killed_by_npc	KilledByNpc	0	100		3	var	22	0	0	v07	0.0	0.0	0.0	0
277441	BGuard_Chief_Gab1_Dr	on_killed_by_npc	KilledByNpc	0	100		4	var	22	0	0	v08	0.0	0.0	0.0	0
277441	BGuard_Chief_Gab1_Dr	on_killed_by_npc	KilledByNpc	0	100		5	var	22	0	0	v09	0.0	0.0	0.0	0
277441	BGuard_Chief_Gab1_Dr	on_killed_by_npc	KilledByNpc	0	100		6	var	22	0	0	v10	0.0	0.0	0.0	0
277441	BGuard_Chief_Gab1_Dr	on_killed_by_npc	KilledByNpc	0	100		7	var	22	0	0	v11	0.0	0.0	0.0	0
277441	BGuard_Chief_Gab1_Dr	on_killed_by_npc	KilledByNpc	0	100		8	var	22	0	0	v12	0.0	0.0	0.0	0
277441	BGuard_Chief_Gab1_Dr	on_killed_by_user	KilledByPlayer	0	100		0	spawn	295092	1	12	for_the_fight_self	0.0	0.0	0.0	1
277441	BGuard_Chief_Gab1_Dr	on_killed_by_user	KilledByPlayer	0	100		1	var	22	0	0	v05	0.0	0.0	0.0	0
277441	BGuard_Chief_Gab1_Dr	on_killed_by_user	KilledByPlayer	0	100		2	var	22	0	0	v06	0.0	0.0	0.0	0
277441	BGuard_Chief_Gab1_Dr	on_killed_by_user	KilledByPlayer	0	100		3	var	22	0	0	v07	0.0	0.0	0.0	0
277441	BGuard_Chief_Gab1_Dr	on_killed_by_user	KilledByPlayer	0	100		4	var	22	0	0	v08	0.0	0.0	0.0	0
277441	BGuard_Chief_Gab1_Dr	on_killed_by_user	KilledByPlayer	0	100		5	var	22	0	0	v09	0.0	0.0	0.0	0
277441	BGuard_Chief_Gab1_Dr	on_killed_by_user	KilledByPlayer	0	100		6	var	22	0	0	v10	0.0	0.0	0.0	0
277441	BGuard_Chief_Gab1_Dr	on_killed_by_user	KilledByPlayer	0	100		7	var	22	0	0	v11	0.0	0.0	0.0	0
277441	BGuard_Chief_Gab1_Dr	on_killed_by_user	KilledByPlayer	0	100		8	var	22	0	0	v12	0.0	0.0	0.0	0
277442	BGuard_Chief_Gab1_Dr	on_killed_by_npc	KilledByNpc	0	100		0	spawn	295092	1	12	for_the_fight_self	0.0	0.0	0.0	1
277442	BGuard_Chief_Gab1_Dr	on_killed_by_npc	KilledByNpc	0	100		1	var	22	0	0	v05	0.0	0.0	0.0	0
277442	BGuard_Chief_Gab1_Dr	on_killed_by_npc	KilledByNpc	0	100		2	var	22	0	0	v06	0.0	0.0	0.0	0
277442	BGuard_Chief_Gab1_Dr	on_killed_by_npc	KilledByNpc	0	100		3	var	22	0	0	v07	0.0	0.0	0.0	0
277442	BGuard_Chief_Gab1_Dr	on_killed_by_npc	KilledByNpc	0	100		4	var	22	0	0	v08	0.0	0.0	0.0	0
277442	BGuard_Chief_Gab1_Dr	on_killed_by_npc	KilledByNpc	0	100		5	var	22	0	0	v09	0.0	0.0	0.0	0
277442	BGuard_Chief_Gab1_Dr	on_killed_by_npc	KilledByNpc	0	100		6	var	22	0	0	v10	0.0	0.0	0.0	0
277442	BGuard_Chief_Gab1_Dr	on_killed_by_npc	KilledByNpc	0	100		7	var	22	0	0	v11	0.0	0.0	0.0	0
277442	BGuard_Chief_Gab1_Dr	on_killed_by_npc	KilledByNpc	0	100		8	var	22	0	0	v12	0.0	0.0	0.0	0
277442	BGuard_Chief_Gab1_Dr	on_killed_by_user	KilledByPlayer	0	100		0	spawn	295092	1	12	for_the_fight_self	0.0	0.0	0.0	1
277442	BGuard_Chief_Gab1_Dr	on_killed_by_user	KilledByPlayer	0	100		1	var	22	0	0	v05	0.0	0.0	0.0	0
277442	BGuard_Chief_Gab1_Dr	on_killed_by_user	KilledByPlayer	0	100		2	var	22	0	0	v06	0.0	0.0	0.0	0
277442	BGuard_Chief_Gab1_Dr	on_killed_by_user	KilledByPlayer	0	100		3	var	22	0	0	v07	0.0	0.0	0.0	0
277442	BGuard_Chief_Gab1_Dr	on_killed_by_user	KilledByPlayer	0	100		4	var	22	0	0	v08	0.0	0.0	0.0	0
277442	BGuard_Chief_Gab1_Dr	on_killed_by_user	KilledByPlayer	0	100		5	var	22	0	0	v09	0.0	0.0	0.0	0
277442	BGuard_Chief_Gab1_Dr	on_killed_by_user	KilledByPlayer	0	100		6	var	22	0	0	v10	0.0	0.0	0.0	0
277442	BGuard_Chief_Gab1_Dr	on_killed_by_user	KilledByPlayer	0	100		7	var	22	0	0	v11	0.0	0.0	0.0	0
277442	BGuard_Chief_Gab1_Dr	on_killed_by_user	KilledByPlayer	0	100		8	var	22	0	0	v12	0.0	0.0	0.0	0
277443	BGuard_Chief_Gab1_Dr	on_killed_by_npc	KilledByNpc	0	100		0	spawn	295092	1	12	for_the_fight_self	0.0	0.0	0.0	1
277443	BGuard_Chief_Gab1_Dr	on_killed_by_npc	KilledByNpc	0	100		1	var	22	0	0	v05	0.0	0.0	0.0	0
277443	BGuard_Chief_Gab1_Dr	on_killed_by_npc	KilledByNpc	0	100		2	var	22	0	0	v06	0.0	0.0	0.0	0
277443	BGuard_Chief_Gab1_Dr	on_killed_by_npc	KilledByNpc	0	100		3	var	22	0	0	v07	0.0	0.0	0.0	0
277443	BGuard_Chief_Gab1_Dr	on_killed_by_npc	KilledByNpc	0	100		4	var	22	0	0	v08	0.0	0.0	0.0	0
277443	BGuard_Chief_Gab1_Dr	on_killed_by_npc	KilledByNpc	0	100		5	var	22	0	0	v09	0.0	0.0	0.0	0
277443	BGuard_Chief_Gab1_Dr	on_killed_by_npc	KilledByNpc	0	100		6	var	22	0	0	v10	0.0	0.0	0.0	0
277443	BGuard_Chief_Gab1_Dr	on_killed_by_npc	KilledByNpc	0	100		7	var	22	0	0	v11	0.0	0.0	0.0	0
277443	BGuard_Chief_Gab1_Dr	on_killed_by_npc	KilledByNpc	0	100		8	var	22	0	0	v12	0.0	0.0	0.0	0
277443	BGuard_Chief_Gab1_Dr	on_killed_by_user	KilledByPlayer	0	100		0	spawn	295092	1	12	for_the_fight_self	0.0	0.0	0.0	1
277443	BGuard_Chief_Gab1_Dr	on_killed_by_user	KilledByPlayer	0	100		1	var	22	0	0	v05	0.0	0.0	0.0	0
277443	BGuard_Chief_Gab1_Dr	on_killed_by_user	KilledByPlayer	0	100		2	var	22	0	0	v06	0.0	0.0	0.0	0
277443	BGuard_Chief_Gab1_Dr	on_killed_by_user	KilledByPlayer	0	100		3	var	22	0	0	v07	0.0	0.0	0.0	0
277443	BGuard_Chief_Gab1_Dr	on_killed_by_user	KilledByPlayer	0	100		4	var	22	0	0	v08	0.0	0.0	0.0	0
277443	BGuard_Chief_Gab1_Dr	on_killed_by_user	KilledByPlayer	0	100		5	var	22	0	0	v09	0.0	0.0	0.0	0
277443	BGuard_Chief_Gab1_Dr	on_killed_by_user	KilledByPlayer	0	100		6	var	22	0	0	v10	0.0	0.0	0.0	0
277443	BGuard_Chief_Gab1_Dr	on_killed_by_user	KilledByPlayer	0	100		7	var	22	0	0	v11	0.0	0.0	0.0	0
277443	BGuard_Chief_Gab1_Dr	on_killed_by_user	KilledByPlayer	0	100		8	var	22	0	0	v12	0.0	0.0	0.0	0
277444	BGuard_Chief_Gab1_Dr	on_killed_by_npc	KilledByNpc	0	100		0	spawn	295092	1	12	for_the_fight_self	0.0	0.0	0.0	1
277444	BGuard_Chief_Gab1_Dr	on_killed_by_npc	KilledByNpc	0	100		1	var	22	0	0	v05	0.0	0.0	0.0	0
277444	BGuard_Chief_Gab1_Dr	on_killed_by_npc	KilledByNpc	0	100		2	var	22	0	0	v06	0.0	0.0	0.0	0
277444	BGuard_Chief_Gab1_Dr	on_killed_by_npc	KilledByNpc	0	100		3	var	22	0	0	v07	0.0	0.0	0.0	0
277444	BGuard_Chief_Gab1_Dr	on_killed_by_npc	KilledByNpc	0	100		4	var	22	0	0	v08	0.0	0.0	0.0	0
277444	BGuard_Chief_Gab1_Dr	on_killed_by_npc	KilledByNpc	0	100		5	var	22	0	0	v09	0.0	0.0	0.0	0
277444	BGuard_Chief_Gab1_Dr	on_killed_by_npc	KilledByNpc	0	100		6	var	22	0	0	v10	0.0	0.0	0.0	0
277444	BGuard_Chief_Gab1_Dr	on_killed_by_npc	KilledByNpc	0	100		7	var	22	0	0	v11	0.0	0.0	0.0	0
277444	BGuard_Chief_Gab1_Dr	on_killed_by_npc	KilledByNpc	0	100		8	var	22	0	0	v12	0.0	0.0	0.0	0
277444	BGuard_Chief_Gab1_Dr	on_killed_by_user	KilledByPlayer	0	100		0	spawn	295092	1	12	for_the_fight_self	0.0	0.0	0.0	1
277444	BGuard_Chief_Gab1_Dr	on_killed_by_user	KilledByPlayer	0	100		1	var	22	0	0	v05	0.0	0.0	0.0	0
277444	BGuard_Chief_Gab1_Dr	on_killed_by_user	KilledByPlayer	0	100		2	var	22	0	0	v06	0.0	0.0	0.0	0
277444	BGuard_Chief_Gab1_Dr	on_killed_by_user	KilledByPlayer	0	100		3	var	22	0	0	v07	0.0	0.0	0.0	0
277444	BGuard_Chief_Gab1_Dr	on_killed_by_user	KilledByPlayer	0	100		4	var	22	0	0	v08	0.0	0.0	0.0	0
277444	BGuard_Chief_Gab1_Dr	on_killed_by_user	KilledByPlayer	0	100		5	var	22	0	0	v09	0.0	0.0	0.0	0
277444	BGuard_Chief_Gab1_Dr	on_killed_by_user	KilledByPlayer	0	100		6	var	22	0	0	v10	0.0	0.0	0.0	0
277444	BGuard_Chief_Gab1_Dr	on_killed_by_user	KilledByPlayer	0	100		7	var	22	0	0	v11	0.0	0.0	0.0	0
277444	BGuard_Chief_Gab1_Dr	on_killed_by_user	KilledByPlayer	0	100		8	var	22	0	0	v12	0.0	0.0	0.0	0
277445	BGuard_Chief_Gab1_L	on_killed_by_npc	KilledByNpc	0	100		0	spawn	295092	1	12	for_the_fight_self	0.0	0.0	0.0	1
277445	BGuard_Chief_Gab1_L	on_killed_by_npc	KilledByNpc	0	100		1	var	22	0	0	v05	0.0	0.0	0.0	0
277445	BGuard_Chief_Gab1_L	on_killed_by_npc	KilledByNpc	0	100		2	var	22	0	0	v06	0.0	0.0	0.0	0
277445	BGuard_Chief_Gab1_L	on_killed_by_npc	KilledByNpc	0	100		3	var	22	0	0	v07	0.0	0.0	0.0	0
277445	BGuard_Chief_Gab1_L	on_killed_by_npc	KilledByNpc	0	100		4	var	22	0	0	v08	0.0	0.0	0.0	0
277445	BGuard_Chief_Gab1_L	on_killed_by_npc	KilledByNpc	0	100		5	var	22	0	0	v09	0.0	0.0	0.0	0
277445	BGuard_Chief_Gab1_L	on_killed_by_npc	KilledByNpc	0	100		6	var	22	0	0	v10	0.0	0.0	0.0	0
277445	BGuard_Chief_Gab1_L	on_killed_by_npc	KilledByNpc	0	100		7	var	22	0	0	v11	0.0	0.0	0.0	0
277445	BGuard_Chief_Gab1_L	on_killed_by_npc	KilledByNpc	0	100		8	var	22	0	0	v12	0.0	0.0	0.0	0
277445	BGuard_Chief_Gab1_L	on_killed_by_user	KilledByPlayer	0	100		0	spawn	295092	1	12	for_the_fight_self	0.0	0.0	0.0	1
277445	BGuard_Chief_Gab1_L	on_killed_by_user	KilledByPlayer	0	100		1	var	22	0	0	v05	0.0	0.0	0.0	0
277445	BGuard_Chief_Gab1_L	on_killed_by_user	KilledByPlayer	0	100		2	var	22	0	0	v06	0.0	0.0	0.0	0
277445	BGuard_Chief_Gab1_L	on_killed_by_user	KilledByPlayer	0	100		3	var	22	0	0	v07	0.0	0.0	0.0	0
277445	BGuard_Chief_Gab1_L	on_killed_by_user	KilledByPlayer	0	100		4	var	22	0	0	v08	0.0	0.0	0.0	0
277445	BGuard_Chief_Gab1_L	on_killed_by_user	KilledByPlayer	0	100		5	var	22	0	0	v09	0.0	0.0	0.0	0
277445	BGuard_Chief_Gab1_L	on_killed_by_user	KilledByPlayer	0	100		6	var	22	0	0	v10	0.0	0.0	0.0	0
277445	BGuard_Chief_Gab1_L	on_killed_by_user	KilledByPlayer	0	100		7	var	22	0	0	v11	0.0	0.0	0.0	0
277445	BGuard_Chief_Gab1_L	on_killed_by_user	KilledByPlayer	0	100		8	var	22	0	0	v12	0.0	0.0	0.0	0
277446	BGuard_Chief_Gab1_L	on_killed_by_npc	KilledByNpc	0	100		0	spawn	295092	1	12	for_the_fight_self	0.0	0.0	0.0	1
277446	BGuard_Chief_Gab1_L	on_killed_by_npc	KilledByNpc	0	100		1	var	22	0	0	v05	0.0	0.0	0.0	0
277446	BGuard_Chief_Gab1_L	on_killed_by_npc	KilledByNpc	0	100		2	var	22	0	0	v06	0.0	0.0	0.0	0
277446	BGuard_Chief_Gab1_L	on_killed_by_npc	KilledByNpc	0	100		3	var	22	0	0	v07	0.0	0.0	0.0	0
277446	BGuard_Chief_Gab1_L	on_killed_by_npc	KilledByNpc	0	100		4	var	22	0	0	v08	0.0	0.0	0.0	0
277446	BGuard_Chief_Gab1_L	on_killed_by_npc	KilledByNpc	0	100		5	var	22	0	0	v09	0.0	0.0	0.0	0
277446	BGuard_Chief_Gab1_L	on_killed_by_npc	KilledByNpc	0	100		6	var	22	0	0	v10	0.0	0.0	0.0	0
277446	BGuard_Chief_Gab1_L	on_killed_by_npc	KilledByNpc	0	100		7	var	22	0	0	v11	0.0	0.0	0.0	0
277446	BGuard_Chief_Gab1_L	on_killed_by_npc	KilledByNpc	0	100		8	var	22	0	0	v12	0.0	0.0	0.0	0
277446	BGuard_Chief_Gab1_L	on_killed_by_user	KilledByPlayer	0	100		0	spawn	295092	1	12	for_the_fight_self	0.0	0.0	0.0	1
277446	BGuard_Chief_Gab1_L	on_killed_by_user	KilledByPlayer	0	100		1	var	22	0	0	v05	0.0	0.0	0.0	0
277446	BGuard_Chief_Gab1_L	on_killed_by_user	KilledByPlayer	0	100		2	var	22	0	0	v06	0.0	0.0	0.0	0
277446	BGuard_Chief_Gab1_L	on_killed_by_user	KilledByPlayer	0	100		3	var	22	0	0	v07	0.0	0.0	0.0	0
277446	BGuard_Chief_Gab1_L	on_killed_by_user	KilledByPlayer	0	100		4	var	22	0	0	v08	0.0	0.0	0.0	0
277446	BGuard_Chief_Gab1_L	on_killed_by_user	KilledByPlayer	0	100		5	var	22	0	0	v09	0.0	0.0	0.0	0
277446	BGuard_Chief_Gab1_L	on_killed_by_user	KilledByPlayer	0	100		6	var	22	0	0	v10	0.0	0.0	0.0	0
277446	BGuard_Chief_Gab1_L	on_killed_by_user	KilledByPlayer	0	100		7	var	22	0	0	v11	0.0	0.0	0.0	0
277446	BGuard_Chief_Gab1_L	on_killed_by_user	KilledByPlayer	0	100		8	var	22	0	0	v12	0.0	0.0	0.0	0
277447	BGuard_Chief_Gab1_L	on_killed_by_npc	KilledByNpc	0	100		0	spawn	295092	1	12	for_the_fight_self	0.0	0.0	0.0	1
277447	BGuard_Chief_Gab1_L	on_killed_by_npc	KilledByNpc	0	100		1	var	22	0	0	v05	0.0	0.0	0.0	0
277447	BGuard_Chief_Gab1_L	on_killed_by_npc	KilledByNpc	0	100		2	var	22	0	0	v06	0.0	0.0	0.0	0
277447	BGuard_Chief_Gab1_L	on_killed_by_npc	KilledByNpc	0	100		3	var	22	0	0	v07	0.0	0.0	0.0	0
277447	BGuard_Chief_Gab1_L	on_killed_by_npc	KilledByNpc	0	100		4	var	22	0	0	v08	0.0	0.0	0.0	0
277447	BGuard_Chief_Gab1_L	on_killed_by_npc	KilledByNpc	0	100		5	var	22	0	0	v09	0.0	0.0	0.0	0
277447	BGuard_Chief_Gab1_L	on_killed_by_npc	KilledByNpc	0	100		6	var	22	0	0	v10	0.0	0.0	0.0	0
277447	BGuard_Chief_Gab1_L	on_killed_by_npc	KilledByNpc	0	100		7	var	22	0	0	v11	0.0	0.0	0.0	0
277447	BGuard_Chief_Gab1_L	on_killed_by_npc	KilledByNpc	0	100		8	var	22	0	0	v12	0.0	0.0	0.0	0
277447	BGuard_Chief_Gab1_L	on_killed_by_user	KilledByPlayer	0	100		0	spawn	295092	1	12	for_the_fight_self	0.0	0.0	0.0	1
277447	BGuard_Chief_Gab1_L	on_killed_by_user	KilledByPlayer	0	100		1	var	22	0	0	v05	0.0	0.0	0.0	0
277447	BGuard_Chief_Gab1_L	on_killed_by_user	KilledByPlayer	0	100		2	var	22	0	0	v06	0.0	0.0	0.0	0
277447	BGuard_Chief_Gab1_L	on_killed_by_user	KilledByPlayer	0	100		3	var	22	0	0	v07	0.0	0.0	0.0	0
277447	BGuard_Chief_Gab1_L	on_killed_by_user	KilledByPlayer	0	100		4	var	22	0	0	v08	0.0	0.0	0.0	0
277447	BGuard_Chief_Gab1_L	on_killed_by_user	KilledByPlayer	0	100		5	var	22	0	0	v09	0.0	0.0	0.0	0
277447	BGuard_Chief_Gab1_L	on_killed_by_user	KilledByPlayer	0	100		6	var	22	0	0	v10	0.0	0.0	0.0	0
277447	BGuard_Chief_Gab1_L	on_killed_by_user	KilledByPlayer	0	100		7	var	22	0	0	v11	0.0	0.0	0.0	0
277447	BGuard_Chief_Gab1_L	on_killed_by_user	KilledByPlayer	0	100		8	var	22	0	0	v12	0.0	0.0	0.0	0
277448	BGuard_Chief_Gab1_L	on_killed_by_npc	KilledByNpc	0	100		0	spawn	295092	1	12	for_the_fight_self	0.0	0.0	0.0	1
277448	BGuard_Chief_Gab1_L	on_killed_by_npc	KilledByNpc	0	100		1	var	22	0	0	v05	0.0	0.0	0.0	0
277448	BGuard_Chief_Gab1_L	on_killed_by_npc	KilledByNpc	0	100		2	var	22	0	0	v06	0.0	0.0	0.0	0
277448	BGuard_Chief_Gab1_L	on_killed_by_npc	KilledByNpc	0	100		3	var	22	0	0	v07	0.0	0.0	0.0	0
277448	BGuard_Chief_Gab1_L	on_killed_by_npc	KilledByNpc	0	100		4	var	22	0	0	v08	0.0	0.0	0.0	0
277448	BGuard_Chief_Gab1_L	on_killed_by_npc	KilledByNpc	0	100		5	var	22	0	0	v09	0.0	0.0	0.0	0
277448	BGuard_Chief_Gab1_L	on_killed_by_npc	KilledByNpc	0	100		6	var	22	0	0	v10	0.0	0.0	0.0	0
277448	BGuard_Chief_Gab1_L	on_killed_by_npc	KilledByNpc	0	100		7	var	22	0	0	v11	0.0	0.0	0.0	0
277448	BGuard_Chief_Gab1_L	on_killed_by_npc	KilledByNpc	0	100		8	var	22	0	0	v12	0.0	0.0	0.0	0
277448	BGuard_Chief_Gab1_L	on_killed_by_user	KilledByPlayer	0	100		0	spawn	295092	1	12	for_the_fight_self	0.0	0.0	0.0	1
277448	BGuard_Chief_Gab1_L	on_killed_by_user	KilledByPlayer	0	100		1	var	22	0	0	v05	0.0	0.0	0.0	0
277448	BGuard_Chief_Gab1_L	on_killed_by_user	KilledByPlayer	0	100		2	var	22	0	0	v06	0.0	0.0	0.0	0
277448	BGuard_Chief_Gab1_L	on_killed_by_user	KilledByPlayer	0	100		3	var	22	0	0	v07	0.0	0.0	0.0	0
277448	BGuard_Chief_Gab1_L	on_killed_by_user	KilledByPlayer	0	100		4	var	22	0	0	v08	0.0	0.0	0.0	0
277448	BGuard_Chief_Gab1_L	on_killed_by_user	KilledByPlayer	0	100		5	var	22	0	0	v09	0.0	0.0	0.0	0
277448	BGuard_Chief_Gab1_L	on_killed_by_user	KilledByPlayer	0	100		6	var	22	0	0	v10	0.0	0.0	0.0	0
277448	BGuard_Chief_Gab1_L	on_killed_by_user	KilledByPlayer	0	100		7	var	22	0	0	v11	0.0	0.0	0.0	0
277448	BGuard_Chief_Gab1_L	on_killed_by_user	KilledByPlayer	0	100		8	var	22	0	0	v12	0.0	0.0	0.0	0
277449	BGuard_Chief_Gab1_L	on_killed_by_npc	KilledByNpc	0	100		0	spawn	295092	1	12	for_the_fight_self	0.0	0.0	0.0	1
277449	BGuard_Chief_Gab1_L	on_killed_by_npc	KilledByNpc	0	100		1	var	22	0	0	v05	0.0	0.0	0.0	0
277449	BGuard_Chief_Gab1_L	on_killed_by_npc	KilledByNpc	0	100		2	var	22	0	0	v06	0.0	0.0	0.0	0
277449	BGuard_Chief_Gab1_L	on_killed_by_npc	KilledByNpc	0	100		3	var	22	0	0	v07	0.0	0.0	0.0	0
277449	BGuard_Chief_Gab1_L	on_killed_by_npc	KilledByNpc	0	100		4	var	22	0	0	v08	0.0	0.0	0.0	0
277449	BGuard_Chief_Gab1_L	on_killed_by_npc	KilledByNpc	0	100		5	var	22	0	0	v09	0.0	0.0	0.0	0
277449	BGuard_Chief_Gab1_L	on_killed_by_npc	KilledByNpc	0	100		6	var	22	0	0	v10	0.0	0.0	0.0	0
277449	BGuard_Chief_Gab1_L	on_killed_by_npc	KilledByNpc	0	100		7	var	22	0	0	v11	0.0	0.0	0.0	0
277449	BGuard_Chief_Gab1_L	on_killed_by_npc	KilledByNpc	0	100		8	var	22	0	0	v12	0.0	0.0	0.0	0
277449	BGuard_Chief_Gab1_L	on_killed_by_user	KilledByPlayer	0	100		0	spawn	295092	1	12	for_the_fight_self	0.0	0.0	0.0	1
277449	BGuard_Chief_Gab1_L	on_killed_by_user	KilledByPlayer	0	100		1	var	22	0	0	v05	0.0	0.0	0.0	0
277449	BGuard_Chief_Gab1_L	on_killed_by_user	KilledByPlayer	0	100		2	var	22	0	0	v06	0.0	0.0	0.0	0
277449	BGuard_Chief_Gab1_L	on_killed_by_user	KilledByPlayer	0	100		3	var	22	0	0	v07	0.0	0.0	0.0	0
277449	BGuard_Chief_Gab1_L	on_killed_by_user	KilledByPlayer	0	100		4	var	22	0	0	v08	0.0	0.0	0.0	0
277449	BGuard_Chief_Gab1_L	on_killed_by_user	KilledByPlayer	0	100		5	var	22	0	0	v09	0.0	0.0	0.0	0
277449	BGuard_Chief_Gab1_L	on_killed_by_user	KilledByPlayer	0	100		6	var	22	0	0	v10	0.0	0.0	0.0	0
277449	BGuard_Chief_Gab1_L	on_killed_by_user	KilledByPlayer	0	100		7	var	22	0	0	v11	0.0	0.0	0.0	0
277449	BGuard_Chief_Gab1_L	on_killed_by_user	KilledByPlayer	0	100		8	var	22	0	0	v12	0.0	0.0	0.0	0
277450	BGuard_Chief_Gab1_D	on_killed_by_npc	KilledByNpc	0	100		0	spawn	295092	1	12	for_the_fight_self	0.0	0.0	0.0	1
277450	BGuard_Chief_Gab1_D	on_killed_by_npc	KilledByNpc	0	100		1	var	22	0	0	v05	0.0	0.0	0.0	0
277450	BGuard_Chief_Gab1_D	on_killed_by_npc	KilledByNpc	0	100		2	var	22	0	0	v06	0.0	0.0	0.0	0
277450	BGuard_Chief_Gab1_D	on_killed_by_npc	KilledByNpc	0	100		3	var	22	0	0	v07	0.0	0.0	0.0	0
277450	BGuard_Chief_Gab1_D	on_killed_by_npc	KilledByNpc	0	100		4	var	22	0	0	v08	0.0	0.0	0.0	0
277450	BGuard_Chief_Gab1_D	on_killed_by_npc	KilledByNpc	0	100		5	var	22	0	0	v09	0.0	0.0	0.0	0
277450	BGuard_Chief_Gab1_D	on_killed_by_npc	KilledByNpc	0	100		6	var	22	0	0	v10	0.0	0.0	0.0	0
277450	BGuard_Chief_Gab1_D	on_killed_by_npc	KilledByNpc	0	100		7	var	22	0	0	v11	0.0	0.0	0.0	0
277450	BGuard_Chief_Gab1_D	on_killed_by_npc	KilledByNpc	0	100		8	var	22	0	0	v12	0.0	0.0	0.0	0
277450	BGuard_Chief_Gab1_D	on_killed_by_user	KilledByPlayer	0	100		0	spawn	295092	1	12	for_the_fight_self	0.0	0.0	0.0	1
277450	BGuard_Chief_Gab1_D	on_killed_by_user	KilledByPlayer	0	100		1	var	22	0	0	v05	0.0	0.0	0.0	0
277450	BGuard_Chief_Gab1_D	on_killed_by_user	KilledByPlayer	0	100		2	var	22	0	0	v06	0.0	0.0	0.0	0
277450	BGuard_Chief_Gab1_D	on_killed_by_user	KilledByPlayer	0	100		3	var	22	0	0	v07	0.0	0.0	0.0	0
277450	BGuard_Chief_Gab1_D	on_killed_by_user	KilledByPlayer	0	100		4	var	22	0	0	v08	0.0	0.0	0.0	0
277450	BGuard_Chief_Gab1_D	on_killed_by_user	KilledByPlayer	0	100		5	var	22	0	0	v09	0.0	0.0	0.0	0
277450	BGuard_Chief_Gab1_D	on_killed_by_user	KilledByPlayer	0	100		6	var	22	0	0	v10	0.0	0.0	0.0	0
277450	BGuard_Chief_Gab1_D	on_killed_by_user	KilledByPlayer	0	100		7	var	22	0	0	v11	0.0	0.0	0.0	0
277450	BGuard_Chief_Gab1_D	on_killed_by_user	KilledByPlayer	0	100		8	var	22	0	0	v12	0.0	0.0	0.0	0
277451	BGuard_Chief_Gab1_D	on_killed_by_npc	KilledByNpc	0	100		0	spawn	295092	1	12	for_the_fight_self	0.0	0.0	0.0	1
277451	BGuard_Chief_Gab1_D	on_killed_by_npc	KilledByNpc	0	100		1	var	22	0	0	v05	0.0	0.0	0.0	0
277451	BGuard_Chief_Gab1_D	on_killed_by_npc	KilledByNpc	0	100		2	var	22	0	0	v06	0.0	0.0	0.0	0
277451	BGuard_Chief_Gab1_D	on_killed_by_npc	KilledByNpc	0	100		3	var	22	0	0	v07	0.0	0.0	0.0	0
277451	BGuard_Chief_Gab1_D	on_killed_by_npc	KilledByNpc	0	100		4	var	22	0	0	v08	0.0	0.0	0.0	0
277451	BGuard_Chief_Gab1_D	on_killed_by_npc	KilledByNpc	0	100		5	var	22	0	0	v09	0.0	0.0	0.0	0
277451	BGuard_Chief_Gab1_D	on_killed_by_npc	KilledByNpc	0	100		6	var	22	0	0	v10	0.0	0.0	0.0	0
277451	BGuard_Chief_Gab1_D	on_killed_by_npc	KilledByNpc	0	100		7	var	22	0	0	v11	0.0	0.0	0.0	0
277451	BGuard_Chief_Gab1_D	on_killed_by_npc	KilledByNpc	0	100		8	var	22	0	0	v12	0.0	0.0	0.0	0
277451	BGuard_Chief_Gab1_D	on_killed_by_user	KilledByPlayer	0	100		0	spawn	295092	1	12	for_the_fight_self	0.0	0.0	0.0	1
277451	BGuard_Chief_Gab1_D	on_killed_by_user	KilledByPlayer	0	100		1	var	22	0	0	v05	0.0	0.0	0.0	0
277451	BGuard_Chief_Gab1_D	on_killed_by_user	KilledByPlayer	0	100		2	var	22	0	0	v06	0.0	0.0	0.0	0
277451	BGuard_Chief_Gab1_D	on_killed_by_user	KilledByPlayer	0	100		3	var	22	0	0	v07	0.0	0.0	0.0	0
277451	BGuard_Chief_Gab1_D	on_killed_by_user	KilledByPlayer	0	100		4	var	22	0	0	v08	0.0	0.0	0.0	0
277451	BGuard_Chief_Gab1_D	on_killed_by_user	KilledByPlayer	0	100		5	var	22	0	0	v09	0.0	0.0	0.0	0
277451	BGuard_Chief_Gab1_D	on_killed_by_user	KilledByPlayer	0	100		6	var	22	0	0	v10	0.0	0.0	0.0	0
277451	BGuard_Chief_Gab1_D	on_killed_by_user	KilledByPlayer	0	100		7	var	22	0	0	v11	0.0	0.0	0.0	0
277451	BGuard_Chief_Gab1_D	on_killed_by_user	KilledByPlayer	0	100		8	var	22	0	0	v12	0.0	0.0	0.0	0
277452	BGuard_Chief_Gab1_D	on_killed_by_npc	KilledByNpc	0	100		0	spawn	295092	1	12	for_the_fight_self	0.0	0.0	0.0	1
277452	BGuard_Chief_Gab1_D	on_killed_by_npc	KilledByNpc	0	100		1	var	22	0	0	v05	0.0	0.0	0.0	0
277452	BGuard_Chief_Gab1_D	on_killed_by_npc	KilledByNpc	0	100		2	var	22	0	0	v06	0.0	0.0	0.0	0
277452	BGuard_Chief_Gab1_D	on_killed_by_npc	KilledByNpc	0	100		3	var	22	0	0	v07	0.0	0.0	0.0	0
277452	BGuard_Chief_Gab1_D	on_killed_by_npc	KilledByNpc	0	100		4	var	22	0	0	v08	0.0	0.0	0.0	0
277452	BGuard_Chief_Gab1_D	on_killed_by_npc	KilledByNpc	0	100		5	var	22	0	0	v09	0.0	0.0	0.0	0
277452	BGuard_Chief_Gab1_D	on_killed_by_npc	KilledByNpc	0	100		6	var	22	0	0	v10	0.0	0.0	0.0	0
277452	BGuard_Chief_Gab1_D	on_killed_by_npc	KilledByNpc	0	100		7	var	22	0	0	v11	0.0	0.0	0.0	0
277452	BGuard_Chief_Gab1_D	on_killed_by_npc	KilledByNpc	0	100		8	var	22	0	0	v12	0.0	0.0	0.0	0
277452	BGuard_Chief_Gab1_D	on_killed_by_user	KilledByPlayer	0	100		0	spawn	295092	1	12	for_the_fight_self	0.0	0.0	0.0	1
277452	BGuard_Chief_Gab1_D	on_killed_by_user	KilledByPlayer	0	100		1	var	22	0	0	v05	0.0	0.0	0.0	0
277452	BGuard_Chief_Gab1_D	on_killed_by_user	KilledByPlayer	0	100		2	var	22	0	0	v06	0.0	0.0	0.0	0
277452	BGuard_Chief_Gab1_D	on_killed_by_user	KilledByPlayer	0	100		3	var	22	0	0	v07	0.0	0.0	0.0	0
277452	BGuard_Chief_Gab1_D	on_killed_by_user	KilledByPlayer	0	100		4	var	22	0	0	v08	0.0	0.0	0.0	0
277452	BGuard_Chief_Gab1_D	on_killed_by_user	KilledByPlayer	0	100		5	var	22	0	0	v09	0.0	0.0	0.0	0
277452	BGuard_Chief_Gab1_D	on_killed_by_user	KilledByPlayer	0	100		6	var	22	0	0	v10	0.0	0.0	0.0	0
277452	BGuard_Chief_Gab1_D	on_killed_by_user	KilledByPlayer	0	100		7	var	22	0	0	v11	0.0	0.0	0.0	0
277452	BGuard_Chief_Gab1_D	on_killed_by_user	KilledByPlayer	0	100		8	var	22	0	0	v12	0.0	0.0	0.0	0
277453	BGuard_Chief_Gab1_D	on_killed_by_npc	KilledByNpc	0	100		0	spawn	295092	1	12	for_the_fight_self	0.0	0.0	0.0	1
277453	BGuard_Chief_Gab1_D	on_killed_by_npc	KilledByNpc	0	100		1	var	22	0	0	v05	0.0	0.0	0.0	0
277453	BGuard_Chief_Gab1_D	on_killed_by_npc	KilledByNpc	0	100		2	var	22	0	0	v06	0.0	0.0	0.0	0
277453	BGuard_Chief_Gab1_D	on_killed_by_npc	KilledByNpc	0	100		3	var	22	0	0	v07	0.0	0.0	0.0	0
277453	BGuard_Chief_Gab1_D	on_killed_by_npc	KilledByNpc	0	100		4	var	22	0	0	v08	0.0	0.0	0.0	0
277453	BGuard_Chief_Gab1_D	on_killed_by_npc	KilledByNpc	0	100		5	var	22	0	0	v09	0.0	0.0	0.0	0
277453	BGuard_Chief_Gab1_D	on_killed_by_npc	KilledByNpc	0	100		6	var	22	0	0	v10	0.0	0.0	0.0	0
277453	BGuard_Chief_Gab1_D	on_killed_by_npc	KilledByNpc	0	100		7	var	22	0	0	v11	0.0	0.0	0.0	0
277453	BGuard_Chief_Gab1_D	on_killed_by_npc	KilledByNpc	0	100		8	var	22	0	0	v12	0.0	0.0	0.0	0
277453	BGuard_Chief_Gab1_D	on_killed_by_user	KilledByPlayer	0	100		0	spawn	295092	1	12	for_the_fight_self	0.0	0.0	0.0	1
277453	BGuard_Chief_Gab1_D	on_killed_by_user	KilledByPlayer	0	100		1	var	22	0	0	v05	0.0	0.0	0.0	0
277453	BGuard_Chief_Gab1_D	on_killed_by_user	KilledByPlayer	0	100		2	var	22	0	0	v06	0.0	0.0	0.0	0
277453	BGuard_Chief_Gab1_D	on_killed_by_user	KilledByPlayer	0	100		3	var	22	0	0	v07	0.0	0.0	0.0	0
277453	BGuard_Chief_Gab1_D	on_killed_by_user	KilledByPlayer	0	100		4	var	22	0	0	v08	0.0	0.0	0.0	0
277453	BGuard_Chief_Gab1_D	on_killed_by_user	KilledByPlayer	0	100		5	var	22	0	0	v09	0.0	0.0	0.0	0
277453	BGuard_Chief_Gab1_D	on_killed_by_user	KilledByPlayer	0	100		6	var	22	0	0	v10	0.0	0.0	0.0	0
277453	BGuard_Chief_Gab1_D	on_killed_by_user	KilledByPlayer	0	100		7	var	22	0	0	v11	0.0	0.0	0.0	0
277453	BGuard_Chief_Gab1_D	on_killed_by_user	KilledByPlayer	0	100		8	var	22	0	0	v12	0.0	0.0	0.0	0
277454	BGuard_Chief_Gab1_D	on_killed_by_npc	KilledByNpc	0	100		0	spawn	295092	1	12	for_the_fight_self	0.0	0.0	0.0	1
277454	BGuard_Chief_Gab1_D	on_killed_by_npc	KilledByNpc	0	100		1	var	22	0	0	v05	0.0	0.0	0.0	0
277454	BGuard_Chief_Gab1_D	on_killed_by_npc	KilledByNpc	0	100		2	var	22	0	0	v06	0.0	0.0	0.0	0
277454	BGuard_Chief_Gab1_D	on_killed_by_npc	KilledByNpc	0	100		3	var	22	0	0	v07	0.0	0.0	0.0	0
277454	BGuard_Chief_Gab1_D	on_killed_by_npc	KilledByNpc	0	100		4	var	22	0	0	v08	0.0	0.0	0.0	0
277454	BGuard_Chief_Gab1_D	on_killed_by_npc	KilledByNpc	0	100		5	var	22	0	0	v09	0.0	0.0	0.0	0
277454	BGuard_Chief_Gab1_D	on_killed_by_npc	KilledByNpc	0	100		6	var	22	0	0	v10	0.0	0.0	0.0	0
277454	BGuard_Chief_Gab1_D	on_killed_by_npc	KilledByNpc	0	100		7	var	22	0	0	v11	0.0	0.0	0.0	0
277454	BGuard_Chief_Gab1_D	on_killed_by_npc	KilledByNpc	0	100		8	var	22	0	0	v12	0.0	0.0	0.0	0
277454	BGuard_Chief_Gab1_D	on_killed_by_user	KilledByPlayer	0	100		0	spawn	295092	1	12	for_the_fight_self	0.0	0.0	0.0	1
277454	BGuard_Chief_Gab1_D	on_killed_by_user	KilledByPlayer	0	100		1	var	22	0	0	v05	0.0	0.0	0.0	0
277454	BGuard_Chief_Gab1_D	on_killed_by_user	KilledByPlayer	0	100		2	var	22	0	0	v06	0.0	0.0	0.0	0
277454	BGuard_Chief_Gab1_D	on_killed_by_user	KilledByPlayer	0	100		3	var	22	0	0	v07	0.0	0.0	0.0	0
277454	BGuard_Chief_Gab1_D	on_killed_by_user	KilledByPlayer	0	100		4	var	22	0	0	v08	0.0	0.0	0.0	0
277454	BGuard_Chief_Gab1_D	on_killed_by_user	KilledByPlayer	0	100		5	var	22	0	0	v09	0.0	0.0	0.0	0
277454	BGuard_Chief_Gab1_D	on_killed_by_user	KilledByPlayer	0	100		6	var	22	0	0	v10	0.0	0.0	0.0	0
277454	BGuard_Chief_Gab1_D	on_killed_by_user	KilledByPlayer	0	100		7	var	22	0	0	v11	0.0	0.0	0.0	0
277454	BGuard_Chief_Gab1_D	on_killed_by_user	KilledByPlayer	0	100		8	var	22	0	0	v12	0.0	0.0	0.0	0
277455	BGuard_Chief_Gab1_Dr	on_killed_by_npc	KilledByNpc	0	100		0	spawn	295092	1	12	for_the_fight_self	0.0	0.0	0.0	1
277455	BGuard_Chief_Gab1_Dr	on_killed_by_npc	KilledByNpc	0	100		1	var	22	0	0	v05	0.0	0.0	0.0	0
277455	BGuard_Chief_Gab1_Dr	on_killed_by_npc	KilledByNpc	0	100		2	var	22	0	0	v06	0.0	0.0	0.0	0
277455	BGuard_Chief_Gab1_Dr	on_killed_by_npc	KilledByNpc	0	100		3	var	22	0	0	v07	0.0	0.0	0.0	0
277455	BGuard_Chief_Gab1_Dr	on_killed_by_npc	KilledByNpc	0	100		4	var	22	0	0	v08	0.0	0.0	0.0	0
277455	BGuard_Chief_Gab1_Dr	on_killed_by_npc	KilledByNpc	0	100		5	var	22	0	0	v09	0.0	0.0	0.0	0
277455	BGuard_Chief_Gab1_Dr	on_killed_by_npc	KilledByNpc	0	100		6	var	22	0	0	v10	0.0	0.0	0.0	0
277455	BGuard_Chief_Gab1_Dr	on_killed_by_npc	KilledByNpc	0	100		7	var	22	0	0	v11	0.0	0.0	0.0	0
277455	BGuard_Chief_Gab1_Dr	on_killed_by_npc	KilledByNpc	0	100		8	var	22	0	0	v12	0.0	0.0	0.0	0
277455	BGuard_Chief_Gab1_Dr	on_killed_by_user	KilledByPlayer	0	100		0	spawn	295092	1	12	for_the_fight_self	0.0	0.0	0.0	1
277455	BGuard_Chief_Gab1_Dr	on_killed_by_user	KilledByPlayer	0	100		1	var	22	0	0	v05	0.0	0.0	0.0	0
277455	BGuard_Chief_Gab1_Dr	on_killed_by_user	KilledByPlayer	0	100		2	var	22	0	0	v06	0.0	0.0	0.0	0
277455	BGuard_Chief_Gab1_Dr	on_killed_by_user	KilledByPlayer	0	100		3	var	22	0	0	v07	0.0	0.0	0.0	0
277455	BGuard_Chief_Gab1_Dr	on_killed_by_user	KilledByPlayer	0	100		4	var	22	0	0	v08	0.0	0.0	0.0	0
277455	BGuard_Chief_Gab1_Dr	on_killed_by_user	KilledByPlayer	0	100		5	var	22	0	0	v09	0.0	0.0	0.0	0
277455	BGuard_Chief_Gab1_Dr	on_killed_by_user	KilledByPlayer	0	100		6	var	22	0	0	v10	0.0	0.0	0.0	0
277455	BGuard_Chief_Gab1_Dr	on_killed_by_user	KilledByPlayer	0	100		7	var	22	0	0	v11	0.0	0.0	0.0	0
277455	BGuard_Chief_Gab1_Dr	on_killed_by_user	KilledByPlayer	0	100		8	var	22	0	0	v12	0.0	0.0	0.0	0
277456	BGuard_Chief_Gab1_Dr	on_killed_by_npc	KilledByNpc	0	100		0	spawn	295092	1	12	for_the_fight_self	0.0	0.0	0.0	1
277456	BGuard_Chief_Gab1_Dr	on_killed_by_npc	KilledByNpc	0	100		1	var	22	0	0	v05	0.0	0.0	0.0	0
277456	BGuard_Chief_Gab1_Dr	on_killed_by_npc	KilledByNpc	0	100		2	var	22	0	0	v06	0.0	0.0	0.0	0
277456	BGuard_Chief_Gab1_Dr	on_killed_by_npc	KilledByNpc	0	100		3	var	22	0	0	v07	0.0	0.0	0.0	0
277456	BGuard_Chief_Gab1_Dr	on_killed_by_npc	KilledByNpc	0	100		4	var	22	0	0	v08	0.0	0.0	0.0	0
277456	BGuard_Chief_Gab1_Dr	on_killed_by_npc	KilledByNpc	0	100		5	var	22	0	0	v09	0.0	0.0	0.0	0
277456	BGuard_Chief_Gab1_Dr	on_killed_by_npc	KilledByNpc	0	100		6	var	22	0	0	v10	0.0	0.0	0.0	0
277456	BGuard_Chief_Gab1_Dr	on_killed_by_npc	KilledByNpc	0	100		7	var	22	0	0	v11	0.0	0.0	0.0	0
277456	BGuard_Chief_Gab1_Dr	on_killed_by_npc	KilledByNpc	0	100		8	var	22	0	0	v12	0.0	0.0	0.0	0
277456	BGuard_Chief_Gab1_Dr	on_killed_by_user	KilledByPlayer	0	100		0	spawn	295092	1	12	for_the_fight_self	0.0	0.0	0.0	1
277456	BGuard_Chief_Gab1_Dr	on_killed_by_user	KilledByPlayer	0	100		1	var	22	0	0	v05	0.0	0.0	0.0	0
277456	BGuard_Chief_Gab1_Dr	on_killed_by_user	KilledByPlayer	0	100		2	var	22	0	0	v06	0.0	0.0	0.0	0
277456	BGuard_Chief_Gab1_Dr	on_killed_by_user	KilledByPlayer	0	100		3	var	22	0	0	v07	0.0	0.0	0.0	0
277456	BGuard_Chief_Gab1_Dr	on_killed_by_user	KilledByPlayer	0	100		4	var	22	0	0	v08	0.0	0.0	0.0	0
277456	BGuard_Chief_Gab1_Dr	on_killed_by_user	KilledByPlayer	0	100		5	var	22	0	0	v09	0.0	0.0	0.0	0
277456	BGuard_Chief_Gab1_Dr	on_killed_by_user	KilledByPlayer	0	100		6	var	22	0	0	v10	0.0	0.0	0.0	0
277456	BGuard_Chief_Gab1_Dr	on_killed_by_user	KilledByPlayer	0	100		7	var	22	0	0	v11	0.0	0.0	0.0	0
277456	BGuard_Chief_Gab1_Dr	on_killed_by_user	KilledByPlayer	0	100		8	var	22	0	0	v12	0.0	0.0	0.0	0
277457	BGuard_Chief_Gab1_Dr	on_killed_by_npc	KilledByNpc	0	100		0	spawn	295092	1	12	for_the_fight_self	0.0	0.0	0.0	1
277457	BGuard_Chief_Gab1_Dr	on_killed_by_npc	KilledByNpc	0	100		1	var	22	0	0	v05	0.0	0.0	0.0	0
277457	BGuard_Chief_Gab1_Dr	on_killed_by_npc	KilledByNpc	0	100		2	var	22	0	0	v06	0.0	0.0	0.0	0
277457	BGuard_Chief_Gab1_Dr	on_killed_by_npc	KilledByNpc	0	100		3	var	22	0	0	v07	0.0	0.0	0.0	0
277457	BGuard_Chief_Gab1_Dr	on_killed_by_npc	KilledByNpc	0	100		4	var	22	0	0	v08	0.0	0.0	0.0	0
277457	BGuard_Chief_Gab1_Dr	on_killed_by_npc	KilledByNpc	0	100		5	var	22	0	0	v09	0.0	0.0	0.0	0
277457	BGuard_Chief_Gab1_Dr	on_killed_by_npc	KilledByNpc	0	100		6	var	22	0	0	v10	0.0	0.0	0.0	0
277457	BGuard_Chief_Gab1_Dr	on_killed_by_npc	KilledByNpc	0	100		7	var	22	0	0	v11	0.0	0.0	0.0	0
277457	BGuard_Chief_Gab1_Dr	on_killed_by_npc	KilledByNpc	0	100		8	var	22	0	0	v12	0.0	0.0	0.0	0
277457	BGuard_Chief_Gab1_Dr	on_killed_by_user	KilledByPlayer	0	100		0	spawn	295092	1	12	for_the_fight_self	0.0	0.0	0.0	1
277457	BGuard_Chief_Gab1_Dr	on_killed_by_user	KilledByPlayer	0	100		1	var	22	0	0	v05	0.0	0.0	0.0	0
277457	BGuard_Chief_Gab1_Dr	on_killed_by_user	KilledByPlayer	0	100		2	var	22	0	0	v06	0.0	0.0	0.0	0
277457	BGuard_Chief_Gab1_Dr	on_killed_by_user	KilledByPlayer	0	100		3	var	22	0	0	v07	0.0	0.0	0.0	0
277457	BGuard_Chief_Gab1_Dr	on_killed_by_user	KilledByPlayer	0	100		4	var	22	0	0	v08	0.0	0.0	0.0	0
277457	BGuard_Chief_Gab1_Dr	on_killed_by_user	KilledByPlayer	0	100		5	var	22	0	0	v09	0.0	0.0	0.0	0
277457	BGuard_Chief_Gab1_Dr	on_killed_by_user	KilledByPlayer	0	100		6	var	22	0	0	v10	0.0	0.0	0.0	0
277457	BGuard_Chief_Gab1_Dr	on_killed_by_user	KilledByPlayer	0	100		7	var	22	0	0	v11	0.0	0.0	0.0	0
277457	BGuard_Chief_Gab1_Dr	on_killed_by_user	KilledByPlayer	0	100		8	var	22	0	0	v12	0.0	0.0	0.0	0
277458	BGuard_Chief_Gab1_Dr	on_killed_by_npc	KilledByNpc	0	100		0	spawn	295092	1	12	for_the_fight_self	0.0	0.0	0.0	1
277458	BGuard_Chief_Gab1_Dr	on_killed_by_npc	KilledByNpc	0	100		1	var	22	0	0	v05	0.0	0.0	0.0	0
277458	BGuard_Chief_Gab1_Dr	on_killed_by_npc	KilledByNpc	0	100		2	var	22	0	0	v06	0.0	0.0	0.0	0
277458	BGuard_Chief_Gab1_Dr	on_killed_by_npc	KilledByNpc	0	100		3	var	22	0	0	v07	0.0	0.0	0.0	0
277458	BGuard_Chief_Gab1_Dr	on_killed_by_npc	KilledByNpc	0	100		4	var	22	0	0	v08	0.0	0.0	0.0	0
277458	BGuard_Chief_Gab1_Dr	on_killed_by_npc	KilledByNpc	0	100		5	var	22	0	0	v09	0.0	0.0	0.0	0
277458	BGuard_Chief_Gab1_Dr	on_killed_by_npc	KilledByNpc	0	100		6	var	22	0	0	v10	0.0	0.0	0.0	0
277458	BGuard_Chief_Gab1_Dr	on_killed_by_npc	KilledByNpc	0	100		7	var	22	0	0	v11	0.0	0.0	0.0	0
277458	BGuard_Chief_Gab1_Dr	on_killed_by_npc	KilledByNpc	0	100		8	var	22	0	0	v12	0.0	0.0	0.0	0
277458	BGuard_Chief_Gab1_Dr	on_killed_by_user	KilledByPlayer	0	100		0	spawn	295092	1	12	for_the_fight_self	0.0	0.0	0.0	1
277458	BGuard_Chief_Gab1_Dr	on_killed_by_user	KilledByPlayer	0	100		1	var	22	0	0	v05	0.0	0.0	0.0	0
277458	BGuard_Chief_Gab1_Dr	on_killed_by_user	KilledByPlayer	0	100		2	var	22	0	0	v06	0.0	0.0	0.0	0
277458	BGuard_Chief_Gab1_Dr	on_killed_by_user	KilledByPlayer	0	100		3	var	22	0	0	v07	0.0	0.0	0.0	0
277458	BGuard_Chief_Gab1_Dr	on_killed_by_user	KilledByPlayer	0	100		4	var	22	0	0	v08	0.0	0.0	0.0	0
277458	BGuard_Chief_Gab1_Dr	on_killed_by_user	KilledByPlayer	0	100		5	var	22	0	0	v09	0.0	0.0	0.0	0
277458	BGuard_Chief_Gab1_Dr	on_killed_by_user	KilledByPlayer	0	100		6	var	22	0	0	v10	0.0	0.0	0.0	0
277458	BGuard_Chief_Gab1_Dr	on_killed_by_user	KilledByPlayer	0	100		7	var	22	0	0	v11	0.0	0.0	0.0	0
277458	BGuard_Chief_Gab1_Dr	on_killed_by_user	KilledByPlayer	0	100		8	var	22	0	0	v12	0.0	0.0	0.0	0
277459	BGuard_Chief_Gab1_Dr	on_killed_by_npc	KilledByNpc	0	100		0	spawn	295092	1	12	for_the_fight_self	0.0	0.0	0.0	1
277459	BGuard_Chief_Gab1_Dr	on_killed_by_npc	KilledByNpc	0	100		1	var	22	0	0	v05	0.0	0.0	0.0	0
277459	BGuard_Chief_Gab1_Dr	on_killed_by_npc	KilledByNpc	0	100		2	var	22	0	0	v06	0.0	0.0	0.0	0
277459	BGuard_Chief_Gab1_Dr	on_killed_by_npc	KilledByNpc	0	100		3	var	22	0	0	v07	0.0	0.0	0.0	0
277459	BGuard_Chief_Gab1_Dr	on_killed_by_npc	KilledByNpc	0	100		4	var	22	0	0	v08	0.0	0.0	0.0	0
277459	BGuard_Chief_Gab1_Dr	on_killed_by_npc	KilledByNpc	0	100		5	var	22	0	0	v09	0.0	0.0	0.0	0
277459	BGuard_Chief_Gab1_Dr	on_killed_by_npc	KilledByNpc	0	100		6	var	22	0	0	v10	0.0	0.0	0.0	0
277459	BGuard_Chief_Gab1_Dr	on_killed_by_npc	KilledByNpc	0	100		7	var	22	0	0	v11	0.0	0.0	0.0	0
277459	BGuard_Chief_Gab1_Dr	on_killed_by_npc	KilledByNpc	0	100		8	var	22	0	0	v12	0.0	0.0	0.0	0
277459	BGuard_Chief_Gab1_Dr	on_killed_by_user	KilledByPlayer	0	100		0	spawn	295092	1	12	for_the_fight_self	0.0	0.0	0.0	1
277459	BGuard_Chief_Gab1_Dr	on_killed_by_user	KilledByPlayer	0	100		1	var	22	0	0	v05	0.0	0.0	0.0	0
277459	BGuard_Chief_Gab1_Dr	on_killed_by_user	KilledByPlayer	0	100		2	var	22	0	0	v06	0.0	0.0	0.0	0
277459	BGuard_Chief_Gab1_Dr	on_killed_by_user	KilledByPlayer	0	100		3	var	22	0	0	v07	0.0	0.0	0.0	0
277459	BGuard_Chief_Gab1_Dr	on_killed_by_user	KilledByPlayer	0	100		4	var	22	0	0	v08	0.0	0.0	0.0	0
277459	BGuard_Chief_Gab1_Dr	on_killed_by_user	KilledByPlayer	0	100		5	var	22	0	0	v09	0.0	0.0	0.0	0
277459	BGuard_Chief_Gab1_Dr	on_killed_by_user	KilledByPlayer	0	100		6	var	22	0	0	v10	0.0	0.0	0.0	0
277459	BGuard_Chief_Gab1_Dr	on_killed_by_user	KilledByPlayer	0	100		7	var	22	0	0	v11	0.0	0.0	0.0	0
277459	BGuard_Chief_Gab1_Dr	on_killed_by_user	KilledByPlayer	0	100		8	var	22	0	0	v12	0.0	0.0	0.0	0
277548	NoAction_AbyssDoor	on_killed_by_npc	KilledByNpc	0	7		0	spawn	296337	1	12	for_the_fight_self	0.0	0.0	0.0	0
277548	NoAction_AbyssDoor	on_killed_by_user	KilledByPlayer	0	7		0	spawn	296337	1	12	for_the_fight_self	0.0	0.0	0.0	0
277549	NoAction_AbyssDoor	on_killed_by_npc	KilledByNpc	0	7		0	spawn	296337	1	12	for_the_fight_self	0.0	0.0	0.0	0
277549	NoAction_AbyssDoor	on_killed_by_user	KilledByPlayer	0	7		0	spawn	296337	1	12	for_the_fight_self	0.0	0.0	0.0	0
277550	NoAction_AbyssDoor	on_killed_by_npc	KilledByNpc	0	7		0	spawn	296337	1	12	for_the_fight_self	0.0	0.0	0.0	0
277550	NoAction_AbyssDoor	on_killed_by_user	KilledByPlayer	0	7		0	spawn	296337	1	12	for_the_fight_self	0.0	0.0	0.0	0
277551	NoAction_AbyssDoor	on_killed_by_npc	KilledByNpc	0	7		0	spawn	296337	1	12	for_the_fight_self	0.0	0.0	0.0	0
277551	NoAction_AbyssDoor	on_killed_by_user	KilledByPlayer	0	7		0	spawn	296337	1	12	for_the_fight_self	0.0	0.0	0.0	0
277552	NoAction_AbyssDoor	on_killed_by_npc	KilledByNpc	0	7		0	spawn	296337	1	12	for_the_fight_self	0.0	0.0	0.0	0
277552	NoAction_AbyssDoor	on_killed_by_user	KilledByPlayer	0	7		0	spawn	296337	1	12	for_the_fight_self	0.0	0.0	0.0	0
277553	NoAction_AbyssDoor	on_killed_by_npc	KilledByNpc	0	7		0	spawn	296337	1	12	for_the_fight_self	0.0	0.0	0.0	0
277553	NoAction_AbyssDoor	on_killed_by_user	KilledByPlayer	0	7		0	spawn	296337	1	12	for_the_fight_self	0.0	0.0	0.0	0
277554	NoAction_AbyssDoor	on_killed_by_npc	KilledByNpc	0	7		0	spawn	296337	1	12	for_the_fight_self	0.0	0.0	0.0	0
277554	NoAction_AbyssDoor	on_killed_by_user	KilledByPlayer	0	7		0	spawn	296337	1	12	for_the_fight_self	0.0	0.0	0.0	0
277555	NoAction_AbyssDoor	on_killed_by_npc	KilledByNpc	0	7		0	spawn	296337	1	12	for_the_fight_self	0.0	0.0	0.0	0
277555	NoAction_AbyssDoor	on_killed_by_user	KilledByPlayer	0	7		0	spawn	296337	1	12	for_the_fight_self	0.0	0.0	0.0	0
277556	NoAction_AbyssDoor	on_killed_by_npc	KilledByNpc	0	7		0	spawn	296337	1	12	for_the_fight_self	0.0	0.0	0.0	0
277556	NoAction_AbyssDoor	on_killed_by_user	KilledByPlayer	0	7		0	spawn	296337	1	12	for_the_fight_self	0.0	0.0	0.0	0
277557	NoAction_AbyssDoor	on_killed_by_npc	KilledByNpc	0	7		0	spawn	296337	1	12	for_the_fight_self	0.0	0.0	0.0	0
277557	NoAction_AbyssDoor	on_killed_by_user	KilledByPlayer	0	7		0	spawn	296337	1	12	for_the_fight_self	0.0	0.0	0.0	0
277558	NoAction_AbyssDoor	on_killed_by_npc	KilledByNpc	0	7		0	spawn	296337	1	12	for_the_fight_self	0.0	0.0	0.0	0
277558	NoAction_AbyssDoor	on_killed_by_user	KilledByPlayer	0	7		0	spawn	296337	1	12	for_the_fight_self	0.0	0.0	0.0	0
277559	NoAction_AbyssDoor	on_killed_by_npc	KilledByNpc	0	7		0	spawn	296337	1	12	for_the_fight_self	0.0	0.0	0.0	0
277559	NoAction_AbyssDoor	on_killed_by_user	KilledByPlayer	0	7		0	spawn	296337	1	12	for_the_fight_self	0.0	0.0	0.0	0
277560	NoAction_AbyssDoor	on_killed_by_npc	KilledByNpc	0	7		0	spawn	296337	1	12	for_the_fight_self	0.0	0.0	0.0	0
277560	NoAction_AbyssDoor	on_killed_by_user	KilledByPlayer	0	7		0	spawn	296337	1	12	for_the_fight_self	0.0	0.0	0.0	0
277561	NoAction_AbyssDoor	on_killed_by_npc	KilledByNpc	0	7		0	spawn	296337	1	12	for_the_fight_self	0.0	0.0	0.0	0
277561	NoAction_AbyssDoor	on_killed_by_user	KilledByPlayer	0	7		0	spawn	296337	1	12	for_the_fight_self	0.0	0.0	0.0	0
277562	NoAction_AbyssDoor	on_killed_by_npc	KilledByNpc	0	7		0	spawn	296337	1	12	for_the_fight_self	0.0	0.0	0.0	0
277562	NoAction_AbyssDoor	on_killed_by_user	KilledByPlayer	0	7		0	spawn	296337	1	12	for_the_fight_self	0.0	0.0	0.0	0
277563	NoAction_AbyssDoor	on_killed_by_npc	KilledByNpc	0	7		0	spawn	296337	1	12	for_the_fight_self	0.0	0.0	0.0	0
277563	NoAction_AbyssDoor	on_killed_by_user	KilledByPlayer	0	7		0	spawn	296337	1	12	for_the_fight_self	0.0	0.0	0.0	0
277564	NoAction_AbyssDoor	on_killed_by_npc	KilledByNpc	0	7		0	spawn	296337	1	12	for_the_fight_self	0.0	0.0	0.0	0
277564	NoAction_AbyssDoor	on_killed_by_user	KilledByPlayer	0	7		0	spawn	296337	1	12	for_the_fight_self	0.0	0.0	0.0	0
277565	NoAction_AbyssDoor	on_killed_by_npc	KilledByNpc	0	7		0	spawn	296337	1	12	for_the_fight_self	0.0	0.0	0.0	0
277565	NoAction_AbyssDoor	on_killed_by_user	KilledByPlayer	0	7		0	spawn	296337	1	12	for_the_fight_self	0.0	0.0	0.0	0
277566	NoAction_AbyssDoor	on_killed_by_npc	KilledByNpc	0	7		0	spawn	296337	1	12	for_the_fight_self	0.0	0.0	0.0	0
277566	NoAction_AbyssDoor	on_killed_by_user	KilledByPlayer	0	7		0	spawn	296337	1	12	for_the_fight_self	0.0	0.0	0.0	0
277567	NoAction_AbyssDoor	on_killed_by_npc	KilledByNpc	0	7		0	spawn	296337	1	12	for_the_fight_self	0.0	0.0	0.0	0
277567	NoAction_AbyssDoor	on_killed_by_user	KilledByPlayer	0	7		0	spawn	296337	1	12	for_the_fight_self	0.0	0.0	0.0	0
277572	NoAction_AbyssDoor	on_killed_by_npc	KilledByNpc	0	7		0	spawn	296337	1	12	for_the_fight_self	0.0	0.0	0.0	0
277572	NoAction_AbyssDoor	on_killed_by_user	KilledByPlayer	0	7		0	spawn	296337	1	12	for_the_fight_self	0.0	0.0	0.0	0
277573	NoAction_AbyssDoor	on_killed_by_npc	KilledByNpc	0	7		0	spawn	296337	1	12	for_the_fight_self	0.0	0.0	0.0	0
277573	NoAction_AbyssDoor	on_killed_by_user	KilledByPlayer	0	7		0	spawn	296337	1	12	for_the_fight_self	0.0	0.0	0.0	0
277574	NoAction_AbyssDoor	on_killed_by_npc	KilledByNpc	0	7		0	spawn	296337	1	12	for_the_fight_self	0.0	0.0	0.0	0
277574	NoAction_AbyssDoor	on_killed_by_user	KilledByPlayer	0	7		0	spawn	296337	1	12	for_the_fight_self	0.0	0.0	0.0	0
277575	NoAction_AbyssDoor	on_killed_by_npc	KilledByNpc	0	7		0	spawn	296337	1	12	for_the_fight_self	0.0	0.0	0.0	0
277575	NoAction_AbyssDoor	on_killed_by_user	KilledByPlayer	0	7		0	spawn	296337	1	12	for_the_fight_self	0.0	0.0	0.0	0
277904	NoAction_AbyssDoor	on_killed_by_npc	KilledByNpc	0	7		0	spawn	296337	1	12	for_the_fight_self	0.0	0.0	0.0	0
277904	NoAction_AbyssDoor	on_killed_by_user	KilledByPlayer	0	7		0	spawn	296337	1	12	for_the_fight_self	0.0	0.0	0.0	0
277905	NoAction_AbyssDoor	on_killed_by_npc	KilledByNpc	0	7		0	spawn	296337	1	12	for_the_fight_self	0.0	0.0	0.0	0
277905	NoAction_AbyssDoor	on_killed_by_user	KilledByPlayer	0	7		0	spawn	296337	1	12	for_the_fight_self	0.0	0.0	0.0	0
277906	NoAction_AbyssDoor	on_killed_by_npc	KilledByNpc	0	7		0	spawn	296337	1	12	for_the_fight_self	0.0	0.0	0.0	0
277906	NoAction_AbyssDoor	on_killed_by_user	KilledByPlayer	0	7		0	spawn	296337	1	12	for_the_fight_self	0.0	0.0	0.0	0
277907	NoAction_AbyssDoor	on_killed_by_npc	KilledByNpc	0	7		0	spawn	296337	1	12	for_the_fight_self	0.0	0.0	0.0	0
277907	NoAction_AbyssDoor	on_killed_by_user	KilledByPlayer	0	7		0	spawn	296337	1	12	for_the_fight_self	0.0	0.0	0.0	0
277908	NoAction_AbyssDoor	on_killed_by_npc	KilledByNpc	0	7		0	spawn	296337	1	12	for_the_fight_self	0.0	0.0	0.0	0
277908	NoAction_AbyssDoor	on_killed_by_user	KilledByPlayer	0	7		0	spawn	296337	1	12	for_the_fight_self	0.0	0.0	0.0	0
277909	NoAction_AbyssDoor	on_killed_by_npc	KilledByNpc	0	7		0	spawn	296337	1	12	for_the_fight_self	0.0	0.0	0.0	0
277909	NoAction_AbyssDoor	on_killed_by_user	KilledByPlayer	0	7		0	spawn	296337	1	12	for_the_fight_self	0.0	0.0	0.0	0
277910	NoAction_AbyssDoor	on_killed_by_npc	KilledByNpc	0	7		0	spawn	296337	1	12	for_the_fight_self	0.0	0.0	0.0	0
277910	NoAction_AbyssDoor	on_killed_by_user	KilledByPlayer	0	7		0	spawn	296337	1	12	for_the_fight_self	0.0	0.0	0.0	0
277911	NoAction_AbyssDoor	on_killed_by_npc	KilledByNpc	0	7		0	spawn	296337	1	12	for_the_fight_self	0.0	0.0	0.0	0
277911	NoAction_AbyssDoor	on_killed_by_user	KilledByPlayer	0	7		0	spawn	296337	1	12	for_the_fight_self	0.0	0.0	0.0	0
277912	NoAction_AbyssDoor	on_killed_by_npc	KilledByNpc	0	7		0	spawn	296337	1	12	for_the_fight_self	0.0	0.0	0.0	0
277912	NoAction_AbyssDoor	on_killed_by_user	KilledByPlayer	0	7		0	spawn	296337	1	12	for_the_fight_self	0.0	0.0	0.0	0
277913	NoAction_AbyssDoor	on_killed_by_npc	KilledByNpc	0	7		0	spawn	296337	1	12	for_the_fight_self	0.0	0.0	0.0	0
277913	NoAction_AbyssDoor	on_killed_by_user	KilledByPlayer	0	7		0	spawn	296337	1	12	for_the_fight_self	0.0	0.0	0.0	0
277914	NoAction_AbyssDoor	on_killed_by_npc	KilledByNpc	0	7		0	spawn	296337	1	12	for_the_fight_self	0.0	0.0	0.0	0
277914	NoAction_AbyssDoor	on_killed_by_user	KilledByPlayer	0	7		0	spawn	296337	1	12	for_the_fight_self	0.0	0.0	0.0	0
277915	NoAction_AbyssDoor	on_killed_by_npc	KilledByNpc	0	7		0	spawn	296337	1	12	for_the_fight_self	0.0	0.0	0.0	0
277915	NoAction_AbyssDoor	on_killed_by_user	KilledByPlayer	0	7		0	spawn	296337	1	12	for_the_fight_self	0.0	0.0	0.0	0
277916	NoAction_AbyssDoor	on_killed_by_npc	KilledByNpc	0	7		0	spawn	296337	1	12	for_the_fight_self	0.0	0.0	0.0	0
277916	NoAction_AbyssDoor	on_killed_by_user	KilledByPlayer	0	7		0	spawn	296337	1	12	for_the_fight_self	0.0	0.0	0.0	0
277917	NoAction_AbyssDoor	on_killed_by_npc	KilledByNpc	0	7		0	spawn	296337	1	12	for_the_fight_self	0.0	0.0	0.0	0
277917	NoAction_AbyssDoor	on_killed_by_user	KilledByPlayer	0	7		0	spawn	296337	1	12	for_the_fight_self	0.0	0.0	0.0	0
277918	NoAction_AbyssDoor	on_killed_by_npc	KilledByNpc	0	7		0	spawn	296337	1	12	for_the_fight_self	0.0	0.0	0.0	0
277918	NoAction_AbyssDoor	on_killed_by_user	KilledByPlayer	0	7		0	spawn	296337	1	12	for_the_fight_self	0.0	0.0	0.0	0
277919	NoAction_AbyssDoor	on_killed_by_npc	KilledByNpc	0	7		0	spawn	296337	1	12	for_the_fight_self	0.0	0.0	0.0	0
277919	NoAction_AbyssDoor	on_killed_by_user	KilledByPlayer	0	7		0	spawn	296337	1	12	for_the_fight_self	0.0	0.0	0.0	0
280358	ND2_CheatboxSu	on_killed_by_user	KilledByPlayer	0	6	chance:1|set_flag_var:0	0	spawn	211800	1	9600	for_the_fight_self	0.0	0.0	0.0	1
280358	ND2_CheatboxSu	on_killed_by_user	KilledByPlayer	0	6	chance:1|set_flag_var:0	1	despawn_self	0	0	0		0.0	0.0	0.0	0
280358	ND2_CheatboxSu	on_killed_by_user	KilledByPlayer	1	5	chance:20|set_flag_var:0	0	spawn	211799	6	9600	for_the_fight_self	0.0	0.0	0.0	1
280358	ND2_CheatboxSu	on_killed_by_user	KilledByPlayer	1	5	chance:20|set_flag_var:0	1	despawn_self	0	0	0		0.0	0.0	0.0	0
280358	ND2_CheatboxSu	on_killed_by_user	KilledByPlayer	2	4	chance:20|set_flag_var:0	0	spawn	211797	1	9600	for_the_fight_self	0.0	0.0	0.0	3
280358	ND2_CheatboxSu	on_killed_by_user	KilledByPlayer	2	4	chance:20|set_flag_var:0	1	spawn	211796	1	9600	for_the_fight_self	0.0	0.0	0.0	3
280358	ND2_CheatboxSu	on_killed_by_user	KilledByPlayer	2	4	chance:20|set_flag_var:0	2	spawn	211795	1	9600	for_the_fight_self	0.0	0.0	0.0	3
280358	ND2_CheatboxSu	on_killed_by_user	KilledByPlayer	2	4	chance:20|set_flag_var:0	3	despawn_self	0	0	0		0.0	0.0	0.0	0
280358	ND2_CheatboxSu	on_killed_by_user	KilledByPlayer	3	3	chance:20|set_flag_var:0	0	spawn	211794	1	9600	for_the_fight_self	0.0	0.0	0.0	2
280358	ND2_CheatboxSu	on_killed_by_user	KilledByPlayer	3	3	chance:20|set_flag_var:0	1	spawn	211793	1	9600	for_the_fight_self	0.0	0.0	0.0	2
280358	ND2_CheatboxSu	on_killed_by_user	KilledByPlayer	3	3	chance:20|set_flag_var:0	2	despawn_self	0	0	0		0.0	0.0	0.0	0
280358	ND2_CheatboxSu	on_killed_by_user	KilledByPlayer	4	2	chance:9|set_flag_var:0	0	spawn	211798	1	9600	for_the_fight_self	0.0	0.0	0.0	1
280358	ND2_CheatboxSu	on_killed_by_user	KilledByPlayer	4	2	chance:9|set_flag_var:0	1	despawn_self	0	0	0		0.0	0.0	0.0	0
280358	ND2_CheatboxSu	on_killed_by_user	KilledByPlayer	5	1	set_flag_var:0	0	spawn	211792	1	9600	for_the_fight_self	0.0	0.0	0.0	1
280358	ND2_CheatboxSu	on_killed_by_user	KilledByPlayer	5	1	set_flag_var:0	1	despawn_self	0	0	0		0.0	0.0	0.0	0
280695	BLehpar_FhA	on_killed_by_user	KilledByPlayer	0	14		0	say	341127	0	0		0.0	0.0	0.0	0
280695	BLehpar_FhA	on_killed_by_user	KilledByPlayer	0	14		1	spawn	280714	1	120	for_the_fight_self	0.0	0.0	0.0	1
280720	LF2A_TBox	on_killed_by_user	KilledByPlayer	0	1		0	say	341026	0	0		0.0	0.0	0.0	0
280720	LF2A_TBox	on_killed_by_user	KilledByPlayer	0	1		1	spawn	280722	1	600	for_the_fight_self	0.0	0.0	0.0	1
280789	NLehpar_BhA	on_killed_by_user	KilledByPlayer	0	14		0	say	341127	0	0		0.0	0.0	0.0	0
280789	NLehpar_BhA	on_killed_by_user	KilledByPlayer	0	14		1	spawn	280790	1	120	for_the_fight_self	0.0	0.0	0.0	1
280970	ND2_WhG	on_killed_by_npc	KilledByNpc	0	100		0	say	341563	0	0		0.0	0.0	0.0	0
280970	ND2_WhG	on_killed_by_npc	KilledByNpc	0	100		1	spawn	281032	1	0	for_the_fight_absolute	392.28	754.11	190.0	1
280970	ND2_WhG	on_killed_by_user	KilledByPlayer	0	100		0	say	341563	0	0		0.0	0.0	0.0	0
280970	ND2_WhG	on_killed_by_user	KilledByPlayer	0	100		1	spawn	281032	1	0	for_the_fight_absolute	392.28	754.11	190.0	1
281117	Bionic_EhA	on_die	ANY	0	21		0	despawn	1	0	0		0.0	0.0	0.0	0
281117	Bionic_EhA	on_die	ANY	0	21		1	despawn	2	0	0		0.0	0.0	0.0	0
281117	Bionic_EhA	on_die	ANY	0	21		2	spawn	281230	1	0	for_the_fight_absolute	227.0	420.0	107.0	3
281117	Bionic_EhA	on_killed_by_npc	KilledByNpc	0	19	hp_below:0	0	despawn	1	0	0		0.0	0.0	0.0	0
281117	Bionic_EhA	on_killed_by_npc	KilledByNpc	0	19	hp_below:0	1	despawn	2	0	0		0.0	0.0	0.0	0
281117	Bionic_EhA	on_killed_by_npc	KilledByNpc	0	19	hp_below:0	2	spawn	281230	1	0	for_the_fight_absolute	227.0	420.0	107.0	3
281117	Bionic_EhA	on_killed_by_user	KilledByPlayer	0	20	hp_below:0	0	despawn	1	0	0		0.0	0.0	0.0	0
281117	Bionic_EhA	on_killed_by_user	KilledByPlayer	0	20	hp_below:0	1	despawn	2	0	0		0.0	0.0	0.0	0
281117	Bionic_EhA	on_killed_by_user	KilledByPlayer	0	20	hp_below:0	2	spawn	281230	1	0	for_the_fight_absolute	227.0	420.0	107.0	3
281124	IDSlk_KK	on_die	ANY	0	7		0	spawn	281197	1	6	for_the_fight_self	0.0	0.0	0.0	1
281124	IDSlk_KK	on_die	ANY	0	7		1	var	2	0	0	Lever	0.0	0.0	0.0	0
281211	IDSlk_Gunner	on_die	ANY	0	7		0	spawn	281335	1	6	for_the_fight_absolute	0.0	0.0	0.0	2
281257	Dragon_G1	on_killed_by_user	KilledByPlayer	0	23		0	despawn	1	0	0		0.0	0.0	0.0	0
281257	Dragon_G1	on_killed_by_user	KilledByPlayer	0	23		1	despawn	2	0	0		0.0	0.0	0.0	0
281257	Dragon_G1	on_killed_by_user	KilledByPlayer	0	23		2	despawn	3	0	0		0.0	0.0	0.0	0
281257	Dragon_G1	on_killed_by_user	KilledByPlayer	0	23		3	spawn	281265	1	0	self	0.0	0.0	0.0	4
281257	Dragon_G1	on_killed_by_user	KilledByPlayer	0	23		4	spawn	702658	1	0	for_the_fight_self	0.0	0.0	0.0	0
281266	Dragon_G2	on_killed_by_user	KilledByPlayer	0	23		0	despawn	1	0	0		0.0	0.0	0.0	0
281266	Dragon_G2	on_killed_by_user	KilledByPlayer	0	23		1	despawn	2	0	0		0.0	0.0	0.0	0
281266	Dragon_G2	on_killed_by_user	KilledByPlayer	0	23		2	despawn	3	0	0		0.0	0.0	0.0	0
281266	Dragon_G2	on_killed_by_user	KilledByPlayer	0	23		3	spawn	702658	1	0	for_the_fight_self	0.0	0.0	0.0	0
281450	LF4_Dramata	on_die	ANY	0	7	chance:33	0	despawn	1	0	0		0.0	0.0	0.0	0
281450	LF4_Dramata	on_die	ANY	0	7	chance:33	1	despawn	2	0	0		0.0	0.0	0.0	0
281450	LF4_Dramata	on_die	ANY	0	7	chance:33	2	despawn	3	0	0		0.0	0.0	0.0	0
281450	LF4_Dramata	on_die	ANY	0	7	chance:33	3	spawn	281928	1	12	for_the_fight_absolute	0.0	0.0	0.0	0
281450	LF4_Dramata	on_die	ANY	0	7	chance:33	4	sysmsg	1500110	0	0		0.0	0.0	0.0	0
281450	LF4_Dramata	on_die	ANY	1	6	chance:66	0	despawn	1	0	0		0.0	0.0	0.0	0
281450	LF4_Dramata	on_die	ANY	1	6	chance:66	1	despawn	2	0	0		0.0	0.0	0.0	0
281450	LF4_Dramata	on_die	ANY	1	6	chance:66	2	despawn	3	0	0		0.0	0.0	0.0	0
281450	LF4_Dramata	on_die	ANY	1	6	chance:66	3	spawn	281928	1	12	for_the_fight_absolute	0.0	0.0	0.0	0
281450	LF4_Dramata	on_die	ANY	1	6	chance:66	4	sysmsg	1500111	0	0		0.0	0.0	0.0	0
281450	LF4_Dramata	on_die	ANY	2	5		0	despawn	1	0	0		0.0	0.0	0.0	0
281450	LF4_Dramata	on_die	ANY	2	5		1	despawn	2	0	0		0.0	0.0	0.0	0
281450	LF4_Dramata	on_die	ANY	2	5		2	despawn	3	0	0		0.0	0.0	0.0	0
281450	LF4_Dramata	on_die	ANY	2	5		3	spawn	281928	1	12	for_the_fight_absolute	0.0	0.0	0.0	0
281450	LF4_Dramata	on_die	ANY	2	5		4	sysmsg	1500112	0	0		0.0	0.0	0.0	0
281454	IDDramata_Dramata	on_die	ANY	0	7		0	var	1	0	0	Phage	0.0	0.0	0.0	0
281454	IDDramata_Dramata	on_die	ANY	0	7		1	var	1	0	0	Phage2	0.0	0.0	0.0	0
281454	IDDramata_Dramata	on_die	ANY	0	7		2	var	1	0	0	Phage3	0.0	0.0	0.0	0
281454	IDDramata_Dramata	on_die	ANY	0	7		3	var	1	0	0	Phage4	0.0	0.0	0.0	0
281454	IDDramata_Dramata	on_die	ANY	0	7		4	var	1	0	0	egg_die	0.0	0.0	0.0	0
281454	IDDramata_Dramata	on_die	ANY	0	7		5	var	1	0	0	Avatar_TreasureBox	0.0	0.0	0.0	0
281768	IDCT_Rudra	on_die	ANY	0	7		0	spawn	730287	1	0	for_the_fight_absolute	564.0	1335.0	224.0	5
281768	IDCT_Rudra	on_die	ANY	0	7		1	spawn	702658	1	0	for_the_fight_self	0.0	0.0	0.0	0
281768	IDCT_Rudra	on_die	ANY	0	7		2	say	1500092	0	0		0.0	0.0	0.0	0
281768	IDCT_Rudra	on_die	ANY	0	7		3	despawn	1	0	0		0.0	0.0	0.0	0
281772	IDCTH_Rudra	on_die	ANY	0	7		0	spawn	730287	1	0	for_the_fight_absolute	564.0	1335.0	224.0	5
281772	IDCTH_Rudra	on_die	ANY	0	7		1	say	1500092	0	0		0.0	0.0	0.0	0
281772	IDCTH_Rudra	on_die	ANY	0	7		2	spawn	702658	1	0	for_the_fight_self	0.0	0.0	0.0	0
281772	IDCTH_Rudra	on_die	ANY	0	7		3	despawn	1	0	0		0.0	0.0	0.0	0
281897	IDAbRe_Core_NamedA1	on_die	ANY	0	9		0	spawn	282011	1	60	for_the_fight_absolute	448.99	694.32	433.06	1
281898	IDAbRe_Core_NamedA2	on_die	ANY	0	9		0	spawn	282012	1	60	for_the_fight_absolute	448.99	694.32	433.06	1
281899	IDAbRe_Core_NamedB	on_die	ANY	0	7		0	var	0	1	0	NmdB_BoxSpawn	0.0	0.0	0.0	0
281899	IDAbRe_Core_NamedB	on_die	ANY	0	7		1	spawn	281926	1	10	for_the_fight_absolute	634.7	557.1	424.0	1
281900	IDAbRe_Core_NamedC	on_die	ANY	0	10	chance:40|set_flag_var:0	0	var	1	0	0	NmdA_BoxSpawn	0.0	0.0	0.0	0
281900	IDAbRe_Core_NamedC	on_die	ANY	0	10	chance:40|set_flag_var:0	1	despawn	1	0	0		0.0	0.0	0.0	0
281900	IDAbRe_Core_NamedC	on_die	ANY	0	10	chance:40|set_flag_var:0	2	say	1500003	0	0		0.0	0.0	0.0	0
281900	IDAbRe_Core_NamedC	on_die	ANY	1	9	set_flag_var:0	0	var	1	0	0	NmdA_BoxSpawn	0.0	0.0	0.0	0
281900	IDAbRe_Core_NamedC	on_die	ANY	1	9	set_flag_var:0	1	despawn	1	0	0		0.0	0.0	0.0	0
281900	IDAbRe_Core_NamedC	on_die	ANY	1	9	set_flag_var:0	2	say	1500004	0	0		0.0	0.0	0.0	0
281901	IDAbRe_Core_NamedD	on_die	ANY	0	11		0	var	1	0	0	NmdDE_BoxSpawn	0.0	0.0	0.0	0
281901	IDAbRe_Core_NamedD	on_die	ANY	0	11		1	spawn_near	282065	1	0		0.0	50.0	0.0	2
281901	IDAbRe_Core_NamedD	on_die	ANY	0	11		2	despawn	1	0	0		0.0	0.0	0.0	0
281901	IDAbRe_Core_NamedD	on_die	ANY	0	11		3	say	1500011	0	0		0.0	0.0	0.0	0
281941	DF4_DramataG4	on_die	ANY	0	7		0	spawn	281942	1	12	for_the_fight_absolute	0.0	0.0	0.0	1
281974	Cromede_Torture	on_die	ANY	0	100		0	say	1500153	0	0		0.0	0.0	0.0	0
281974	Cromede_Torture	on_die	ANY	0	100		1	spawn	282112	1	0	for_the_fight_absolute	662.28	774.47	216.85	0
281991	Cromede_Relic3_Noshow	on_die	ANY	0	7		0	var	2	0	0	Cromede_Butler	0.0	0.0	0.0	0
281994	Cromede_Assijudge	on_die	ANY	0	20		0	say	342248	0	0		0.0	0.0	0.0	0
281994	Cromede_Assijudge	on_die	ANY	0	20		1	spawn	282114	1	60	for_the_fight_absolute	662.28	774.43	216.85	0
281997	Cromede_Named_Scared	on_die	ANY	0	7		0	despawn	1	0	0		0.0	0.0	0.0	0
281997	Cromede_Named_Scared	on_die	ANY	0	7		1	spawn	282115	1	60	for_the_fight_absolute	749.8	628.18	198.37	0
281997	Cromede_Named_Scared	on_die	ANY	0	7		2	spawn	282115	1	60	for_the_fight_absolute	512.55	574.35	217.6	0
281997	Cromede_Named_Scared	on_die	ANY	0	7		3	spawn	282115	1	60	for_the_fight_absolute	568.19	833.13	226.33	0
281998	Cromede_Named_Angry	on_die	ANY	0	7		0	spawn	282115	1	60	for_the_fight_absolute	749.8	628.18	198.37	0
281998	Cromede_Named_Angry	on_die	ANY	0	7		1	spawn	282115	1	60	for_the_fight_absolute	512.55	574.35	217.6	0
281998	Cromede_Named_Angry	on_die	ANY	0	7		2	spawn	282115	1	60	for_the_fight_absolute	568.19	833.13	226.33	0
281998	Cromede_Named_Angry	on_die	ANY	0	7		3	despawn	1	0	0		0.0	0.0	0.0	0
281998	Cromede_Named_Angry	on_die	ANY	0	7		4	despawn	2	0	0		0.0	0.0	0.0	0
281998	Cromede_Named_Angry	on_die	ANY	0	7		5	despawn	3	0	0		0.0	0.0	0.0	0
282054	IDAbRe_Core_Egg2	on_die	ANY	0	10	set_flag_var:0	0	spawn	281388	1	5	for_the_fight_self	0.0	0.0	0.0	1
282055	IDAbRe_Core_Egg3	on_die	ANY	0	10	set_flag_var:0	0	spawn	281388	1	5	for_the_fight_self	0.0	0.0	0.0	1
282056	IDAbRe_Core_Egg4	on_die	ANY	0	10	set_flag_var:0	0	spawn	281388	1	5	for_the_fight_self	0.0	0.0	0.0	1
282061	Elim_ComadMe2	on_die	ANY	0	7		0	var	0	1	0	IDElim_3F_Heal_Plant_Giant	0.0	0.0	0.0	0
282063	Elim_ComadMe2	on_die	ANY	0	7		0	var	0	1	0	IDElim_3F_Heal_Plant_Giant	0.0	0.0	0.0	0
282162	IDForest_first	on_die	ANY	0	7		0	var	1	0	0	BRIDGE_DESPAWN	0.0	0.0	0.0	0
282162	IDForest_first	on_die	ANY	0	7		1	var	0	1	0	FARMER_SPAWN	0.0	0.0	0.0	0
282164	IDForest_third	on_die	ANY	0	7		0	var	1	0	0	FARMER_DESPAWN	0.0	0.0	0.0	0
282165	IDForest_hidden	on_die	ANY	0	7		0	spawn	701009	1	0	for_the_fight_self	0.0	0.0	0.0	0
282181	IDHouse_Zadra_Boss_Phase3	on_die	ANY	0	6		0	var	0	1	0	ZADRA2_SPAWN	0.0	0.0	0.0	0
282187	IDHouse_Zadra_Deform_Fire	on_die	ANY	0	1		0	spawn	282188	1	0	for_the_fight_self	0.0	0.0	0.0	1
282190	IDForest_Wave_Spaky_Normal	on_die	ANY	0	2		0	spawn	282247	1	2	for_the_fight_self	0.0	0.0	0.0	1
282194	IDForest_Wave_Laphilima_Normal	on_die	ANY	0	2		0	spawn	282250	1	2	for_the_fight_self	0.0	0.0	0.0	1
282198	IDForest_Wave_Wisp	on_die	ANY	0	2		0	spawn	282199	1	2	for_the_fight_self	0.0	0.0	0.0	1
282214	IDForest_first	on_die	ANY	0	7		0	var	1	0	0	BRIDGE_DESPAWN	0.0	0.0	0.0	0
282214	IDForest_first	on_die	ANY	0	7		1	var	0	1	0	FARMER_SPAWN	0.0	0.0	0.0	0
282215	IDForest_third	on_die	ANY	0	7		0	var	1	0	0	FARMER_DESPAWN	0.0	0.0	0.0	0
282216	IDForest_hidden	on_die	ANY	0	7		0	spawn	701009	1	0	for_the_fight_self	0.0	0.0	0.0	0
282261	IDElemental_Ex3	on_die	ANY	0	7	chance:50	0	spawn	217235	1	0	for_the_fight_absolute	377.13	446.91	157.0	0
282261	IDElemental_Ex3	on_die	ANY	0	7	chance:50	1	spawn	217236	1	0	for_the_fight_absolute	383.57	440.75	157.0	0
282261	IDElemental_Ex3	on_die	ANY	1	6		0	spawn	217236	1	0	for_the_fight_absolute	377.13	445.91	157.0	0
282261	IDElemental_Ex3	on_die	ANY	1	6		1	spawn	217235	1	0	for_the_fight_absolute	383.57	445.91	157.0	0
282262	IDElemental_Ex4	on_die	ANY	0	7	chance:50	0	spawn	217246	1	0	for_the_fight_absolute	377.13	446.91	157.0	0
282262	IDElemental_Ex4	on_die	ANY	0	7	chance:50	1	spawn	217247	1	0	for_the_fight_absolute	383.57	440.75	157.0	0
282262	IDElemental_Ex4	on_die	ANY	1	6		0	spawn	217247	1	0	for_the_fight_absolute	377.13	445.91	157.0	0
282262	IDElemental_Ex4	on_die	ANY	1	6		1	spawn	217246	1	0	for_the_fight_absolute	383.57	445.91	157.0	0
282265	IDHouse_Zadra_Phantom	on_die	ANY	0	3		0	spawn	282252	1	5	for_the_fight_self	0.0	0.0	0.0	1
282290	Station_DrakanD	on_die	ANY	0	7		0	var	0	1	0	IDStation_Score	0.0	0.0	0.0	0
282302	IDForest_ManduriT_Sum1	on_die	ANY	0	5		0	spawn	282252	1	2	for_the_fight_self	0.0	0.0	0.0	1
282303	IDForest_ManduriT_Sum2	on_die	ANY	0	5		0	spawn	282252	1	2	for_the_fight_self	0.0	0.0	0.0	1
282361	IDElemental_Ex6	on_die	ANY	0	99		0	spawn	282252	1	5	for_the_fight_self	0.0	0.0	0.0	1
282526	LDF4a_SandWarm_Monarch	on_die	ANY	0	90		0	despawn	1	0	0		0.0	0.0	0.0	0
282526	LDF4a_SandWarm_Monarch	on_die	ANY	0	90		1	say	1500274	0	0		0.0	0.0	0.0	0
282526	LDF4a_SandWarm_Monarch	on_die	ANY	0	90		2	spawn	730497	1	0	for_the_fight_absolute	474.0	489.0	105.0	0
282623	LDF4a_Owllau_Chieftain_001	on_die	ANY	0	7		0	spawn	282622	1	0	for_the_fight_self	0.0	0.0	0.0	0
282976	LDF4a_SandWarm_Monarch_Summon_1	on_die	ANY	0	10		0	spawn	282539	1	30	for_the_fight_self	0.0	0.0	0.0	1
283072	TiamatDown_TiamatAgent_SumBomb	on_die	ANY	0	3		0	sysmsg	1401463	0	0		0.0	0.0	0.0	0
283072	TiamatDown_TiamatAgent_SumBomb	on_die	ANY	0	3		1	spawn	283073	1	5	for_the_fight_self	0.0	0.0	0.0	1
283074	TiamatDown_TiamatAgent_SumBomb2	on_die	ANY	0	3		0	sysmsg	1401463	0	0		0.0	0.0	0.0	0
283074	TiamatDown_TiamatAgent_SumBomb2	on_die	ANY	0	3		1	spawn	283073	1	5	for_the_fight_self	0.0	0.0	0.0	1
283076	TiamatDown_TiamatAgent_SumBomb3	on_die	ANY	0	3		0	sysmsg	1401463	0	0		0.0	0.0	0.0	0
283076	TiamatDown_TiamatAgent_SumBomb3	on_die	ANY	0	3		1	spawn	283073	1	5	for_the_fight_self	0.0	0.0	0.0	1
283194	IDAbRe_Core_NamedA1	on_die	ANY	0	9		0	spawn	282011	1	60	for_the_fight_absolute	448.99	694.32	433.06	1
283195	IDAbRe_Core_NamedA2	on_die	ANY	0	9		0	spawn	282012	1	60	for_the_fight_absolute	448.99	694.32	433.06	1
283196	IDAbRe_Core_NamedB	on_die	ANY	0	7		0	var	0	1	0	NmdB_BoxSpawn	0.0	0.0	0.0	0
283196	IDAbRe_Core_NamedB	on_die	ANY	0	7		1	spawn	281926	1	10	for_the_fight_absolute	634.7	557.1	424.0	1
283197	IDAbRe_Core_NamedC	on_die	ANY	0	10	chance:40|set_flag_var:0	0	var	1	0	0	NmdA_BoxSpawn	0.0	0.0	0.0	0
283197	IDAbRe_Core_NamedC	on_die	ANY	0	10	chance:40|set_flag_var:0	1	despawn	1	0	0		0.0	0.0	0.0	0
283197	IDAbRe_Core_NamedC	on_die	ANY	0	10	chance:40|set_flag_var:0	2	say	1500003	0	0		0.0	0.0	0.0	0
283197	IDAbRe_Core_NamedC	on_die	ANY	1	9	set_flag_var:0	0	var	1	0	0	NmdA_BoxSpawn	0.0	0.0	0.0	0
283197	IDAbRe_Core_NamedC	on_die	ANY	1	9	set_flag_var:0	1	despawn	1	0	0		0.0	0.0	0.0	0
283197	IDAbRe_Core_NamedC	on_die	ANY	1	9	set_flag_var:0	2	say	1500004	0	0		0.0	0.0	0.0	0
283198	IDAbRe_Core_NamedD	on_die	ANY	0	11		0	var	1	0	0	NmdDE_BoxSpawn	0.0	0.0	0.0	0
283198	IDAbRe_Core_NamedD	on_die	ANY	0	11		1	spawn_near	282065	1	0		0.0	50.0	0.0	2
283198	IDAbRe_Core_NamedD	on_die	ANY	0	11		2	despawn	1	0	0		0.0	0.0	0.0	0
283198	IDAbRe_Core_NamedD	on_die	ANY	0	11		3	say	1500011	0	0		0.0	0.0	0.0	0
283199	IDAbRe_Core_Egg_02	on_die	ANY	0	10	set_flag_var:0	0	spawn	281388	1	5	for_the_fight_self	0.0	0.0	0.0	1
283225	IDAbRe_Core_Egg3_02	on_die	ANY	0	10	set_flag_var:0	0	spawn	281388	1	5	for_the_fight_self	0.0	0.0	0.0	1
283226	IDAbRe_Core_Egg4_02	on_die	ANY	0	10	set_flag_var:0	0	spawn	281388	1	5	for_the_fight_self	0.0	0.0	0.0	1
284070	IDF5_TD_Wave_Pod_01	on_killed_by_user	KilledByPlayer	0	3		0	var	2	0	0	Wave_Z1_S3_01	0.0	0.0	0.0	0
284071	IDF5_TD_Wave_Pod_07	on_killed_by_user	KilledByPlayer	0	3		0	var	2	0	0	Wave_Z1_S5_01	0.0	0.0	0.0	0
284073	IDF5_TD_Wave4_Boss1	on_die	ANY	0	4		0	var	0	1	0	Wave_04_Boss	0.0	0.0	0.0	0
284073	IDF5_TD_Wave4_Boss1	on_die	ANY	0	4		1	var	2	0	0	Wave_Z1_S4_01	0.0	0.0	0.0	0
284263	Coffin_N_65_Ae	on_die	ANY	0	7		0	spawn	284262	1	0	for_the_fight_self	0.0	0.0	0.0	1
284263	Coffin_N_65_Ae	on_die	ANY	0	7		1	despawn_self	0	0	0		0.0	0.0	0.0	0
284264	Coffin_N_65_Ae	on_die	ANY	0	7		0	spawn	284262	1	0	for_the_fight_self	0.0	0.0	0.0	1
284264	Coffin_N_65_Ae	on_die	ANY	0	7		1	despawn_self	0	0	0		0.0	0.0	0.0	0
284265	Coffin_N_65_Ae	on_die	ANY	0	7		0	spawn	284262	1	0	for_the_fight_self	0.0	0.0	0.0	1
284265	Coffin_N_65_Ae	on_die	ANY	0	7		1	despawn_self	0	0	0		0.0	0.0	0.0	0
284266	Coffin_N_65_Ae	on_die	ANY	0	7		0	spawn	284262	1	0	for_the_fight_self	0.0	0.0	0.0	1
284266	Coffin_N_65_Ae	on_die	ANY	0	7		1	despawn_self	0	0	0		0.0	0.0	0.0	0
284267	Coffin_N_65_Ae	on_die	ANY	0	7		0	spawn	284262	1	0	for_the_fight_self	0.0	0.0	0.0	1
284267	Coffin_N_65_Ae	on_die	ANY	0	7		1	despawn_self	0	0	0		0.0	0.0	0.0	0
284321	IDF5_TD_AddWave_03	on_killed_by_user	KilledByPlayer	0	1		0	var	1	0	0	Wave_Z2_S3	0.0	0.0	0.0	0
284321	IDF5_TD_AddWave_03	on_killed_by_user	KilledByPlayer	0	1		1	sysmsg	1401822	0	0		0.0	0.0	0.0	0
284322	IDF5_TD_AddWave_02	on_killed_by_user	KilledByPlayer	0	1		0	var	1	0	0	Wave_Z2_S2	0.0	0.0	0.0	0
284322	IDF5_TD_AddWave_02	on_killed_by_user	KilledByPlayer	0	1		1	sysmsg	1401821	0	0		0.0	0.0	0.0	0
284329	IDF5_TD_Wave_Pod_02	on_killed_by_user	KilledByPlayer	0	3		0	var	2	0	0	Wave_Z1_S3_02	0.0	0.0	0.0	0
284330	IDF5_TD_Wave_Pod_03	on_killed_by_user	KilledByPlayer	0	3		0	var	2	0	0	Wave_Z1_S3_03	0.0	0.0	0.0	0
284331	IDF5_TD_Wave_Pod_04	on_killed_by_user	KilledByPlayer	0	3		0	var	2	0	0	Wave_Z1_S3_04	0.0	0.0	0.0	0
284332	IDF5_TD_Wave_Pod_05	on_killed_by_user	KilledByPlayer	0	3		0	var	2	0	0	Wave_Z2_S2_01	0.0	0.0	0.0	0
284333	IDF5_TD_Wave_Pod_06	on_killed_by_user	KilledByPlayer	0	3		0	var	2	0	0	Wave_Z2_S2_02	0.0	0.0	0.0	0
284336	IDF5_TD_Wave_Pod_08	on_killed_by_user	KilledByPlayer	0	3		0	var	2	0	0	Wave_Z1_S5_02	0.0	0.0	0.0	0
284337	IDF5_TD_Wave_Pod_09	on_killed_by_user	KilledByPlayer	0	3		0	var	2	0	0	Wave_Z2_S3_01	0.0	0.0	0.0	0
284338	IDF5_TD_Wave_Pod_10	on_killed_by_user	KilledByPlayer	0	2		0	var	2	0	0	Wave_Z2_S3_02	0.0	0.0	0.0	0
284343	IDF5_TD_Wave1_Boss3	on_die	ANY	0	15		0	var	0	1	0	Wave_01_Boss	0.0	0.0	0.0	0
284343	IDF5_TD_Wave1_Boss3	on_die	ANY	0	15		1	despawn	1	0	0		0.0	0.0	0.0	0
284343	IDF5_TD_Wave1_Boss3	on_die	ANY	0	15		2	say	1501088	0	0		0.0	0.0	0.0	0
284344	IDF5_TD_Wave2_Boss1	on_die	ANY	0	15		0	var	0	1	0	Wave_02_Boss	0.0	0.0	0.0	0
284344	IDF5_TD_Wave2_Boss1	on_die	ANY	0	15		1	var	2	0	0	castle_gate_01_Bomb	0.0	0.0	0.0	0
284344	IDF5_TD_Wave2_Boss1	on_die	ANY	0	15		2	say	1501091	0	0		0.0	0.0	0.0	0
284365	IDF5_Under_01_Boss	on_die	ANY	0	97	set_world_flag_var:5	0	spawn	702659	1	0	for_the_fight_absolute	335.3	489.5	607.5	0
284365	IDF5_Under_01_Boss	on_die	ANY	0	97	set_world_flag_var:5	1	var	1	0	0	IDLDF5_Under_01_Entrance_Out	0.0	0.0	0.0	0
284365	IDF5_Under_01_Boss	on_die	ANY	0	97	set_world_flag_var:5	2	var	2	0	0	cBox	0.0	0.0	0.0	0
284365	IDF5_Under_01_Boss	on_die	ANY	0	97	set_world_flag_var:5	3	var	3	0	0	cWeapon	0.0	0.0	0.0	0
284430	IDVritra_Base_Boss1	on_killed_by_user	KilledByPlayer	0	58		0	say	1500778	0	0		0.0	0.0	0.0	0
284430	IDVritra_Base_Boss1	on_killed_by_user	KilledByPlayer	0	58		1	broadcast	22258	50	0		0.0	0.0	0.0	0
284430	IDVritra_Base_Boss1	on_killed_by_user	KilledByPlayer	0	58		2	spawn	801967	1	0	for_the_fight_absolute	916.0	889.0	414.0	0
284430	IDVritra_Base_Boss1	on_killed_by_user	KilledByPlayer	0	58		3	spawn	702659	1	0	for_the_fight_self	0.0	0.0	0.0	0
284430	IDVritra_Base_Boss1	on_killed_by_user	KilledByPlayer	0	58		4	despawn	1	0	0		0.0	0.0	0.0	0
284430	IDVritra_Base_Boss1	on_killed_by_user	KilledByPlayer	0	58		5	despawn	2	0	0		0.0	0.0	0.0	0
284431	IDVritra_Base_Boss2	on_killed_by_user	KilledByPlayer	0	43		0	despawn	1	0	0		0.0	0.0	0.0	0
284431	IDVritra_Base_Boss2	on_killed_by_user	KilledByPlayer	0	43		1	spawn	801967	1	0	for_the_fight_absolute	719.0	889.0	414.0	0
284431	IDVritra_Base_Boss2	on_killed_by_user	KilledByPlayer	0	43		2	spawn	702659	1	0	for_the_fight_self	0.0	0.0	0.0	0
284431	IDVritra_Base_Boss2	on_killed_by_user	KilledByPlayer	0	43		3	broadcast	22258	50	0		0.0	0.0	0.0	0
284432	IDVritra_Base_Boss3	on_killed_by_user	KilledByPlayer	0	32		0	spawn	801967	1	0	for_the_fight_absolute	519.0	889.0	414.0	0
284432	IDVritra_Base_Boss3	on_killed_by_user	KilledByPlayer	0	32		1	broadcast	22258	50	0		0.0	0.0	0.0	0
284433	IDVritra_Base_Boss4	on_killed_by_user	KilledByPlayer	0	16		0	var	0	-1	0	BOSS2_SUM_01	0.0	0.0	0.0	0
284433	IDVritra_Base_Boss4	on_killed_by_user	KilledByPlayer	0	16		1	var	0	-1	0	BOSS2_SUM_02	0.0	0.0	0.0	0
284433	IDVritra_Base_Boss4	on_killed_by_user	KilledByPlayer	0	16		2	var	0	-1	0	BOSS2_SUM_03	0.0	0.0	0.0	0
284433	IDVritra_Base_Boss4	on_killed_by_user	KilledByPlayer	0	16		3	spawn	801967	1	0	for_the_fight_absolute	321.0	886.0	414.0	0
284433	IDVritra_Base_Boss4	on_killed_by_user	KilledByPlayer	0	16		4	broadcast	22258	50	0		0.0	0.0	0.0	0
284434	IDVritra_Base_Boss5	on_killed_by_user	KilledByPlayer	0	32		0	despawn	1	0	0		0.0	0.0	0.0	0
284434	IDVritra_Base_Boss5	on_killed_by_user	KilledByPlayer	0	32		1	spawn	801967	1	0	for_the_fight_absolute	125.0	889.0	414.0	0
284434	IDVritra_Base_Boss5	on_killed_by_user	KilledByPlayer	0	32		2	broadcast	22258	50	0		0.0	0.0	0.0	0
284500	IDRuneWp_AncientArm_N_65_Al	on_die	ANY	0	900		0	var	2	0	0	cSetCharge	0.0	0.0	0.0	0
284500	IDRuneWp_AncientArm_N_65_Al	on_die	ANY	0	900		1	var	2	0	0	cSetFastCharge	0.0	0.0	0.0	0
284500	IDRuneWp_AncientArm_N_65_Al	on_die	ANY	0	900		2	broadcast	21101	50	0		0.0	0.0	0.0	0
284500	IDRuneWp_AncientArm_N_65_Al	on_die	ANY	0	900		3	broadcast	21102	50	0		0.0	0.0	0.0	0
284500	IDRuneWp_AncientArm_N_65_Al	on_die	ANY	0	900		4	var	1	0	0	cSetIdPortal	0.0	0.0	0.0	0
284503	IDRuneWP_A3_VriIU_Wi_65_Ae	on_die	ANY	0	100		0	var	0	1	0	cProtection03	0.0	0.0	0.0	0
284503	IDRuneWP_A3_VriIU_Wi_65_Ae	on_die	ANY	0	100		1	broadcast	21151	50	0		0.0	0.0	0.0	0
284504	IDRuneWP_A2_VriIU_As_65_Ae	on_die	ANY	0	100		0	var	0	1	0	cProtection02	0.0	0.0	0.0	0
284504	IDRuneWP_A2_VriIU_As_65_Ae	on_die	ANY	0	100		1	broadcast	21141	50	0		0.0	0.0	0.0	0
284505	IDRuneWP_A1_VriCU_Fi_65_Ae	on_die	ANY	0	100		0	var	0	1	0	cProtection01	0.0	0.0	0.0	0
284505	IDRuneWP_A1_VriCU_Fi_65_Ae	on_die	ANY	0	100		1	broadcast	21132	50	0		0.0	0.0	0.0	0
284506	IDRuneWP_A2_VriCU_Ra_65_Ae	on_die	ANY	0	100		0	var	0	1	0	cProtection02	0.0	0.0	0.0	0
284506	IDRuneWP_A2_VriCU_Ra_65_Ae	on_die	ANY	0	100		1	broadcast	21142	50	0		0.0	0.0	0.0	0
284510	IDRuneWP_Main_Charger_65_e	on_die	ANY	0	7		0	spawn	855001	1	40	absolute	107.04	137.37	133.0	2
284609	IDF5_U2_VriRP_As_party_N_65_Ae2	on_die	ANY	0	100		0	var	0	1	0	cSetPortal	0.0	0.0	0.0	0
284858	BIDF5_U3_Boss	on_killed_by_user	KilledByPlayer	0	52		0	var	10	0	0	BOSS	0.0	0.0	0.0	0
284858	BIDF5_U3_Boss	on_killed_by_user	KilledByPlayer	0	52		1	broadcast	22542	50	0		0.0	0.0	0.0	0
284858	BIDF5_U3_Boss	on_killed_by_user	KilledByPlayer	0	52		2	spawn	702659	1	0	for_the_fight_self	0.0	0.0	0.0	0
284858	BIDF5_U3_Boss	on_killed_by_user	KilledByPlayer	0	52		3	despawn	1	0	0		0.0	0.0	0.0	0
284858	BIDF5_U3_Boss	on_killed_by_user	KilledByPlayer	0	52		4	despawn	2	0	0		0.0	0.0	0.0	0
284858	BIDF5_U3_Boss	on_killed_by_user	KilledByPlayer	0	52		5	despawn	3	0	0		0.0	0.0	0.0	0
284919	ND2_AhC_1	on_die	ANY	0	7		0	say	341531	0	0		0.0	0.0	0.0	0
284919	ND2_AhC_1	on_die	ANY	0	7		1	spawn	214599	1	0	self	0.0	0.0	0.0	0
286787	Bionic_EhA	on_die	ANY	0	21		0	despawn	1	0	0		0.0	0.0	0.0	0
286787	Bionic_EhA	on_die	ANY	0	21		1	despawn	2	0	0		0.0	0.0	0.0	0
286787	Bionic_EhA	on_die	ANY	0	21		2	spawn	281230	1	0	for_the_fight_absolute	227.0	420.0	107.0	3
286787	Bionic_EhA	on_killed_by_npc	KilledByNpc	0	19	hp_below:0	0	despawn	1	0	0		0.0	0.0	0.0	0
286787	Bionic_EhA	on_killed_by_npc	KilledByNpc	0	19	hp_below:0	1	despawn	2	0	0		0.0	0.0	0.0	0
286787	Bionic_EhA	on_killed_by_npc	KilledByNpc	0	19	hp_below:0	2	spawn	281230	1	0	for_the_fight_absolute	227.0	420.0	107.0	3
286787	Bionic_EhA	on_killed_by_user	KilledByPlayer	0	20	hp_below:0	0	despawn	1	0	0		0.0	0.0	0.0	0
286787	Bionic_EhA	on_killed_by_user	KilledByPlayer	0	20	hp_below:0	1	despawn	2	0	0		0.0	0.0	0.0	0
286787	Bionic_EhA	on_killed_by_user	KilledByPlayer	0	20	hp_below:0	2	spawn	281230	1	0	for_the_fight_absolute	227.0	420.0	107.0	3
286918	IDHouse_first_sum_general_EX	on_die	ANY	0	7		0	spawn	211757	1	0	for_the_fight_self	0.0	0.0	0.0	0
286934	Test_JM_Monster_9	on_die	ANY	0	7		0	spawn	286935	1	0	for_the_fight_absolute	234.49	229.65	161.0	1
286934	Test_JM_Monster_9	on_die	ANY	0	7		1	var	3	0	0	condition_4	0.0	0.0	0.0	0
286935	Test_JM_Monster_10	on_die	ANY	0	7		0	var	3	0	0	condition_5	0.0	0.0	0.0	0
286935	Test_JM_Monster_10	on_die	ANY	0	7		1	spawn	286926	1	0	for_the_fight_self	0.0	0.0	0.0	1
286946	IDArena_S1_Monster_1	on_die	ANY	0	7	set_flag_var:0	0	var	0	1	0	Condition_S1_L	0.0	0.0	0.0	0
286947	IDArena_S2_Monster_2	on_die	ANY	0	7		0	var	0	1	0	Condition_S2_L	0.0	0.0	0.0	0
286948	IDArena_S3_Monster_3	on_die	ANY	0	7		0	var	0	1	0	Condition_S3_L	0.0	0.0	0.0	0
286950	IDArena_S2_Named_2	on_die	ANY	0	7		0	var	1	0	0	stage2_end	0.0	0.0	0.0	0
286951	IDArena_S3_Named_3	on_die	ANY	0	7		0	var	1	0	0	stage3_end	0.0	0.0	0.0	0
287015	Test_Basic_Monster_AI_KDG_2	on_die	ANY	0	25		0	spawn	218724	1	0	for_the_fight_self	0.0	0.0	0.0	1
287090	Test_Basic_Monster_AI_KMD_2	on_die	ANY	0	7		0	spawn	287086	1	0	for_the_fight_self	0.0	0.0	0.0	1
287181	Test_Basic_Monster_AI_GW_4	on_die	ANY	0	7	set_flag_var:2	0	var	0	-1	0	trap_test	0.0	0.0	0.0	0
287217	Test_Monster_SNR_02	on_die	ANY	0	7		0	spawn	287218	1	0	for_the_fight_self	0.0	0.0	0.0	0
287224	Test_Monster_KYJ_02	on_die	ANY	0	7		0	spawn	831574	1	0	for_the_fight_self	0.0	0.0	0.0	1
290115	FD2_FrA	on_killed_by_user	KilledByPlayer	0	17		0	spawn	290116	1	20	for_the_fight_self	0.0	0.0	0.0	1
294551	BGuard_BombMan	on_killed_by_user	KilledByPlayer	0	3		0	say	340926	0	0		0.0	0.0	0.0	0
294551	BGuard_BombMan	on_killed_by_user	KilledByPlayer	0	3		1	spawn	294561	1	360	for_the_fight_self	0.0	0.0	0.0	0
294552	BGuard_BombMan	on_killed_by_user	KilledByPlayer	0	3		0	say	340926	0	0		0.0	0.0	0.0	0
294552	BGuard_BombMan	on_killed_by_user	KilledByPlayer	0	3		1	spawn	294561	1	360	for_the_fight_self	0.0	0.0	0.0	0
294555	LGuard_FhA_Officer	on_killed_by_npc	KilledByNpc	0	10		0	say	340925	0	0		0.0	0.0	0.0	0
294555	LGuard_FhA_Officer	on_killed_by_npc	KilledByNpc	0	10		1	spawn	294564	1	360	for_the_fight_self	0.0	0.0	0.0	0
294555	LGuard_FhA_Officer	on_killed_by_user	KilledByPlayer	0	10		0	say	340925	0	0		0.0	0.0	0.0	0
294555	LGuard_FhA_Officer	on_killed_by_user	KilledByPlayer	0	10		1	spawn	294564	1	360	for_the_fight_self	0.0	0.0	0.0	0
294556	DGuard_FhA_Officer	on_killed_by_npc	KilledByNpc	0	10		0	say	340925	0	0		0.0	0.0	0.0	0
294556	DGuard_FhA_Officer	on_killed_by_npc	KilledByNpc	0	10		1	spawn	294563	1	360	for_the_fight_self	0.0	0.0	0.0	0
294556	DGuard_FhA_Officer	on_killed_by_user	KilledByPlayer	0	10		0	say	340925	0	0		0.0	0.0	0.0	0
294556	DGuard_FhA_Officer	on_killed_by_user	KilledByPlayer	0	10		1	spawn	294563	1	360	for_the_fight_self	0.0	0.0	0.0	0
296437	DrGuard_FhB_F20	on_killed_by_npc	KilledByNpc	0	100		0	spawn	296443	1	48	for_the_fight_self	0.0	0.0	0.0	1
296437	DrGuard_FhB_F20	on_killed_by_user	KilledByPlayer	0	100		0	spawn	296443	1	48	for_the_fight_self	0.0	0.0	0.0	1
701137	LDF4b_FOBJ_LavaRock1	on_die	ANY	0	1		0	spawn	282751	1	10	for_the_fight_self	0.0	0.0	0.0	1
701138	LDF4b_FOBJ_LavaRock1	on_die	ANY	0	1		0	spawn	282751	1	10	for_the_fight_self	0.0	0.0	0.0	1
701139	LDF4b_FOBJ_LavaRock1	on_die	ANY	0	1		0	spawn	282751	1	10	for_the_fight_self	0.0	0.0	0.0	1
701588	IDAbRe_Summon_Boss	on_die	ANY	0	3	set_world_flag_var:0	0	var	0	1	0	ArtifactCore_Die	0.0	0.0	0.0	0
701588	IDAbRe_Summon_Boss	on_die	ANY	0	3	set_world_flag_var:0	1	despawn	1	0	0		0.0	0.0	0.0	0
701588	IDAbRe_Summon_Boss	on_die	ANY	0	3	set_world_flag_var:0	2	sysmsg	1400689	0	0		0.0	0.0	0.0	0
701588	IDAbRe_Summon_Boss	on_die	ANY	1	2	set_world_flag_var:1	0	var	0	1	0	ArtifactCore_Die	0.0	0.0	0.0	0
701588	IDAbRe_Summon_Boss	on_die	ANY	1	2	set_world_flag_var:1	1	despawn	1	0	0		0.0	0.0	0.0	0
701588	IDAbRe_Summon_Boss	on_die	ANY	1	2	set_world_flag_var:1	2	sysmsg	1400690	0	0		0.0	0.0	0.0	0
701588	IDAbRe_Summon_Boss	on_die	ANY	2	1	set_world_flag_var:2	0	var	0	1	0	ArtifactCore_Die	0.0	0.0	0.0	0
701588	IDAbRe_Summon_Boss	on_die	ANY	2	1	set_world_flag_var:2	1	var	0	1	0	Artifact_Despawn	0.0	0.0	0.0	0
701588	IDAbRe_Summon_Boss	on_die	ANY	2	1	set_world_flag_var:2	2	despawn	1	0	0		0.0	0.0	0.0	0
701588	IDAbRe_Summon_Boss	on_die	ANY	2	1	set_world_flag_var:2	3	sysmsg	1400691	0	0		0.0	0.0	0.0	0
701712	LDF5b_6021_Explosion_Box_04	on_die	ANY	0	7		0	spawn	701777	1	0	for_the_fight_absolute	2718.0	2588.0	255.0	0
701712	LDF5b_6021_Explosion_Box_04	on_die	ANY	0	7		1	broadcast	31014	50	0		0.0	0.0	0.0	0
701717	LDF5b_6021_Explosion_Box_09	on_die	ANY	0	7		0	spawn	701778	1	0	for_the_fight_absolute	2601.0	2798.0	255.0	0
701717	LDF5b_6021_Explosion_Box_09	on_die	ANY	0	7		1	broadcast	31019	50	0		0.0	0.0	0.0	0
802001	Dread03_Tswitch_1	on_die	ANY	0	1		0	var	1	0	0	TSWITCH_1_DESTROYED	0.0	0.0	0.0	0
802001	Dread03_Tswitch_1	on_die	ANY	0	1		1	sysmsg	1401415	0	0		0.0	0.0	0.0	0
802002	Dread03_Tswitch_2	on_die	ANY	0	1		0	var	1	0	0	TSWITCH_2_DESTROYED	0.0	0.0	0.0	0
802002	Dread03_Tswitch_2	on_die	ANY	0	1		1	sysmsg	1401418	0	0		0.0	0.0	0.0	0
802003	Dread03_Closedoor01	on_die	ANY	0	1		0	var	1	0	0	DSWITCH_1_DESTROYED	0.0	0.0	0.0	0
802003	Dread03_Closedoor01	on_die	ANY	0	1		1	sysmsg	1400226	0	0		0.0	0.0	0.0	0
802004	Dread03_Closedoor02	on_die	ANY	0	1		0	var	1	0	0	DSWITCH_2_DESTROYED	0.0	0.0	0.0	0
802004	Dread03_Closedoor02	on_die	ANY	0	1		1	sysmsg	1400227	0	0		0.0	0.0	0.0	0
831572	IDDF2Flying_event01_B_RatmanWarriorM_55_Ae	on_die	ANY	0	7		0	spawn	831581	1	0	for_the_fight_self	0.0	0.0	0.0	1
831572	IDDF2Flying_event01_B_RatmanWarriorM_55_Ae	on_die	ANY	0	7		1	broadcast	1997	100	0		0.0	0.0	0.0	0
855536	IDLDF5_Under_02_Summon03	on_die	ANY	0	1000		0	var	3	0	0	cSetPortal	0.0	0.0	0.0	0
855536	IDLDF5_Under_02_Summon03	on_killed_by_user	KilledByPlayer	0	1050		0	spawn	702659	1	0	for_the_fight_self	0.0	0.0	0.0	0
855537	IDLDF5_Under_02_Summon04	on_die	ANY	0	1000		0	var	3	0	0	cSetPortal	0.0	0.0	0.0	0
855537	IDLDF5_Under_02_Summon04	on_killed_by_user	KilledByPlayer	0	1050		0	spawn	702659	1	0	for_the_fight_self	0.0	0.0	0.0	0
855853	IDRaksha_Re_Boss_KJS	on_killed_by_npc	KilledByNpc	0	7	set_flag_var:18	0	var	1	0	0	idraksha_clear	0.0	0.0	0.0	0
855853	IDRaksha_Re_Boss_KJS	on_killed_by_user	KilledByPlayer	0	7	set_flag_var:18	0	var	1	0	0	idraksha_clear	0.0	0.0	0.0	0
855865	IDForest_Wave_Laphilima_Normal	on_die	ANY	0	2		0	spawn	282250	1	2	for_the_fight_self	0.0	0.0	0.0	1
855900	IDYun_Nmd3_FallOff	on_die	ANY	0	5		0	var	1	0	0	DISPEL_ARIANA	0.0	0.0	0.0	0
855900	IDYun_Nmd3_FallOff	on_die	ANY	0	5		1	broadcast	500	100	0		0.0	0.0	0.0	0
855994	BIDF5_U01_Runaway_Wi	on_die	ANY	0	1000		0	broadcast	10900	100	0		0.0	0.0	0.0	0
855994	BIDF5_U01_Runaway_Wi	on_die	ANY	0	1000		1	var	0	1	0	under_01_out	0.0	0.0	0.0	0
856002	BIDF5_U01_Runaway_As	on_die	ANY	0	1000		0	var	0	1	0	under_01_out	0.0	0.0	0.0	0
856002	BIDF5_U01_Runaway_As	on_die	ANY	0	1000		1	broadcast	10900	100	0		0.0	0.0	0.0	0
856003	BIDF5_U01_Boss_Wi_Nor	on_die	ANY	0	1000		0	var	2	0	0	under_01_out	0.0	0.0	0.0	0
856004	BIDF5_U01_Boss_Wi	on_die	ANY	0	1000		0	broadcast	10900	100	0		0.0	0.0	0.0	0
856004	BIDF5_U01_Boss_Wi	on_die	ANY	0	1000		1	var	0	1	0	under_01_out	0.0	0.0	0.0	0
856005	BIDF5_U01_Boss_Wi	on_die	ANY	0	1000		0	broadcast	10900	100	0		0.0	0.0	0.0	0
856005	BIDF5_U01_Boss_Wi	on_die	ANY	0	1000		1	var	0	1	0	under_01_out	0.0	0.0	0.0	0
856006	BIDF5_U01_Monster_01	on_die	ANY	0	1000		0	broadcast	10900	100	0		0.0	0.0	0.0	0
856006	BIDF5_U01_Monster_01	on_die	ANY	0	1000		1	var	0	1	0	under_01_out	0.0	0.0	0.0	0
856026	IDTiamat_Hard_Kalrindy	on_die	ANY	0	16		0	spawn	283187	1	10	for_the_fight_absolute	467.8	514.3	418.0	1
856026	IDTiamat_Hard_Kalrindy	on_die	ANY	0	16		1	var	0	1	0	IDTIAMAT_TELEPORT_T2	0.0	0.0	0.0	0
856026	IDTiamat_Hard_Kalrindy	on_die	ANY	0	16		2	var	0	1	0	TIAMATSHEILD_SPAWN	0.0	0.0	0.0	0
856026	IDTiamat_Hard_Kalrindy	on_die	ANY	0	16		3	despawn	1	0	0		0.0	0.0	0.0	0
856026	IDTiamat_Hard_Kalrindy	on_die	ANY	0	16		4	despawn	2	0	0		0.0	0.0	0.0	0
856026	IDTiamat_Hard_Kalrindy	on_die	ANY	0	16		5	say	1500719	0	0		0.0	0.0	0.0	0
856027	IDTiamat_Hard_Tiamat_Drakan	on_die	ANY	0	15		0	var	0	1	0	KAHRUN_SPAWN	0.0	0.0	0.0	0
856027	IDTiamat_Hard_Tiamat_Drakan	on_die	ANY	0	15		1	var	0	1	0	KAISINEL_SPAWN	0.0	0.0	0.0	0
856027	IDTiamat_Hard_Tiamat_Drakan	on_die	ANY	0	15		2	var	0	1	0	MARCHUTAN_SPAWN	0.0	0.0	0.0	0
856029	IDTiamat_Hard_Tiamat_Dragon_Dying	on_die	ANY	0	49		0	var	0	1	0	TIAMAT_TREASUREBOX	0.0	0.0	0.0	0
856029	IDTiamat_Hard_Tiamat_Dragon_Dying	on_die	ANY	0	49		1	broadcast	201	100	0		0.0	0.0	0.0	0
856029	IDTiamat_Hard_Tiamat_Dragon_Dying	on_die	ANY	0	49		2	var	4	0	0	KAHRUN_SPAWN	0.0	0.0	0.0	0
856029	IDTiamat_Hard_Tiamat_Dragon_Dying	on_die	ANY	0	49		3	var	2	0	0	RELIC_SPAWN	0.0	0.0	0.0	0
856029	IDTiamat_Hard_Tiamat_Dragon_Dying	on_die	ANY	0	49		4	despawn	1	0	0		0.0	0.0	0.0	0
856029	IDTiamat_Hard_Tiamat_Dragon_Dying	on_die	ANY	0	49		5	spawn	283183	1	60	for_the_fight_absolute	478.0	514.0	418.0	1
856029	IDTiamat_Hard_Tiamat_Dragon_Dying	on_die	ANY	0	49		6	say	1500734	0	0		0.0	0.0	0.0	0
856029	IDTiamat_Hard_Tiamat_Dragon_Dying	on_die	ANY	0	49		7	spawn	702659	1	0	for_the_fight_absolute	480.0	508.0	419.0	0
856103	IDRaksha_Solo_C_Crtstal_65_An	on_die	ANY	0	7	set_flag_var:20	0	var	0	1	0	game3score	0.0	0.0	0.0	0
856103	IDRaksha_Solo_C_Crtstal_65_An	on_killed_by_npc	KilledByNpc	0	7	set_flag_var:20	0	var	0	1	0	game3score	0.0	0.0	0.0	0
