npc_id	call	idle_points	busy_points	aims_at_sender	pattern
209415	23000	1	100	0	DirectPortal_LGuard_Defend_PM_Ke2
209416	23000	1	100	0	DirectPortal_LGuard_Charge_PM_Fe2
209417	23000	1	100	0	DirectPortal_LGuard_Watch_PR_Re2
209418	23000	1	100	0	DirectPortal_LGuard_Strike_MRArea_We2
209419	23000	1	100	0	DirectPortal_LGuard_Support_HBuff_Pe2
209420	23000	1	100	0	DirectPortal_LGuard_Defend_PM_Ke2
209421	23000	1	100	0	DirectPortal_LGuard_Charge_PM_Fe2
209422	23000	1	100	0	DirectPortal_LGuard_Watch_PR_Re2
209423	23000	1	100	0	DirectPortal_LGuard_Strike_MRArea_We2
209424	23000	1	100	0	DirectPortal_LGuard_Support_HBuff_Pe2
209425	23000	1	100	0	DirectPortal_DGuard_Defend_PM_Ke2
209426	23000	1	100	0	DirectPortal_DGuard_Charge_PM_Fe2
209427	23000	1	100	0	DirectPortal_DGuard_Watch_PR_Re2
209428	23000	1	100	0	DirectPortal_DGuard_Strike_MRArea_We2
209429	23000	1	100	0	DirectPortal_DGuard_Support_HBuff_Pe2
209430	23000	1	100	0	DirectPortal_DGuard_Defend_PM_Ke2
209431	23000	1	100	0	DirectPortal_DGuard_Charge_PM_Fe2
209432	23000	1	100	0	DirectPortal_DGuard_Watch_PR_Re2
209433	23000	1	100	0	DirectPortal_DGuard_Strike_MRArea_We2
209434	23000	1	100	0	DirectPortal_DGuard_Support_HBuff_Pe2
209435	23000	1	100	0	DirectPortal_LGuard_Defend_PM_Ke2
209436	23000	1	100	0	DirectPortal_LGuard_Charge_PM_Fe2
209437	23000	1	100	0	DirectPortal_LGuard_Watch_PR_Re2
209438	23000	1	100	0	DirectPortal_LGuard_Strike_MRArea_We2
209439	23000	1	100	0	DirectPortal_LGuard_Support_HBuff_Pe2
209440	23000	1	100	0	DirectPortal_LGuard_Defend_PM_Ke2
209441	23000	1	100	0	DirectPortal_LGuard_Charge_PM_Fe2
209442	23000	1	100	0	DirectPortal_LGuard_Watch_PR_Re2
209443	23000	1	100	0	DirectPortal_LGuard_Strike_MRArea_We2
209444	23000	1	100	0	DirectPortal_LGuard_Support_HBuff_Pe2
209445	23000	1	100	0	DirectPortal_DGuard_Defend_PM_Ke2
209446	23000	1	100	0	DirectPortal_DGuard_Charge_PM_Fe2
209447	23000	1	100	0	DirectPortal_DGuard_Watch_PR_Re2
209448	23000	1	100	0	DirectPortal_DGuard_Strike_MRArea_We2
209449	23000	1	100	0	DirectPortal_DGuard_Support_HBuff_Pe2
209450	23000	1	100	0	DirectPortal_DGuard_Defend_PM_Ke2
209451	23000	1	100	0	DirectPortal_DGuard_Charge_PM_Fe2
209452	23000	1	100	0	DirectPortal_DGuard_Watch_PR_Re2
209453	23000	1	100	0	DirectPortal_DGuard_Strike_MRArea_We2
209454	23000	1	100	0	DirectPortal_DGuard_Support_HBuff_Pe2
209455	23000	1	100	0	LDF5_LGuard_DisputeRvRLight_Defend_PM_Ke
209456	23000	1	100	0	LDF5_LGuard_DisputeRvRLight_Charge_PM_Fe
209457	23000	1	100	0	LDF5_LGuard_DisputeRvRLight_Support_Heal_Pe
209458	23000	1	100	0	LDF5_LGuard_DisputeRvRLight_Support_Deform_Ee
209459	23000	1	100	0	LDF5_DGuard_DisputeRvRLight_Defend_PM_Ke
209460	23000	1	100	0	LDF5_DGuard_DisputeRvRLight_Charge_PM_Fe
209461	23000	1	100	0	LDF5_DGuard_DisputeRvRLight_Support_Heal_Pe
209462	23000	1	100	0	LDF5_DGuard_DisputeRvRLight_Support_Deform_Ee
209463	23000	1	100	0	LDF5_LGuard_DisputeRvRLight_Defend_PM_Ke
209464	23000	1	100	0	LDF5_LGuard_DisputeRvRLight_Charge_PM_Fe
209465	23000	1	100	0	LDF5_LGuard_DisputeRvRLight_Support_Heal_Pe
209466	23000	1	100	0	LDF5_LGuard_DisputeRvRLight_Support_Deform_Ee
209467	23000	1	100	0	LDF5_DGuard_DisputeRvRLight_Defend_PM_Ke
209468	23000	1	100	0	LDF5_DGuard_DisputeRvRLight_Charge_PM_Fe
209469	23000	1	100	0	LDF5_DGuard_DisputeRvRLight_Support_Heal_Pe
209470	23000	1	100	0	LDF5_DGuard_DisputeRvRLight_Support_Deform_Ee
209473	23000	1	100	0	LDF5_LGuard_DisputeRvRLight_Support_Deform_Ee
209474	23000	1	100	0	LDF5_DGuard_DisputeRvR_Charge_PM_Fe
209475	23000	1	100	0	LDF5_DGuard_DisputeRvR_Support_Heal_Pe
209476	23000	1	100	0	LDF5_LGuard_DisputeRvRLight_Defend_PM_Ke
209477	23000	1	100	0	LDF5_DGuard_DisputeRvR_Charge_PM_Fe
209478	23000	1	100	0	LDF5_DGuard_DisputeRvR_Support_Heal_Pe
209480	23000	1	100	0	DirectPortal_LGuard_Charge_PM_Fe
209481	23000	1	100	0	DirectPortal_LGuard_Charge_PM_Fe
209482	23000	1	100	0	DirectPortal_LGuard_Charge_PM_Fe
209483	23000	1	100	0	DirectPortal_DGuard_Charge_PM_Fe
209484	23000	1	100	0	DirectPortal_DGuard_Charge_PM_Fe
209485	23000	1	100	0	DirectPortal_DGuard_Charge_PM_Fe
209524	23000	1	100	0	DirectPortal_LGuard_Defend_PM_Ke2
209525	23000	1	100	0	DirectPortal_LGuard_Charge_PM_Fe2
209526	23000	1	100	0	DirectPortal_LGuard_Watch_PR_Re2
209527	23000	1	100	0	DirectPortal_LGuard_Strike_MRArea_We2
209528	23000	1	100	0	DirectPortal_LGuard_Support_HBuff_Pe2
209529	23000	1	100	0	DirectPortal_LGuard_Defend_PM_Ke2
209530	23000	1	100	0	DirectPortal_LGuard_Charge_PM_Fe2
209531	23000	1	100	0	DirectPortal_LGuard_Watch_PR_Re2
209532	23000	1	100	0	DirectPortal_LGuard_Strike_MRArea_We2
209533	23000	1	100	0	DirectPortal_LGuard_Support_HBuff_Pe2
209534	23000	1	100	0	DirectPortal_LGuard_Defend_PM_Ke2
209535	23000	1	100	0	DirectPortal_LGuard_Charge_PM_Fe2
209536	23000	1	100	0	DirectPortal_LGuard_Watch_PR_Re2
209537	23000	1	100	0	DirectPortal_LGuard_Strike_MRArea_We2
209538	23000	1	100	0	DirectPortal_LGuard_Support_HBuff_Pe2
209539	23000	1	100	0	DirectPortal_DGuard_Defend_PM_Ke2
209540	23000	1	100	0	DirectPortal_DGuard_Charge_PM_Fe2
209541	23000	1	100	0	DirectPortal_DGuard_Watch_PR_Re2
209542	23000	1	100	0	DirectPortal_DGuard_Strike_MRArea_We2
209543	23000	1	100	0	DirectPortal_DGuard_Support_HBuff_Pe2
209544	23000	1	100	0	DirectPortal_DGuard_Defend_PM_Ke2
209545	23000	1	100	0	DirectPortal_DGuard_Charge_PM_Fe2
209546	23000	1	100	0	DirectPortal_DGuard_Watch_PR_Re2
209547	23000	1	100	0	DirectPortal_DGuard_Strike_MRArea_We2
209548	23000	1	100	0	DirectPortal_DGuard_Support_HBuff_Pe2
209549	23000	1	100	0	DirectPortal_DGuard_Defend_PM_Ke2
209550	23000	1	100	0	DirectPortal_DGuard_Charge_PM_Fe2
209551	23000	1	100	0	DirectPortal_DGuard_Watch_PR_Re2
209552	23000	1	100	0	DirectPortal_DGuard_Strike_MRArea_We2
209553	23000	1	100	0	DirectPortal_DGuard_Support_HBuff_Pe2
209570	23100	1	100	0	F5_PvP_LGuard_Kn_Ae
209584	23200	1	100	0	F5_PvP_DGuard_Kn_Ae
209628	23100	1	100	0	F5_PvP_LGuard_Kn_Ae
209636	23200	1	100	0	F5_PvP_DGuard_Kn_Ae
209669	23100	1	100	0	F5_PvP_LGuard_Kn_Ae
209675	23200	1	100	0	F5_PvP_DGuard_Kn_Ae
217835	30001	-1	-1	0	IDArena_Solo_B1_Box09
219829	23000	1	100	0	LDF5_LGuard_Safety_Chase_Fn
219830	23000	1	100	0	LDF5_LGuard_Safety_Chase_Fn
219831	23000	1	100	0	LDF5_LGuard_Safety_Chase_Fn
219832	23000	1	100	0	LDF5_LGuard_Safety_Chase_Fn
219833	23000	1	100	0	LDF5_LGuard_Safety_Hold_Rn
219834	23000	1	100	0	LDF5_LGuard_Safety_Hold_Rn
219835	23000	1	100	0	LDF5_LGuard_Safety_Hold_Rn
219836	23000	1	100	0	LDF5_LGuard_Safety_Hold_Rn
219837	23000	1	100	0	LDF5_LGuard_DisputePvP_Defend_PM_Kn
219838	23000	1	100	0	LDF5_LGuard_DisputePvP_Defend_PM_Kn
219839	23000	1	100	0	LDF5_LGuard_DisputePvP_Defend_PM_Kn
219840	23000	1	100	0	LDF5_LGuard_DisputePvP_Defend_PM_Kn
219841	23000	1	100	0	LDF5_LGuard_DisputePvP_Strike_PR_Ge
219842	23000	1	100	0	LDF5_LGuard_DisputePvP_Strike_PR_Ge
219843	23000	1	100	0	LDF5_LGuard_DisputePvP_Strike_PR_Ge
219844	23000	1	100	0	LDF5_LGuard_DisputePvP_Strike_PR_Ge
219845	23000	1	100	0	LDF5_LGuard_DisputePvP_Strike_MRArea_We
219846	23000	1	100	0	LDF5_LGuard_DisputePvP_Strike_MRArea_We
219847	23000	1	100	0	LDF5_LGuard_DisputePvP_Strike_MRArea_We
219848	23000	1	100	0	LDF5_LGuard_DisputePvP_Strike_MRArea_We
219849	23000	1	100	0	LDF5_LGuard_DisputePvP_Hide_PM_Ae
219850	23000	1	100	0	LDF5_LGuard_DisputePvP_Hide_PM_Ae
219851	23000	1	100	0	LDF5_LGuard_DisputePvP_Hide_PM_Ae
219852	23000	1	100	0	LDF5_LGuard_DisputePvP_Hide_PM_Ae
219865	23200	1	100	0	F5_PvP_DGuard_Kn_Ae
219868	23200	1	100	0	F5_PvP_DGuard_Kn_Ae
219875	23200	1	100	0	F5_PvP_DGuard_Kn_Ae
219881	23200	1	100	0	F5_PvP_DGuard_Kn_Ae
219888	23200	1	100	0	F5_PvP_DGuard_Kn_Ae
219894	23200	1	100	0	F5_PvP_DGuard_Kn_Ae
219900	23200	1	100	0	F5_PvP_DGuard_Kn_Ae
219907	23200	1	100	0	F5_PvP_DGuard_Kn_Ae
219914	23200	1	100	0	F5_PvP_DGuard_Kn_Ae
219920	23200	1	100	0	F5_PvP_DGuard_Kn_Ae
220063	23000	1	100	0	LDF5_LGuard_Safety_Chase_Fn
220064	23000	1	100	0	LDF5_LGuard_DisputePvP_Hide_PM_Ae
220065	23000	1	100	0	LDF5_LGuard_DisputePvP_Strike_MRArea_We
220066	23000	1	100	0	LDF5_LGuard_DisputePvP_Support_HBuff_Pe
220067	23000	1	100	0	LDF5_LGuard_DisputePvP_Strike_PR_Ge
220068	23000	1	100	0	LDF5_LGuard_Safety_Chase_Fn
220069	23000	1	100	0	LDF5_LGuard_DisputePvP_Hide_PM_Ae
220070	23000	1	100	0	LDF5_LGuard_DisputePvP_Strike_MRArea_We
220071	23000	1	100	0	LDF5_LGuard_DisputePvP_Support_HBuff_Pe
220072	23000	1	100	0	LDF5_LGuard_DisputePvP_Strike_PR_Ge
220073	23200	1	100	0	F5_PvP_DGuard_Kn_Ae
220077	23200	1	100	0	F5_PvP_DGuard_Kn_Ae
220081	23200	1	100	0	F5_PvP_DGuard_Kn_Ae
220085	23200	1	100	0	F5_PvP_DGuard_Kn_Ae
220089	23200	1	100	0	F5_PvP_DGuard_Kn_Ae
220093	23200	1	100	0	F5_PvP_DGuard_Kn_Ae
220097	23200	1	100	0	F5_PvP_DGuard_Kn_Ae
220106	23100	1	100	0	F5_PvP_LGuard_Kn_Ae
220108	23100	1	100	0	F5_PvP_LGuard_Kn_Ae
220139	23100	1	100	0	F5_PvP_LGuard_Kn_Ae
220141	23100	1	100	0	F5_PvP_LGuard_Kn_Ae
220143	23100	1	100	0	F5_PvP_LGuard_Kn_Ae
220145	23100	1	100	0	F5_PvP_LGuard_Kn_Ae
220151	23200	1	100	0	F5_PvP_DGuard_Kn_Ae
220152	23200	1	100	0	F5_PvP_DGuard_Kn_Ae
220157	23200	1	100	0	F5_PvP_DGuard_Kn_Ae
220160	23200	1	100	0	F5_PvP_DGuard_Kn_Ae
220163	23200	1	100	0	F5_PvP_DGuard_Kn_Ae
220166	23200	1	100	0	F5_PvP_DGuard_Kn_Ae
220169	23200	1	100	0	F5_PvP_DGuard_Kn_Ae
220172	23200	1	100	0	F5_PvP_DGuard_Kn_Ae
220193	23200	1	100	0	F5_PvP_DGuard_Kn_Ae
220197	23200	1	100	0	F5_PvP_DGuard_Kn_Ae
220201	23200	1	100	0	F5_PvP_DGuard_Kn_Ae
220205	23200	1	100	0	F5_PvP_DGuard_Kn_Ae
220209	23200	1	100	0	F5_PvP_DGuard_Kn_Ae
220213	23200	1	100	0	F5_PvP_DGuard_Kn_Ae
220217	23200	1	100	0	F5_PvP_DGuard_Kn_Ae
220221	23200	1	100	0	F5_PvP_DGuard_Kn_Ae
220223	23100	1	100	0	F5_PvP_LGuard_Kn_Ae
220227	23100	1	100	0	F5_PvP_LGuard_Kn_Ae
220231	23100	1	100	0	F5_PvP_LGuard_Kn_Ae
220235	23100	1	100	0	F5_PvP_LGuard_Kn_Ae
220239	23100	1	100	0	F5_PvP_LGuard_Kn_Ae
220243	23100	1	100	0	F5_PvP_LGuard_Kn_Ae
220247	23100	1	100	0	F5_PvP_LGuard_Kn_Ae
220251	23100	1	100	0	F5_PvP_LGuard_Kn_Ae
231229	23100	1	100	0	F5_PvPLight_LGuard_Kn_An
231233	23200	1	100	0	F5_PvPLight_DGuard_Kn_An
231630	30001	1000000	-1	1	LDF5_Village_chief01
231631	30001	1000000	-1	1	LDF5_Village_chief01
231632	30001	1000000	-1	1	LDF5_Village_chief01
231633	30001	1000000	-1	1	LDF5_Village_chief02
231634	30001	1000000	-1	1	LDF5_Village_chief02
231635	30001	1000000	-1	1	LDF5_Village_chief02
231636	30001	1000000	-1	1	LDF5_Village_chief03
231637	30001	1000000	-1	1	LDF5_Village_chief03
231638	30001	1000000	-1	1	LDF5_Village_chief03
231639	30001	1000000	-1	1	LDF5_Village_chief04
231640	30001	1000000	-1	1	LDF5_Village_chief04
231641	30001	1000000	-1	1	LDF5_Village_chief04
231642	30001	1000000	-1	1	LDF5_Village_chief05
231643	30001	1000000	-1	1	LDF5_Village_chief05
231644	30001	1000000	-1	1	LDF5_Village_chief05
231645	30001	1000000	-1	1	LDF5_Village_chief06
231646	30001	1000000	-1	1	LDF5_Village_chief06
231647	30001	1000000	-1	1	LDF5_Village_chief06
231648	30001	1000000	-1	1	LDF5_Village_chief07
231649	30001	1000000	-1	1	LDF5_Village_chief07
231650	30001	1000000	-1	1	LDF5_Village_chief07
231651	30001	1000000	-1	1	LDF5_Village_chief08
231652	30001	1000000	-1	1	LDF5_Village_chief08
231653	30001	1000000	-1	1	LDF5_Village_chief08
231654	30001	1000000	-1	1	LDF5_Village_chief09
231655	30001	1000000	-1	1	LDF5_Village_chief09
231656	30001	1000000	-1	1	LDF5_Village_chief09
231657	30001	1000000	-1	1	LDF5_Village_chief10
231658	30001	1000000	-1	1	LDF5_Village_chief10
231659	30001	1000000	-1	1	LDF5_Village_chief10
231660	30001	1000000	-1	1	LDF5_Village_chief11
231661	30001	1000000	-1	1	LDF5_Village_chief11
231662	30001	1000000	-1	1	LDF5_Village_chief11
231663	30001	1000000	-1	1	LDF5_Village_chief12
231664	30001	1000000	-1	1	LDF5_Village_chief12
231665	30001	1000000	-1	1	LDF5_Village_chief12
231666	30001	1000000	-1	1	LDF5_Village_chief13
231667	30001	1000000	-1	1	LDF5_Village_chief13
231668	30001	1000000	-1	1	LDF5_Village_chief13
231669	30001	1000000	-1	1	LDF5_Village_chief14
231670	30001	1000000	-1	1	LDF5_Village_chief14
231671	30001	1000000	-1	1	LDF5_Village_chief14
231672	30001	1000000	-1	1	LDF5_Village_chief15
231673	30001	1000000	-1	1	LDF5_Village_chief15
231674	30001	1000000	-1	1	LDF5_Village_chief15
231675	30001	1000000	-1	1	LDF5_Village_chief16
231676	30001	1000000	-1	1	LDF5_Village_chief16
231677	30001	1000000	-1	1	LDF5_Village_chief16
231678	30001	1000000	-1	1	LDF5_Village_chief17
231679	30001	1000000	-1	1	LDF5_Village_chief17
231680	30001	1000000	-1	1	LDF5_Village_chief17
231681	30001	1000000	-1	1	LDF5_Village_chief18
231682	30001	1000000	-1	1	LDF5_Village_chief18
231683	30001	1000000	-1	1	LDF5_Village_chief18
231684	30001	1000000	-1	1	LDF5_Village_chief19
231685	30001	1000000	-1	1	LDF5_Village_chief19
231686	30001	1000000	-1	1	LDF5_Village_chief19
231688	23100	1	100	0	F5_PvPLight_LGuard_Kn_An
231693	23100	1	100	0	F5_PvPLight_LGuard_Kn_An
231698	23100	1	100	0	F5_PvPLight_LGuard_Kn_An
231703	23100	1	100	0	F5_PvPLight_LGuard_Kn_An
231708	23100	1	100	0	F5_PvPLight_LGuard_Kn_An
231713	23100	1	100	0	F5_PvP_LGuard_Kn_Ae
231718	23100	1	100	0	F5_PvP_LGuard_Kn_Ae
231723	23200	1	100	0	F5_PvPLight_DGuard_Kn_An
231728	23200	1	100	0	F5_PvPLight_DGuard_Kn_An
231733	23200	1	100	0	F5_PvPLight_DGuard_Kn_An
231738	23200	1	100	0	F5_PvPLight_DGuard_Kn_An
231743	23200	1	100	0	F5_PvPLight_DGuard_Kn_An
231748	23200	1	100	0	F5_PvP_DGuard_Kn_Ae
231753	23200	1	100	0	F5_PvP_DGuard_Kn_Ae
231757	23000	1	100	0	LDF5_LGuard_DisputePvP_Charge_PM_Fn
231758	23000	1	100	0	LDF5_LGuard_DisputePvP_Defend_PM_Kn
231759	23000	1	100	0	LDF5_LGuard_DisputePvP_Support_HBuff_Pn
231760	23000	1	100	0	LDF5_LGuard_DisputePvP_Watch_PR_Rn
231761	23000	1	100	0	LDF5_LGuard_DisputePvP_Strike_MRArea_Wn
231762	23000	1	100	0	LDF5_LGuard_DisputePvP_Charge_PM_Fn
231763	23000	1	100	0	LDF5_LGuard_DisputePvP_Defend_PM_Kn
231764	23000	1	100	0	LDF5_LGuard_DisputePvP_Support_HBuff_Pn
231765	23000	1	100	0	LDF5_LGuard_DisputePvP_Watch_PR_Rn
231766	23000	1	100	0	LDF5_LGuard_DisputePvP_Strike_MRArea_Wn
231767	23000	1	100	0	LDF5_LGuard_DisputePvP_Charge_PM_Fn
231768	23000	1	100	0	LDF5_LGuard_DisputePvP_Defend_PM_Kn
231769	23000	1	100	0	LDF5_LGuard_DisputePvP_Support_HBuff_Pn
231770	23000	1	100	0	LDF5_LGuard_DisputePvP_Watch_PR_Rn
231771	23000	1	100	0	LDF5_LGuard_DisputePvP_Strike_MRArea_Wn
231772	23000	1	100	0	LDF5_LGuard_DisputePvP_Charge_PM_Fn
231773	23000	1	100	0	LDF5_LGuard_DisputePvP_Defend_PM_Kn
231774	23000	1	100	0	LDF5_LGuard_DisputePvP_Support_HBuff_Pn
231775	23000	1	100	0	LDF5_LGuard_DisputePvP_Watch_PR_Rn
231776	23000	1	100	0	LDF5_LGuard_DisputePvP_Strike_MRArea_Wn
231777	23000	1	100	0	LDF5_LGuard_DisputePvP_Charge_PM_Fn
231778	23000	1	100	0	LDF5_LGuard_DisputePvP_Defend_PM_Kn
231779	23000	1	100	0	LDF5_LGuard_DisputePvP_Support_HBuff_Pn
231780	23000	1	100	0	LDF5_LGuard_DisputePvP_Watch_PR_Rn
231781	23000	1	100	0	LDF5_LGuard_DisputePvP_Strike_MRArea_Wn
231782	23000	1	100	0	LDF5_LGuard_DisputePvP_Charge_PM_Fe
231783	23000	1	100	0	LDF5_LGuard_DisputePvP_Defend_PM_Ke
231784	23000	1	100	0	LDF5_LGuard_DisputePvP_Support_HBuff_Pe
231785	23000	1	100	0	LDF5_LGuard_DisputePvP_Watch_PR_Re
231786	23000	1	100	0	LDF5_LGuard_DisputePvP_Strike_MRArea_We
231787	23000	1	100	0	LDF5_LGuard_DisputePvP_Charge_PM_Fe
231788	23000	1	100	0	LDF5_LGuard_DisputePvP_Defend_PM_Ke
231789	23000	1	100	0	LDF5_LGuard_DisputePvP_Support_HBuff_Pe
231790	23000	1	100	0	LDF5_LGuard_DisputePvP_Watch_PR_Re
231791	23000	1	100	0	LDF5_LGuard_DisputePvP_Strike_MRArea_We
231842	23000	1	100	0	LDF5_LGuard_DisputePvP_Charge_PM_Fn
231843	23000	1	100	0	LDF5_LGuard_DisputePvP_Watch_PR_Rn
231844	23000	1	100	0	LDF5_LGuard_DisputePvP_Strike_MRArea_Wn
231845	23000	1	100	0	LDF5_LGuard_DisputePvP_Charge_PM_Fn
231846	23000	1	100	0	LDF5_LGuard_DisputePvP_Watch_PR_Rn
231847	23000	1	100	0	LDF5_LGuard_DisputePvP_Strike_MRArea_Wn
231848	23000	1	100	0	LDF5_LGuard_DisputePvP_Charge_PM_Fn
231849	23000	1	100	0	LDF5_LGuard_DisputePvP_Watch_PR_Rn
231850	23000	1	100	0	LDF5_LGuard_DisputePvP_Strike_MRArea_Wn
231851	23000	1	100	0	LDF5_LGuard_DisputePvP_Charge_PM_Fn
231852	23000	1	100	0	LDF5_LGuard_DisputePvP_Watch_PR_Rn
231853	23000	1	100	0	LDF5_LGuard_DisputePvP_Strike_MRArea_Wn
231854	23000	1	100	0	LDF5_LGuard_DisputePvP_Charge_PM_Fn
231855	23000	1	100	0	LDF5_LGuard_DisputePvP_Watch_PR_Rn
231856	23000	1	100	0	LDF5_LGuard_DisputePvP_Strike_MRArea_Wn
231857	23000	1	100	0	LDF5_LGuard_DisputePvP_Charge_PM_Fe
231858	23000	1	100	0	LDF5_LGuard_DisputePvP_Watch_PR_Re
231859	23000	1	100	0	LDF5_LGuard_DisputePvP_Hide_PM_Ae
231860	23000	1	100	0	LDF5_LGuard_DisputePvP_Strike_MRArea_We
231861	23000	1	100	0	LDF5_LGuard_DisputePvP_Strike_PR_Ge
231862	23000	1	100	0	LDF5_LGuard_DisputePvP_Charge_PM_Fe
231863	23000	1	100	0	LDF5_LGuard_DisputePvP_Watch_PR_Re
231864	23000	1	100	0	LDF5_LGuard_DisputePvP_Hide_PM_Ae
231865	23000	1	100	0	LDF5_LGuard_DisputePvP_Strike_MRArea_We
231866	23000	1	100	0	LDF5_LGuard_DisputePvP_Strike_PR_Ge
231926	23000	1	100	0	LDF5_LGuard_DisputePvP_Charge_PM_Fn
231929	23000	1	100	0	LDF5_LGuard_DisputePvP_Charge_PM_Fn
231932	23000	1	100	0	LDF5_LGuard_DisputePvP_Charge_PM_Fn
231935	23000	1	100	0	LDF5_LGuard_DisputePvP_Charge_PM_Fn
231938	23000	1	100	0	LDF5_LGuard_DisputePvP_Charge_PM_Fn
231941	23000	1	100	0	LDF5_LGuard_DisputePvP_Charge_PM_Fn
231944	23000	1	100	0	LDF5_LGuard_DisputePvP_Charge_PM_Fn
231947	23000	1	100	0	LDF5_LGuard_DisputePvP_Charge_PM_Fn
231950	23000	1	100	0	LDF5_LGuard_DisputePvP_Charge_PM_Fn
231953	23000	1	100	0	LDF5_LGuard_DisputePvP_Charge_PM_Fn
231956	23000	1	100	0	LDF5_LGuard_DisputePvP_Charge_PM_Fn
231959	23000	1	100	0	LDF5_LGuard_DisputePvP_Charge_PM_Fn
231962	23000	1	100	0	LDF5_LGuard_DisputePvP_Charge_PM_Fn
231965	23000	1	100	0	LDF5_LGuard_DisputePvP_Charge_PM_Fn
231968	23000	1	100	0	LDF5_LGuard_DisputePvP_Charge_PM_Fn
231971	23000	1	100	0	LDF5_LGuard_DisputePvP_Charge_PM_Fn
231974	23000	1	100	0	LDF5_LGuard_DisputePvP_Charge_PM_Fn
231977	23000	1	100	0	LDF5_LGuard_DisputePvP_Charge_PM_Fn
231980	23000	1	100	0	LDF5_LGuard_DisputePvP_Charge_PM_Fn
231981	23100	1	100	0	F5_PvPLight_LGuard_Kn_An
231984	23100	1	100	0	F5_PvPLight_LGuard_Kn_An
231987	23100	1	100	0	F5_PvPLight_LGuard_Kn_An
231990	23100	1	100	0	F5_PvPLight_LGuard_Kn_An
231993	23100	1	100	0	F5_PvPLight_LGuard_Kn_An
231996	23200	1	100	0	F5_PvPLight_DGuard_Kn_An
231999	23200	1	100	0	F5_PvPLight_DGuard_Kn_An
232002	23200	1	100	0	F5_PvPLight_DGuard_Kn_An
232005	23200	1	100	0	F5_PvPLight_DGuard_Kn_An
232008	23200	1	100	0	F5_PvPLight_DGuard_Kn_An
232011	23000	1	100	0	LDF5_LGuard_DisputePvP_Defend_PM_Kn
232012	23000	1	100	0	LDF5_LGuard_DisputePvP_Watch_PR_Rn
232013	23000	1	100	0	LDF5_LGuard_DisputePvP_Strike_MRArea_Wn
232014	23000	1	100	0	LDF5_LGuard_DisputePvP_Defend_PM_Kn
232015	23000	1	100	0	LDF5_LGuard_DisputePvP_Watch_PR_Rn
232016	23000	1	100	0	LDF5_LGuard_DisputePvP_Strike_MRArea_Wn
232017	23000	1	100	0	LDF5_LGuard_DisputePvP_Defend_PM_Kn
232018	23000	1	100	0	LDF5_LGuard_DisputePvP_Watch_PR_Rn
232019	23000	1	100	0	LDF5_LGuard_DisputePvP_Strike_MRArea_Wn
232020	23000	1	100	0	LDF5_LGuard_DisputePvP_Defend_PM_Kn
232021	23000	1	100	0	LDF5_LGuard_DisputePvP_Watch_PR_Rn
232022	23000	1	100	0	LDF5_LGuard_DisputePvP_Strike_MRArea_Wn
232023	23000	1	100	0	LDF5_LGuard_DisputePvP_Defend_PM_Kn
232024	23000	1	100	0	LDF5_LGuard_DisputePvP_Watch_PR_Rn
232025	23000	1	100	0	LDF5_LGuard_DisputePvP_Strike_MRArea_Wn
232040	23000	1	100	0	LDF5_LGuard_DisputePvP_Charge_PM_Fn
232041	23000	1	100	0	LDF5_LGuard_DisputePvP_Charge_PM_Fn
232042	23000	1	100	0	LDF5_LGuard_DisputePvP_Charge_PM_Fn
232043	23000	1	100	0	LDF5_LGuard_DisputePvP_Charge_PM_Fe
232044	23000	1	100	0	LDF5_LGuard_DisputePvP_Strike_PR_Ge
232045	23000	1	100	0	LDF5_LGuard_DisputePvP_Charge_PM_Fe
232046	23000	1	100	0	LDF5_LGuard_DisputePvP_Strike_PR_Ge
232057	23000	1	100	0	LDF5_LGuard_DisputePvP_Hide_PM_Ae
232058	23000	1	100	0	LDF5_LGuard_DisputePvP_Hide_PM_Ae
232059	23000	1	100	0	LDF5_LGuard_DisputePvP_Hide_PM_Ae
232060	23000	1	100	0	LDF5_LGuard_DisputePvP_Hide_PM_Ae
232061	23000	1	100	0	LDF5_LGuard_DisputePvP_Hide_PM_Ae
232073	23000	1	100	0	LDF5_LGuard_DisputePvP_Charge_PM_Fn
232074	23000	1	100	0	LDF5_LGuard_DisputePvP_Charge_PM_Fn
232079	23000	1	100	0	LDF5_LGuard_DisputePvP_Hide_PM_Ae
232080	23000	1	100	0	LDF5_LGuard_DisputePvP_Hide_PM_Ae
232106	23000	1	100	0	LDF5_LGuard_DisputePvP_Charge_PM_Fn
232107	23000	1	100	0	LDF5_LGuard_DisputePvP_Watch_PR_Rn
232108	23000	1	100	0	LDF5_LGuard_DisputePvP_Strike_MRArea_Wn
232109	23000	1	100	0	LDF5_LGuard_DisputePvP_Charge_PM_Fn
232110	23000	1	100	0	LDF5_LGuard_DisputePvP_Watch_PR_Rn
232111	23000	1	100	0	LDF5_LGuard_DisputePvP_Strike_MRArea_Wn
232112	23000	1	100	0	LDF5_LGuard_DisputePvP_Charge_PM_Fn
232113	23000	1	100	0	LDF5_LGuard_DisputePvP_Watch_PR_Rn
232114	23000	1	100	0	LDF5_LGuard_DisputePvP_Strike_MRArea_Wn
232115	23000	1	100	0	LDF5_LGuard_DisputePvP_Charge_PM_Fn
232116	23000	1	100	0	LDF5_LGuard_DisputePvP_Watch_PR_Rn
232117	23000	1	100	0	LDF5_LGuard_DisputePvP_Strike_MRArea_Wn
232118	23000	1	100	0	LDF5_LGuard_DisputePvP_Charge_PM_Fn
232119	23000	1	100	0	LDF5_LGuard_DisputePvP_Watch_PR_Rn
232120	23000	1	100	0	LDF5_LGuard_DisputePvP_Strike_MRArea_Wn
232121	23000	1	100	0	LDF5_LGuard_DisputePvP_Charge_PM_Fe
232122	23000	1	100	0	LDF5_LGuard_DisputePvP_Watch_PR_Re
232123	23000	1	100	0	LDF5_LGuard_DisputePvP_Hide_PM_Ae
232124	23000	1	100	0	LDF5_LGuard_DisputePvP_Strike_MRArea_We
232125	23000	1	100	0	LDF5_LGuard_DisputePvP_Strike_PR_Ge
232126	23000	1	100	0	LDF5_LGuard_DisputePvP_Charge_PM_Fe
232127	23000	1	100	0	LDF5_LGuard_DisputePvP_Watch_PR_Re
232128	23000	1	100	0	LDF5_LGuard_DisputePvP_Hide_PM_Ae
232129	23000	1	100	0	LDF5_LGuard_DisputePvP_Strike_MRArea_We
232130	23000	1	100	0	LDF5_LGuard_DisputePvP_Strike_PR_Ge
232195	23100	1	100	0	F5_PvPLight_LGuard_Kn_An
232200	23100	1	100	0	F5_PvPLight_LGuard_Kn_An
232205	23100	1	100	0	F5_PvPLight_LGuard_Kn_An
232210	23100	1	100	0	F5_PvPLight_LGuard_Kn_An
232215	23100	1	100	0	F5_PvPLight_LGuard_Kn_An
232220	23100	1	100	0	F5_PvP_LGuard_Kn_Ae
232225	23100	1	100	0	F5_PvP_LGuard_Kn_Ae
232230	23100	1	100	0	F5_PvPLight_LGuard_Kn_An
232235	23100	1	100	0	F5_PvPLight_LGuard_Kn_An
232240	23100	1	100	0	F5_PvPLight_LGuard_Kn_An
232245	23100	1	100	0	F5_PvPLight_LGuard_Kn_An
232250	23100	1	100	0	F5_PvPLight_LGuard_Kn_An
232255	23100	1	100	0	F5_PvP_LGuard_Kn_Ae
232260	23100	1	100	0	F5_PvPLight_LGuard_Kn_An
232265	23100	1	100	0	F5_PvPLight_LGuard_Kn_An
232270	23100	1	100	0	F5_PvPLight_LGuard_Kn_An
232275	23100	1	100	0	F5_PvP_LGuard_Kn_Ae
232280	23100	1	100	0	F5_PvPLight_LGuard_Kn_An
232285	23100	1	100	0	F5_PvPLight_LGuard_Kn_An
232290	23200	1	100	0	F5_PvPLight_DGuard_Kn_An
232295	23200	1	100	0	F5_PvPLight_DGuard_Kn_An
232300	23200	1	100	0	F5_PvPLight_DGuard_Kn_An
232305	23200	1	100	0	F5_PvPLight_DGuard_Kn_An
232310	23200	1	100	0	F5_PvPLight_DGuard_Kn_An
232315	23200	1	100	0	F5_PvP_DGuard_Kn_Ae
232320	23200	1	100	0	F5_PvP_DGuard_Kn_Ae
232325	23200	1	100	0	F5_PvPLight_DGuard_Kn_An
232330	23200	1	100	0	F5_PvPLight_DGuard_Kn_An
232335	23200	1	100	0	F5_PvPLight_DGuard_Kn_An
232340	23200	1	100	0	F5_PvPLight_DGuard_Kn_An
232345	23200	1	100	0	F5_PvPLight_DGuard_Kn_An
232350	23200	1	100	0	F5_PvP_DGuard_Kn_Ae
232355	23200	1	100	0	F5_PvPLight_DGuard_Kn_An
232360	23200	1	100	0	F5_PvPLight_DGuard_Kn_An
232365	23200	1	100	0	F5_PvPLight_DGuard_Kn_An
232370	23200	1	100	0	F5_PvP_DGuard_Kn_Ae
232375	23200	1	100	0	F5_PvPLight_DGuard_Kn_An
232380	23200	1	100	0	F5_PvPLight_DGuard_Kn_An
232384	23000	1	100	0	LDF5_LGuard_DisputePvP_Charge_PM_Fn
232385	23000	1	100	0	LDF5_LGuard_DisputePvP_Defend_PM_Kn
232386	23000	1	100	0	LDF5_LGuard_DisputePvP_Support_HBuff_Pn
232387	23000	1	100	0	LDF5_LGuard_DisputePvP_Watch_PR_Rn
232388	23000	1	100	0	LDF5_LGuard_DisputePvP_Strike_MRArea_Wn
232389	23000	1	100	0	LDF5_LGuard_DisputePvP_Charge_PM_Fn
232390	23000	1	100	0	LDF5_LGuard_DisputePvP_Defend_PM_Kn
232391	23000	1	100	0	LDF5_LGuard_DisputePvP_Support_HBuff_Pn
232392	23000	1	100	0	LDF5_LGuard_DisputePvP_Watch_PR_Rn
232393	23000	1	100	0	LDF5_LGuard_DisputePvP_Strike_MRArea_Wn
232394	23000	1	100	0	LDF5_LGuard_DisputePvP_Charge_PM_Fn
232395	23000	1	100	0	LDF5_LGuard_DisputePvP_Defend_PM_Kn
232396	23000	1	100	0	LDF5_LGuard_DisputePvP_Support_HBuff_Pn
232397	23000	1	100	0	LDF5_LGuard_DisputePvP_Watch_PR_Rn
232398	23000	1	100	0	LDF5_LGuard_DisputePvP_Strike_MRArea_Wn
232399	23000	1	100	0	LDF5_LGuard_DisputePvP_Charge_PM_Fn
232400	23000	1	100	0	LDF5_LGuard_DisputePvP_Defend_PM_Kn
232401	23000	1	100	0	LDF5_LGuard_DisputePvP_Support_HBuff_Pn
232402	23000	1	100	0	LDF5_LGuard_DisputePvP_Watch_PR_Rn
232403	23000	1	100	0	LDF5_LGuard_DisputePvP_Strike_MRArea_Wn
232404	23000	1	100	0	LDF5_LGuard_DisputePvP_Charge_PM_Fn
232405	23000	1	100	0	LDF5_LGuard_DisputePvP_Defend_PM_Kn
232406	23000	1	100	0	LDF5_LGuard_DisputePvP_Support_HBuff_Pn
232407	23000	1	100	0	LDF5_LGuard_DisputePvP_Watch_PR_Rn
232408	23000	1	100	0	LDF5_LGuard_DisputePvP_Strike_MRArea_Wn
232409	23000	1	100	0	LDF5_LGuard_DisputePvP_Charge_PM_Fe
232410	23000	1	100	0	LDF5_LGuard_DisputePvP_Defend_PM_Ke
232411	23000	1	100	0	LDF5_LGuard_DisputePvP_Support_HBuff_Pe
232412	23000	1	100	0	LDF5_LGuard_DisputePvP_Watch_PR_Re
232413	23000	1	100	0	LDF5_LGuard_DisputePvP_Strike_MRArea_We
232414	23000	1	100	0	LDF5_LGuard_DisputePvP_Charge_PM_Fe
232415	23000	1	100	0	LDF5_LGuard_DisputePvP_Defend_PM_Ke
232416	23000	1	100	0	LDF5_LGuard_DisputePvP_Support_HBuff_Pe
232417	23000	1	100	0	LDF5_LGuard_DisputePvP_Watch_PR_Re
232418	23000	1	100	0	LDF5_LGuard_DisputePvP_Strike_MRArea_We
232419	23000	1	100	0	LDF5_LGuard_DisputePvP_Charge_PM_Fn
232420	23000	1	100	0	LDF5_LGuard_DisputePvP_Defend_PM_Kn
232421	23000	1	100	0	LDF5_LGuard_DisputePvP_Support_HBuff_Pn
232422	23000	1	100	0	LDF5_LGuard_DisputePvP_Watch_PR_Rn
232423	23000	1	100	0	LDF5_LGuard_DisputePvP_Strike_MRArea_Wn
232424	23000	1	100	0	LDF5_LGuard_DisputePvP_Charge_PM_Fn
232425	23000	1	100	0	LDF5_LGuard_DisputePvP_Defend_PM_Kn
232426	23000	1	100	0	LDF5_LGuard_DisputePvP_Support_HBuff_Pn
232427	23000	1	100	0	LDF5_LGuard_DisputePvP_Watch_PR_Rn
232428	23000	1	100	0	LDF5_LGuard_DisputePvP_Strike_MRArea_Wn
232429	23000	1	100	0	LDF5_LGuard_DisputePvP_Charge_PM_Fn
232430	23000	1	100	0	LDF5_LGuard_DisputePvP_Defend_PM_Kn
232431	23000	1	100	0	LDF5_LGuard_DisputePvP_Support_HBuff_Pn
232432	23000	1	100	0	LDF5_LGuard_DisputePvP_Watch_PR_Rn
232433	23000	1	100	0	LDF5_LGuard_DisputePvP_Strike_MRArea_Wn
232434	23000	1	100	0	LDF5_LGuard_DisputePvP_Charge_PM_Fn
232435	23000	1	100	0	LDF5_LGuard_DisputePvP_Defend_PM_Kn
232436	23000	1	100	0	LDF5_LGuard_DisputePvP_Support_HBuff_Pn
232437	23000	1	100	0	LDF5_LGuard_DisputePvP_Watch_PR_Rn
232438	23000	1	100	0	LDF5_LGuard_DisputePvP_Strike_MRArea_Wn
232439	23000	1	100	0	LDF5_LGuard_DisputePvP_Charge_PM_Fn
232440	23000	1	100	0	LDF5_LGuard_DisputePvP_Defend_PM_Kn
232441	23000	1	100	0	LDF5_LGuard_DisputePvP_Support_HBuff_Pn
232442	23000	1	100	0	LDF5_LGuard_DisputePvP_Watch_PR_Rn
232443	23000	1	100	0	LDF5_LGuard_DisputePvP_Strike_MRArea_Wn
232444	23000	1	100	0	LDF5_LGuard_DisputePvP_Charge_PM_Fe
232445	23000	1	100	0	LDF5_LGuard_DisputePvP_Defend_PM_Ke
232446	23000	1	100	0	LDF5_LGuard_DisputePvP_Support_HBuff_Pe
232447	23000	1	100	0	LDF5_LGuard_DisputePvP_Watch_PR_Re
232448	23000	1	100	0	LDF5_LGuard_DisputePvP_Strike_MRArea_We
232449	23000	1	100	0	LDF5_LGuard_DisputePvP_Charge_PM_Fn
232450	23000	1	100	0	LDF5_LGuard_DisputePvP_Defend_PM_Kn
232451	23000	1	100	0	LDF5_LGuard_DisputePvP_Support_HBuff_Pn
232452	23000	1	100	0	LDF5_LGuard_DisputePvP_Watch_PR_Rn
232453	23000	1	100	0	LDF5_LGuard_DisputePvP_Strike_MRArea_Wn
232454	23000	1	100	0	LDF5_LGuard_DisputePvP_Charge_PM_Fn
232455	23000	1	100	0	LDF5_LGuard_DisputePvP_Defend_PM_Kn
232456	23000	1	100	0	LDF5_LGuard_DisputePvP_Support_HBuff_Pn
232457	23000	1	100	0	LDF5_LGuard_DisputePvP_Watch_PR_Rn
232458	23000	1	100	0	LDF5_LGuard_DisputePvP_Strike_MRArea_Wn
232459	23000	1	100	0	LDF5_LGuard_DisputePvP_Charge_PM_Fn
232460	23000	1	100	0	LDF5_LGuard_DisputePvP_Defend_PM_Kn
232461	23000	1	100	0	LDF5_LGuard_DisputePvP_Support_HBuff_Pn
232462	23000	1	100	0	LDF5_LGuard_DisputePvP_Watch_PR_Rn
232463	23000	1	100	0	LDF5_LGuard_DisputePvP_Strike_MRArea_Wn
232464	23000	1	100	0	LDF5_LGuard_DisputePvP_Charge_PM_Fe
232465	23000	1	100	0	LDF5_LGuard_DisputePvP_Defend_PM_Ke
232466	23000	1	100	0	LDF5_LGuard_DisputePvP_Support_HBuff_Pe
232467	23000	1	100	0	LDF5_LGuard_DisputePvP_Watch_PR_Re
232468	23000	1	100	0	LDF5_LGuard_DisputePvP_Strike_MRArea_We
232469	23000	1	100	0	LDF5_LGuard_DisputePvP_Charge_PM_Fn
232470	23000	1	100	0	LDF5_LGuard_DisputePvP_Defend_PM_Kn
232471	23000	1	100	0	LDF5_LGuard_DisputePvP_Support_HBuff_Pn
232472	23000	1	100	0	LDF5_LGuard_DisputePvP_Watch_PR_Rn
232473	23000	1	100	0	LDF5_LGuard_DisputePvP_Strike_MRArea_Wn
232474	23000	1	100	0	LDF5_LGuard_DisputePvP_Charge_PM_Fn
232475	23000	1	100	0	LDF5_LGuard_DisputePvP_Defend_PM_Kn
232476	23000	1	100	0	LDF5_LGuard_DisputePvP_Support_HBuff_Pn
232477	23000	1	100	0	LDF5_LGuard_DisputePvP_Watch_PR_Rn
232478	23000	1	100	0	LDF5_LGuard_DisputePvP_Strike_MRArea_Wn
232601	23000	1	100	0	LDF5_LGuard_DisputePvP_Charge_PM_Fn
232602	23000	1	100	0	LDF5_LGuard_DisputePvP_Watch_PR_Rn
232603	23000	1	100	0	LDF5_LGuard_DisputePvP_Strike_MRArea_Wn
232604	23000	1	100	0	LDF5_LGuard_DisputePvP_Charge_PM_Fn
232605	23000	1	100	0	LDF5_LGuard_DisputePvP_Watch_PR_Rn
232606	23000	1	100	0	LDF5_LGuard_DisputePvP_Strike_MRArea_Wn
232607	23000	1	100	0	LDF5_LGuard_DisputePvP_Charge_PM_Fn
232608	23000	1	100	0	LDF5_LGuard_DisputePvP_Watch_PR_Rn
232609	23000	1	100	0	LDF5_LGuard_DisputePvP_Strike_MRArea_Wn
232610	23000	1	100	0	LDF5_LGuard_DisputePvP_Charge_PM_Fn
232611	23000	1	100	0	LDF5_LGuard_DisputePvP_Watch_PR_Rn
232612	23000	1	100	0	LDF5_LGuard_DisputePvP_Strike_MRArea_Wn
232613	23000	1	100	0	LDF5_LGuard_DisputePvP_Charge_PM_Fn
232614	23000	1	100	0	LDF5_LGuard_DisputePvP_Watch_PR_Rn
232615	23000	1	100	0	LDF5_LGuard_DisputePvP_Strike_MRArea_Wn
232616	23000	1	100	0	LDF5_LGuard_DisputePvP_Charge_PM_Fe
232617	23000	1	100	0	LDF5_LGuard_DisputePvP_Watch_PR_Re
232618	23000	1	100	0	LDF5_LGuard_DisputePvP_Strike_MRArea_We
232619	23000	1	100	0	LDF5_LGuard_DisputePvP_Strike_PR_Ge
232620	23000	1	100	0	LDF5_LGuard_DisputePvP_Charge_PM_Fe
232621	23000	1	100	0	LDF5_LGuard_DisputePvP_Watch_PR_Re
232622	23000	1	100	0	LDF5_LGuard_DisputePvP_Strike_MRArea_We
232623	23000	1	100	0	LDF5_LGuard_DisputePvP_Strike_PR_Ge
232624	23000	1	100	0	LDF5_LGuard_DisputePvP_Charge_PM_Fn
232625	23000	1	100	0	LDF5_LGuard_DisputePvP_Watch_PR_Rn
232626	23000	1	100	0	LDF5_LGuard_DisputePvP_Strike_MRArea_Wn
232627	23000	1	100	0	LDF5_LGuard_DisputePvP_Charge_PM_Fn
232628	23000	1	100	0	LDF5_LGuard_DisputePvP_Watch_PR_Rn
232629	23000	1	100	0	LDF5_LGuard_DisputePvP_Strike_MRArea_Wn
232630	23000	1	100	0	LDF5_LGuard_DisputePvP_Charge_PM_Fn
232631	23000	1	100	0	LDF5_LGuard_DisputePvP_Watch_PR_Rn
232632	23000	1	100	0	LDF5_LGuard_DisputePvP_Strike_MRArea_Wn
232633	23000	1	100	0	LDF5_LGuard_DisputePvP_Charge_PM_Fn
232634	23000	1	100	0	LDF5_LGuard_DisputePvP_Watch_PR_Rn
232635	23000	1	100	0	LDF5_LGuard_DisputePvP_Strike_MRArea_Wn
232636	23000	1	100	0	LDF5_LGuard_DisputePvP_Charge_PM_Fn
232637	23000	1	100	0	LDF5_LGuard_DisputePvP_Watch_PR_Rn
232638	23000	1	100	0	LDF5_LGuard_DisputePvP_Strike_MRArea_Wn
232639	23000	1	100	0	LDF5_LGuard_DisputePvP_Charge_PM_Fe
232640	23000	1	100	0	LDF5_LGuard_DisputePvP_Watch_PR_Re
232641	23000	1	100	0	LDF5_LGuard_DisputePvP_Strike_MRArea_We
232642	23000	1	100	0	LDF5_LGuard_DisputePvP_Strike_PR_Ge
232643	23000	1	100	0	LDF5_LGuard_DisputePvP_Charge_PM_Fn
232644	23000	1	100	0	LDF5_LGuard_DisputePvP_Watch_PR_Rn
232645	23000	1	100	0	LDF5_LGuard_DisputePvP_Strike_MRArea_Wn
232646	23000	1	100	0	LDF5_LGuard_DisputePvP_Charge_PM_Fn
232647	23000	1	100	0	LDF5_LGuard_DisputePvP_Watch_PR_Rn
232648	23000	1	100	0	LDF5_LGuard_DisputePvP_Strike_MRArea_Wn
232649	23000	1	100	0	LDF5_LGuard_DisputePvP_Charge_PM_Fn
232650	23000	1	100	0	LDF5_LGuard_DisputePvP_Watch_PR_Rn
232651	23000	1	100	0	LDF5_LGuard_DisputePvP_Strike_MRArea_Wn
232652	23000	1	100	0	LDF5_LGuard_DisputePvP_Charge_PM_Fe
232653	23000	1	100	0	LDF5_LGuard_DisputePvP_Watch_PR_Re
232654	23000	1	100	0	LDF5_LGuard_DisputePvP_Strike_MRArea_We
232655	23000	1	100	0	LDF5_LGuard_DisputePvP_Strike_PR_Ge
232656	23000	1	100	0	LDF5_LGuard_DisputePvP_Charge_PM_Fn
232657	23000	1	100	0	LDF5_LGuard_DisputePvP_Watch_PR_Rn
232658	23000	1	100	0	LDF5_LGuard_DisputePvP_Strike_MRArea_Wn
232659	23000	1	100	0	LDF5_LGuard_DisputePvP_Charge_PM_Fn
232660	23000	1	100	0	LDF5_LGuard_DisputePvP_Watch_PR_Rn
232661	23000	1	100	0	LDF5_LGuard_DisputePvP_Strike_MRArea_Wn
232723	23000	1	100	0	LDF5_LGuard_DisputePvP_Charge_PM_Fn
232724	23000	1	100	0	LDF5_LGuard_DisputePvP_Watch_PR_Rn
232725	23000	1	100	0	LDF5_LGuard_DisputePvP_Strike_MRArea_Wn
232726	23000	1	100	0	LDF5_LGuard_DisputePvP_Charge_PM_Fn
232727	23000	1	100	0	LDF5_LGuard_DisputePvP_Watch_PR_Rn
232728	23000	1	100	0	LDF5_LGuard_DisputePvP_Strike_MRArea_Wn
232729	23000	1	100	0	LDF5_LGuard_DisputePvP_Charge_PM_Fn
232730	23000	1	100	0	LDF5_LGuard_DisputePvP_Watch_PR_Rn
232731	23000	1	100	0	LDF5_LGuard_DisputePvP_Strike_MRArea_Wn
232732	23000	1	100	0	LDF5_LGuard_DisputePvP_Charge_PM_Fn
232733	23000	1	100	0	LDF5_LGuard_DisputePvP_Watch_PR_Rn
232734	23000	1	100	0	LDF5_LGuard_DisputePvP_Strike_MRArea_Wn
232735	23000	1	100	0	LDF5_LGuard_DisputePvP_Charge_PM_Fn
232736	23000	1	100	0	LDF5_LGuard_DisputePvP_Watch_PR_Rn
232737	23000	1	100	0	LDF5_LGuard_DisputePvP_Strike_MRArea_Wn
232738	23000	1	100	0	LDF5_LGuard_DisputePvP_Charge_PM_Fe
232739	23000	1	100	0	LDF5_LGuard_DisputePvP_Watch_PR_Re
232740	23000	1	100	0	LDF5_LGuard_DisputePvP_Strike_MRArea_We
232741	23000	1	100	0	LDF5_LGuard_DisputePvP_Strike_PR_Ge
232742	23000	1	100	0	LDF5_LGuard_DisputePvP_Charge_PM_Fe
232743	23000	1	100	0	LDF5_LGuard_DisputePvP_Watch_PR_Re
232744	23000	1	100	0	LDF5_LGuard_DisputePvP_Strike_MRArea_We
232745	23000	1	100	0	LDF5_LGuard_DisputePvP_Strike_PR_Ge
232746	23000	1	100	0	LDF5_LGuard_DisputePvP_Charge_PM_Fn
232747	23000	1	100	0	LDF5_LGuard_DisputePvP_Watch_PR_Rn
232748	23000	1	100	0	LDF5_LGuard_DisputePvP_Strike_MRArea_Wn
232749	23000	1	100	0	LDF5_LGuard_DisputePvP_Charge_PM_Fn
232750	23000	1	100	0	LDF5_LGuard_DisputePvP_Watch_PR_Rn
232751	23000	1	100	0	LDF5_LGuard_DisputePvP_Strike_MRArea_Wn
232752	23000	1	100	0	LDF5_LGuard_DisputePvP_Charge_PM_Fn
232753	23000	1	100	0	LDF5_LGuard_DisputePvP_Watch_PR_Rn
232754	23000	1	100	0	LDF5_LGuard_DisputePvP_Strike_MRArea_Wn
232755	23000	1	100	0	LDF5_LGuard_DisputePvP_Charge_PM_Fn
232756	23000	1	100	0	LDF5_LGuard_DisputePvP_Watch_PR_Rn
232757	23000	1	100	0	LDF5_LGuard_DisputePvP_Strike_MRArea_Wn
232758	23000	1	100	0	LDF5_LGuard_DisputePvP_Charge_PM_Fn
232759	23000	1	100	0	LDF5_LGuard_DisputePvP_Watch_PR_Rn
232760	23000	1	100	0	LDF5_LGuard_DisputePvP_Strike_MRArea_Wn
232761	23000	1	100	0	LDF5_LGuard_DisputePvP_Charge_PM_Fe
232762	23000	1	100	0	LDF5_LGuard_DisputePvP_Watch_PR_Re
232763	23000	1	100	0	LDF5_LGuard_DisputePvP_Strike_MRArea_We
232764	23000	1	100	0	LDF5_LGuard_DisputePvP_Strike_PR_Ge
232765	23000	1	100	0	LDF5_LGuard_DisputePvP_Charge_PM_Fn
232766	23000	1	100	0	LDF5_LGuard_DisputePvP_Watch_PR_Rn
232767	23000	1	100	0	LDF5_LGuard_DisputePvP_Strike_MRArea_Wn
232768	23000	1	100	0	LDF5_LGuard_DisputePvP_Charge_PM_Fn
232769	23000	1	100	0	LDF5_LGuard_DisputePvP_Watch_PR_Rn
232770	23000	1	100	0	LDF5_LGuard_DisputePvP_Strike_MRArea_Wn
232771	23000	1	100	0	LDF5_LGuard_DisputePvP_Charge_PM_Fn
232772	23000	1	100	0	LDF5_LGuard_DisputePvP_Watch_PR_Rn
232773	23000	1	100	0	LDF5_LGuard_DisputePvP_Strike_MRArea_Wn
232774	23000	1	100	0	LDF5_LGuard_DisputePvP_Charge_PM_Fe
232775	23000	1	100	0	LDF5_LGuard_DisputePvP_Watch_PR_Re
232776	23000	1	100	0	LDF5_LGuard_DisputePvP_Strike_MRArea_We
232777	23000	1	100	0	LDF5_LGuard_DisputePvP_Strike_PR_Ge
232778	23000	1	100	0	LDF5_LGuard_DisputePvP_Charge_PM_Fn
232779	23000	1	100	0	LDF5_LGuard_DisputePvP_Watch_PR_Rn
232780	23000	1	100	0	LDF5_LGuard_DisputePvP_Strike_MRArea_Wn
232781	23000	1	100	0	LDF5_LGuard_DisputePvP_Charge_PM_Fn
232782	23000	1	100	0	LDF5_LGuard_DisputePvP_Watch_PR_Rn
232783	23000	1	100	0	LDF5_LGuard_DisputePvP_Strike_MRArea_Wn
232786	23000	1	100	0	LDF5_LGuard_DisputePvP_Charge_PM_Fn
232789	23000	1	100	0	LDF5_LGuard_DisputePvP_Charge_PM_Fn
232792	23000	1	100	0	LDF5_LGuard_DisputePvP_Charge_PM_Fn
232795	23000	1	100	0	LDF5_LGuard_DisputePvP_Charge_PM_Fn
232798	23000	1	100	0	LDF5_LGuard_DisputePvP_Charge_PM_Fn
232801	23000	1	100	0	LDF5_LGuard_DisputePvP_Charge_PM_Fn
232804	23000	1	100	0	LDF5_LGuard_DisputePvP_Charge_PM_Fn
232807	23000	1	100	0	LDF5_LGuard_DisputePvP_Charge_PM_Fn
232810	23000	1	100	0	LDF5_LGuard_DisputePvP_Charge_PM_Fn
232813	23000	1	100	0	LDF5_LGuard_DisputePvP_Charge_PM_Fn
232816	23000	1	100	0	LDF5_LGuard_DisputePvP_Charge_PM_Fn
232819	23000	1	100	0	LDF5_LGuard_DisputePvP_Charge_PM_Fn
232822	23000	1	100	0	LDF5_LGuard_DisputePvP_Charge_PM_Fn
232825	23000	1	100	0	LDF5_LGuard_DisputePvP_Charge_PM_Fn
232828	23000	1	100	0	LDF5_LGuard_DisputePvP_Charge_PM_Fn
232831	23000	1	100	0	LDF5_LGuard_DisputePvP_Charge_PM_Fn
232834	23000	1	100	0	LDF5_LGuard_DisputePvP_Charge_PM_Fn
232837	23000	1	100	0	LDF5_LGuard_DisputePvP_Charge_PM_Fn
232840	23000	1	100	0	LDF5_LGuard_DisputePvP_Charge_PM_Fn
232846	23000	1	100	0	LDF5_LGuard_DisputePvP_Charge_PM_Fe
232852	23000	1	100	0	LDF5_LGuard_DisputeRvR_Defend_PM_Ke
232857	23100	1	100	0	F5_RvR_LGuard_Kn_Ae
232858	23100	1	100	0	F5_RvR_LGuard_Kn_Ae
233074	23100	-1	-1	0	IDF5_U2_Light_Wi_solo_65_An
233075	23100	-1	-1	0	IDF5_U2_Light_Pr_solo_65_An
233077	23200	-1	-1	0	IDF5_U2_Dark_Wi_solo_65_An
233078	23200	-1	-1	0	IDF5_U2_Dark_Pr_solo_65_An
233127	23100	1000	-1	0	IDF5_U2_Light_Wi_party_65_Ae
233128	23100	1000	-1	0	IDF5_U2_Light_Pr_party_65_Ae
233130	23200	1000	-1	0	IDF5_U2_Dark_Wi_party_65_Ae
233131	23200	1000	-1	0	IDF5_U2_Dark_Pr_party_65_Ae
233133	23100	1000	-1	0	IDF5_U2_Light_Wi_party_65_Ae
233134	23100	1000	-1	0	IDF5_U2_Light_Pr_party_65_Ae
233136	23200	1000	-1	0	IDF5_U2_Dark_Wi_party_65_Ae
233137	23200	1000	-1	0	IDF5_U2_Dark_Pr_party_65_Ae
233327	23100	1	100	0	IDKamar_LightGeneral_Nmd_D1_65_Ah
233328	23100	1	100	0	IDKamar_DarkGeneral_Nmd_D1_65_Ah
233329	23100	1	100	0	IDKamar_LightGeneral_Nmd_D2_65_Ah
233330	23100	1	100	0	IDKamar_DarkGeneral_Nmd_D2_65_Ah
233393	23100	-1	-1	0	IDF5_U2_S_Light_Wi_65_An_NoMsg
233394	23100	-1	-1	0	IDF5_U2_S_Light_Pr_65_An_NoMsg
233396	23200	-1	-1	0	IDF5_U2_S_Dark_Wi_65_An_NoMsg
233397	23200	-1	-1	0	IDF5_U2_S_Dark_Pr_65_An_NoMsg
233399	23100	-1	-1	0	IDF5_U2_P_Light_Wi_65_Ae_NoMsg
233400	23100	-1	-1	0	IDF5_U2_P_Light_Pr_65_Ae_NoMsg
233402	23200	-1	-1	0	IDF5_U2_P_Dark_Wi_65_Ae_NoMsg
233403	23200	-1	-1	0	IDF5_U2_P_Dark_Pr_65_Ae_NoMsg
233405	23100	-1	-1	0	IDF5_U2_P_Light_Wi_65_Ae_NoMsg
233406	23100	-1	-1	0	IDF5_U2_P_Light_Pr_65_Ae_NoMsg
233408	23200	-1	-1	0	IDF5_U2_P_Dark_Wi_65_Ae_NoMsg
233409	23200	-1	-1	0	IDF5_U2_P_Dark_Pr_65_Ae_NoMsg
233846	23100	1	100	0	F5_RvR_LGuard_Kn_Ae
233849	23200	1	100	0	F5_RvR_DGuard_Kn_Ae
233957	23100	1	100	0	F5_PvP_LGuard_Kn_Ae
233962	23200	1	100	0	F5_PvP_DGuard_Kn_Ae
233967	23000	1	100	0	LDF5_LGuard_DisputePvP_Defend_PM_Ke
233968	23000	1	100	0	LDF5_LGuard_DisputePvP_Charge_PM_Fe
233969	23000	1	100	0	LDF5_LGuard_DisputePvP_Watch_PR_Re
233970	23000	1	100	0	LDF5_LGuard_DisputePvP_Strike_MRArea_We
233971	23000	1	100	0	LDF5_LGuard_DisputePvP_Support_HBuff_Pe
233972	23000	1	100	0	LDF5_LGuard_DisputePvP_Defend_PM_Ke
233973	23000	1	100	0	LDF5_LGuard_DisputePvP_Charge_PM_Fe
233974	23000	1	100	0	LDF5_LGuard_DisputePvP_Hide_PM_Ae
233975	23000	1	100	0	LDF5_LGuard_DisputePvP_Watch_PR_Re
233976	23000	1	100	0	LDF5_LGuard_DisputePvP_Strike_PR_Ge
233977	23000	1	100	0	LDF5_LGuard_DisputePvP_Strike_MRArea_We
233978	23000	1	100	0	LDF5_LGuard_DisputePvP_Support_HBuff_Pe
233979	23100	1	100	0	F5_PvP_LGuard_Kn_Ae
233986	23200	1	100	0	F5_PvP_DGuard_Kn_Ae
234032	30001	1000000	-1	1	LDF5_Village_chief01
234033	30001	1000000	-1	1	LDF5_Village_chief01
234034	30001	1000000	-1	1	LDF5_Village_chief01
234035	30001	1000000	-1	1	LDF5_Village_chief02
234036	30001	1000000	-1	1	LDF5_Village_chief02
234037	30001	1000000	-1	1	LDF5_Village_chief02
234038	30001	1000000	-1	1	LDF5_Fortress_MistOn_Vil_Chief03
234039	30001	1000000	-1	1	LDF5_Fortress_MistOn_Vil_Chief03
234040	30001	1000000	-1	1	LDF5_Fortress_MistOn_Vil_Chief03
234041	30001	1000000	-1	1	LDF5_Fortress_MistOn_Vil_Chief04
234042	30001	1000000	-1	1	LDF5_Fortress_MistOn_Vil_Chief04
234043	30001	1000000	-1	1	LDF5_Fortress_MistOn_Vil_Chief04
234044	23000	1	100	0	LDF5_LGuard_DisputePvP_Defend_PM_Kn
234045	23100	1	100	0	F5_PvPLight_LGuard_Kn_An
234046	23200	1	100	0	F5_PvPLight_DGuard_Kn_An
234047	23000	1	100	0	LDF5_LGuard_DisputePvP_Charge_PM_Fn
234050	23000	1	100	0	LDF5_LGuard_DisputePvP_Watch_PR_Rn
234053	23000	1	100	0	LDF5_LGuard_DisputePvP_Strike_MRArea_Wn
234056	23000	1	100	0	LDF5_LGuard_DisputePvP_Support_HBuff_Pn
234059	23000	1	100	0	LDF5_LGuard_DisputePvP_Defend_PM_Kn
234060	23100	1	100	0	F5_PvPLight_LGuard_Kn_An
234061	23200	1	100	0	F5_PvPLight_DGuard_Kn_An
234062	23000	1	100	0	LDF5_LGuard_DisputePvP_Charge_PM_Fn
234065	23000	1	100	0	LDF5_LGuard_DisputePvP_Watch_PR_Rn
234068	23000	1	100	0	LDF5_LGuard_DisputePvP_Strike_MRArea_Wn
234071	23000	1	100	0	LDF5_LGuard_DisputePvP_Support_HBuff_Pn
234074	23000	1	100	0	LDF5_LGuard_DisputePvP_Defend_PM_Ke
234075	23100	1	100	0	F5_PvP_LGuard_Kn_Ae
234076	23200	1	100	0	F5_PvP_DGuard_Kn_Ae
234077	23000	1	100	0	LDF5_LGuard_DisputePvP_Charge_PM_Fe
234080	23000	1	100	0	LDF5_LGuard_DisputePvP_Watch_PR_Re
234083	23000	1	100	0	LDF5_LGuard_DisputePvP_Strike_MRArea_We
234086	23000	1	100	0	LDF5_LGuard_DisputePvP_Support_HBuff_Pe
234089	23000	1	100	0	LDF5_LGuard_DisputePvP_Defend_PM_Ke
234090	23100	1	100	0	F5_PvP_LGuard_Kn_Ae
234091	23200	1	100	0	F5_PvP_DGuard_Kn_Ae
234092	23000	1	100	0	LDF5_LGuard_DisputePvP_Charge_PM_Fe
234095	23000	1	100	0	LDF5_LGuard_DisputePvP_Watch_PR_Re
234098	23000	1	100	0	LDF5_LGuard_DisputePvP_Strike_MRArea_We
234101	23000	1	100	0	LDF5_LGuard_DisputePvP_Support_HBuff_Pe
234110	23000	1	100	0	LDF5_LGuard_DisputePvP_Charge_PM_Fn
234113	23000	1	100	0	LDF5_LGuard_DisputePvP_Watch_PR_Rn
234116	23000	1	100	0	LDF5_LGuard_DisputePvP_Strike_MRArea_Wn
234119	23000	1	100	0	LDF5_LGuard_DisputePvP_Charge_PM_Fn
234122	23000	1	100	0	LDF5_LGuard_DisputePvP_Watch_PR_Rn
234125	23000	1	100	0	LDF5_LGuard_DisputePvP_Strike_MRArea_Wn
234136	23000	1	100	0	LDF5_LGuard_DisputePvP_Charge_PM_Fn
234139	23000	1	100	0	LDF5_LGuard_DisputePvP_Charge_PM_Fn
234142	23000	1	100	0	LDF5_LGuard_DisputePvP_Charge_PM_Fn
234145	23000	1	100	0	LDF5_LGuard_DisputePvP_Charge_PM_Fn
234162	30001	1000000	-1	1	LDF4_Advance_village_19
234163	23000	1	100	0	LDF5_LGuard_DisputePvP_Charge_PM_Fe
234165	23000	1	100	0	LDF5_LGuard_DisputePvP_Hide_PM_Ae
234167	23000	1	100	0	LDF5_LGuard_DisputePvP_Strike_MRArea_We
234199	30001	1000000	-1	1	LDF4_Advance_village_17
234200	30001	1000000	-1	1	LDF4_Advance_village_20
234204	30001	1000000	-1	1	LDF4_Advance_village_17
234205	30001	1000000	-1	1	LDF4_Advance_village_20
234207	30001	1000000	-1	1	LDF4_Advance_village_15
234209	30001	1000000	-1	1	LDF4_Advance_village_18
234210	30001	1000000	-1	1	LDF4_Advance_village_21
234212	30001	1000000	-1	1	LDF4_Advance_village_15
234214	30001	1000000	-1	1	LDF4_Advance_village_18
234215	30001	1000000	-1	1	LDF4_Advance_village_21
234398	23100	1	100	0	F5_PvPLight_LGuard_Kn_An
234401	23100	1	100	0	F5_PvPLight_LGuard_Kn_An
234404	23100	1	100	0	F5_PvPLight_LGuard_Kn_An
234407	23100	1	100	0	F5_PvPLight_LGuard_Kn_An
234410	23100	1	100	0	F5_PvPLight_LGuard_Kn_An
234413	23200	1	100	0	F5_PvPLight_DGuard_Kn_An
234416	23200	1	100	0	F5_PvPLight_DGuard_Kn_An
234419	23200	1	100	0	F5_PvPLight_DGuard_Kn_An
234422	23200	1	100	0	F5_PvPLight_DGuard_Kn_An
234425	23200	1	100	0	F5_PvPLight_DGuard_Kn_An
234428	23000	1	100	0	LDF5_LGuard_DisputePvP_Defend_PM_Kn
234429	23000	1	100	0	LDF5_LGuard_DisputePvP_Watch_PR_Rn
234430	23000	1	100	0	LDF5_LGuard_DisputePvP_Strike_MRArea_Wn
234431	23000	1	100	0	LDF5_LGuard_DisputePvP_Defend_PM_Kn
234432	23000	1	100	0	LDF5_LGuard_DisputePvP_Watch_PR_Rn
234433	23000	1	100	0	LDF5_LGuard_DisputePvP_Strike_MRArea_Wn
234434	23000	1	100	0	LDF5_LGuard_DisputePvP_Defend_PM_Kn
234435	23000	1	100	0	LDF5_LGuard_DisputePvP_Watch_PR_Rn
234436	23000	1	100	0	LDF5_LGuard_DisputePvP_Strike_MRArea_Wn
234437	23000	1	100	0	LDF5_LGuard_DisputePvP_Defend_PM_Kn
234438	23000	1	100	0	LDF5_LGuard_DisputePvP_Watch_PR_Rn
234439	23000	1	100	0	LDF5_LGuard_DisputePvP_Strike_MRArea_Wn
234440	23000	1	100	0	LDF5_LGuard_DisputePvP_Defend_PM_Kn
234441	23000	1	100	0	LDF5_LGuard_DisputePvP_Watch_PR_Rn
234442	23000	1	100	0	LDF5_LGuard_DisputePvP_Strike_MRArea_Wn
234443	23000	1	100	0	LDF5_LGuard_DisputePvP_Defend_PM_Kn
234444	23000	1	100	0	LDF5_LGuard_DisputePvP_Watch_PR_Rn
234445	23000	1	100	0	LDF5_LGuard_DisputePvP_Strike_MRArea_Wn
234446	23000	1	100	0	LDF5_LGuard_DisputePvP_Defend_PM_Kn
234447	23000	1	100	0	LDF5_LGuard_DisputePvP_Watch_PR_Rn
234448	23000	1	100	0	LDF5_LGuard_DisputePvP_Strike_MRArea_Wn
234449	23000	1	100	0	LDF5_LGuard_DisputePvP_Defend_PM_Kn
234450	23000	1	100	0	LDF5_LGuard_DisputePvP_Watch_PR_Rn
234451	23000	1	100	0	LDF5_LGuard_DisputePvP_Strike_MRArea_Wn
234452	23000	1	100	0	LDF5_LGuard_DisputePvP_Defend_PM_Kn
234453	23000	1	100	0	LDF5_LGuard_DisputePvP_Watch_PR_Rn
234454	23000	1	100	0	LDF5_LGuard_DisputePvP_Strike_MRArea_Wn
234455	23000	1	100	0	LDF5_LGuard_DisputePvP_Defend_PM_Kn
234456	23000	1	100	0	LDF5_LGuard_DisputePvP_Watch_PR_Rn
234457	23000	1	100	0	LDF5_LGuard_DisputePvP_Strike_MRArea_Wn
234458	23000	1	100	0	LDF5_LGuard_DisputePvP_Defend_PM_Kn
234459	23000	1	100	0	LDF5_LGuard_DisputePvP_Watch_PR_Rn
234460	23000	1	100	0	LDF5_LGuard_DisputePvP_Strike_MRArea_Wn
234481	23000	1	100	0	LDF5_LGuard_DisputePvP_Charge_PM_Fe
234482	23000	1	100	0	LDF5_LGuard_DisputePvP_Strike_PR_Ge
234483	23000	1	100	0	LDF5_LGuard_DisputePvP_Charge_PM_Fe
234484	23000	1	100	0	LDF5_LGuard_DisputePvP_Strike_PR_Ge
234485	23000	1	100	0	LDF5_LGuard_DisputePvP_Charge_PM_Fe
234486	23000	1	100	0	LDF5_LGuard_DisputePvP_Strike_PR_Ge
234487	23000	1	100	0	LDF5_LGuard_DisputePvP_Charge_PM_Fe
234488	23000	1	100	0	LDF5_LGuard_DisputePvP_Strike_PR_Ge
234489	23000	1	100	0	LDF5_LGuard_DisputePvP_Charge_PM_Fe
234490	23000	1	100	0	LDF5_LGuard_DisputePvP_Strike_PR_Ge
234491	23000	1	100	0	LDF5_LGuard_DisputePvP_Charge_PM_Fe
234492	23000	1	100	0	LDF5_LGuard_DisputePvP_Strike_PR_Ge
234493	23000	1	100	0	LDF5_LGuard_DisputePvP_Charge_PM_Fe
234494	23000	1	100	0	LDF5_LGuard_DisputePvP_Strike_PR_Ge
234495	23000	1	100	0	LDF5_LGuard_DisputePvP_Charge_PM_Fe
234496	23000	1	100	0	LDF5_LGuard_DisputePvP_Strike_PR_Ge
234497	23000	1	100	0	LDF5_LGuard_DisputePvP_Charge_PM_Fe
234498	23000	1	100	0	LDF5_LGuard_DisputePvP_Strike_PR_Ge
234499	23000	1	100	0	LDF5_LGuard_DisputePvP_Charge_PM_Fe
234500	23000	1	100	0	LDF5_LGuard_DisputePvP_Strike_PR_Ge
234501	23000	1	100	0	LDF5_LGuard_DisputePvP_Charge_PM_Fe
234502	23000	1	100	0	LDF5_LGuard_DisputePvP_Strike_PR_Ge
234546	23000	1	100	0	LDF5_LGuard_DisputePvP_Hide_PM_Ae
234547	23000	1	100	0	LDF5_LGuard_DisputePvP_Hide_PM_Ae
234552	23000	1	100	0	LDF5_LGuard_DisputePvP_Hide_PM_Ae
234553	23000	1	100	0	LDF5_LGuard_DisputePvP_Hide_PM_Ae
234621	30001	1000000	-1	1	LDF4_Advance_village_13
234622	30001	1000000	-1	1	LDF4_Advance_village_14
234623	30001	1000000	-1	1	LDF4_Advance_village_16
234629	30001	1000000	-1	1	LDF4_Advance_village_13
234630	30001	1000000	-1	1	LDF4_Advance_village_14
234631	30001	1000000	-1	1	LDF4_Advance_village_16
234637	30001	1000000	-1	1	LDF4_Advance_village_13
234638	30001	1000000	-1	1	LDF4_Advance_village_14
234639	30001	1000000	-1	1	LDF4_Advance_village_16
234642	30001	1000000	-1	1	LDF4_Advance_village_19
234645	30001	1000000	-1	1	LDF4_Advance_village_19
234756	23000	1	100	0	LDF5_LGuard_DisputePvP_Defend_PM_Ke
234757	23100	1	100	0	F5_PvP_LGuard_Kn_Ae
234758	23200	1	100	0	F5_PvP_DGuard_Kn_Ae
234759	23000	1	100	0	LDF5_LGuard_DisputePvP_Charge_PM_Fe
234762	23000	1	100	0	LDF5_LGuard_DisputePvP_Watch_PR_Re
234765	23000	1	100	0	LDF5_LGuard_DisputePvP_Strike_MRArea_We
234768	23000	1	100	0	LDF5_LGuard_DisputePvP_Support_HBuff_Pe
234771	23000	1	100	0	LDF5_LGuard_DisputePvP_Hide_PM_Ae
234774	23000	1	100	0	LDF5_LGuard_DisputePvP_Defend_PM_Ke
234775	23100	1	100	0	F5_PvP_LGuard_Kn_Ae
234776	23200	1	100	0	F5_PvP_DGuard_Kn_Ae
234777	23000	1	100	0	LDF5_LGuard_DisputePvP_Charge_PM_Fe
234780	23000	1	100	0	LDF5_LGuard_DisputePvP_Watch_PR_Re
234783	23000	1	100	0	LDF5_LGuard_DisputePvP_Strike_MRArea_We
234786	23000	1	100	0	LDF5_LGuard_DisputePvP_Support_HBuff_Pe
234789	23000	1	100	0	LDF5_LGuard_DisputePvP_Hide_PM_Ae
234792	23000	1	100	0	LDF5_LGuard_DisputePvP_Defend_PM_Ke
234793	23100	1	100	0	F5_PvP_LGuard_Kn_Ae
234794	23200	1	100	0	F5_PvP_DGuard_Kn_Ae
234795	23000	1	100	0	LDF5_LGuard_DisputePvP_Charge_PM_Fe
234798	23000	1	100	0	LDF5_LGuard_DisputePvP_Watch_PR_Re
234801	23000	1	100	0	LDF5_LGuard_DisputePvP_Strike_MRArea_We
234804	23000	1	100	0	LDF5_LGuard_DisputePvP_Support_HBuff_Pe
234807	23000	1	100	0	LDF5_LGuard_DisputePvP_Hide_PM_Ae
234810	23000	1	100	0	LDF5_LGuard_DisputePvP_Defend_PM_Kn
234811	23100	1	100	0	F5_PvPLight_LGuard_Kn_An
234812	23200	1	100	0	F5_PvPLight_DGuard_Kn_An
234813	23000	1	100	0	LDF5_LGuard_DisputePvP_Charge_PM_Fn
234816	23000	1	100	0	LDF5_LGuard_DisputePvP_Support_HBuff_Pn
234819	23000	1	100	0	LDF5_LGuard_DisputePvP_Hide_PM_Ae
234822	23000	1	100	0	LDF5_LGuard_DisputePvP_Defend_PM_Kn
234823	23100	1	100	0	F5_PvPLight_LGuard_Kn_An
234824	23200	1	100	0	F5_PvPLight_DGuard_Kn_An
234825	23000	1	100	0	LDF5_LGuard_DisputePvP_Charge_PM_Fn
234828	23000	1	100	0	LDF5_LGuard_DisputePvP_Support_HBuff_Pn
234831	23000	1	100	0	LDF5_LGuard_DisputePvP_Hide_PM_Ae
234834	23000	1	100	0	LDF5_LGuard_DisputePvP_Defend_PM_Kn
234835	23100	1	100	0	F5_PvPLight_LGuard_Kn_An
234836	23200	1	100	0	F5_PvPLight_DGuard_Kn_An
234837	23000	1	100	0	LDF5_LGuard_DisputePvP_Charge_PM_Fn
234840	23000	1	100	0	LDF5_LGuard_DisputePvP_Support_HBuff_Pn
234843	23000	1	100	0	LDF5_LGuard_DisputePvP_Hide_PM_Ae
234846	23000	1	100	0	LDF5_LGuard_DisputePvP_Defend_PM_Kn
234847	23100	1	100	0	F5_PvPLight_LGuard_Kn_An
234848	23200	1	100	0	F5_PvPLight_DGuard_Kn_An
234849	23000	1	100	0	LDF5_LGuard_DisputePvP_Charge_PM_Fn
234852	23000	1	100	0	LDF5_LGuard_DisputePvP_Support_HBuff_Pn
234855	23000	1	100	0	LDF5_LGuard_DisputePvP_Hide_PM_Ae
234858	23000	1	100	0	LDF5_LGuard_DisputePvP_Defend_PM_Kn
234859	23100	1	100	0	F5_PvPLight_LGuard_Kn_An
234860	23200	1	100	0	F5_PvPLight_DGuard_Kn_An
234861	23000	1	100	0	LDF5_LGuard_DisputePvP_Charge_PM_Fn
234864	23000	1	100	0	LDF5_LGuard_DisputePvP_Support_HBuff_Pn
234867	23000	1	100	0	LDF5_LGuard_DisputePvP_Hide_PM_Ae
234870	23000	1	100	0	LDF5_LGuard_DisputePvP_Defend_PM_Kn
234871	23100	1	100	0	F5_PvPLight_LGuard_Kn_An
234872	23200	1	100	0	F5_PvPLight_DGuard_Kn_An
234873	23000	1	100	0	LDF5_LGuard_DisputePvP_Charge_PM_Fn
234876	23000	1	100	0	LDF5_LGuard_DisputePvP_Support_HBuff_Pn
234879	23000	1	100	0	LDF5_LGuard_DisputePvP_Hide_PM_Ae
234882	23000	1	100	0	LDF5_LGuard_DisputePvP_Defend_PM_Kn
234883	23100	1	100	0	F5_PvPLight_LGuard_Kn_An
234884	23200	1	100	0	F5_PvPLight_DGuard_Kn_An
234885	23000	1	100	0	LDF5_LGuard_DisputePvP_Charge_PM_Fn
234888	23000	1	100	0	LDF5_LGuard_DisputePvP_Support_HBuff_Pn
234891	23000	1	100	0	LDF5_LGuard_DisputePvP_Hide_PM_Ae
234894	23000	1	100	0	LDF5_LGuard_DisputePvP_Defend_PM_Kn
234895	23100	1	100	0	F5_PvPLight_LGuard_Kn_An
234896	23200	1	100	0	F5_PvPLight_DGuard_Kn_An
234897	23000	1	100	0	LDF5_LGuard_DisputePvP_Charge_PM_Fn
234900	23000	1	100	0	LDF5_LGuard_DisputePvP_Support_HBuff_Pn
234903	23000	1	100	0	LDF5_LGuard_DisputePvP_Hide_PM_Ae
234906	23100	1	100	0	F5_PvPLight_LGuard_Kn_An
234907	23200	1	100	0	F5_PvPLight_DGuard_Kn_An
234912	23100	1	100	0	F5_PvPLight_LGuard_Kn_An
234913	23200	1	100	0	F5_PvPLight_DGuard_Kn_An
234918	23100	1	100	0	F5_PvPLight_LGuard_Kn_An
234919	23200	1	100	0	F5_PvPLight_DGuard_Kn_An
234924	23100	1	100	0	F5_PvPLight_LGuard_Kn_An
234925	23200	1	100	0	F5_PvPLight_DGuard_Kn_An
234930	23100	1	100	0	F5_PvPLight_LGuard_Kn_An
234931	23200	1	100	0	F5_PvPLight_DGuard_Kn_An
234936	23100	1	100	0	F5_PvPLight_LGuard_Kn_An
234937	23200	1	100	0	F5_PvPLight_DGuard_Kn_An
234942	23100	1	100	0	F5_PvPLight_LGuard_Kn_An
234943	23200	1	100	0	F5_PvPLight_DGuard_Kn_An
234948	23100	1	100	0	F5_PvPLight_LGuard_Kn_An
234949	23200	1	100	0	F5_PvPLight_DGuard_Kn_An
234954	23100	1	100	0	F5_PvPLight_LGuard_Kn_An
234955	23200	1	100	0	F5_PvPLight_DGuard_Kn_An
234960	23100	1	100	0	F5_PvPLight_LGuard_Kn_An
234961	23200	1	100	0	F5_PvPLight_DGuard_Kn_An
234966	23000	1	100	0	LDF5_LGuard_DisputePvP_Charge_PM_Fe
234967	23000	1	100	0	LDF5_LGuard_DisputePvP_Charge_PM_Fe
234968	23000	1	100	0	LDF5_LGuard_DisputePvP_Charge_PM_Fe
234969	23000	1	100	0	LDF5_LGuard_DisputePvP_Charge_PM_Fn
234970	23000	1	100	0	LDF5_LGuard_DisputePvP_Charge_PM_Fn
234971	23000	1	100	0	LDF5_LGuard_DisputePvP_Charge_PM_Fn
234972	23000	1	100	0	LDF5_LGuard_DisputePvP_Charge_PM_Fn
234973	23000	1	100	0	LDF5_LGuard_DisputePvP_Charge_PM_Fn
234974	23000	1	100	0	LDF5_LGuard_DisputePvP_Charge_PM_Fn
234975	23000	1	100	0	LDF5_LGuard_DisputePvP_Charge_PM_Fn
234976	23000	1	100	0	LDF5_LGuard_DisputePvP_Charge_PM_Fn
235145	30001	1000000	-1	1	LDF4_Advance_village_13
235146	30001	1000000	-1	1	LDF4_Advance_village_14
235147	30001	1000000	-1	1	LDF4_Advance_village_15
235148	30001	1000000	-1	1	LDF4_Advance_village_16
235149	30001	1000000	-1	1	LDF4_Advance_village_17
235150	30001	1000000	-1	1	LDF4_Advance_village_18
235151	30001	1000000	-1	1	LDF4_Advance_village_19
235152	30001	1000000	-1	1	LDF4_Advance_village_20
235153	30001	1000000	-1	1	LDF4_Advance_village_21
235154	30001	1000000	-1	1	LDF4_Advance_village_22
235155	30001	1000000	-1	1	LDF4_Advance_village_23
235156	30001	1000000	-1	1	LDF4_Advance_village_24
235157	30001	1000000	-1	1	LDF4_Advance_village_25
235158	30001	1000000	-1	1	LDF4_Advance_village_13
235159	30001	1000000	-1	1	LDF4_Advance_village_26
235160	30001	1000000	-1	1	LDF4_Advance_village_27
235161	30001	1000000	-1	1	LDF4_Advance_village_28
235162	30001	1000000	-1	1	LDF4_Advance_village_29
235163	30001	1000000	-1	1	LDF4_Advance_village_30
235164	30001	1000000	-1	1	LDF4_Advance_village_31
235165	30001	1000000	-1	1	LDF4_Advance_village_32
235166	30001	1000000	-1	1	LDF4_Advance_village_33
235167	30001	1000000	-1	1	LDF4_Advance_village_34
235168	30001	1000000	-1	1	LDF4_Advance_village_35
235169	30001	1000000	-1	1	LDF4_Advance_village_36
235170	30001	1000000	-1	1	LDF4_Advance_village_37
235171	30001	1000000	-1	1	LDF4_Advance_village_13
235172	23100	1	100	0	F5_PvP_LGuard_Kn_Ae
235178	23100	1	100	0	F5_PvP_LGuard_Kn_Ae
235184	23100	1	100	0	F5_PvP_LGuard_Kn_Ae
235187	23000	1	100	0	LDF5_LGuard_DisputePvP_Hide_PM_Ae
235190	23100	1	100	0	F5_PvP_LGuard_Kn_Ae
235193	23000	1	100	0	LDF5_LGuard_DisputePvP_Hide_PM_Ae
235196	23200	1	100	0	F5_PvP_DGuard_Kn_Ae
235202	23200	1	100	0	F5_PvP_DGuard_Kn_Ae
235334	23000	1	100	0	LDF5_LGuard_DisputePvP_Defend_PM_Ke
235335	23000	1	100	0	LDF5_LGuard_DisputePvP_Charge_PM_Fe
235336	23000	1	100	0	LDF5_LGuard_DisputePvP_Strike_MRArea_We
235337	23000	1	100	0	LDF5_LGuard_DisputePvP_Hide_PM_Ae
235339	23000	1	100	0	LDF5_LGuard_DisputePvP_Support_HBuff_Pe
235340	23200	1	100	0	F5_PvP_DGuard_Kn_Ae
235543	30002	1000000	-1	1	LDF4_Advance_Killer_43
235544	30002	1000000	-1	1	LDF4_Advance_Killer_43
235545	30002	1000000	-1	1	LDF4_Advance_Killer_43
235546	30002	1000000	-1	1	LDF4_Advance_Killer_43
235547	30002	1000000	-1	1	LDF4_Advance_Killer_43
235548	30002	1000000	-1	1	LDF4_Advance_Killer_43
235549	30002	1000000	-1	1	LDF4_Advance_Killer_43
235550	30002	1000000	-1	1	LDF4_Advance_Killer_43
235551	30002	1000000	-1	1	LDF4_Advance_Killer_43
235552	30002	1000000	-1	1	LDF4_Advance_Killer_43
235553	30002	1000000	-1	1	LDF4_Advance_Killer_43
235554	30002	1000000	-1	1	LDF4_Advance_Killer_43
235555	30002	1000000	-1	1	LDF4_Advance_Killer_43
235556	30002	1000000	-1	1	LDF4_Advance_Killer_43
235557	30002	1000000	-1	1	LDF4_Advance_Killer_43
235558	30002	1000000	-1	1	LDF4_Advance_Killer_43
235559	30002	1000000	-1	1	LDF4_Advance_Killer_43
235560	30002	1000000	-1	1	LDF4_Advance_Killer_43
235561	30002	1000000	-1	1	LDF4_Advance_Killer_43
235921	23000	1	100	0	LDF5_LGuard_Safety_Chase_Fn
235922	23000	1	100	0	LDF5_LGuard_Safety_Hold_Rn
235923	23000	1	100	0	LDF5_LGuard_DisputePvP_Defend_PM_Kn
235924	23000	1	100	0	LDF5_LGuard_DisputePvP_Strike_PR_Ge
235925	23000	1	100	0	LDF5_LGuard_DisputePvP_Strike_MRArea_We
235926	23000	1	100	0	LDF5_LGuard_DisputePvP_Hide_PM_Ae
235927	23000	1	100	0	LDF5_LGuard_Safety_Chase_Fn
235928	23000	1	100	0	LDF5_LGuard_Safety_Hold_Rn
235929	23000	1	100	0	LDF5_LGuard_DisputePvP_Defend_PM_Kn
235930	23000	1	100	0	LDF5_LGuard_DisputePvP_Strike_PR_Ge
235931	23000	1	100	0	LDF5_LGuard_DisputePvP_Strike_MRArea_We
235932	23000	1	100	0	LDF5_LGuard_DisputePvP_Hide_PM_Ae
235933	23000	1	100	0	LDF5_LGuard_Safety_Chase_Fn
235934	23000	1	100	0	LDF5_LGuard_Safety_Hold_Rn
235935	23000	1	100	0	LDF5_LGuard_DisputePvP_Defend_PM_Kn
235936	23000	1	100	0	LDF5_LGuard_DisputePvP_Strike_PR_Ge
235937	23000	1	100	0	LDF5_LGuard_DisputePvP_Strike_MRArea_We
235938	23000	1	100	0	LDF5_LGuard_DisputePvP_Hide_PM_Ae
236023	23100	1	100	0	F5_PvP_LGuard_Kn_Ae
236029	23100	1	100	0	F5_PvP_LGuard_Kn_Ae
236036	23100	1	100	0	F5_PvP_LGuard_Kn_Ae
236042	23100	1	100	0	F5_PvP_LGuard_Kn_Ae
236049	23100	1	100	0	F5_PvP_LGuard_Kn_Ae
236056	23100	1	100	0	F5_PvP_LGuard_Kn_Ae
236062	23100	1	100	0	F5_PvP_LGuard_Kn_Ae
236068	23100	1	100	0	F5_PvP_LGuard_Kn_Ae
236250	23000	1	100	0	LDF5_LGuard_DisputePvP_Hide_PM_Ae
236253	23000	1	100	0	LDF5_LGuard_DisputePvP_Hide_PM_Ae
236254	23000	1	100	0	LDF5_LGuard_DisputePvP_Strike_PR_Ge
236256	23000	1	100	0	LDF5_LGuard_DisputePvP_Strike_MRArea_Wn
236257	23000	1	100	0	LDF5_LGuard_DisputePvP_Support_HBuff_Pe
236261	23000	1	100	0	LDF5_LGuard_DisputePvP_Hide_PM_Ae
236262	23000	1	100	0	LDF5_LGuard_DisputePvP_Strike_PR_Ge
236264	23000	1	100	0	LDF5_LGuard_DisputePvP_Hide_PM_Ae
236265	23000	1	100	0	LDF5_LGuard_DisputePvP_Strike_MRArea_Wn
236673	23100	1	100	0	F5_PvP_LGuard_Kn_Ae
236677	23100	1	100	0	F5_PvP_LGuard_Kn_Ae
236681	23100	1	100	0	F5_PvP_LGuard_Kn_Ae
236685	23100	1	100	0	F5_PvP_LGuard_Kn_Ae
236689	23100	1	100	0	F5_PvP_LGuard_Kn_Ae
236693	23100	1	100	0	F5_PvP_LGuard_Kn_Ae
236697	23100	1	100	0	F5_PvP_LGuard_Kn_Ae
236701	23000	1	100	0	LDF5_LGuard_Safety_Chase_Fn
236702	23000	1	100	0	LDF5_LGuard_Safety_Hold_Rn
236703	23000	1	100	0	LDF5_LGuard_DisputePvP_Strike_PR_Ge
251085	23000	1	100	0	LDF5_LGuard_DisputePvP_Charge_PM_Fn
251086	23000	1	100	0	LDF5_LGuard_DisputePvP_Charge_PM_Fe
251087	23000	1	100	0	LDF5_LGuard_DisputePvP_Charge_PM_Fe
251088	23000	1	100	0	LDF5_LGuard_DisputePvP_Hide_PM_Ae
251089	23000	1	100	0	LDF5_LGuard_DisputePvP_Hide_PM_Ae
251090	23000	1	100	0	LDF5_LGuard_DisputePvP_Support_HBuff_Pn
251091	23000	1	100	0	LDF5_LGuard_DisputePvP_Support_HBuff_Pe
251092	23000	1	100	0	LDF5_LGuard_DisputePvP_Support_HBuff_Pe
251093	23000	1	100	0	LDF5_LGuard_DisputePvP_Strike_MRArea_Wn
251094	23000	1	100	0	LDF5_LGuard_DisputePvP_Strike_MRArea_We
251095	23000	1	100	0	LDF5_LGuard_DisputePvP_Strike_MRArea_We
251096	23000	1	100	0	LDF5_LGuard_DisputePvP_Watch_PR_Rn
251097	23000	1	100	0	LDF5_LGuard_DisputePvP_Watch_PR_Re
251098	23000	1	100	0	LDF5_LGuard_DisputePvP_Watch_PR_Re
251099	23000	1	100	0	LDF5_LGuard_DisputePvP_Strike_PR_Ge
251100	23000	1	100	0	LDF5_LGuard_DisputePvP_Strike_PR_Ge
251101	23000	1	100	0	LDF5_LGuard_DisputePvP_Charge_PM_Fn
251102	23000	1	100	0	LDF5_LGuard_DisputePvP_Charge_PM_Fe
251103	23000	1	100	0	LDF5_LGuard_DisputePvP_Charge_PM_Fe
251104	23000	1	100	0	LDF5_LGuard_DisputePvP_Hide_PM_Ae
251105	23000	1	100	0	LDF5_LGuard_DisputePvP_Hide_PM_Ae
251106	23000	1	100	0	LDF5_LGuard_DisputePvP_Support_HBuff_Pn
251107	23000	1	100	0	LDF5_LGuard_DisputePvP_Support_HBuff_Pe
251108	23000	1	100	0	LDF5_LGuard_DisputePvP_Support_HBuff_Pe
251109	23000	1	100	0	LDF5_LGuard_DisputePvP_Strike_MRArea_Wn
251110	23000	1	100	0	LDF5_LGuard_DisputePvP_Strike_MRArea_We
251111	23000	1	100	0	LDF5_LGuard_DisputePvP_Strike_MRArea_We
251112	23000	1	100	0	LDF5_LGuard_DisputePvP_Watch_PR_Rn
251113	23000	1	100	0	LDF5_LGuard_DisputePvP_Watch_PR_Re
251114	23000	1	100	0	LDF5_LGuard_DisputePvP_Watch_PR_Re
251115	23000	1	100	0	LDF5_LGuard_DisputePvP_Strike_PR_Ge
251116	23000	1	100	0	LDF5_LGuard_DisputePvP_Strike_PR_Ge
251117	23000	1	100	0	LDF5_LGuard_DisputePvP_Charge_PM_Fn
251118	23000	1	100	0	LDF5_LGuard_DisputePvP_Charge_PM_Fe
251119	23000	1	100	0	LDF5_LGuard_DisputePvP_Charge_PM_Fe
251120	23000	1	100	0	LDF5_LGuard_DisputePvP_Hide_PM_Ae
251121	23000	1	100	0	LDF5_LGuard_DisputePvP_Hide_PM_Ae
251122	23000	1	100	0	LDF5_LGuard_DisputePvP_Support_HBuff_Pn
251123	23000	1	100	0	LDF5_LGuard_DisputePvP_Support_HBuff_Pe
251124	23000	1	100	0	LDF5_LGuard_DisputePvP_Support_HBuff_Pe
251125	23000	1	100	0	LDF5_LGuard_DisputePvP_Strike_MRArea_Wn
251126	23000	1	100	0	LDF5_LGuard_DisputePvP_Strike_MRArea_We
251127	23000	1	100	0	LDF5_LGuard_DisputePvP_Strike_MRArea_We
251128	23000	1	100	0	LDF5_LGuard_DisputePvP_Watch_PR_Rn
251129	23000	1	100	0	LDF5_LGuard_DisputePvP_Watch_PR_Re
251130	23000	1	100	0	LDF5_LGuard_DisputePvP_Watch_PR_Re
251131	23000	1	100	0	LDF5_LGuard_DisputePvP_Strike_PR_Ge
251132	23000	1	100	0	LDF5_LGuard_DisputePvP_Strike_PR_Ge
251151	23000	1	100	0	LDF5_LGuard_DisputePvP_Charge_PM_Fn
251152	23000	1	100	0	LDF5_LGuard_DisputePvP_Strike_MRArea_Wn
251153	23000	1	100	0	LDF5_LGuard_DisputePvP_Watch_PR_Rn
251154	23000	1	100	0	LDF5_LGuard_DisputePvP_Support_HBuff_Pe
251155	23000	1	100	0	LDF5_LGuard_DisputeRvR_Watch_PR_Re
251156	23000	1	100	0	LDF5_LGuard_DisputeRvR_Watch_PR_Re
251157	23000	1	100	0	LDF5_LGuard_DisputeRvR_Watch_PR_Re
251158	23000	1	100	0	LDF5_LGuard_DisputeRvR_Watch_PR_Re
251159	23000	1	100	0	LDF5_LGuard_DisputeRvR_Watch_PR_Re
251160	23000	1	100	0	AB1_DrGuard_Artifact_Killer
251160	30002	1000000	1000000	1	AB1_DrGuard_Artifact_Killer
251160	30003	-1	-1	0	AB1_DrGuard_Artifact_Killer
251179	23000	1	100	0	LDF5_LGuard_DisputePvP_Charge_PM_Fn
251180	23000	1	100	0	LDF5_LGuard_DisputePvP_Strike_MRArea_Wn
251181	23000	1	100	0	LDF5_LGuard_DisputePvP_Watch_PR_Rn
251182	23000	1	100	0	LDF5_LGuard_DisputePvP_Support_HBuff_Pe
251183	23000	1	100	0	LDF5_LGuard_DisputeRvR_Watch_PR_Re
251184	23000	1	100	0	LDF5_LGuard_DisputeRvR_Watch_PR_Re
251185	23000	1	100	0	LDF5_LGuard_DisputeRvR_Watch_PR_Re
251186	23000	1	100	0	LDF5_LGuard_DisputeRvR_Watch_PR_Re
251187	23000	1	100	0	LDF5_LGuard_DisputeRvR_Watch_PR_Re
251206	23000	1	100	0	LDF5_LGuard_DisputePvP_Charge_PM_Fn
251207	23000	1	100	0	LDF5_LGuard_DisputePvP_Strike_MRArea_Wn
251208	23000	1	100	0	LDF5_LGuard_DisputePvP_Watch_PR_Rn
251209	23000	1	100	0	LDF5_LGuard_DisputePvP_Support_HBuff_Pe
251210	23000	1	100	0	LDF5_LGuard_DisputeRvR_Watch_PR_Re
251211	23000	1	100	0	LDF5_LGuard_DisputeRvR_Watch_PR_Re
251212	23000	1	100	0	LDF5_LGuard_DisputeRvR_Watch_PR_Re
251213	23000	1	100	0	LDF5_LGuard_DisputeRvR_Watch_PR_Re
251214	23000	1	100	0	LDF5_LGuard_DisputeRvR_Watch_PR_Re
251233	23000	1	100	0	LDF5_LGuard_DisputePvP_Charge_PM_Fn
251234	23000	1	100	0	LDF5_LGuard_DisputePvP_Strike_MRArea_Wn
251235	23000	1	100	0	LDF5_LGuard_DisputePvP_Watch_PR_Rn
251236	23000	1	100	0	LDF5_LGuard_DisputePvP_Support_HBuff_Pe
251237	23000	1	100	0	LDF5_LGuard_DisputeRvR_Watch_PR_Re
251238	23000	1	100	0	LDF5_LGuard_DisputeRvR_Watch_PR_Re
251239	23000	1	100	0	LDF5_LGuard_DisputeRvR_Watch_PR_Re
251240	23000	1	100	0	LDF5_LGuard_DisputeRvR_Watch_PR_Re
251241	23000	1	100	0	LDF5_LGuard_DisputeRvR_Watch_PR_Re
251260	23000	1	100	0	LDF5_LGuard_DisputePvP_Charge_PM_Fn
251261	23000	1	100	0	LDF5_LGuard_DisputePvP_Strike_MRArea_Wn
251262	23000	1	100	0	LDF5_LGuard_DisputePvP_Watch_PR_Rn
251263	23000	1	100	0	LDF5_LGuard_DisputePvP_Support_HBuff_Pe
251264	23000	1	100	0	LDF5_LGuard_DisputeRvR_Watch_PR_Re
251265	23000	1	100	0	LDF5_LGuard_DisputeRvR_Watch_PR_Re
251266	23000	1	100	0	LDF5_LGuard_DisputeRvR_Watch_PR_Re
251267	23000	1	100	0	LDF5_LGuard_DisputeRvR_Watch_PR_Re
251268	23000	1	100	0	LDF5_LGuard_DisputeRvR_Watch_PR_Re
251287	23000	1	100	0	LDF5_LGuard_DisputePvP_Charge_PM_Fn
251288	23000	1	100	0	LDF5_LGuard_DisputePvP_Strike_MRArea_Wn
251289	23000	1	100	0	LDF5_LGuard_DisputePvP_Watch_PR_Rn
251290	23000	1	100	0	LDF5_LGuard_DisputePvP_Support_HBuff_Pe
251291	23000	1	100	0	LDF5_LGuard_DisputeRvR_Watch_PR_Re
251292	23000	1	100	0	LDF5_LGuard_DisputeRvR_Watch_PR_Re
251293	23000	1	100	0	LDF5_LGuard_DisputeRvR_Watch_PR_Re
251294	23000	1	100	0	LDF5_LGuard_DisputeRvR_Watch_PR_Re
251295	23000	1	100	0	LDF5_LGuard_DisputeRvR_Watch_PR_Re
251314	23000	1	100	0	LDF5_LGuard_DisputePvP_Charge_PM_Fn
251315	23000	1	100	0	LDF5_LGuard_DisputePvP_Strike_MRArea_Wn
251316	23000	1	100	0	LDF5_LGuard_DisputePvP_Watch_PR_Rn
251317	23000	1	100	0	LDF5_LGuard_DisputePvP_Support_HBuff_Pe
251318	23000	1	100	0	LDF5_LGuard_DisputeRvR_Watch_PR_Re
251319	23000	1	100	0	LDF5_LGuard_DisputeRvR_Watch_PR_Re
251320	23000	1	100	0	LDF5_LGuard_DisputeRvR_Watch_PR_Re
251321	23000	1	100	0	LDF5_LGuard_DisputeRvR_Watch_PR_Re
251322	23000	1	100	0	LDF5_LGuard_DisputeRvR_Watch_PR_Re
251323	23000	1	100	0	LDF5_LGuard_DisputePvP_Charge_PM_Fe
251324	23000	1	100	0	LDF5_LGuard_DisputePvP_Charge_PM_Fe
251325	23000	1	100	0	LDF5_LGuard_DisputePvP_Charge_PM_Fe
251326	23000	1	100	0	LDF5_LGuard_DisputePvP_Charge_PM_Fe
251327	23000	1	100	0	LDF5_LGuard_DisputePvP_Charge_PM_Fe
251328	23000	1	100	0	LDF5_LGuard_DisputeRvR_Charge_PM_Fe
251329	23000	1	100	0	LDF5_LGuard_DisputeRvR_Charge_PM_Fe
251330	23000	1	100	0	LDF5_LGuard_DisputeRvR_Charge_PM_Fe
251331	23000	1	100	0	LDF5_LGuard_DisputeRvR_Charge_PM_Fe
251332	23000	1	100	0	LDF5_LGuard_DisputeRvR_Charge_PM_Fe
251333	23000	1	100	0	LDF5_LGuard_DisputePvP_Hide_PM_Ae
251334	23000	1	100	0	LDF5_LGuard_DisputePvP_Hide_PM_Ae
251335	23000	1	100	0	LDF5_LGuard_DisputePvP_Hide_PM_Ae
251336	23000	1	100	0	LDF5_LGuard_DisputePvP_Hide_PM_Ae
251337	23000	1	100	0	LDF5_LGuard_DisputePvP_Hide_PM_Ae
251338	23000	1	100	0	LDF5_LGuard_DisputeRvR_Hide_PM_Ae
251339	23000	1	100	0	LDF5_LGuard_DisputeRvR_Hide_PM_Ae
251340	23000	1	100	0	LDF5_LGuard_DisputeRvR_Hide_PM_Ae
251341	23000	1	100	0	LDF5_LGuard_DisputeRvR_Hide_PM_Ae
251342	23000	1	100	0	LDF5_LGuard_DisputeRvR_Hide_PM_Ae
251343	23000	1	100	0	LDF5_LGuard_DisputePvP_Support_HBuff_Pe
251344	23000	1	100	0	LDF5_LGuard_DisputePvP_Support_HBuff_Pe
251345	23000	1	100	0	LDF5_LGuard_DisputePvP_Support_HBuff_Pe
251346	23000	1	100	0	LDF5_LGuard_DisputePvP_Support_HBuff_Pe
251347	23000	1	100	0	LDF5_LGuard_DisputePvP_Support_HBuff_Pe
251348	23000	1	100	0	LDF5_LGuard_DisputeRvR_Support_Heal_Pe
251349	23000	1	100	0	LDF5_LGuard_DisputeRvR_Support_Heal_Pe
251350	23000	1	100	0	LDF5_LGuard_DisputeRvR_Support_Heal_Pe
251351	23000	1	100	0	LDF5_LGuard_DisputeRvR_Support_Heal_Pe
251352	23000	1	100	0	LDF5_LGuard_DisputeRvR_Support_Heal_Pe
251353	23000	1	100	0	LDF5_LGuard_DisputePvP_Strike_MRArea_We
251354	23000	1	100	0	LDF5_LGuard_DisputePvP_Strike_MRArea_We
251355	23000	1	100	0	LDF5_LGuard_DisputePvP_Strike_MRArea_We
251356	23000	1	100	0	LDF5_LGuard_DisputePvP_Strike_MRArea_We
251357	23000	1	100	0	LDF5_LGuard_DisputePvP_Strike_MRArea_We
251358	23000	1	100	0	LDF5_LGuard_DisputeRvR_Support_Mez_We
251359	23000	1	100	0	LDF5_LGuard_DisputeRvR_Support_Mez_We
251360	23000	1	100	0	LDF5_LGuard_DisputeRvR_Support_Mez_We
251361	23000	1	100	0	LDF5_LGuard_DisputeRvR_Support_Mez_We
251362	23000	1	100	0	LDF5_LGuard_DisputeRvR_Support_Mez_We
251363	23000	1	100	0	LDF5_LGuard_DisputePvP_Watch_PR_Rn
251364	23000	1	100	0	LDF5_LGuard_DisputePvP_Watch_PR_Rn
251365	23000	1	100	0	LDF5_LGuard_DisputePvP_Watch_PR_Rn
251366	23000	1	100	0	LDF5_LGuard_DisputePvP_Watch_PR_Rn
251367	23000	1	100	0	LDF5_LGuard_DisputePvP_Watch_PR_Rn
251368	23000	1	100	0	LDF5_LGuard_DisputeRvR_Watch_PR_Re
251369	23000	1	100	0	LDF5_LGuard_DisputeRvR_Watch_PR_Re
251370	23000	1	100	0	LDF5_LGuard_DisputeRvR_Watch_PR_Re
251371	23000	1	100	0	LDF5_LGuard_DisputeRvR_Watch_PR_Re
251372	23000	1	100	0	LDF5_LGuard_DisputeRvR_Watch_PR_Re
251373	23000	1	100	0	LDF5_LGuard_DisputePvP_Strike_PR_Ge
251374	23000	1	100	0	LDF5_LGuard_DisputePvP_Strike_PR_Ge
251375	23000	1	100	0	LDF5_LGuard_DisputePvP_Strike_PR_Ge
251376	23000	1	100	0	LDF5_LGuard_DisputePvP_Strike_PR_Ge
251377	23000	1	100	0	LDF5_LGuard_DisputePvP_Strike_PR_Ge
251378	23000	1	100	0	LDF5_LGuard_DisputeRvR_Strike_PR_Ge
251379	23000	1	100	0	LDF5_LGuard_DisputeRvR_Strike_PR_Ge
251380	23000	1	100	0	LDF5_LGuard_DisputeRvR_Strike_PR_Ge
251381	23000	1	100	0	LDF5_LGuard_DisputeRvR_Strike_PR_Ge
251382	23000	1	100	0	LDF5_LGuard_DisputeRvR_Strike_PR_Ge
251389	23000	1	100	0	LDF5_LGuard_DisputePvP_Charge_PM_Fe
251390	23000	1	100	0	LDF5_LGuard_DisputePvP_Charge_PM_Fe
251391	23000	1	100	0	LDF5_LGuard_DisputePvP_Charge_PM_Fe
251392	23000	1	100	0	LDF5_LGuard_DisputePvP_Charge_PM_Fe
251393	23000	1	100	0	LDF5_LGuard_DisputePvP_Charge_PM_Fe
251394	23000	1	100	0	LDF5_LGuard_DisputeRvR_Charge_PM_Fe
251395	23000	1	100	0	LDF5_LGuard_DisputeRvR_Charge_PM_Fe
251396	23000	1	100	0	LDF5_LGuard_DisputeRvR_Charge_PM_Fe
251397	23000	1	100	0	LDF5_LGuard_DisputeRvR_Charge_PM_Fe
251398	23000	1	100	0	LDF5_LGuard_DisputeRvR_Charge_PM_Fe
251399	23000	1	100	0	LDF5_LGuard_DisputePvP_Hide_PM_Ae
251400	23000	1	100	0	LDF5_LGuard_DisputePvP_Hide_PM_Ae
251401	23000	1	100	0	LDF5_LGuard_DisputePvP_Hide_PM_Ae
251402	23000	1	100	0	LDF5_LGuard_DisputePvP_Hide_PM_Ae
251403	23000	1	100	0	LDF5_LGuard_DisputePvP_Hide_PM_Ae
251404	23000	1	100	0	LDF5_LGuard_DisputeRvR_Hide_PM_Ae
251405	23000	1	100	0	LDF5_LGuard_DisputeRvR_Hide_PM_Ae
251406	23000	1	100	0	LDF5_LGuard_DisputeRvR_Hide_PM_Ae
251407	23000	1	100	0	LDF5_LGuard_DisputeRvR_Hide_PM_Ae
251408	23000	1	100	0	LDF5_LGuard_DisputeRvR_Hide_PM_Ae
251409	23000	1	100	0	LDF5_LGuard_DisputePvP_Support_HBuff_Pe
251410	23000	1	100	0	LDF5_LGuard_DisputePvP_Support_HBuff_Pe
251411	23000	1	100	0	LDF5_LGuard_DisputePvP_Support_HBuff_Pe
251412	23000	1	100	0	LDF5_LGuard_DisputePvP_Support_HBuff_Pe
251413	23000	1	100	0	LDF5_LGuard_DisputePvP_Support_HBuff_Pe
251414	23000	1	100	0	LDF5_LGuard_DisputeRvR_Support_Heal_Pe
251415	23000	1	100	0	LDF5_LGuard_DisputeRvR_Support_Heal_Pe
251416	23000	1	100	0	LDF5_LGuard_DisputeRvR_Support_Heal_Pe
251417	23000	1	100	0	LDF5_LGuard_DisputeRvR_Support_Heal_Pe
251418	23000	1	100	0	LDF5_LGuard_DisputeRvR_Support_Heal_Pe
251419	23000	1	100	0	LDF5_LGuard_DisputePvP_Strike_MRArea_We
251420	23000	1	100	0	LDF5_LGuard_DisputePvP_Strike_MRArea_We
251421	23000	1	100	0	LDF5_LGuard_DisputePvP_Strike_MRArea_We
251422	23000	1	100	0	LDF5_LGuard_DisputePvP_Strike_MRArea_We
251423	23000	1	100	0	LDF5_LGuard_DisputePvP_Strike_MRArea_We
251424	23000	1	100	0	LDF5_LGuard_DisputeRvR_Support_Mez_We
251425	23000	1	100	0	LDF5_LGuard_DisputeRvR_Support_Mez_We
251426	23000	1	100	0	LDF5_LGuard_DisputeRvR_Support_Mez_We
251427	23000	1	100	0	LDF5_LGuard_DisputeRvR_Support_Mez_We
251428	23000	1	100	0	LDF5_LGuard_DisputeRvR_Support_Mez_We
251429	23000	1	100	0	LDF5_LGuard_DisputePvP_Watch_PR_Rn
251430	23000	1	100	0	LDF5_LGuard_DisputePvP_Watch_PR_Rn
251431	23000	1	100	0	LDF5_LGuard_DisputePvP_Watch_PR_Rn
251432	23000	1	100	0	LDF5_LGuard_DisputePvP_Watch_PR_Rn
251433	23000	1	100	0	LDF5_LGuard_DisputePvP_Watch_PR_Rn
251434	23000	1	100	0	LDF5_LGuard_DisputeRvR_Watch_PR_Re
251435	23000	1	100	0	LDF5_LGuard_DisputeRvR_Watch_PR_Re
251436	23000	1	100	0	LDF5_LGuard_DisputeRvR_Watch_PR_Re
251437	23000	1	100	0	LDF5_LGuard_DisputeRvR_Watch_PR_Re
251438	23000	1	100	0	LDF5_LGuard_DisputeRvR_Watch_PR_Re
251439	23000	1	100	0	LDF5_LGuard_DisputePvP_Strike_PR_Ge
251440	23000	1	100	0	LDF5_LGuard_DisputePvP_Strike_PR_Ge
251441	23000	1	100	0	LDF5_LGuard_DisputePvP_Strike_PR_Ge
251442	23000	1	100	0	LDF5_LGuard_DisputePvP_Strike_PR_Ge
251443	23000	1	100	0	LDF5_LGuard_DisputePvP_Strike_PR_Ge
251444	23000	1	100	0	LDF5_LGuard_DisputeRvR_Strike_PR_Ge
251445	23000	1	100	0	LDF5_LGuard_DisputeRvR_Strike_PR_Ge
251446	23000	1	100	0	LDF5_LGuard_DisputeRvR_Strike_PR_Ge
251447	23000	1	100	0	LDF5_LGuard_DisputeRvR_Strike_PR_Ge
251448	23000	1	100	0	LDF5_LGuard_DisputeRvR_Strike_PR_Ge
251450	23100	1	100	0	AB1_DrGuard_Artifact
251450	30001	1000000	1000000	1	AB1_DrGuard_Artifact
251451	23100	1	100	0	AB1_DrGuard_Artifact
251451	30001	1000000	1000000	1	AB1_DrGuard_Artifact
251452	23100	1	100	0	AB1_DrGuard_Artifact
251452	30001	1000000	1000000	1	AB1_DrGuard_Artifact
251453	23100	1	100	0	AB1_DrGuard_Artifact
251453	30001	1000000	1000000	1	AB1_DrGuard_Artifact
251454	23100	1	100	0	AB1_DrGuard_Artifact
251454	30001	1000000	1000000	1	AB1_DrGuard_Artifact
251455	23000	1	100	0	LDF5_LGuard_DisputePvP_Charge_PM_Fe
251456	23000	1	100	0	LDF5_LGuard_DisputePvP_Watch_PR_Re
251457	23000	1	100	0	LDF5_LGuard_DisputePvP_Strike_MRArea_We
251458	23000	1	100	0	LDF5_LGuard_DisputePvP_Charge_PM_Fn
251459	23000	1	100	0	LDF5_LGuard_DisputePvP_Watch_PR_Rn
251460	23000	1	100	0	LDF5_LGuard_DisputePvP_Support_HBuff_Pn
251461	23000	1	100	0	LDF5_LGuard_DisputePvP_Strike_MRArea_Wn
251462	23000	1	100	0	LDF5_LGuard_DisputePvP_Charge_PM_Fe
251463	23000	1	100	0	AB1_DrGuard_Artifact_Killer
251463	30002	1000000	1000000	1	AB1_DrGuard_Artifact_Killer
251463	30003	-1	-1	0	AB1_DrGuard_Artifact_Killer
251464	23000	1	100	0	LDF5_LGuard_DisputePvP_Charge_PM_Fn
251465	23000	1	100	0	LDF5_LGuard_DisputePvP_Watch_PR_Re
251466	23000	1	100	0	LDF5_LGuard_DisputePvP_Strike_MRArea_We
251467	23100	1	100	0	AB1_LDGuard_Artifact
251467	30001	1000000	1000000	1	AB1_LDGuard_Artifact
251468	23100	1	100	0	AB1_LDGuard_Artifact
251468	30001	1000000	1000000	1	AB1_LDGuard_Artifact
251469	23100	1	100	0	AB1_LDGuard_Artifact
251469	30001	1000000	1000000	1	AB1_LDGuard_Artifact
251470	23100	1	100	0	AB1_LDGuard_Artifact
251470	30001	1000000	1000000	1	AB1_LDGuard_Artifact
251471	23100	1	100	0	AB1_LDGuard_Artifact
251471	30001	1000000	1000000	1	AB1_LDGuard_Artifact
251480	23100	1	100	0	AB1_LDGuard_Artifact
251480	30001	1000000	1000000	1	AB1_LDGuard_Artifact
251481	23100	1	100	0	AB1_LDGuard_Artifact
251481	30001	1000000	1000000	1	AB1_LDGuard_Artifact
251482	23100	1	100	0	AB1_LDGuard_Artifact
251482	30001	1000000	1000000	1	AB1_LDGuard_Artifact
251483	23100	1	100	0	AB1_LDGuard_Artifact
251483	30001	1000000	1000000	1	AB1_LDGuard_Artifact
251484	23100	1	100	0	AB1_LDGuard_Artifact
251484	30001	1000000	1000000	1	AB1_LDGuard_Artifact
251493	23100	1	100	0	AB1_DrGuard_Artifact
251493	30001	1000000	1000000	1	AB1_DrGuard_Artifact
251494	23100	1	100	0	AB1_DrGuard_Artifact
251494	30001	1000000	1000000	1	AB1_DrGuard_Artifact
251495	23100	1	100	0	AB1_DrGuard_Artifact
251495	30001	1000000	1000000	1	AB1_DrGuard_Artifact
251496	23100	1	100	0	AB1_DrGuard_Artifact
251496	30001	1000000	1000000	1	AB1_DrGuard_Artifact
251497	23100	1	100	0	AB1_DrGuard_Artifact
251497	30001	1000000	1000000	1	AB1_DrGuard_Artifact
251498	23000	1	100	0	LDF5_LGuard_DisputePvP_Charge_PM_Fe
251499	23000	1	100	0	LDF5_LGuard_DisputePvP_Watch_PR_Re
251500	23000	1	100	0	LDF5_LGuard_DisputePvP_Strike_MRArea_We
251501	23000	1	100	0	LDF5_LGuard_DisputePvP_Charge_PM_Fn
251502	23000	1	100	0	LDF5_LGuard_DisputePvP_Watch_PR_Rn
251503	23000	1	100	0	LDF5_LGuard_DisputePvP_Support_HBuff_Pn
251504	23000	1	100	0	LDF5_LGuard_DisputePvP_Strike_MRArea_Wn
251505	23000	1	100	0	LDF5_LGuard_DisputePvP_Charge_PM_Fe
251506	23000	1	100	0	AB1_DrGuard_Artifact_Killer
251506	30002	1000000	1000000	1	AB1_DrGuard_Artifact_Killer
251506	30003	-1	-1	0	AB1_DrGuard_Artifact_Killer
251507	23000	1	100	0	LDF5_LGuard_DisputePvP_Charge_PM_Fn
251508	23000	1	100	0	LDF5_LGuard_DisputePvP_Watch_PR_Re
251509	23000	1	100	0	LDF5_LGuard_DisputePvP_Strike_MRArea_We
251510	23100	1	100	0	AB1_LDGuard_Artifact
251510	30001	1000000	1000000	1	AB1_LDGuard_Artifact
251511	23100	1	100	0	AB1_LDGuard_Artifact
251511	30001	1000000	1000000	1	AB1_LDGuard_Artifact
251512	23100	1	100	0	AB1_LDGuard_Artifact
251512	30001	1000000	1000000	1	AB1_LDGuard_Artifact
251513	23100	1	100	0	AB1_LDGuard_Artifact
251513	30001	1000000	1000000	1	AB1_LDGuard_Artifact
251514	23100	1	100	0	AB1_LDGuard_Artifact
251514	30001	1000000	1000000	1	AB1_LDGuard_Artifact
251523	23100	1	100	0	AB1_LDGuard_Artifact
251523	30001	1000000	1000000	1	AB1_LDGuard_Artifact
251524	23100	1	100	0	AB1_LDGuard_Artifact
251524	30001	1000000	1000000	1	AB1_LDGuard_Artifact
251525	23100	1	100	0	AB1_LDGuard_Artifact
251525	30001	1000000	1000000	1	AB1_LDGuard_Artifact
251526	23100	1	100	0	AB1_LDGuard_Artifact
251526	30001	1000000	1000000	1	AB1_LDGuard_Artifact
251527	23100	1	100	0	AB1_LDGuard_Artifact
251527	30001	1000000	1000000	1	AB1_LDGuard_Artifact
251536	23100	1	100	0	AB1_DrGuard_Artifact
251536	30001	1000000	1000000	1	AB1_DrGuard_Artifact
251537	23100	1	100	0	AB1_DrGuard_Artifact
251537	30001	1000000	1000000	1	AB1_DrGuard_Artifact
251538	23100	1	100	0	AB1_DrGuard_Artifact
251538	30001	1000000	1000000	1	AB1_DrGuard_Artifact
251539	23100	1	100	0	AB1_DrGuard_Artifact
251539	30001	1000000	1000000	1	AB1_DrGuard_Artifact
251540	23100	1	100	0	AB1_DrGuard_Artifact
251540	30001	1000000	1000000	1	AB1_DrGuard_Artifact
251541	23000	1	100	0	LDF5_LGuard_DisputePvP_Charge_PM_Fe
251542	23000	1	100	0	LDF5_LGuard_DisputePvP_Watch_PR_Re
251543	23000	1	100	0	LDF5_LGuard_DisputePvP_Strike_MRArea_We
251544	23000	1	100	0	LDF5_LGuard_DisputePvP_Charge_PM_Fn
251545	23000	1	100	0	LDF5_LGuard_DisputePvP_Watch_PR_Rn
251546	23000	1	100	0	LDF5_LGuard_DisputePvP_Support_HBuff_Pn
251547	23000	1	100	0	LDF5_LGuard_DisputePvP_Strike_MRArea_Wn
251548	23000	1	100	0	LDF5_LGuard_DisputePvP_Charge_PM_Fe
251549	23000	1	100	0	AB1_DrGuard_Artifact_Killer
251549	30002	1000000	1000000	1	AB1_DrGuard_Artifact_Killer
251549	30003	-1	-1	0	AB1_DrGuard_Artifact_Killer
251550	23000	1	100	0	LDF5_LGuard_DisputePvP_Charge_PM_Fn
251551	23000	1	100	0	LDF5_LGuard_DisputePvP_Watch_PR_Re
251552	23000	1	100	0	LDF5_LGuard_DisputePvP_Strike_MRArea_We
251553	23100	1	100	0	AB1_LDGuard_Artifact
251553	30001	1000000	1000000	1	AB1_LDGuard_Artifact
251554	23100	1	100	0	AB1_LDGuard_Artifact
251554	30001	1000000	1000000	1	AB1_LDGuard_Artifact
251555	23100	1	100	0	AB1_LDGuard_Artifact
251555	30001	1000000	1000000	1	AB1_LDGuard_Artifact
251556	23100	1	100	0	AB1_LDGuard_Artifact
251556	30001	1000000	1000000	1	AB1_LDGuard_Artifact
251557	23100	1	100	0	AB1_LDGuard_Artifact
251557	30001	1000000	1000000	1	AB1_LDGuard_Artifact
251566	23100	1	100	0	AB1_LDGuard_Artifact
251566	30001	1000000	1000000	1	AB1_LDGuard_Artifact
251567	23100	1	100	0	AB1_LDGuard_Artifact
251567	30001	1000000	1000000	1	AB1_LDGuard_Artifact
251568	23100	1	100	0	AB1_LDGuard_Artifact
251568	30001	1000000	1000000	1	AB1_LDGuard_Artifact
251569	23100	1	100	0	AB1_LDGuard_Artifact
251569	30001	1000000	1000000	1	AB1_LDGuard_Artifact
251570	23100	1	100	0	AB1_LDGuard_Artifact
251570	30001	1000000	1000000	1	AB1_LDGuard_Artifact
251785	23000	1	100	0	LDF5_LGuard_DisputePvP_Hide_PM_Ae
251786	23000	1	100	0	LDF5_LGuard_DisputePvP_Hide_PM_Ae
251787	23000	1	100	0	LDF5_LGuard_DisputePvP_Hide_PM_Ae
251788	23100	1	100	0	F5_PvPLight_LGuard_Kn_An
251794	23200	1	100	0	F5_PvPLight_DGuard_Kn_An
251800	23000	1	100	0	LDF5_LGuard_DisputePvP_Defend_PM_Kn
251801	23000	1	100	0	LDF5_LGuard_DisputePvP_Charge_PM_Fn
251802	23000	1	100	0	LDF5_LGuard_DisputePvP_Watch_PR_Rn
251803	23000	1	100	0	LDF5_LGuard_DisputePvP_Strike_MRArea_Wn
251804	23000	1	100	0	LDF5_LGuard_DisputePvP_Support_HBuff_Pn
251805	23000	1	100	0	LDF5_LGuard_DisputePvP_Hide_PM_Ae
251806	23000	1	100	0	LDF5_LGuard_DisputeRvR_Defend_PM_Ke
251807	23000	1	100	0	LDF5_LGuard_DisputeRvR_Charge_PM_Fe
251808	23000	1	100	0	LDF5_LGuard_DisputeRvR_Hide_PM_Ae
251809	23000	1	100	0	LDF5_LGuard_DisputeRvR_Watch_PR_Re
251810	23000	1	100	0	LDF5_LGuard_DisputeRvR_Support_Heal_Pe
251811	23000	1	100	0	LDF5_LGuard_DisputeRvR_Support_Mez_We
251821	23000	1	100	0	AB1_DrGuard_Artifact_Killer
251821	30002	1000000	1000000	1	AB1_DrGuard_Artifact_Killer
251821	30003	-1	-1	0	AB1_DrGuard_Artifact_Killer
251822	23100	1	100	0	AB1_LDGuard_Artifact
251822	30001	1000000	1000000	1	AB1_LDGuard_Artifact
251823	23100	1	100	0	AB1_LDGuard_Artifact
251823	30001	1000000	1000000	1	AB1_LDGuard_Artifact
251824	23100	1	100	0	AB1_DrGuard_Artifact
251824	30001	1000000	1000000	1	AB1_DrGuard_Artifact
251840	23100	1	100	0	F5_RvR_LGuard_Kn_Ae
251841	23100	1	100	0	F5_RvR_LGuard_Kn_Ae
251842	23100	1	100	0	F5_RvR_LGuard_Kn_Ae
251843	23100	1	100	0	F5_RvR_LGuard_Kn_Ae
251844	23100	1	100	0	F5_RvR_LGuard_Kn_Ae
251880	23100	1	100	0	F5_RvR_LGuard_Kn_Ae
251881	23100	1	100	0	F5_RvR_LGuard_Kn_Ae
251882	23100	1	100	0	F5_RvR_LGuard_Kn_Ae
251883	23100	1	100	0	F5_RvR_LGuard_Kn_Ae
251884	23100	1	100	0	F5_RvR_LGuard_Kn_Ae
251920	23200	1	100	0	F5_RvR_DGuard_Kn_Ae
251921	23200	1	100	0	F5_RvR_DGuard_Kn_Ae
251922	23200	1	100	0	F5_RvR_DGuard_Kn_Ae
251923	23200	1	100	0	F5_RvR_DGuard_Kn_Ae
251924	23200	1	100	0	F5_RvR_DGuard_Kn_Ae
251960	23200	1	100	0	F5_RvR_DGuard_Kn_Ae
251961	23200	1	100	0	F5_RvR_DGuard_Kn_Ae
251962	23200	1	100	0	F5_RvR_DGuard_Kn_Ae
251963	23200	1	100	0	F5_RvR_DGuard_Kn_Ae
251964	23200	1	100	0	F5_RvR_DGuard_Kn_Ae
252000	23000	1	100	0	LDF5_LGuard_DisputeRvR_Defend_PM_Ke
252001	23000	1	100	0	LDF5_LGuard_DisputeRvR_Defend_PM_Ke
252002	23000	1	100	0	LDF5_LGuard_DisputeRvR_Defend_PM_Ke
252003	23000	1	100	0	LDF5_LGuard_DisputeRvR_Defend_PM_Ke
252004	23000	1	100	0	LDF5_LGuard_DisputeRvR_Defend_PM_Ke
252005	23000	1	100	0	LDF5_LGuard_DisputeRvR_Charge_PM_Fe
252006	23000	1	100	0	LDF5_LGuard_DisputeRvR_Charge_PM_Fe
252007	23000	1	100	0	LDF5_LGuard_DisputeRvR_Charge_PM_Fe
252008	23000	1	100	0	LDF5_LGuard_DisputeRvR_Charge_PM_Fe
252009	23000	1	100	0	LDF5_LGuard_DisputeRvR_Charge_PM_Fe
252010	23000	1	100	0	LDF5_DisputeRvR_Watch_NoBroad_Ra
252011	23000	1	100	0	LDF5_DisputeRvR_Watch_NoBroad_Ra
252012	23000	1	100	0	LDF5_DisputeRvR_Watch_NoBroad_Ra
252013	23000	1	100	0	LDF5_DisputeRvR_Watch_NoBroad_Ra
252014	23000	1	100	0	LDF5_DisputeRvR_Watch_NoBroad_Ra
252015	23000	1	100	0	LDF5_DisputeRvR_Watch_NoBroad_Ra
252016	23000	1	100	0	LDF5_DisputeRvR_Watch_NoBroad_Ra
252017	23000	1	100	0	LDF5_DisputeRvR_Watch_NoBroad_Ra
252018	23000	1	100	0	LDF5_DisputeRvR_Watch_NoBroad_Ra
252019	23000	1	100	0	LDF5_DisputeRvR_Watch_NoBroad_Ra
252020	23000	1	100	0	LDF5_LGuard_DisputeRvR_Strike_PR_Ge
252021	23000	1	100	0	LDF5_LGuard_DisputeRvR_Strike_PR_Ge
252022	23000	1	100	0	LDF5_LGuard_DisputeRvR_Strike_PR_Ge
252023	23000	1	100	0	LDF5_LGuard_DisputeRvR_Strike_PR_Ge
252024	23000	1	100	0	LDF5_LGuard_DisputeRvR_Strike_PR_Ge
252025	23000	1	100	0	LDF5_LGuard_DisputeRvR_Support_Heal_Pe
252026	23000	1	100	0	LDF5_LGuard_DisputeRvR_Support_Heal_Pe
252027	23000	1	100	0	LDF5_LGuard_DisputeRvR_Support_Heal_Pe
252028	23000	1	100	0	LDF5_LGuard_DisputeRvR_Support_Heal_Pe
252029	23000	1	100	0	LDF5_LGuard_DisputeRvR_Support_Heal_Pe
252030	23000	1	100	0	LDF5_LGuard_DisputeRvR_Support_Mez_We
252031	23000	1	100	0	LDF5_LGuard_DisputeRvR_Support_Mez_We
252032	23000	1	100	0	LDF5_LGuard_DisputeRvR_Support_Mez_We
252033	23000	1	100	0	LDF5_LGuard_DisputeRvR_Support_Mez_We
252034	23000	1	100	0	LDF5_LGuard_DisputeRvR_Support_Mez_We
252035	23000	1	100	0	LDF5_LGuard_DisputeRvR_Support_Deform_Ee
252036	23000	1	100	0	LDF5_LGuard_DisputeRvR_Support_Deform_Ee
252037	23000	1	100	0	LDF5_LGuard_DisputeRvR_Support_Deform_Ee
252038	23000	1	100	0	LDF5_LGuard_DisputeRvR_Support_Deform_Ee
252039	23000	1	100	0	LDF5_LGuard_DisputeRvR_Support_Deform_Ee
252040	23000	1	100	0	LDF5_LGuard_DisputeRvR_Defend_PM_Ke
252041	23000	1	100	0	LDF5_LGuard_DisputeRvR_Defend_PM_Ke
252042	23000	1	100	0	LDF5_LGuard_DisputeRvR_Defend_PM_Ke
252043	23000	1	100	0	LDF5_LGuard_DisputeRvR_Defend_PM_Ke
252044	23000	1	100	0	LDF5_LGuard_DisputeRvR_Defend_PM_Ke
252045	23000	1	100	0	LDF5_LGuard_DisputeRvR_Charge_PM_Fe
252046	23000	1	100	0	LDF5_LGuard_DisputeRvR_Charge_PM_Fe
252047	23000	1	100	0	LDF5_LGuard_DisputeRvR_Charge_PM_Fe
252048	23000	1	100	0	LDF5_LGuard_DisputeRvR_Charge_PM_Fe
252049	23000	1	100	0	LDF5_LGuard_DisputeRvR_Charge_PM_Fe
252050	23000	1	100	0	LDF5_DisputeRvR_Watch_NoBroad_Ra
252051	23000	1	100	0	LDF5_DisputeRvR_Watch_NoBroad_Ra
252052	23000	1	100	0	LDF5_DisputeRvR_Watch_NoBroad_Ra
252053	23000	1	100	0	LDF5_DisputeRvR_Watch_NoBroad_Ra
252054	23000	1	100	0	LDF5_DisputeRvR_Watch_NoBroad_Ra
252055	23000	1	100	0	LDF5_DisputeRvR_Watch_NoBroad_Ra
252056	23000	1	100	0	LDF5_DisputeRvR_Watch_NoBroad_Ra
252057	23000	1	100	0	LDF5_DisputeRvR_Watch_NoBroad_Ra
252058	23000	1	100	0	LDF5_DisputeRvR_Watch_NoBroad_Ra
252059	23000	1	100	0	LDF5_DisputeRvR_Watch_NoBroad_Ra
252060	23000	1	100	0	LDF5_LGuard_DisputeRvR_Strike_PR_Ge
252061	23000	1	100	0	LDF5_LGuard_DisputeRvR_Strike_PR_Ge
252062	23000	1	100	0	LDF5_LGuard_DisputeRvR_Strike_PR_Ge
252063	23000	1	100	0	LDF5_LGuard_DisputeRvR_Strike_PR_Ge
252064	23000	1	100	0	LDF5_LGuard_DisputeRvR_Strike_PR_Ge
252065	23000	1	100	0	LDF5_LGuard_DisputeRvR_Support_Heal_Pe
252066	23000	1	100	0	LDF5_LGuard_DisputeRvR_Support_Heal_Pe
252067	23000	1	100	0	LDF5_LGuard_DisputeRvR_Support_Heal_Pe
252068	23000	1	100	0	LDF5_LGuard_DisputeRvR_Support_Heal_Pe
252069	23000	1	100	0	LDF5_LGuard_DisputeRvR_Support_Heal_Pe
252070	23000	1	100	0	LDF5_LGuard_DisputeRvR_Support_Mez_We
252071	23000	1	100	0	LDF5_LGuard_DisputeRvR_Support_Mez_We
252072	23000	1	100	0	LDF5_LGuard_DisputeRvR_Support_Mez_We
252073	23000	1	100	0	LDF5_LGuard_DisputeRvR_Support_Mez_We
252074	23000	1	100	0	LDF5_LGuard_DisputeRvR_Support_Mez_We
252075	23000	1	100	0	LDF5_LGuard_DisputeRvR_Support_Deform_Ee
252076	23000	1	100	0	LDF5_LGuard_DisputeRvR_Support_Deform_Ee
252077	23000	1	100	0	LDF5_LGuard_DisputeRvR_Support_Deform_Ee
252078	23000	1	100	0	LDF5_LGuard_DisputeRvR_Support_Deform_Ee
252079	23000	1	100	0	LDF5_LGuard_DisputeRvR_Support_Deform_Ee
252080	23000	1	100	0	LDF5_LGuard_DisputeRvR_Strike_PR_Ge
252081	23000	1	100	0	LDF5_LGuard_DisputeRvR_Strike_PR_Ge
252082	23000	1	100	0	LDF5_LGuard_DisputeRvR_Strike_PR_Ge
252083	23000	1	100	0	LDF5_LGuard_DisputeRvR_Strike_PR_Ge
252084	23000	1	100	0	LDF5_LGuard_DisputeRvR_Strike_PR_Ge
252085	23000	1	100	0	LDF5_LGuard_DisputeRvR_Strike_PR_Ge
252086	23000	1	100	0	LDF5_LGuard_DisputeRvR_Strike_PR_Ge
252087	23000	1	100	0	LDF5_LGuard_DisputeRvR_Strike_PR_Ge
252088	23000	1	100	0	LDF5_LGuard_DisputeRvR_Strike_PR_Ge
252089	23000	1	100	0	LDF5_LGuard_DisputeRvR_Strike_PR_Ge
252118	23000	1	100	0	LDF5_LGuard_DisputeRvR_Charge_PM_Fe
252119	23000	1	100	0	LDF5_LGuard_DisputeRvR_Charge_PM_Fe
252120	23000	1	100	0	LDF5_LGuard_DisputeRvR_Charge_PM_Fe
252121	23000	1	100	0	LDF5_LGuard_DisputeRvR_Charge_PM_Fe
252122	23000	1	100	0	LDF5_LGuard_DisputeRvR_Charge_PM_Fe
252123	23000	1	100	0	LDF5_LGuard_DisputeRvR_Support_Heal_Pe
252124	23000	1	100	0	LDF5_LGuard_DisputeRvR_Support_Heal_Pe
252125	23000	1	100	0	LDF5_LGuard_DisputeRvR_Support_Heal_Pe
252126	23000	1	100	0	LDF5_LGuard_DisputeRvR_Support_Heal_Pe
252127	23000	1	100	0	LDF5_LGuard_DisputeRvR_Support_Heal_Pe
252128	23000	1	100	0	LDF5_LGuard_DisputeRvR_Support_Mez_We
252129	23000	1	100	0	LDF5_LGuard_DisputeRvR_Support_Mez_We
252130	23000	1	100	0	LDF5_LGuard_DisputeRvR_Support_Mez_We
252131	23000	1	100	0	LDF5_LGuard_DisputeRvR_Support_Mez_We
252132	23000	1	100	0	LDF5_LGuard_DisputeRvR_Support_Mez_We
252178	23100	1	100	0	LDF5_Fortress_LDGuard_Artifact
252178	30001	1000000	1000000	1	LDF5_Fortress_LDGuard_Artifact
252179	23100	1	100	0	LDF5_Fortress_LDGuard_Artifact
252179	30001	1000000	1000000	1	LDF5_Fortress_LDGuard_Artifact
252180	23100	1	100	0	LDF5_Fortress_LDGuard_Artifact
252180	30001	1000000	1000000	1	LDF5_Fortress_LDGuard_Artifact
252181	23100	1	100	0	LDF5_Fortress_LDGuard_Artifact
252181	30001	1000000	1000000	1	LDF5_Fortress_LDGuard_Artifact
252182	23100	1	100	0	LDF5_Fortress_LDGuard_Artifact
252182	30001	1000000	1000000	1	LDF5_Fortress_LDGuard_Artifact
252183	23100	1	100	0	LDF5_Fortress_LDGuard_Artifact
252183	30001	1000000	1000000	1	LDF5_Fortress_LDGuard_Artifact
252184	23100	1	100	0	LDF5_Fortress_LDGuard_Artifact
252184	30001	1000000	1000000	1	LDF5_Fortress_LDGuard_Artifact
252185	23100	1	100	0	LDF5_Fortress_LDGuard_Artifact
252185	30001	1000000	1000000	1	LDF5_Fortress_LDGuard_Artifact
252186	23100	1	100	0	LDF5_Fortress_LDGuard_Artifact
252186	30001	1000000	1000000	1	LDF5_Fortress_LDGuard_Artifact
252187	23100	1	100	0	LDF5_Fortress_LDGuard_Artifact
252187	30001	1000000	1000000	1	LDF5_Fortress_LDGuard_Artifact
252188	23100	1	100	0	LDF5_Fortress_DrGuard_Artifact
252188	30001	1000000	1000000	1	LDF5_Fortress_DrGuard_Artifact
252189	23100	1	100	0	LDF5_Fortress_DrGuard_Artifact
252189	30001	1000000	1000000	1	LDF5_Fortress_DrGuard_Artifact
252190	23100	1	100	0	LDF5_Fortress_DrGuard_Artifact
252190	30001	1000000	1000000	1	LDF5_Fortress_DrGuard_Artifact
252191	23100	1	100	0	LDF5_Fortress_DrGuard_Artifact
252191	30001	1000000	1000000	1	LDF5_Fortress_DrGuard_Artifact
252192	23100	1	100	0	LDF5_Fortress_DrGuard_Artifact
252192	30001	1000000	1000000	1	LDF5_Fortress_DrGuard_Artifact
252193	23100	1	100	0	LDF5_Fortress_LDGuard_Artifact
252193	30001	1000000	1000000	1	LDF5_Fortress_LDGuard_Artifact
252194	23100	1	100	0	LDF5_Fortress_LDGuard_Artifact
252194	30001	1000000	1000000	1	LDF5_Fortress_LDGuard_Artifact
252195	23100	1	100	0	LDF5_Fortress_LDGuard_Artifact
252195	30001	1000000	1000000	1	LDF5_Fortress_LDGuard_Artifact
252196	23100	1	100	0	LDF5_Fortress_LDGuard_Artifact
252196	30001	1000000	1000000	1	LDF5_Fortress_LDGuard_Artifact
252197	23100	1	100	0	LDF5_Fortress_LDGuard_Artifact
252197	30001	1000000	1000000	1	LDF5_Fortress_LDGuard_Artifact
252198	23100	1	100	0	LDF5_Fortress_LDGuard_Artifact
252198	30001	1000000	1000000	1	LDF5_Fortress_LDGuard_Artifact
252199	23100	1	100	0	LDF5_Fortress_LDGuard_Artifact
252199	30001	1000000	1000000	1	LDF5_Fortress_LDGuard_Artifact
252200	23100	1	100	0	LDF5_Fortress_LDGuard_Artifact
252200	30001	1000000	1000000	1	LDF5_Fortress_LDGuard_Artifact
252201	23100	1	100	0	LDF5_Fortress_LDGuard_Artifact
252201	30001	1000000	1000000	1	LDF5_Fortress_LDGuard_Artifact
252202	23100	1	100	0	LDF5_Fortress_LDGuard_Artifact
252202	30001	1000000	1000000	1	LDF5_Fortress_LDGuard_Artifact
252203	23100	1	100	0	LDF5_Fortress_DrGuard_Artifact
252203	30001	1000000	1000000	1	LDF5_Fortress_DrGuard_Artifact
252204	23100	1	100	0	LDF5_Fortress_DrGuard_Artifact
252204	30001	1000000	1000000	1	LDF5_Fortress_DrGuard_Artifact
252205	23100	1	100	0	LDF5_Fortress_DrGuard_Artifact
252205	30001	1000000	1000000	1	LDF5_Fortress_DrGuard_Artifact
252206	23100	1	100	0	LDF5_Fortress_DrGuard_Artifact
252206	30001	1000000	1000000	1	LDF5_Fortress_DrGuard_Artifact
252207	23100	1	100	0	LDF5_Fortress_DrGuard_Artifact
252207	30001	1000000	1000000	1	LDF5_Fortress_DrGuard_Artifact
252208	23100	1	100	0	LDF5_Fortress_LDGuard_Artifact
252208	30001	1000000	1000000	1	LDF5_Fortress_LDGuard_Artifact
252209	23100	1	100	0	LDF5_Fortress_LDGuard_Artifact
252209	30001	1000000	1000000	1	LDF5_Fortress_LDGuard_Artifact
252210	23100	1	100	0	LDF5_Fortress_LDGuard_Artifact
252210	30001	1000000	1000000	1	LDF5_Fortress_LDGuard_Artifact
252211	23100	1	100	0	LDF5_Fortress_LDGuard_Artifact
252211	30001	1000000	1000000	1	LDF5_Fortress_LDGuard_Artifact
252212	23100	1	100	0	LDF5_Fortress_LDGuard_Artifact
252212	30001	1000000	1000000	1	LDF5_Fortress_LDGuard_Artifact
252213	23100	1	100	0	LDF5_Fortress_LDGuard_Artifact
252213	30001	1000000	1000000	1	LDF5_Fortress_LDGuard_Artifact
252214	23100	1	100	0	LDF5_Fortress_LDGuard_Artifact
252214	30001	1000000	1000000	1	LDF5_Fortress_LDGuard_Artifact
252215	23100	1	100	0	LDF5_Fortress_LDGuard_Artifact
252215	30001	1000000	1000000	1	LDF5_Fortress_LDGuard_Artifact
252216	23100	1	100	0	LDF5_Fortress_LDGuard_Artifact
252216	30001	1000000	1000000	1	LDF5_Fortress_LDGuard_Artifact
252217	23100	1	100	0	LDF5_Fortress_LDGuard_Artifact
252217	30001	1000000	1000000	1	LDF5_Fortress_LDGuard_Artifact
252218	23100	1	100	0	LDF5_Fortress_DrGuard_Artifact
252218	30001	1000000	1000000	1	LDF5_Fortress_DrGuard_Artifact
252219	23100	1	100	0	LDF5_Fortress_DrGuard_Artifact
252219	30001	1000000	1000000	1	LDF5_Fortress_DrGuard_Artifact
252220	23100	1	100	0	LDF5_Fortress_DrGuard_Artifact
252220	30001	1000000	1000000	1	LDF5_Fortress_DrGuard_Artifact
252221	23100	1	100	0	LDF5_Fortress_DrGuard_Artifact
252221	30001	1000000	1000000	1	LDF5_Fortress_DrGuard_Artifact
252222	23100	1	100	0	LDF5_Fortress_DrGuard_Artifact
252222	30001	1000000	1000000	1	LDF5_Fortress_DrGuard_Artifact
252223	23100	1	100	0	F5_RvR_LGuard_Kn_Ae
252227	23200	1	100	0	F5_RvR_DGuard_Kn_Ae
252231	23000	1	100	0	LDF5_LGuard_DisputeRvR_Defend_PM_Ke
252232	23000	1	100	0	LDF5_DisputeRvR_Watch_NoBroad_Ra
252233	23000	1	100	0	LDF5_LGuard_DisputeRvR_Support_Heal_Pe
252234	23000	1	100	0	LDF5_LGuard_DisputeRvR_Support_Mez_We
252235	23100	1	100	0	F5_RvR_LGuard_Kn_Ae
252239	23200	1	100	0	F5_RvR_DGuard_Kn_Ae
252243	23000	1	100	0	LDF5_LGuard_DisputeRvR_Charge_PM_Fe
252244	23000	1	100	0	LDF5_DisputeRvR_Watch_NoBroad_Ra
252245	23000	1	100	0	LDF5_LGuard_DisputeRvR_Support_Heal_Pe
252246	23000	1	100	0	LDF5_LGuard_DisputeRvR_Support_Mez_We
252247	23100	1	100	0	F5_RvR_LGuard_Kn_Ae
252251	23200	1	100	0	F5_RvR_DGuard_Kn_Ae
252255	23000	1	100	0	LDF5_LGuard_DisputeRvR_Charge_PM_Fe
252256	23000	1	100	0	LDF5_DisputeRvR_Watch_NoBroad_Ra
252257	23000	1	100	0	LDF5_LGuard_DisputeRvR_Support_Heal_Pe
252258	23000	1	100	0	LDF5_LGuard_DisputeRvR_Support_Mez_We
252269	23000	1	100	0	LDF5_LGuard_DisputeRvR_Charge_PM_Fe
252270	23000	1	100	0	LDF5_LGuard_DisputeRvR_Charge_PM_Fe
252271	23000	1	100	0	LDF5_LGuard_DisputeRvR_Charge_PM_Fe
252272	23000	1	100	0	LDF5_LGuard_DisputeRvR_Charge_PM_Fe
252273	23000	1	100	0	LDF5_LGuard_DisputeRvR_Charge_PM_Fe
252284	23000	1	100	0	LDF5_LGuard_DisputeRvR_Charge_PM_Fe
252285	23000	1	100	0	LDF5_LGuard_DisputeRvR_Charge_PM_Fe
252286	23000	1	100	0	LDF5_LGuard_DisputeRvR_Charge_PM_Fe
252287	23000	1	100	0	LDF5_LGuard_DisputeRvR_Charge_PM_Fe
252288	23000	1	100	0	LDF5_LGuard_DisputeRvR_Charge_PM_Fe
252431	23000	1	100	0	LDF5_Fortress_DrGuard_Artifact_Killer
252431	30002	1000000	1000000	1	LDF5_Fortress_DrGuard_Artifact_Killer
252431	30003	-1	-1	0	LDF5_Fortress_DrGuard_Artifact_Killer
252432	23000	1	100	0	LDF5_Fortress_DrGuard_Artifact_Killer
252432	30002	1000000	1000000	1	LDF5_Fortress_DrGuard_Artifact_Killer
252432	30003	-1	-1	0	LDF5_Fortress_DrGuard_Artifact_Killer
252433	23000	1	100	0	LDF5_Fortress_DrGuard_Artifact_Killer
252433	30002	1000000	1000000	1	LDF5_Fortress_DrGuard_Artifact_Killer
252433	30003	-1	-1	0	LDF5_Fortress_DrGuard_Artifact_Killer
252434	23100	1	100	0	AB1_LDGuard_Artifact
252434	30001	1000000	1000000	1	AB1_LDGuard_Artifact
252435	23100	1	100	0	AB1_LDGuard_Artifact
252435	30001	1000000	1000000	1	AB1_LDGuard_Artifact
252436	23100	1	100	0	AB1_LDGuard_Artifact
252436	30001	1000000	1000000	1	AB1_LDGuard_Artifact
252437	23100	1	100	0	AB1_LDGuard_Artifact
252437	30001	1000000	1000000	1	AB1_LDGuard_Artifact
252438	23100	1	100	0	AB1_LDGuard_Artifact
252438	30001	1000000	1000000	1	AB1_LDGuard_Artifact
252439	23100	1	100	0	AB1_LDGuard_Artifact
252439	30001	1000000	1000000	1	AB1_LDGuard_Artifact
252440	23100	1	100	0	AB1_LDGuard_Artifact
252440	30001	1000000	1000000	1	AB1_LDGuard_Artifact
252441	23100	1	100	0	AB1_LDGuard_Artifact
252441	30001	1000000	1000000	1	AB1_LDGuard_Artifact
252442	23100	1	100	0	AB1_LDGuard_Artifact
252442	30001	1000000	1000000	1	AB1_LDGuard_Artifact
252443	23100	1	100	0	AB1_LDGuard_Artifact
252443	30001	1000000	1000000	1	AB1_LDGuard_Artifact
252444	23100	1	100	0	AB1_DrGuard_Artifact
252444	30001	1000000	1000000	1	AB1_DrGuard_Artifact
252445	23100	1	100	0	AB1_DrGuard_Artifact
252445	30001	1000000	1000000	1	AB1_DrGuard_Artifact
252446	23100	1	100	0	AB1_DrGuard_Artifact
252446	30001	1000000	1000000	1	AB1_DrGuard_Artifact
252447	23100	1	100	0	AB1_DrGuard_Artifact
252447	30001	1000000	1000000	1	AB1_DrGuard_Artifact
252448	23100	1	100	0	AB1_DrGuard_Artifact
252448	30001	1000000	1000000	1	AB1_DrGuard_Artifact
252449	23100	1	100	0	AB1_LDGuard_Artifact
252449	30001	1000000	1000000	1	AB1_LDGuard_Artifact
252450	23100	1	100	0	AB1_LDGuard_Artifact
252450	30001	1000000	1000000	1	AB1_LDGuard_Artifact
252451	23100	1	100	0	AB1_LDGuard_Artifact
252451	30001	1000000	1000000	1	AB1_LDGuard_Artifact
252452	23100	1	100	0	AB1_LDGuard_Artifact
252452	30001	1000000	1000000	1	AB1_LDGuard_Artifact
252453	23100	1	100	0	AB1_LDGuard_Artifact
252453	30001	1000000	1000000	1	AB1_LDGuard_Artifact
252454	23100	1	100	0	AB1_LDGuard_Artifact
252454	30001	1000000	1000000	1	AB1_LDGuard_Artifact
252455	23100	1	100	0	AB1_LDGuard_Artifact
252455	30001	1000000	1000000	1	AB1_LDGuard_Artifact
252456	23100	1	100	0	AB1_LDGuard_Artifact
252456	30001	1000000	1000000	1	AB1_LDGuard_Artifact
252457	23100	1	100	0	AB1_LDGuard_Artifact
252457	30001	1000000	1000000	1	AB1_LDGuard_Artifact
252458	23100	1	100	0	AB1_LDGuard_Artifact
252458	30001	1000000	1000000	1	AB1_LDGuard_Artifact
252459	23100	1	100	0	AB1_DrGuard_Artifact
252459	30001	1000000	1000000	1	AB1_DrGuard_Artifact
252460	23100	1	100	0	AB1_DrGuard_Artifact
252460	30001	1000000	1000000	1	AB1_DrGuard_Artifact
252461	23100	1	100	0	AB1_DrGuard_Artifact
252461	30001	1000000	1000000	1	AB1_DrGuard_Artifact
252462	23100	1	100	0	AB1_DrGuard_Artifact
252462	30001	1000000	1000000	1	AB1_DrGuard_Artifact
252463	23100	1	100	0	AB1_DrGuard_Artifact
252463	30001	1000000	1000000	1	AB1_DrGuard_Artifact
252464	23100	1	100	0	AB1_LDGuard_Artifact
252464	30001	1000000	1000000	1	AB1_LDGuard_Artifact
252465	23100	1	100	0	AB1_LDGuard_Artifact
252465	30001	1000000	1000000	1	AB1_LDGuard_Artifact
252466	23100	1	100	0	AB1_LDGuard_Artifact
252466	30001	1000000	1000000	1	AB1_LDGuard_Artifact
252467	23100	1	100	0	AB1_LDGuard_Artifact
252467	30001	1000000	1000000	1	AB1_LDGuard_Artifact
252468	23100	1	100	0	AB1_LDGuard_Artifact
252468	30001	1000000	1000000	1	AB1_LDGuard_Artifact
252469	23100	1	100	0	AB1_LDGuard_Artifact
252469	30001	1000000	1000000	1	AB1_LDGuard_Artifact
252470	23100	1	100	0	AB1_LDGuard_Artifact
252470	30001	1000000	1000000	1	AB1_LDGuard_Artifact
252471	23100	1	100	0	AB1_LDGuard_Artifact
252471	30001	1000000	1000000	1	AB1_LDGuard_Artifact
252472	23100	1	100	0	AB1_LDGuard_Artifact
252472	30001	1000000	1000000	1	AB1_LDGuard_Artifact
252473	23100	1	100	0	AB1_LDGuard_Artifact
252473	30001	1000000	1000000	1	AB1_LDGuard_Artifact
252474	23100	1	100	0	AB1_DrGuard_Artifact
252474	30001	1000000	1000000	1	AB1_DrGuard_Artifact
252475	23100	1	100	0	AB1_DrGuard_Artifact
252475	30001	1000000	1000000	1	AB1_DrGuard_Artifact
252476	23100	1	100	0	AB1_DrGuard_Artifact
252476	30001	1000000	1000000	1	AB1_DrGuard_Artifact
252477	23100	1	100	0	AB1_DrGuard_Artifact
252477	30001	1000000	1000000	1	AB1_DrGuard_Artifact
252478	23100	1	100	0	AB1_DrGuard_Artifact
252478	30001	1000000	1000000	1	AB1_DrGuard_Artifact
252479	23100	1	100	0	AB1_LDGuard_Artifact
252479	30001	1000000	1000000	1	AB1_LDGuard_Artifact
252480	23100	1	100	0	AB1_LDGuard_Artifact
252480	30001	1000000	1000000	1	AB1_LDGuard_Artifact
252481	23100	1	100	0	AB1_LDGuard_Artifact
252481	30001	1000000	1000000	1	AB1_LDGuard_Artifact
252482	23100	1	100	0	AB1_LDGuard_Artifact
252482	30001	1000000	1000000	1	AB1_LDGuard_Artifact
252483	23100	1	100	0	AB1_LDGuard_Artifact
252483	30001	1000000	1000000	1	AB1_LDGuard_Artifact
252484	23100	1	100	0	AB1_LDGuard_Artifact
252484	30001	1000000	1000000	1	AB1_LDGuard_Artifact
252485	23100	1	100	0	AB1_LDGuard_Artifact
252485	30001	1000000	1000000	1	AB1_LDGuard_Artifact
252486	23100	1	100	0	AB1_LDGuard_Artifact
252486	30001	1000000	1000000	1	AB1_LDGuard_Artifact
252487	23100	1	100	0	AB1_LDGuard_Artifact
252487	30001	1000000	1000000	1	AB1_LDGuard_Artifact
252488	23100	1	100	0	AB1_LDGuard_Artifact
252488	30001	1000000	1000000	1	AB1_LDGuard_Artifact
252489	23100	1	100	0	AB1_DrGuard_Artifact
252489	30001	1000000	1000000	1	AB1_DrGuard_Artifact
252490	23100	1	100	0	AB1_DrGuard_Artifact
252490	30001	1000000	1000000	1	AB1_DrGuard_Artifact
252491	23100	1	100	0	AB1_DrGuard_Artifact
252491	30001	1000000	1000000	1	AB1_DrGuard_Artifact
252492	23100	1	100	0	AB1_DrGuard_Artifact
252492	30001	1000000	1000000	1	AB1_DrGuard_Artifact
252493	23100	1	100	0	AB1_DrGuard_Artifact
252493	30001	1000000	1000000	1	AB1_DrGuard_Artifact
256697	23000	1	100	0	LDF5_LGuard_DisputePvP_Hide_PM_Ae
256700	23000	1	100	0	LDF5_LGuard_DisputePvP_Charge_PM_Fe
256703	23000	1	100	0	LDF5_LGuard_DisputePvP_Strike_MRArea_We
256706	23000	1	100	0	LDF5_LGuard_DisputePvP_Support_HBuff_Pe
256709	23000	1	100	0	LDF5_LGuard_DisputePvP_Hide_PM_Ae
256712	23000	1	100	0	LDF5_LGuard_DisputePvP_Charge_PM_Fe
256715	23000	1	100	0	LDF5_LGuard_DisputePvP_Strike_MRArea_We
256718	23000	1	100	0	LDF5_LGuard_DisputePvP_Support_HBuff_Pe
256721	23000	1	100	0	LDF5_LGuard_DisputePvP_Hide_PM_Ae
256724	23000	1	100	0	LDF5_LGuard_DisputePvP_Charge_PM_Fe
256727	23000	1	100	0	LDF5_LGuard_DisputePvP_Strike_MRArea_We
256730	23000	1	100	0	LDF5_LGuard_DisputePvP_Support_HBuff_Pe
256733	23000	1	100	0	LDF5_LGuard_DisputePvP_Hide_PM_Ae
256736	23000	1	100	0	LDF5_LGuard_DisputePvP_Charge_PM_Fe
256739	23000	1	100	0	LDF5_LGuard_DisputePvP_Strike_MRArea_We
256742	23000	1	100	0	LDF5_LGuard_DisputePvP_Support_HBuff_Pe
257038	23000	1	100	0	LDF5_LGuard_DisputePvP_Strike_MRArea_We
257044	23000	1	100	0	LDF5_LGuard_DisputePvP_Charge_PM_Fe
257047	23000	1	100	0	LDF5_LGuard_DisputePvP_Hide_PM_Ae
257056	23000	1	100	0	LDF5_LGuard_DisputePvP_Support_HBuff_Pe
257059	23000	1	100	0	LDF5_LGuard_DisputePvP_Charge_PM_Fn
257062	23000	1	100	0	LDF5_LGuard_DisputePvP_Hide_PM_Ae
257065	23000	1	100	0	LDF5_LGuard_DisputePvP_Watch_PR_Rn
257068	23000	1	100	0	LDF5_LGuard_DisputePvP_Strike_MRArea_Wn
257071	23000	1	100	0	LDF5_LGuard_DisputePvP_Support_HBuff_Pn
257074	23000	1	100	0	LDF5_LGuard_DisputePvP_Charge_PM_Fe
257077	23000	1	100	0	LDF5_LGuard_DisputePvP_Hide_PM_Ae
257083	23000	1	100	0	LDF5_LGuard_DisputePvP_Strike_MRArea_We
257086	23000	1	100	0	LDF5_LGuard_DisputePvP_Support_HBuff_Pe
257089	23000	1	100	0	LDF5_LGuard_DisputePvP_Charge_PM_Fn
257092	23000	1	100	0	LDF5_LGuard_DisputePvP_Hide_PM_Ae
257095	23000	1	100	0	LDF5_LGuard_DisputePvP_Watch_PR_Rn
257098	23000	1	100	0	LDF5_LGuard_DisputePvP_Strike_MRArea_Wn
257101	23000	1	100	0	LDF5_LGuard_DisputePvP_Support_HBuff_Pn
257102	23100	1	100	0	AB1_LDGuard_Artifact
257102	30001	1000000	1000000	1	AB1_LDGuard_Artifact
257103	23100	1	100	0	AB1_LDGuard_Artifact
257103	30001	1000000	1000000	1	AB1_LDGuard_Artifact
257104	23100	1	100	0	AB1_LDGuard_Artifact
257104	30001	1000000	1000000	1	AB1_LDGuard_Artifact
257105	23100	1	100	0	AB1_LDGuard_Artifact
257105	30001	1000000	1000000	1	AB1_LDGuard_Artifact
257106	23100	1	100	0	AB1_LDGuard_Artifact
257106	30001	1000000	1000000	1	AB1_LDGuard_Artifact
257107	23100	1	100	0	AB1_LDGuard_Artifact
257107	30001	1000000	1000000	1	AB1_LDGuard_Artifact
257108	23100	1	100	0	AB1_LDGuard_Artifact
257108	30001	1000000	1000000	1	AB1_LDGuard_Artifact
257109	23100	1	100	0	AB1_LDGuard_Artifact
257109	30001	1000000	1000000	1	AB1_LDGuard_Artifact
257110	23100	1	100	0	AB1_LDGuard_Artifact
257110	30001	1000000	1000000	1	AB1_LDGuard_Artifact
257111	23100	1	100	0	AB1_LDGuard_Artifact
257111	30001	1000000	1000000	1	AB1_LDGuard_Artifact
257112	23100	1	100	0	AB1_DrGuard_Artifact
257112	30001	1000000	1000000	1	AB1_DrGuard_Artifact
257113	23100	1	100	0	AB1_DrGuard_Artifact
257113	30001	1000000	1000000	1	AB1_DrGuard_Artifact
257114	23100	1	100	0	AB1_DrGuard_Artifact
257114	30001	1000000	1000000	1	AB1_DrGuard_Artifact
257115	23100	1	100	0	AB1_DrGuard_Artifact
257115	30001	1000000	1000000	1	AB1_DrGuard_Artifact
257116	23100	1	100	0	AB1_DrGuard_Artifact
257116	30001	1000000	1000000	1	AB1_DrGuard_Artifact
257119	23000	1	100	0	LDF5_LGuard_DisputePvP_Charge_PM_Fe
257122	23000	1	100	0	LDF5_LGuard_DisputePvP_Hide_PM_Ae
257128	23000	1	100	0	LDF5_LGuard_DisputePvP_Support_HBuff_Pe
257131	23000	1	100	0	LDF5_LGuard_DisputePvP_Strike_MRArea_We
257147	23100	1	100	0	AB1_LDGuard_Artifact
257147	30001	1000000	1000000	1	AB1_LDGuard_Artifact
257148	23100	1	100	0	AB1_LDGuard_Artifact
257148	30001	1000000	1000000	1	AB1_LDGuard_Artifact
257149	23100	1	100	0	AB1_LDGuard_Artifact
257149	30001	1000000	1000000	1	AB1_LDGuard_Artifact
257150	23100	1	100	0	AB1_LDGuard_Artifact
257150	30001	1000000	1000000	1	AB1_LDGuard_Artifact
257151	23100	1	100	0	AB1_LDGuard_Artifact
257151	30001	1000000	1000000	1	AB1_LDGuard_Artifact
257152	23100	1	100	0	AB1_LDGuard_Artifact
257152	30001	1000000	1000000	1	AB1_LDGuard_Artifact
257153	23100	1	100	0	AB1_LDGuard_Artifact
257153	30001	1000000	1000000	1	AB1_LDGuard_Artifact
257154	23100	1	100	0	AB1_LDGuard_Artifact
257154	30001	1000000	1000000	1	AB1_LDGuard_Artifact
257155	23100	1	100	0	AB1_LDGuard_Artifact
257155	30001	1000000	1000000	1	AB1_LDGuard_Artifact
257156	23100	1	100	0	AB1_LDGuard_Artifact
257156	30001	1000000	1000000	1	AB1_LDGuard_Artifact
257157	23100	1	100	0	AB1_DrGuard_Artifact
257157	30001	1000000	1000000	1	AB1_DrGuard_Artifact
257158	23100	1	100	0	AB1_DrGuard_Artifact
257158	30001	1000000	1000000	1	AB1_DrGuard_Artifact
257159	23100	1	100	0	AB1_DrGuard_Artifact
257159	30001	1000000	1000000	1	AB1_DrGuard_Artifact
257160	23100	1	100	0	AB1_DrGuard_Artifact
257160	30001	1000000	1000000	1	AB1_DrGuard_Artifact
257161	23100	1	100	0	AB1_DrGuard_Artifact
257161	30001	1000000	1000000	1	AB1_DrGuard_Artifact
257164	23000	1	100	0	LDF5_LGuard_DisputePvP_Charge_PM_Fe
257167	23000	1	100	0	LDF5_LGuard_DisputePvP_Hide_PM_Ae
257173	23000	1	100	0	LDF5_LGuard_DisputePvP_Support_HBuff_Pe
257176	23000	1	100	0	LDF5_LGuard_DisputePvP_Strike_MRArea_We
257229	23000	1	100	0	LDF5_LGuard_DisputePvP_Support_HBuff_Pn
257230	23000	1	100	0	LDF5_LGuard_DisputePvP_Charge_PM_Fn
257332	23000	1	100	0	LDF5_LGuard_DisputePvP_Hide_PM_Ae
257341	23000	1	100	0	LDF5_LGuard_DisputePvP_Support_HBuff_Pe
257344	23000	1	100	0	LDF5_LGuard_DisputePvP_Charge_PM_Fe
257347	23000	1	100	0	LDF5_LGuard_DisputePvP_Hide_PM_Ae
257353	23000	1	100	0	LDF5_LGuard_DisputePvP_Strike_MRArea_We
257356	23000	1	100	0	LDF5_LGuard_DisputePvP_Support_HBuff_Pe
257359	23000	1	100	0	LDF5_LGuard_DisputePvP_Charge_PM_Fn
257362	23000	1	100	0	LDF5_LGuard_DisputePvP_Hide_PM_Ae
257365	23000	1	100	0	LDF5_LGuard_DisputePvP_Watch_PR_Rn
257368	23000	1	100	0	LDF5_LGuard_DisputePvP_Strike_MRArea_Wn
257371	23000	1	100	0	LDF5_LGuard_DisputePvP_Support_HBuff_Pn
257374	23000	1	100	0	LDF5_LGuard_DisputePvP_Charge_PM_Fe
257377	23000	1	100	0	LDF5_LGuard_DisputePvP_Hide_PM_Ae
257383	23000	1	100	0	LDF5_LGuard_DisputePvP_Strike_MRArea_We
257386	23000	1	100	0	LDF5_LGuard_DisputePvP_Support_HBuff_Pe
257389	23000	1	100	0	LDF5_LGuard_DisputePvP_Charge_PM_Fn
257392	23000	1	100	0	LDF5_LGuard_DisputePvP_Hide_PM_Ae
257395	23000	1	100	0	LDF5_LGuard_DisputePvP_Watch_PR_Rn
257398	23000	1	100	0	LDF5_LGuard_DisputePvP_Strike_MRArea_Wn
257401	23000	1	100	0	LDF5_LGuard_DisputePvP_Support_HBuff_Pn
257402	23100	1	100	0	AB1_LDGuard_Artifact
257402	30001	1000000	1000000	1	AB1_LDGuard_Artifact
257403	23100	1	100	0	AB1_LDGuard_Artifact
257403	30001	1000000	1000000	1	AB1_LDGuard_Artifact
257404	23100	1	100	0	AB1_LDGuard_Artifact
257404	30001	1000000	1000000	1	AB1_LDGuard_Artifact
257405	23100	1	100	0	AB1_LDGuard_Artifact
257405	30001	1000000	1000000	1	AB1_LDGuard_Artifact
257406	23100	1	100	0	AB1_LDGuard_Artifact
257406	30001	1000000	1000000	1	AB1_LDGuard_Artifact
257407	23100	1	100	0	AB1_LDGuard_Artifact
257407	30001	1000000	1000000	1	AB1_LDGuard_Artifact
257408	23100	1	100	0	AB1_LDGuard_Artifact
257408	30001	1000000	1000000	1	AB1_LDGuard_Artifact
257409	23100	1	100	0	AB1_LDGuard_Artifact
257409	30001	1000000	1000000	1	AB1_LDGuard_Artifact
257410	23100	1	100	0	AB1_LDGuard_Artifact
257410	30001	1000000	1000000	1	AB1_LDGuard_Artifact
257411	23100	1	100	0	AB1_LDGuard_Artifact
257411	30001	1000000	1000000	1	AB1_LDGuard_Artifact
257412	23100	1	100	0	AB1_DrGuard_Artifact
257412	30001	1000000	1000000	1	AB1_DrGuard_Artifact
257413	23100	1	100	0	AB1_DrGuard_Artifact
257413	30001	1000000	1000000	1	AB1_DrGuard_Artifact
257414	23100	1	100	0	AB1_DrGuard_Artifact
257414	30001	1000000	1000000	1	AB1_DrGuard_Artifact
257415	23100	1	100	0	AB1_DrGuard_Artifact
257415	30001	1000000	1000000	1	AB1_DrGuard_Artifact
257416	23100	1	100	0	AB1_DrGuard_Artifact
257416	30001	1000000	1000000	1	AB1_DrGuard_Artifact
257419	23000	1	100	0	LDF5_LGuard_DisputePvP_Charge_PM_Fe
257422	23000	1	100	0	LDF5_LGuard_DisputePvP_Hide_PM_Ae
257428	23000	1	100	0	LDF5_LGuard_DisputePvP_Support_HBuff_Pe
257431	23000	1	100	0	LDF5_LGuard_DisputePvP_Strike_MRArea_We
257447	23100	1	100	0	AB1_LDGuard_Artifact
257447	30001	1000000	1000000	1	AB1_LDGuard_Artifact
257448	23100	1	100	0	AB1_LDGuard_Artifact
257448	30001	1000000	1000000	1	AB1_LDGuard_Artifact
257449	23100	1	100	0	AB1_LDGuard_Artifact
257449	30001	1000000	1000000	1	AB1_LDGuard_Artifact
257450	23100	1	100	0	AB1_LDGuard_Artifact
257450	30001	1000000	1000000	1	AB1_LDGuard_Artifact
257451	23100	1	100	0	AB1_LDGuard_Artifact
257451	30001	1000000	1000000	1	AB1_LDGuard_Artifact
257452	23100	1	100	0	AB1_LDGuard_Artifact
257452	30001	1000000	1000000	1	AB1_LDGuard_Artifact
257453	23100	1	100	0	AB1_LDGuard_Artifact
257453	30001	1000000	1000000	1	AB1_LDGuard_Artifact
257454	23100	1	100	0	AB1_LDGuard_Artifact
257454	30001	1000000	1000000	1	AB1_LDGuard_Artifact
257455	23100	1	100	0	AB1_LDGuard_Artifact
257455	30001	1000000	1000000	1	AB1_LDGuard_Artifact
257456	23100	1	100	0	AB1_LDGuard_Artifact
257456	30001	1000000	1000000	1	AB1_LDGuard_Artifact
257457	23100	1	100	0	AB1_DrGuard_Artifact
257457	30001	1000000	1000000	1	AB1_DrGuard_Artifact
257458	23100	1	100	0	AB1_DrGuard_Artifact
257458	30001	1000000	1000000	1	AB1_DrGuard_Artifact
257459	23100	1	100	0	AB1_DrGuard_Artifact
257459	30001	1000000	1000000	1	AB1_DrGuard_Artifact
257460	23100	1	100	0	AB1_DrGuard_Artifact
257460	30001	1000000	1000000	1	AB1_DrGuard_Artifact
257461	23100	1	100	0	AB1_DrGuard_Artifact
257461	30001	1000000	1000000	1	AB1_DrGuard_Artifact
257464	23000	1	100	0	LDF5_LGuard_DisputePvP_Charge_PM_Fe
257467	23000	1	100	0	LDF5_LGuard_DisputePvP_Hide_PM_Ae
257473	23000	1	100	0	LDF5_LGuard_DisputePvP_Support_HBuff_Pe
257476	23000	1	100	0	LDF5_LGuard_DisputePvP_Strike_MRArea_We
257529	23000	1	100	0	LDF5_LGuard_DisputePvP_Support_HBuff_Pn
257530	23000	1	100	0	LDF5_LGuard_DisputePvP_Charge_PM_Fn
257625	23000	1	100	0	LDF5_LGuard_DisputePvP_Charge_PM_Fe
257632	23000	1	100	0	LDF5_LGuard_DisputePvP_Hide_PM_Ae
257644	23000	1	100	0	LDF5_LGuard_DisputePvP_Charge_PM_Fe
257647	23000	1	100	0	LDF5_LGuard_DisputePvP_Hide_PM_Ae
257653	23000	1	100	0	LDF5_LGuard_DisputePvP_Strike_MRArea_We
257656	23000	1	100	0	LDF5_LGuard_DisputePvP_Support_HBuff_Pe
257659	23000	1	100	0	LDF5_LGuard_DisputePvP_Charge_PM_Fn
257662	23000	1	100	0	LDF5_LGuard_DisputePvP_Hide_PM_Ae
257665	23000	1	100	0	LDF5_LGuard_DisputePvP_Watch_PR_Rn
257668	23000	1	100	0	LDF5_LGuard_DisputePvP_Strike_MRArea_Wn
257671	23000	1	100	0	LDF5_LGuard_DisputePvP_Support_HBuff_Pn
257674	23000	1	100	0	LDF5_LGuard_DisputePvP_Charge_PM_Fe
257677	23000	1	100	0	LDF5_LGuard_DisputePvP_Hide_PM_Ae
257683	23000	1	100	0	LDF5_LGuard_DisputePvP_Strike_MRArea_We
257686	23000	1	100	0	LDF5_LGuard_DisputePvP_Support_HBuff_Pe
257689	23000	1	100	0	LDF5_LGuard_DisputePvP_Charge_PM_Fn
257692	23000	1	100	0	LDF5_LGuard_DisputePvP_Hide_PM_Ae
257695	23000	1	100	0	LDF5_LGuard_DisputePvP_Watch_PR_Rn
257698	23000	1	100	0	LDF5_LGuard_DisputePvP_Strike_MRArea_Wn
257701	23000	1	100	0	LDF5_LGuard_DisputePvP_Support_HBuff_Pn
257702	23100	1	100	0	AB1_LDGuard_Artifact
257702	30001	1000000	1000000	1	AB1_LDGuard_Artifact
257703	23100	1	100	0	AB1_LDGuard_Artifact
257703	30001	1000000	1000000	1	AB1_LDGuard_Artifact
257704	23100	1	100	0	AB1_LDGuard_Artifact
257704	30001	1000000	1000000	1	AB1_LDGuard_Artifact
257705	23100	1	100	0	AB1_LDGuard_Artifact
257705	30001	1000000	1000000	1	AB1_LDGuard_Artifact
257706	23100	1	100	0	AB1_LDGuard_Artifact
257706	30001	1000000	1000000	1	AB1_LDGuard_Artifact
257707	23100	1	100	0	AB1_LDGuard_Artifact
257707	30001	1000000	1000000	1	AB1_LDGuard_Artifact
257708	23100	1	100	0	AB1_LDGuard_Artifact
257708	30001	1000000	1000000	1	AB1_LDGuard_Artifact
257709	23100	1	100	0	AB1_LDGuard_Artifact
257709	30001	1000000	1000000	1	AB1_LDGuard_Artifact
257710	23100	1	100	0	AB1_LDGuard_Artifact
257710	30001	1000000	1000000	1	AB1_LDGuard_Artifact
257711	23100	1	100	0	AB1_LDGuard_Artifact
257711	30001	1000000	1000000	1	AB1_LDGuard_Artifact
257712	23100	1	100	0	AB1_DrGuard_Artifact
257712	30001	1000000	1000000	1	AB1_DrGuard_Artifact
257713	23100	1	100	0	AB1_DrGuard_Artifact
257713	30001	1000000	1000000	1	AB1_DrGuard_Artifact
257714	23100	1	100	0	AB1_DrGuard_Artifact
257714	30001	1000000	1000000	1	AB1_DrGuard_Artifact
257715	23100	1	100	0	AB1_DrGuard_Artifact
257715	30001	1000000	1000000	1	AB1_DrGuard_Artifact
257716	23100	1	100	0	AB1_DrGuard_Artifact
257716	30001	1000000	1000000	1	AB1_DrGuard_Artifact
257719	23000	1	100	0	LDF5_LGuard_DisputePvP_Charge_PM_Fe
257722	23000	1	100	0	LDF5_LGuard_DisputePvP_Hide_PM_Ae
257728	23000	1	100	0	LDF5_LGuard_DisputePvP_Support_HBuff_Pe
257731	23000	1	100	0	LDF5_LGuard_DisputePvP_Strike_MRArea_We
257747	23100	1	100	0	AB1_LDGuard_Artifact
257747	30001	1000000	1000000	1	AB1_LDGuard_Artifact
257748	23100	1	100	0	AB1_LDGuard_Artifact
257748	30001	1000000	1000000	1	AB1_LDGuard_Artifact
257749	23100	1	100	0	AB1_LDGuard_Artifact
257749	30001	1000000	1000000	1	AB1_LDGuard_Artifact
257750	23100	1	100	0	AB1_LDGuard_Artifact
257750	30001	1000000	1000000	1	AB1_LDGuard_Artifact
257751	23100	1	100	0	AB1_LDGuard_Artifact
257751	30001	1000000	1000000	1	AB1_LDGuard_Artifact
257752	23100	1	100	0	AB1_LDGuard_Artifact
257752	30001	1000000	1000000	1	AB1_LDGuard_Artifact
257753	23100	1	100	0	AB1_LDGuard_Artifact
257753	30001	1000000	1000000	1	AB1_LDGuard_Artifact
257754	23100	1	100	0	AB1_LDGuard_Artifact
257754	30001	1000000	1000000	1	AB1_LDGuard_Artifact
257755	23100	1	100	0	AB1_LDGuard_Artifact
257755	30001	1000000	1000000	1	AB1_LDGuard_Artifact
257756	23100	1	100	0	AB1_LDGuard_Artifact
257756	30001	1000000	1000000	1	AB1_LDGuard_Artifact
257757	23100	1	100	0	AB1_DrGuard_Artifact
257757	30001	1000000	1000000	1	AB1_DrGuard_Artifact
257758	23100	1	100	0	AB1_DrGuard_Artifact
257758	30001	1000000	1000000	1	AB1_DrGuard_Artifact
257759	23100	1	100	0	AB1_DrGuard_Artifact
257759	30001	1000000	1000000	1	AB1_DrGuard_Artifact
257760	23100	1	100	0	AB1_DrGuard_Artifact
257760	30001	1000000	1000000	1	AB1_DrGuard_Artifact
257761	23100	1	100	0	AB1_DrGuard_Artifact
257761	30001	1000000	1000000	1	AB1_DrGuard_Artifact
257764	23000	1	100	0	LDF5_LGuard_DisputePvP_Charge_PM_Fe
257767	23000	1	100	0	LDF5_LGuard_DisputePvP_Hide_PM_Ae
257773	23000	1	100	0	LDF5_LGuard_DisputePvP_Support_HBuff_Pe
257776	23000	1	100	0	LDF5_LGuard_DisputePvP_Strike_MRArea_We
257829	23000	1	100	0	LDF5_LGuard_DisputePvP_Support_HBuff_Pn
257830	23000	1	100	0	LDF5_LGuard_DisputePvP_Charge_PM_Fn
257932	23000	1	100	0	LDF5_LGuard_DisputePvP_Hide_PM_Ae
257941	23000	1	100	0	LDF5_LGuard_DisputePvP_Support_HBuff_Pe
257944	23000	1	100	0	LDF5_LGuard_DisputePvP_Charge_PM_Fe
257947	23000	1	100	0	LDF5_LGuard_DisputePvP_Hide_PM_Ae
257953	23000	1	100	0	LDF5_LGuard_DisputePvP_Strike_MRArea_We
257959	23000	1	100	0	LDF5_LGuard_DisputePvP_Charge_PM_Fn
257962	23000	1	100	0	LDF5_LGuard_DisputePvP_Hide_PM_Ae
257965	23000	1	100	0	LDF5_LGuard_DisputePvP_Watch_PR_Rn
257968	23000	1	100	0	LDF5_LGuard_DisputePvP_Strike_MRArea_Wn
257971	23000	1	100	0	LDF5_LGuard_DisputePvP_Support_HBuff_Pn
257974	23000	1	100	0	LDF5_LGuard_DisputePvP_Charge_PM_Fe
257977	23000	1	100	0	LDF5_LGuard_DisputePvP_Hide_PM_Ae
257983	23000	1	100	0	LDF5_LGuard_DisputePvP_Strike_MRArea_We
257986	23000	1	100	0	LDF5_LGuard_DisputePvP_Support_HBuff_Pe
257989	23000	1	100	0	LDF5_LGuard_DisputePvP_Charge_PM_Fn
257992	23000	1	100	0	LDF5_LGuard_DisputePvP_Hide_PM_Ae
257995	23000	1	100	0	LDF5_LGuard_DisputePvP_Watch_PR_Rn
257998	23000	1	100	0	LDF5_LGuard_DisputePvP_Strike_MRArea_Wn
258001	23000	1	100	0	LDF5_LGuard_DisputePvP_Support_HBuff_Pn
258002	23100	1	100	0	AB1_LDGuard_Artifact
258002	30001	1000000	1000000	1	AB1_LDGuard_Artifact
258003	23100	1	100	0	AB1_LDGuard_Artifact
258003	30001	1000000	1000000	1	AB1_LDGuard_Artifact
258004	23100	1	100	0	AB1_LDGuard_Artifact
258004	30001	1000000	1000000	1	AB1_LDGuard_Artifact
258005	23100	1	100	0	AB1_LDGuard_Artifact
258005	30001	1000000	1000000	1	AB1_LDGuard_Artifact
258006	23100	1	100	0	AB1_LDGuard_Artifact
258006	30001	1000000	1000000	1	AB1_LDGuard_Artifact
258007	23100	1	100	0	AB1_LDGuard_Artifact
258007	30001	1000000	1000000	1	AB1_LDGuard_Artifact
258008	23100	1	100	0	AB1_LDGuard_Artifact
258008	30001	1000000	1000000	1	AB1_LDGuard_Artifact
258009	23100	1	100	0	AB1_LDGuard_Artifact
258009	30001	1000000	1000000	1	AB1_LDGuard_Artifact
258010	23100	1	100	0	AB1_LDGuard_Artifact
258010	30001	1000000	1000000	1	AB1_LDGuard_Artifact
258011	23100	1	100	0	AB1_LDGuard_Artifact
258011	30001	1000000	1000000	1	AB1_LDGuard_Artifact
258012	23100	1	100	0	AB1_DrGuard_Artifact
258012	30001	1000000	1000000	1	AB1_DrGuard_Artifact
258013	23100	1	100	0	AB1_DrGuard_Artifact
258013	30001	1000000	1000000	1	AB1_DrGuard_Artifact
258014	23100	1	100	0	AB1_DrGuard_Artifact
258014	30001	1000000	1000000	1	AB1_DrGuard_Artifact
258015	23100	1	100	0	AB1_DrGuard_Artifact
258015	30001	1000000	1000000	1	AB1_DrGuard_Artifact
258016	23100	1	100	0	AB1_DrGuard_Artifact
258016	30001	1000000	1000000	1	AB1_DrGuard_Artifact
258019	23000	1	100	0	LDF5_LGuard_DisputePvP_Charge_PM_Fe
258022	23000	1	100	0	LDF5_LGuard_DisputePvP_Hide_PM_Ae
258028	23000	1	100	0	LDF5_LGuard_DisputePvP_Support_HBuff_Pe
258031	23000	1	100	0	LDF5_LGuard_DisputePvP_Strike_MRArea_We
258047	23100	1	100	0	AB1_LDGuard_Artifact
258047	30001	1000000	1000000	1	AB1_LDGuard_Artifact
258048	23100	1	100	0	AB1_LDGuard_Artifact
258048	30001	1000000	1000000	1	AB1_LDGuard_Artifact
258049	23100	1	100	0	AB1_LDGuard_Artifact
258049	30001	1000000	1000000	1	AB1_LDGuard_Artifact
258050	23100	1	100	0	AB1_LDGuard_Artifact
258050	30001	1000000	1000000	1	AB1_LDGuard_Artifact
258051	23100	1	100	0	AB1_LDGuard_Artifact
258051	30001	1000000	1000000	1	AB1_LDGuard_Artifact
258052	23100	1	100	0	AB1_LDGuard_Artifact
258052	30001	1000000	1000000	1	AB1_LDGuard_Artifact
258053	23100	1	100	0	AB1_LDGuard_Artifact
258053	30001	1000000	1000000	1	AB1_LDGuard_Artifact
258054	23100	1	100	0	AB1_LDGuard_Artifact
258054	30001	1000000	1000000	1	AB1_LDGuard_Artifact
258055	23100	1	100	0	AB1_LDGuard_Artifact
258055	30001	1000000	1000000	1	AB1_LDGuard_Artifact
258056	23100	1	100	0	AB1_LDGuard_Artifact
258056	30001	1000000	1000000	1	AB1_LDGuard_Artifact
258057	23100	1	100	0	AB1_DrGuard_Artifact
258057	30001	1000000	1000000	1	AB1_DrGuard_Artifact
258058	23100	1	100	0	AB1_DrGuard_Artifact
258058	30001	1000000	1000000	1	AB1_DrGuard_Artifact
258059	23100	1	100	0	AB1_DrGuard_Artifact
258059	30001	1000000	1000000	1	AB1_DrGuard_Artifact
258060	23100	1	100	0	AB1_DrGuard_Artifact
258060	30001	1000000	1000000	1	AB1_DrGuard_Artifact
258061	23100	1	100	0	AB1_DrGuard_Artifact
258061	30001	1000000	1000000	1	AB1_DrGuard_Artifact
258064	23000	1	100	0	LDF5_LGuard_DisputePvP_Charge_PM_Fe
258067	23000	1	100	0	LDF5_LGuard_DisputePvP_Hide_PM_Ae
258073	23000	1	100	0	LDF5_LGuard_DisputePvP_Support_HBuff_Pe
258076	23000	1	100	0	LDF5_LGuard_DisputePvP_Strike_MRArea_We
258129	23000	1	100	0	LDF5_LGuard_DisputePvP_Support_HBuff_Pn
258130	23000	1	100	0	LDF5_LGuard_DisputePvP_Charge_PM_Fn
258237	23000	1	100	0	LDF5_LGuard_DisputePvP_Charge_PM_Fe
258238	23000	1	100	0	LDF5_LGuard_DisputePvP_Hide_PM_Ae
258239	23000	1	100	0	LDF5_LGuard_DisputePvP_Strike_PR_Ge
258240	23000	1	100	0	LDF5_LGuard_DisputePvP_Strike_MRArea_We
258241	23000	1	100	0	LDF5_LGuard_DisputePvP_Support_HBuff_Pe
258259	23000	1	100	0	AB1_DrGuard_Artifact_Killer
258259	30002	1000000	1000000	1	AB1_DrGuard_Artifact_Killer
258259	30003	-1	-1	0	AB1_DrGuard_Artifact_Killer
260301	23100	1	100	0	AB1_LDGuard_Artifact
260301	30001	1000000	1000000	1	AB1_LDGuard_Artifact
260302	23100	1	100	0	AB1_LDGuard_Artifact
260302	30001	1000000	1000000	1	AB1_LDGuard_Artifact
260303	23100	1	100	0	AB1_LDGuard_Artifact
260303	30001	1000000	1000000	1	AB1_LDGuard_Artifact
260304	23100	1	100	0	AB1_LDGuard_Artifact
260304	30001	1000000	1000000	1	AB1_LDGuard_Artifact
260305	23100	1	100	0	AB1_LDGuard_Artifact
260305	30001	1000000	1000000	1	AB1_LDGuard_Artifact
260306	23100	1	100	0	AB1_LDGuard_Artifact
260306	30001	1000000	1000000	1	AB1_LDGuard_Artifact
260307	23100	1	100	0	AB1_LDGuard_Artifact
260307	30001	1000000	1000000	1	AB1_LDGuard_Artifact
260308	23100	1	100	0	AB1_LDGuard_Artifact
260308	30001	1000000	1000000	1	AB1_LDGuard_Artifact
260309	23100	1	100	0	AB1_LDGuard_Artifact
260309	30001	1000000	1000000	1	AB1_LDGuard_Artifact
260310	23100	1	100	0	AB1_LDGuard_Artifact
260310	30001	1000000	1000000	1	AB1_LDGuard_Artifact
260311	23100	1	100	0	AB1_DrGuard_Artifact
260311	30001	1000000	1000000	1	AB1_DrGuard_Artifact
260312	23100	1	100	0	AB1_DrGuard_Artifact
260312	30001	1000000	1000000	1	AB1_DrGuard_Artifact
260313	23100	1	100	0	AB1_DrGuard_Artifact
260313	30001	1000000	1000000	1	AB1_DrGuard_Artifact
260314	23100	1	100	0	AB1_DrGuard_Artifact
260314	30001	1000000	1000000	1	AB1_DrGuard_Artifact
260315	23100	1	100	0	AB1_DrGuard_Artifact
260315	30001	1000000	1000000	1	AB1_DrGuard_Artifact
260601	23100	1	100	0	AB1_LDGuard_Artifact
260601	30001	1000000	1000000	1	AB1_LDGuard_Artifact
260602	23100	1	100	0	AB1_LDGuard_Artifact
260602	30001	1000000	1000000	1	AB1_LDGuard_Artifact
260603	23100	1	100	0	AB1_LDGuard_Artifact
260603	30001	1000000	1000000	1	AB1_LDGuard_Artifact
260604	23100	1	100	0	AB1_LDGuard_Artifact
260604	30001	1000000	1000000	1	AB1_LDGuard_Artifact
260605	23100	1	100	0	AB1_LDGuard_Artifact
260605	30001	1000000	1000000	1	AB1_LDGuard_Artifact
260606	23100	1	100	0	AB1_LDGuard_Artifact
260606	30001	1000000	1000000	1	AB1_LDGuard_Artifact
260607	23100	1	100	0	AB1_LDGuard_Artifact
260607	30001	1000000	1000000	1	AB1_LDGuard_Artifact
260608	23100	1	100	0	AB1_LDGuard_Artifact
260608	30001	1000000	1000000	1	AB1_LDGuard_Artifact
260609	23100	1	100	0	AB1_LDGuard_Artifact
260609	30001	1000000	1000000	1	AB1_LDGuard_Artifact
260610	23100	1	100	0	AB1_LDGuard_Artifact
260610	30001	1000000	1000000	1	AB1_LDGuard_Artifact
260611	23100	1	100	0	AB1_DrGuard_Artifact
260611	30001	1000000	1000000	1	AB1_DrGuard_Artifact
260612	23100	1	100	0	AB1_DrGuard_Artifact
260612	30001	1000000	1000000	1	AB1_DrGuard_Artifact
260613	23100	1	100	0	AB1_DrGuard_Artifact
260613	30001	1000000	1000000	1	AB1_DrGuard_Artifact
260614	23100	1	100	0	AB1_DrGuard_Artifact
260614	30001	1000000	1000000	1	AB1_DrGuard_Artifact
260615	23100	1	100	0	AB1_DrGuard_Artifact
260615	30001	1000000	1000000	1	AB1_DrGuard_Artifact
260901	23100	1	100	0	AB1_LDGuard_Artifact
260901	30001	1000000	1000000	1	AB1_LDGuard_Artifact
260902	23100	1	100	0	AB1_LDGuard_Artifact
260902	30001	1000000	1000000	1	AB1_LDGuard_Artifact
260903	23100	1	100	0	AB1_LDGuard_Artifact
260903	30001	1000000	1000000	1	AB1_LDGuard_Artifact
260904	23100	1	100	0	AB1_LDGuard_Artifact
260904	30001	1000000	1000000	1	AB1_LDGuard_Artifact
260905	23100	1	100	0	AB1_LDGuard_Artifact
260905	30001	1000000	1000000	1	AB1_LDGuard_Artifact
260906	23100	1	100	0	AB1_LDGuard_Artifact
260906	30001	1000000	1000000	1	AB1_LDGuard_Artifact
260907	23100	1	100	0	AB1_LDGuard_Artifact
260907	30001	1000000	1000000	1	AB1_LDGuard_Artifact
260908	23100	1	100	0	AB1_LDGuard_Artifact
260908	30001	1000000	1000000	1	AB1_LDGuard_Artifact
260909	23100	1	100	0	AB1_LDGuard_Artifact
260909	30001	1000000	1000000	1	AB1_LDGuard_Artifact
260910	23100	1	100	0	AB1_LDGuard_Artifact
260910	30001	1000000	1000000	1	AB1_LDGuard_Artifact
260911	23100	1	100	0	AB1_DrGuard_Artifact
260911	30001	1000000	1000000	1	AB1_DrGuard_Artifact
260912	23100	1	100	0	AB1_DrGuard_Artifact
260912	30001	1000000	1000000	1	AB1_DrGuard_Artifact
260913	23100	1	100	0	AB1_DrGuard_Artifact
260913	30001	1000000	1000000	1	AB1_DrGuard_Artifact
260914	23100	1	100	0	AB1_DrGuard_Artifact
260914	30001	1000000	1000000	1	AB1_DrGuard_Artifact
260915	23100	1	100	0	AB1_DrGuard_Artifact
260915	30001	1000000	1000000	1	AB1_DrGuard_Artifact
261201	23100	1	100	0	AB1_LDGuard_Artifact
261201	30001	1000000	1000000	1	AB1_LDGuard_Artifact
261202	23100	1	100	0	AB1_LDGuard_Artifact
261202	30001	1000000	1000000	1	AB1_LDGuard_Artifact
261203	23100	1	100	0	AB1_LDGuard_Artifact
261203	30001	1000000	1000000	1	AB1_LDGuard_Artifact
261204	23100	1	100	0	AB1_LDGuard_Artifact
261204	30001	1000000	1000000	1	AB1_LDGuard_Artifact
261205	23100	1	100	0	AB1_LDGuard_Artifact
261205	30001	1000000	1000000	1	AB1_LDGuard_Artifact
261206	23100	1	100	0	AB1_LDGuard_Artifact
261206	30001	1000000	1000000	1	AB1_LDGuard_Artifact
261207	23100	1	100	0	AB1_LDGuard_Artifact
261207	30001	1000000	1000000	1	AB1_LDGuard_Artifact
261208	23100	1	100	0	AB1_LDGuard_Artifact
261208	30001	1000000	1000000	1	AB1_LDGuard_Artifact
261209	23100	1	100	0	AB1_LDGuard_Artifact
261209	30001	1000000	1000000	1	AB1_LDGuard_Artifact
261210	23100	1	100	0	AB1_LDGuard_Artifact
261210	30001	1000000	1000000	1	AB1_LDGuard_Artifact
261211	23100	1	100	0	AB1_DrGuard_Artifact
261211	30001	1000000	1000000	1	AB1_DrGuard_Artifact
261212	23100	1	100	0	AB1_DrGuard_Artifact
261212	30001	1000000	1000000	1	AB1_DrGuard_Artifact
261213	23100	1	100	0	AB1_DrGuard_Artifact
261213	30001	1000000	1000000	1	AB1_DrGuard_Artifact
261214	23100	1	100	0	AB1_DrGuard_Artifact
261214	30001	1000000	1000000	1	AB1_DrGuard_Artifact
261215	23100	1	100	0	AB1_DrGuard_Artifact
261215	30001	1000000	1000000	1	AB1_DrGuard_Artifact
261501	23100	1	100	0	AB1_LDGuard_Artifact
261501	30001	1000000	1000000	1	AB1_LDGuard_Artifact
261502	23100	1	100	0	AB1_LDGuard_Artifact
261502	30001	1000000	1000000	1	AB1_LDGuard_Artifact
261503	23100	1	100	0	AB1_LDGuard_Artifact
261503	30001	1000000	1000000	1	AB1_LDGuard_Artifact
261504	23100	1	100	0	AB1_LDGuard_Artifact
261504	30001	1000000	1000000	1	AB1_LDGuard_Artifact
261505	23100	1	100	0	AB1_LDGuard_Artifact
261505	30001	1000000	1000000	1	AB1_LDGuard_Artifact
261506	23100	1	100	0	AB1_LDGuard_Artifact
261506	30001	1000000	1000000	1	AB1_LDGuard_Artifact
261507	23100	1	100	0	AB1_LDGuard_Artifact
261507	30001	1000000	1000000	1	AB1_LDGuard_Artifact
261508	23100	1	100	0	AB1_LDGuard_Artifact
261508	30001	1000000	1000000	1	AB1_LDGuard_Artifact
261509	23100	1	100	0	AB1_LDGuard_Artifact
261509	30001	1000000	1000000	1	AB1_LDGuard_Artifact
261510	23100	1	100	0	AB1_LDGuard_Artifact
261510	30001	1000000	1000000	1	AB1_LDGuard_Artifact
261511	23100	1	100	0	AB1_DrGuard_Artifact
261511	30001	1000000	1000000	1	AB1_DrGuard_Artifact
261512	23100	1	100	0	AB1_DrGuard_Artifact
261512	30001	1000000	1000000	1	AB1_DrGuard_Artifact
261513	23100	1	100	0	AB1_DrGuard_Artifact
261513	30001	1000000	1000000	1	AB1_DrGuard_Artifact
261514	23100	1	100	0	AB1_DrGuard_Artifact
261514	30001	1000000	1000000	1	AB1_DrGuard_Artifact
261515	23100	1	100	0	AB1_DrGuard_Artifact
261515	30001	1000000	1000000	1	AB1_DrGuard_Artifact
261801	23100	1	100	0	AB1_LDGuard_Artifact
261801	30001	1000000	1000000	1	AB1_LDGuard_Artifact
261802	23100	1	100	0	AB1_LDGuard_Artifact
261802	30001	1000000	1000000	1	AB1_LDGuard_Artifact
261803	23100	1	100	0	AB1_LDGuard_Artifact
261803	30001	1000000	1000000	1	AB1_LDGuard_Artifact
261804	23100	1	100	0	AB1_LDGuard_Artifact
261804	30001	1000000	1000000	1	AB1_LDGuard_Artifact
261805	23100	1	100	0	AB1_LDGuard_Artifact
261805	30001	1000000	1000000	1	AB1_LDGuard_Artifact
261806	23100	1	100	0	AB1_LDGuard_Artifact
261806	30001	1000000	1000000	1	AB1_LDGuard_Artifact
261807	23100	1	100	0	AB1_LDGuard_Artifact
261807	30001	1000000	1000000	1	AB1_LDGuard_Artifact
261808	23100	1	100	0	AB1_LDGuard_Artifact
261808	30001	1000000	1000000	1	AB1_LDGuard_Artifact
261809	23100	1	100	0	AB1_LDGuard_Artifact
261809	30001	1000000	1000000	1	AB1_LDGuard_Artifact
261810	23100	1	100	0	AB1_LDGuard_Artifact
261810	30001	1000000	1000000	1	AB1_LDGuard_Artifact
261811	23100	1	100	0	AB1_DrGuard_Artifact
261811	30001	1000000	1000000	1	AB1_DrGuard_Artifact
261812	23100	1	100	0	AB1_DrGuard_Artifact
261812	30001	1000000	1000000	1	AB1_DrGuard_Artifact
261813	23100	1	100	0	AB1_DrGuard_Artifact
261813	30001	1000000	1000000	1	AB1_DrGuard_Artifact
261814	23100	1	100	0	AB1_DrGuard_Artifact
261814	30001	1000000	1000000	1	AB1_DrGuard_Artifact
261815	23100	1	100	0	AB1_DrGuard_Artifact
261815	30001	1000000	1000000	1	AB1_DrGuard_Artifact
262101	23100	1	100	0	AB1_LDGuard_Artifact
262101	30001	1000000	1000000	1	AB1_LDGuard_Artifact
262102	23100	1	100	0	AB1_LDGuard_Artifact
262102	30001	1000000	1000000	1	AB1_LDGuard_Artifact
262103	23100	1	100	0	AB1_LDGuard_Artifact
262103	30001	1000000	1000000	1	AB1_LDGuard_Artifact
262104	23100	1	100	0	AB1_LDGuard_Artifact
262104	30001	1000000	1000000	1	AB1_LDGuard_Artifact
262105	23100	1	100	0	AB1_LDGuard_Artifact
262105	30001	1000000	1000000	1	AB1_LDGuard_Artifact
262106	23100	1	100	0	AB1_LDGuard_Artifact
262106	30001	1000000	1000000	1	AB1_LDGuard_Artifact
262107	23100	1	100	0	AB1_LDGuard_Artifact
262107	30001	1000000	1000000	1	AB1_LDGuard_Artifact
262108	23100	1	100	0	AB1_LDGuard_Artifact
262108	30001	1000000	1000000	1	AB1_LDGuard_Artifact
262109	23100	1	100	0	AB1_LDGuard_Artifact
262109	30001	1000000	1000000	1	AB1_LDGuard_Artifact
262110	23100	1	100	0	AB1_LDGuard_Artifact
262110	30001	1000000	1000000	1	AB1_LDGuard_Artifact
262111	23100	1	100	0	AB1_DrGuard_Artifact
262111	30001	1000000	1000000	1	AB1_DrGuard_Artifact
262112	23100	1	100	0	AB1_DrGuard_Artifact
262112	30001	1000000	1000000	1	AB1_DrGuard_Artifact
262113	23100	1	100	0	AB1_DrGuard_Artifact
262113	30001	1000000	1000000	1	AB1_DrGuard_Artifact
262114	23100	1	100	0	AB1_DrGuard_Artifact
262114	30001	1000000	1000000	1	AB1_DrGuard_Artifact
262115	23100	1	100	0	AB1_DrGuard_Artifact
262115	30001	1000000	1000000	1	AB1_DrGuard_Artifact
262401	23100	1	100	0	AB1_LDGuard_Artifact
262401	30001	1000000	1000000	1	AB1_LDGuard_Artifact
262402	23100	1	100	0	AB1_LDGuard_Artifact
262402	30001	1000000	1000000	1	AB1_LDGuard_Artifact
262403	23100	1	100	0	AB1_LDGuard_Artifact
262403	30001	1000000	1000000	1	AB1_LDGuard_Artifact
262404	23100	1	100	0	AB1_LDGuard_Artifact
262404	30001	1000000	1000000	1	AB1_LDGuard_Artifact
262405	23100	1	100	0	AB1_LDGuard_Artifact
262405	30001	1000000	1000000	1	AB1_LDGuard_Artifact
262406	23100	1	100	0	AB1_LDGuard_Artifact
262406	30001	1000000	1000000	1	AB1_LDGuard_Artifact
262407	23100	1	100	0	AB1_LDGuard_Artifact
262407	30001	1000000	1000000	1	AB1_LDGuard_Artifact
262408	23100	1	100	0	AB1_LDGuard_Artifact
262408	30001	1000000	1000000	1	AB1_LDGuard_Artifact
262409	23100	1	100	0	AB1_LDGuard_Artifact
262409	30001	1000000	1000000	1	AB1_LDGuard_Artifact
262410	23100	1	100	0	AB1_LDGuard_Artifact
262410	30001	1000000	1000000	1	AB1_LDGuard_Artifact
262411	23100	1	100	0	AB1_DrGuard_Artifact
262411	30001	1000000	1000000	1	AB1_DrGuard_Artifact
262412	23100	1	100	0	AB1_DrGuard_Artifact
262412	30001	1000000	1000000	1	AB1_DrGuard_Artifact
262413	23100	1	100	0	AB1_DrGuard_Artifact
262413	30001	1000000	1000000	1	AB1_DrGuard_Artifact
262414	23100	1	100	0	AB1_DrGuard_Artifact
262414	30001	1000000	1000000	1	AB1_DrGuard_Artifact
262415	23100	1	100	0	AB1_DrGuard_Artifact
262415	30001	1000000	1000000	1	AB1_DrGuard_Artifact
262701	23100	1	100	0	AB1_LDGuard_Artifact
262701	30001	1000000	1000000	1	AB1_LDGuard_Artifact
262702	23100	1	100	0	AB1_LDGuard_Artifact
262702	30001	1000000	1000000	1	AB1_LDGuard_Artifact
262703	23100	1	100	0	AB1_LDGuard_Artifact
262703	30001	1000000	1000000	1	AB1_LDGuard_Artifact
262704	23100	1	100	0	AB1_LDGuard_Artifact
262704	30001	1000000	1000000	1	AB1_LDGuard_Artifact
262705	23100	1	100	0	AB1_LDGuard_Artifact
262705	30001	1000000	1000000	1	AB1_LDGuard_Artifact
262706	23100	1	100	0	AB1_LDGuard_Artifact
262706	30001	1000000	1000000	1	AB1_LDGuard_Artifact
262707	23100	1	100	0	AB1_LDGuard_Artifact
262707	30001	1000000	1000000	1	AB1_LDGuard_Artifact
262708	23100	1	100	0	AB1_LDGuard_Artifact
262708	30001	1000000	1000000	1	AB1_LDGuard_Artifact
262709	23100	1	100	0	AB1_LDGuard_Artifact
262709	30001	1000000	1000000	1	AB1_LDGuard_Artifact
262710	23100	1	100	0	AB1_LDGuard_Artifact
262710	30001	1000000	1000000	1	AB1_LDGuard_Artifact
262711	23100	1	100	0	AB1_DrGuard_Artifact
262711	30001	1000000	1000000	1	AB1_DrGuard_Artifact
262712	23100	1	100	0	AB1_DrGuard_Artifact
262712	30001	1000000	1000000	1	AB1_DrGuard_Artifact
262713	23100	1	100	0	AB1_DrGuard_Artifact
262713	30001	1000000	1000000	1	AB1_DrGuard_Artifact
262714	23100	1	100	0	AB1_DrGuard_Artifact
262714	30001	1000000	1000000	1	AB1_DrGuard_Artifact
262715	23100	1	100	0	AB1_DrGuard_Artifact
262715	30001	1000000	1000000	1	AB1_DrGuard_Artifact
268101	23100	1	100	0	AB1_LDGuard_Artifact
268101	30001	1000000	1000000	1	AB1_LDGuard_Artifact
268102	23100	1	100	0	AB1_LDGuard_Artifact
268102	30001	1000000	1000000	1	AB1_LDGuard_Artifact
268103	23100	1	100	0	AB1_LDGuard_Artifact
268103	30001	1000000	1000000	1	AB1_LDGuard_Artifact
268104	23100	1	100	0	AB1_LDGuard_Artifact
268104	30001	1000000	1000000	1	AB1_LDGuard_Artifact
268105	23100	1	100	0	AB1_LDGuard_Artifact
268105	30001	1000000	1000000	1	AB1_LDGuard_Artifact
268106	23100	1	100	0	AB1_LDGuard_Artifact
268106	30001	1000000	1000000	1	AB1_LDGuard_Artifact
268107	23100	1	100	0	AB1_LDGuard_Artifact
268107	30001	1000000	1000000	1	AB1_LDGuard_Artifact
268108	23100	1	100	0	AB1_LDGuard_Artifact
268108	30001	1000000	1000000	1	AB1_LDGuard_Artifact
268109	23100	1	100	0	AB1_LDGuard_Artifact
268109	30001	1000000	1000000	1	AB1_LDGuard_Artifact
268110	23100	1	100	0	AB1_LDGuard_Artifact
268110	30001	1000000	1000000	1	AB1_LDGuard_Artifact
268111	23100	1	100	0	AB1_DrGuard_Artifact
268111	30001	1000000	1000000	1	AB1_DrGuard_Artifact
268112	23100	1	100	0	AB1_DrGuard_Artifact
268112	30001	1000000	1000000	1	AB1_DrGuard_Artifact
268113	23100	1	100	0	AB1_DrGuard_Artifact
268113	30001	1000000	1000000	1	AB1_DrGuard_Artifact
268114	23100	1	100	0	AB1_DrGuard_Artifact
268114	30001	1000000	1000000	1	AB1_DrGuard_Artifact
268115	23100	1	100	0	AB1_DrGuard_Artifact
268115	30001	1000000	1000000	1	AB1_DrGuard_Artifact
268401	23100	1	100	0	AB1_LDGuard_Artifact
268401	30001	1000000	1000000	1	AB1_LDGuard_Artifact
268402	23100	1	100	0	AB1_LDGuard_Artifact
268402	30001	1000000	1000000	1	AB1_LDGuard_Artifact
268403	23100	1	100	0	AB1_LDGuard_Artifact
268403	30001	1000000	1000000	1	AB1_LDGuard_Artifact
268404	23100	1	100	0	AB1_LDGuard_Artifact
268404	30001	1000000	1000000	1	AB1_LDGuard_Artifact
268405	23100	1	100	0	AB1_LDGuard_Artifact
268405	30001	1000000	1000000	1	AB1_LDGuard_Artifact
268406	23100	1	100	0	AB1_LDGuard_Artifact
268406	30001	1000000	1000000	1	AB1_LDGuard_Artifact
268407	23100	1	100	0	AB1_LDGuard_Artifact
268407	30001	1000000	1000000	1	AB1_LDGuard_Artifact
268408	23100	1	100	0	AB1_LDGuard_Artifact
268408	30001	1000000	1000000	1	AB1_LDGuard_Artifact
268409	23100	1	100	0	AB1_LDGuard_Artifact
268409	30001	1000000	1000000	1	AB1_LDGuard_Artifact
268410	23100	1	100	0	AB1_LDGuard_Artifact
268410	30001	1000000	1000000	1	AB1_LDGuard_Artifact
268411	23100	1	100	0	AB1_DrGuard_Artifact
268411	30001	1000000	1000000	1	AB1_DrGuard_Artifact
268412	23100	1	100	0	AB1_DrGuard_Artifact
268412	30001	1000000	1000000	1	AB1_DrGuard_Artifact
268413	23100	1	100	0	AB1_DrGuard_Artifact
268413	30001	1000000	1000000	1	AB1_DrGuard_Artifact
268414	23100	1	100	0	AB1_DrGuard_Artifact
268414	30001	1000000	1000000	1	AB1_DrGuard_Artifact
268415	23100	1	100	0	AB1_DrGuard_Artifact
268415	30001	1000000	1000000	1	AB1_DrGuard_Artifact
268701	23100	1	100	0	AB1_LDGuard_Artifact
268701	30001	1000000	1000000	1	AB1_LDGuard_Artifact
268702	23100	1	100	0	AB1_LDGuard_Artifact
268702	30001	1000000	1000000	1	AB1_LDGuard_Artifact
268703	23100	1	100	0	AB1_LDGuard_Artifact
268703	30001	1000000	1000000	1	AB1_LDGuard_Artifact
268704	23100	1	100	0	AB1_LDGuard_Artifact
268704	30001	1000000	1000000	1	AB1_LDGuard_Artifact
268705	23100	1	100	0	AB1_LDGuard_Artifact
268705	30001	1000000	1000000	1	AB1_LDGuard_Artifact
268706	23100	1	100	0	AB1_LDGuard_Artifact
268706	30001	1000000	1000000	1	AB1_LDGuard_Artifact
268707	23100	1	100	0	AB1_LDGuard_Artifact
268707	30001	1000000	1000000	1	AB1_LDGuard_Artifact
268708	23100	1	100	0	AB1_LDGuard_Artifact
268708	30001	1000000	1000000	1	AB1_LDGuard_Artifact
268709	23100	1	100	0	AB1_LDGuard_Artifact
268709	30001	1000000	1000000	1	AB1_LDGuard_Artifact
268710	23100	1	100	0	AB1_LDGuard_Artifact
268710	30001	1000000	1000000	1	AB1_LDGuard_Artifact
268711	23100	1	100	0	AB1_DrGuard_Artifact
268711	30001	1000000	1000000	1	AB1_DrGuard_Artifact
268712	23100	1	100	0	AB1_DrGuard_Artifact
268712	30001	1000000	1000000	1	AB1_DrGuard_Artifact
268713	23100	1	100	0	AB1_DrGuard_Artifact
268713	30001	1000000	1000000	1	AB1_DrGuard_Artifact
268714	23100	1	100	0	AB1_DrGuard_Artifact
268714	30001	1000000	1000000	1	AB1_DrGuard_Artifact
268715	23100	1	100	0	AB1_DrGuard_Artifact
268715	30001	1000000	1000000	1	AB1_DrGuard_Artifact
269301	23100	1	100	0	AB1_LDGuard_Artifact
269301	30001	1000000	1000000	1	AB1_LDGuard_Artifact
269302	23100	1	100	0	AB1_LDGuard_Artifact
269302	30001	1000000	1000000	1	AB1_LDGuard_Artifact
269303	23100	1	100	0	AB1_LDGuard_Artifact
269303	30001	1000000	1000000	1	AB1_LDGuard_Artifact
269304	23100	1	100	0	AB1_LDGuard_Artifact
269304	30001	1000000	1000000	1	AB1_LDGuard_Artifact
269305	23100	1	100	0	AB1_LDGuard_Artifact
269305	30001	1000000	1000000	1	AB1_LDGuard_Artifact
269306	23100	1	100	0	AB1_LDGuard_Artifact
269306	30001	1000000	1000000	1	AB1_LDGuard_Artifact
269307	23100	1	100	0	AB1_LDGuard_Artifact
269307	30001	1000000	1000000	1	AB1_LDGuard_Artifact
269308	23100	1	100	0	AB1_LDGuard_Artifact
269308	30001	1000000	1000000	1	AB1_LDGuard_Artifact
269309	23100	1	100	0	AB1_LDGuard_Artifact
269309	30001	1000000	1000000	1	AB1_LDGuard_Artifact
269310	23100	1	100	0	AB1_LDGuard_Artifact
269310	30001	1000000	1000000	1	AB1_LDGuard_Artifact
269311	23100	1	100	0	AB1_DrGuard_Artifact
269311	30001	1000000	1000000	1	AB1_DrGuard_Artifact
269312	23100	1	100	0	AB1_DrGuard_Artifact
269312	30001	1000000	1000000	1	AB1_DrGuard_Artifact
269313	23100	1	100	0	AB1_DrGuard_Artifact
269313	30001	1000000	1000000	1	AB1_DrGuard_Artifact
269314	23100	1	100	0	AB1_DrGuard_Artifact
269314	30001	1000000	1000000	1	AB1_DrGuard_Artifact
269315	23100	1	100	0	AB1_DrGuard_Artifact
269315	30001	1000000	1000000	1	AB1_DrGuard_Artifact
269601	23100	1	100	0	AB1_LDGuard_Artifact
269601	30001	1000000	1000000	1	AB1_LDGuard_Artifact
269602	23100	1	100	0	AB1_LDGuard_Artifact
269602	30001	1000000	1000000	1	AB1_LDGuard_Artifact
269603	23100	1	100	0	AB1_LDGuard_Artifact
269603	30001	1000000	1000000	1	AB1_LDGuard_Artifact
269604	23100	1	100	0	AB1_LDGuard_Artifact
269604	30001	1000000	1000000	1	AB1_LDGuard_Artifact
269605	23100	1	100	0	AB1_LDGuard_Artifact
269605	30001	1000000	1000000	1	AB1_LDGuard_Artifact
269606	23100	1	100	0	AB1_LDGuard_Artifact
269606	30001	1000000	1000000	1	AB1_LDGuard_Artifact
269607	23100	1	100	0	AB1_LDGuard_Artifact
269607	30001	1000000	1000000	1	AB1_LDGuard_Artifact
269608	23100	1	100	0	AB1_LDGuard_Artifact
269608	30001	1000000	1000000	1	AB1_LDGuard_Artifact
269609	23100	1	100	0	AB1_LDGuard_Artifact
269609	30001	1000000	1000000	1	AB1_LDGuard_Artifact
269610	23100	1	100	0	AB1_LDGuard_Artifact
269610	30001	1000000	1000000	1	AB1_LDGuard_Artifact
269611	23100	1	100	0	AB1_DrGuard_Artifact
269611	30001	1000000	1000000	1	AB1_DrGuard_Artifact
269612	23100	1	100	0	AB1_DrGuard_Artifact
269612	30001	1000000	1000000	1	AB1_DrGuard_Artifact
269613	23100	1	100	0	AB1_DrGuard_Artifact
269613	30001	1000000	1000000	1	AB1_DrGuard_Artifact
269614	23100	1	100	0	AB1_DrGuard_Artifact
269614	30001	1000000	1000000	1	AB1_DrGuard_Artifact
269615	23100	1	100	0	AB1_DrGuard_Artifact
269615	30001	1000000	1000000	1	AB1_DrGuard_Artifact
270201	23100	1	100	0	AB1_LDGuard_Artifact
270201	30001	1000000	1000000	1	AB1_LDGuard_Artifact
270202	23100	1	100	0	AB1_LDGuard_Artifact
270202	30001	1000000	1000000	1	AB1_LDGuard_Artifact
270203	23100	1	100	0	AB1_LDGuard_Artifact
270203	30001	1000000	1000000	1	AB1_LDGuard_Artifact
270204	23100	1	100	0	AB1_LDGuard_Artifact
270204	30001	1000000	1000000	1	AB1_LDGuard_Artifact
270205	23100	1	100	0	AB1_LDGuard_Artifact
270205	30001	1000000	1000000	1	AB1_LDGuard_Artifact
270206	23100	1	100	0	AB1_LDGuard_Artifact
270206	30001	1000000	1000000	1	AB1_LDGuard_Artifact
270207	23100	1	100	0	AB1_LDGuard_Artifact
270207	30001	1000000	1000000	1	AB1_LDGuard_Artifact
270208	23100	1	100	0	AB1_LDGuard_Artifact
270208	30001	1000000	1000000	1	AB1_LDGuard_Artifact
270209	23100	1	100	0	AB1_LDGuard_Artifact
270209	30001	1000000	1000000	1	AB1_LDGuard_Artifact
270210	23100	1	100	0	AB1_LDGuard_Artifact
270210	30001	1000000	1000000	1	AB1_LDGuard_Artifact
270211	23100	1	100	0	AB1_DrGuard_Artifact
270211	30001	1000000	1000000	1	AB1_DrGuard_Artifact
270212	23100	1	100	0	AB1_DrGuard_Artifact
270212	30001	1000000	1000000	1	AB1_DrGuard_Artifact
270213	23100	1	100	0	AB1_DrGuard_Artifact
270213	30001	1000000	1000000	1	AB1_DrGuard_Artifact
270214	23100	1	100	0	AB1_DrGuard_Artifact
270214	30001	1000000	1000000	1	AB1_DrGuard_Artifact
270215	23100	1	100	0	AB1_DrGuard_Artifact
270215	30001	1000000	1000000	1	AB1_DrGuard_Artifact
270501	23100	1	100	0	AB1_LDGuard_Artifact
270501	30001	1000000	1000000	1	AB1_LDGuard_Artifact
270502	23100	1	100	0	AB1_LDGuard_Artifact
270502	30001	1000000	1000000	1	AB1_LDGuard_Artifact
270503	23100	1	100	0	AB1_LDGuard_Artifact
270503	30001	1000000	1000000	1	AB1_LDGuard_Artifact
270504	23100	1	100	0	AB1_LDGuard_Artifact
270504	30001	1000000	1000000	1	AB1_LDGuard_Artifact
270505	23100	1	100	0	AB1_LDGuard_Artifact
270505	30001	1000000	1000000	1	AB1_LDGuard_Artifact
270506	23100	1	100	0	AB1_LDGuard_Artifact
270506	30001	1000000	1000000	1	AB1_LDGuard_Artifact
270507	23100	1	100	0	AB1_LDGuard_Artifact
270507	30001	1000000	1000000	1	AB1_LDGuard_Artifact
270508	23100	1	100	0	AB1_LDGuard_Artifact
270508	30001	1000000	1000000	1	AB1_LDGuard_Artifact
270509	23100	1	100	0	AB1_LDGuard_Artifact
270509	30001	1000000	1000000	1	AB1_LDGuard_Artifact
270510	23100	1	100	0	AB1_LDGuard_Artifact
270510	30001	1000000	1000000	1	AB1_LDGuard_Artifact
270511	23100	1	100	0	AB1_DrGuard_Artifact
270511	30001	1000000	1000000	1	AB1_DrGuard_Artifact
270512	23100	1	100	0	AB1_DrGuard_Artifact
270512	30001	1000000	1000000	1	AB1_DrGuard_Artifact
270513	23100	1	100	0	AB1_DrGuard_Artifact
270513	30001	1000000	1000000	1	AB1_DrGuard_Artifact
270514	23100	1	100	0	AB1_DrGuard_Artifact
270514	30001	1000000	1000000	1	AB1_DrGuard_Artifact
270515	23100	1	100	0	AB1_DrGuard_Artifact
270515	30001	1000000	1000000	1	AB1_DrGuard_Artifact
272015	23100	1	100	0	F5_RvR_LGuard_Kn_Ae
272016	23100	1	100	0	F5_RvR_LGuard_Kn_Ae
272017	23100	1	100	0	F5_RvR_LGuard_Kn_Ae
272018	23100	1	100	0	F5_RvR_LGuard_Kn_Ae
272019	23100	1	100	0	F5_RvR_LGuard_Kn_Ae
272055	23100	1	100	0	F5_RvR_LGuard_Kn_Ae
272056	23100	1	100	0	F5_RvR_LGuard_Kn_Ae
272057	23100	1	100	0	F5_RvR_LGuard_Kn_Ae
272058	23100	1	100	0	F5_RvR_LGuard_Kn_Ae
272059	23100	1	100	0	F5_RvR_LGuard_Kn_Ae
272095	23200	1	100	0	F5_RvR_DGuard_Kn_Ae
272096	23200	1	100	0	F5_RvR_DGuard_Kn_Ae
272097	23200	1	100	0	F5_RvR_DGuard_Kn_Ae
272098	23200	1	100	0	F5_RvR_DGuard_Kn_Ae
272099	23200	1	100	0	F5_RvR_DGuard_Kn_Ae
272135	23200	1	100	0	F5_RvR_DGuard_Kn_Ae
272136	23200	1	100	0	F5_RvR_DGuard_Kn_Ae
272137	23200	1	100	0	F5_RvR_DGuard_Kn_Ae
272138	23200	1	100	0	F5_RvR_DGuard_Kn_Ae
272139	23200	1	100	0	F5_RvR_DGuard_Kn_Ae
272175	23000	1	100	0	LDF5_LGuard_DisputeRvR_Defend_PM_Ke
272176	23000	1	100	0	LDF5_LGuard_DisputeRvR_Defend_PM_Ke
272177	23000	1	100	0	LDF5_LGuard_DisputeRvR_Defend_PM_Ke
272178	23000	1	100	0	LDF5_LGuard_DisputeRvR_Defend_PM_Ke
272179	23000	1	100	0	LDF5_LGuard_DisputeRvR_Defend_PM_Ke
272180	23000	1	100	0	LDF5_LGuard_DisputeRvR_Charge_PM_Fe
272181	23000	1	100	0	LDF5_LGuard_DisputeRvR_Charge_PM_Fe
272182	23000	1	100	0	LDF5_LGuard_DisputeRvR_Charge_PM_Fe
272183	23000	1	100	0	LDF5_LGuard_DisputeRvR_Charge_PM_Fe
272184	23000	1	100	0	LDF5_LGuard_DisputeRvR_Charge_PM_Fe
272185	23000	1	100	0	LDF5_LGuard_DisputeRvR_HideBroad_PM_Ae
272186	23000	1	100	0	LDF5_LGuard_DisputeRvR_HideBroad_PM_Ae
272187	23000	1	100	0	LDF5_LGuard_DisputeRvR_HideBroad_PM_Ae
272188	23000	1	100	0	LDF5_LGuard_DisputeRvR_HideBroad_PM_Ae
272189	23000	1	100	0	LDF5_LGuard_DisputeRvR_HideBroad_PM_Ae
272190	23000	1	100	0	LDF5_LGuard_DisputeRvR_Watch_PR_Re
272191	23000	1	100	0	LDF5_LGuard_DisputeRvR_Watch_PR_Re
272192	23000	1	100	0	LDF5_LGuard_DisputeRvR_Watch_PR_Re
272193	23000	1	100	0	LDF5_LGuard_DisputeRvR_Watch_PR_Re
272194	23000	1	100	0	LDF5_LGuard_DisputeRvR_Watch_PR_Re
272195	23000	1	100	0	LDF5_LGuard_DisputeRvR_Strike_PR_Ge
272196	23000	1	100	0	LDF5_LGuard_DisputeRvR_Strike_PR_Ge
272197	23000	1	100	0	LDF5_LGuard_DisputeRvR_Strike_PR_Ge
272198	23000	1	100	0	LDF5_LGuard_DisputeRvR_Strike_PR_Ge
272199	23000	1	100	0	LDF5_LGuard_DisputeRvR_Strike_PR_Ge
272200	23000	1	100	0	LDF5_LGuard_DisputeRvR_Support_Heal_Pe
272201	23000	1	100	0	LDF5_LGuard_DisputeRvR_Support_Heal_Pe
272202	23000	1	100	0	LDF5_LGuard_DisputeRvR_Support_Heal_Pe
272203	23000	1	100	0	LDF5_LGuard_DisputeRvR_Support_Heal_Pe
272204	23000	1	100	0	LDF5_LGuard_DisputeRvR_Support_Heal_Pe
272205	23000	1	100	0	LDF5_LGuard_DisputeRvR_Support_Mez_We
272206	23000	1	100	0	LDF5_LGuard_DisputeRvR_Support_Mez_We
272207	23000	1	100	0	LDF5_LGuard_DisputeRvR_Support_Mez_We
272208	23000	1	100	0	LDF5_LGuard_DisputeRvR_Support_Mez_We
272209	23000	1	100	0	LDF5_LGuard_DisputeRvR_Support_Mez_We
272210	23000	1	100	0	LDF5_LGuard_DisputeRvR_Support_Deform_Ee
272211	23000	1	100	0	LDF5_LGuard_DisputeRvR_Support_Deform_Ee
272212	23000	1	100	0	LDF5_LGuard_DisputeRvR_Support_Deform_Ee
272213	23000	1	100	0	LDF5_LGuard_DisputeRvR_Support_Deform_Ee
272214	23000	1	100	0	LDF5_LGuard_DisputeRvR_Support_Deform_Ee
272215	23000	1	100	0	LDF5_LGuard_DisputeRvR_Defend_PM_Ke
272216	23000	1	100	0	LDF5_LGuard_DisputeRvR_Defend_PM_Ke
272217	23000	1	100	0	LDF5_LGuard_DisputeRvR_Defend_PM_Ke
272218	23000	1	100	0	LDF5_LGuard_DisputeRvR_Defend_PM_Ke
272219	23000	1	100	0	LDF5_LGuard_DisputeRvR_Defend_PM_Ke
272220	23000	1	100	0	LDF5_LGuard_DisputeRvR_Charge_PM_Fe
272221	23000	1	100	0	LDF5_LGuard_DisputeRvR_Charge_PM_Fe
272222	23000	1	100	0	LDF5_LGuard_DisputeRvR_Charge_PM_Fe
272223	23000	1	100	0	LDF5_LGuard_DisputeRvR_Charge_PM_Fe
272224	23000	1	100	0	LDF5_LGuard_DisputeRvR_Charge_PM_Fe
272225	23000	1	100	0	LDF5_LGuard_DisputeRvR_HideBroad_PM_Ae
272226	23000	1	100	0	LDF5_LGuard_DisputeRvR_HideBroad_PM_Ae
272227	23000	1	100	0	LDF5_LGuard_DisputeRvR_HideBroad_PM_Ae
272228	23000	1	100	0	LDF5_LGuard_DisputeRvR_HideBroad_PM_Ae
272229	23000	1	100	0	LDF5_LGuard_DisputeRvR_HideBroad_PM_Ae
272230	23000	1	100	0	LDF5_LGuard_DisputeRvR_Watch_PR_Re
272231	23000	1	100	0	LDF5_LGuard_DisputeRvR_Watch_PR_Re
272232	23000	1	100	0	LDF5_LGuard_DisputeRvR_Watch_PR_Re
272233	23000	1	100	0	LDF5_LGuard_DisputeRvR_Watch_PR_Re
272234	23000	1	100	0	LDF5_LGuard_DisputeRvR_Watch_PR_Re
272235	23000	1	100	0	LDF5_LGuard_DisputeRvR_Strike_PR_Ge
272236	23000	1	100	0	LDF5_LGuard_DisputeRvR_Strike_PR_Ge
272237	23000	1	100	0	LDF5_LGuard_DisputeRvR_Strike_PR_Ge
272238	23000	1	100	0	LDF5_LGuard_DisputeRvR_Strike_PR_Ge
272239	23000	1	100	0	LDF5_LGuard_DisputeRvR_Strike_PR_Ge
272240	23000	1	100	0	LDF5_LGuard_DisputeRvR_Support_Heal_Pe
272241	23000	1	100	0	LDF5_LGuard_DisputeRvR_Support_Heal_Pe
272242	23000	1	100	0	LDF5_LGuard_DisputeRvR_Support_Heal_Pe
272243	23000	1	100	0	LDF5_LGuard_DisputeRvR_Support_Heal_Pe
272244	23000	1	100	0	LDF5_LGuard_DisputeRvR_Support_Heal_Pe
272245	23000	1	100	0	LDF5_LGuard_DisputeRvR_Support_Mez_We
272246	23000	1	100	0	LDF5_LGuard_DisputeRvR_Support_Mez_We
272247	23000	1	100	0	LDF5_LGuard_DisputeRvR_Support_Mez_We
272248	23000	1	100	0	LDF5_LGuard_DisputeRvR_Support_Mez_We
272249	23000	1	100	0	LDF5_LGuard_DisputeRvR_Support_Mez_We
272250	23000	1	100	0	LDF5_LGuard_DisputeRvR_Support_Deform_Ee
272251	23000	1	100	0	LDF5_LGuard_DisputeRvR_Support_Deform_Ee
272252	23000	1	100	0	LDF5_LGuard_DisputeRvR_Support_Deform_Ee
272253	23000	1	100	0	LDF5_LGuard_DisputeRvR_Support_Deform_Ee
272254	23000	1	100	0	LDF5_LGuard_DisputeRvR_Support_Deform_Ee
272281	23000	1	100	0	LDF5_LGuard_DisputeRvR_Charge_PM_Fe
272282	23000	1	100	0	LDF5_LGuard_DisputeRvR_Charge_PM_Fe
272283	23000	1	100	0	LDF5_LGuard_DisputeRvR_Charge_PM_Fe
272284	23000	1	100	0	LDF5_LGuard_DisputeRvR_Charge_PM_Fe
272285	23000	1	100	0	LDF5_LGuard_DisputeRvR_Charge_PM_Fe
272286	23000	1	100	0	LDF5_LGuard_DisputeRvR_Charge_PM_Fe
272287	23000	1	100	0	LDF5_LGuard_DisputeRvR_Charge_PM_Fe
272288	23000	1	100	0	LDF5_LGuard_DisputeRvR_Charge_PM_Fe
272289	23000	1	100	0	LDF5_LGuard_DisputeRvR_Charge_PM_Fe
272290	23000	1	100	0	LDF5_LGuard_DisputeRvR_Charge_PM_Fe
272296	23000	1	100	0	LDF5_LGuard_DisputeRvR_Support_Heal_Pe
272297	23000	1	100	0	LDF5_LGuard_DisputeRvR_Support_Heal_Pe
272298	23000	1	100	0	LDF5_LGuard_DisputeRvR_Support_Heal_Pe
272299	23000	1	100	0	LDF5_LGuard_DisputeRvR_Support_Heal_Pe
272300	23000	1	100	0	LDF5_LGuard_DisputeRvR_Support_Heal_Pe
272301	23000	1	100	0	LDF5_LGuard_DisputeRvR_Support_Mez_We
272302	23000	1	100	0	LDF5_LGuard_DisputeRvR_Support_Mez_We
272303	23000	1	100	0	LDF5_LGuard_DisputeRvR_Support_Mez_We
272304	23000	1	100	0	LDF5_LGuard_DisputeRvR_Support_Mez_We
272305	23000	1	100	0	LDF5_LGuard_DisputeRvR_Support_Mez_We
272332	23000	1	100	0	LDF5_LGuard_DisputeRvR_Watch_PR_Re
272333	23000	1	100	0	LDF5_LGuard_DisputeRvR_Watch_PR_Re
272334	23000	1	100	0	LDF5_LGuard_DisputeRvR_Watch_PR_Re
272335	23000	1	100	0	LDF5_LGuard_DisputeRvR_Watch_PR_Re
272336	23000	1	100	0	LDF5_LGuard_DisputeRvR_Watch_PR_Re
272337	23000	1	100	0	LDF5_LGuard_DisputeRvR_Strike_PR_Ge
272338	23000	1	100	0	LDF5_LGuard_DisputeRvR_Strike_PR_Ge
272339	23000	1	100	0	LDF5_LGuard_DisputeRvR_Strike_PR_Ge
272340	23000	1	100	0	LDF5_LGuard_DisputeRvR_Strike_PR_Ge
272341	23000	1	100	0	LDF5_LGuard_DisputeRvR_Strike_PR_Ge
272368	23100	1	100	0	F5_RvR_LGuard_Kn_Ae
272369	23100	1	100	0	F5_RvR_LGuard_Kn_Ae
272374	23200	1	100	0	F5_RvR_DGuard_Kn_Ae
272375	23200	1	100	0	F5_RvR_DGuard_Kn_Ae
272515	23100	1	100	0	F5_RvR_LGuard_Kn_Ae
272516	23100	1	100	0	F5_RvR_LGuard_Kn_Ae
272517	23100	1	100	0	F5_RvR_LGuard_Kn_Ae
272518	23100	1	100	0	F5_RvR_LGuard_Kn_Ae
272519	23100	1	100	0	F5_RvR_LGuard_Kn_Ae
272555	23100	1	100	0	F5_RvR_LGuard_Kn_Ae
272556	23100	1	100	0	F5_RvR_LGuard_Kn_Ae
272557	23100	1	100	0	F5_RvR_LGuard_Kn_Ae
272558	23100	1	100	0	F5_RvR_LGuard_Kn_Ae
272559	23100	1	100	0	F5_RvR_LGuard_Kn_Ae
272595	23200	1	100	0	F5_RvR_DGuard_Kn_Ae
272596	23200	1	100	0	F5_RvR_DGuard_Kn_Ae
272597	23200	1	100	0	F5_RvR_DGuard_Kn_Ae
272598	23200	1	100	0	F5_RvR_DGuard_Kn_Ae
272599	23200	1	100	0	F5_RvR_DGuard_Kn_Ae
272635	23200	1	100	0	F5_RvR_DGuard_Kn_Ae
272636	23200	1	100	0	F5_RvR_DGuard_Kn_Ae
272637	23200	1	100	0	F5_RvR_DGuard_Kn_Ae
272638	23200	1	100	0	F5_RvR_DGuard_Kn_Ae
272639	23200	1	100	0	F5_RvR_DGuard_Kn_Ae
272675	23000	1	100	0	LDF5_LGuard_DisputeRvR_Defend_PM_Ke
272676	23000	1	100	0	LDF5_LGuard_DisputeRvR_Defend_PM_Ke
272677	23000	1	100	0	LDF5_LGuard_DisputeRvR_Defend_PM_Ke
272678	23000	1	100	0	LDF5_LGuard_DisputeRvR_Defend_PM_Ke
272679	23000	1	100	0	LDF5_LGuard_DisputeRvR_Defend_PM_Ke
272680	23000	1	100	0	LDF5_LGuard_DisputeRvR_Charge_PM_Fe
272681	23000	1	100	0	LDF5_LGuard_DisputeRvR_Charge_PM_Fe
272682	23000	1	100	0	LDF5_LGuard_DisputeRvR_Charge_PM_Fe
272683	23000	1	100	0	LDF5_LGuard_DisputeRvR_Charge_PM_Fe
272684	23000	1	100	0	LDF5_LGuard_DisputeRvR_Charge_PM_Fe
272685	23000	1	100	0	LDF5_LGuard_DisputeRvR_HideBroad_PM_Ae
272686	23000	1	100	0	LDF5_LGuard_DisputeRvR_HideBroad_PM_Ae
272687	23000	1	100	0	LDF5_LGuard_DisputeRvR_HideBroad_PM_Ae
272688	23000	1	100	0	LDF5_LGuard_DisputeRvR_HideBroad_PM_Ae
272689	23000	1	100	0	LDF5_LGuard_DisputeRvR_HideBroad_PM_Ae
272690	23000	1	100	0	LDF5_LGuard_DisputeRvR_Watch_PR_Re
272691	23000	1	100	0	LDF5_LGuard_DisputeRvR_Watch_PR_Re
272692	23000	1	100	0	LDF5_LGuard_DisputeRvR_Watch_PR_Re
272693	23000	1	100	0	LDF5_LGuard_DisputeRvR_Watch_PR_Re
272694	23000	1	100	0	LDF5_LGuard_DisputeRvR_Watch_PR_Re
272695	23000	1	100	0	LDF5_LGuard_DisputeRvR_Strike_PR_Ge
272696	23000	1	100	0	LDF5_LGuard_DisputeRvR_Strike_PR_Ge
272697	23000	1	100	0	LDF5_LGuard_DisputeRvR_Strike_PR_Ge
272698	23000	1	100	0	LDF5_LGuard_DisputeRvR_Strike_PR_Ge
272699	23000	1	100	0	LDF5_LGuard_DisputeRvR_Strike_PR_Ge
272700	23000	1	100	0	LDF5_LGuard_DisputeRvR_Support_Heal_Pe
272701	23000	1	100	0	LDF5_LGuard_DisputeRvR_Support_Heal_Pe
272702	23000	1	100	0	LDF5_LGuard_DisputeRvR_Support_Heal_Pe
272703	23000	1	100	0	LDF5_LGuard_DisputeRvR_Support_Heal_Pe
272704	23000	1	100	0	LDF5_LGuard_DisputeRvR_Support_Heal_Pe
272705	23000	1	100	0	LDF5_LGuard_DisputeRvR_Support_Mez_We
272706	23000	1	100	0	LDF5_LGuard_DisputeRvR_Support_Mez_We
272707	23000	1	100	0	LDF5_LGuard_DisputeRvR_Support_Mez_We
272708	23000	1	100	0	LDF5_LGuard_DisputeRvR_Support_Mez_We
272709	23000	1	100	0	LDF5_LGuard_DisputeRvR_Support_Mez_We
272710	23000	1	100	0	LDF5_LGuard_DisputeRvR_Support_Deform_Ee
272711	23000	1	100	0	LDF5_LGuard_DisputeRvR_Support_Deform_Ee
272712	23000	1	100	0	LDF5_LGuard_DisputeRvR_Support_Deform_Ee
272713	23000	1	100	0	LDF5_LGuard_DisputeRvR_Support_Deform_Ee
272714	23000	1	100	0	LDF5_LGuard_DisputeRvR_Support_Deform_Ee
272715	23000	1	100	0	LDF5_LGuard_DisputeRvR_Defend_PM_Ke
272716	23000	1	100	0	LDF5_LGuard_DisputeRvR_Defend_PM_Ke
272717	23000	1	100	0	LDF5_LGuard_DisputeRvR_Defend_PM_Ke
272718	23000	1	100	0	LDF5_LGuard_DisputeRvR_Defend_PM_Ke
272719	23000	1	100	0	LDF5_LGuard_DisputeRvR_Defend_PM_Ke
272720	23000	1	100	0	LDF5_LGuard_DisputeRvR_Charge_PM_Fe
272721	23000	1	100	0	LDF5_LGuard_DisputeRvR_Charge_PM_Fe
272722	23000	1	100	0	LDF5_LGuard_DisputeRvR_Charge_PM_Fe
272723	23000	1	100	0	LDF5_LGuard_DisputeRvR_Charge_PM_Fe
272724	23000	1	100	0	LDF5_LGuard_DisputeRvR_Charge_PM_Fe
272725	23000	1	100	0	LDF5_LGuard_DisputeRvR_HideBroad_PM_Ae
272726	23000	1	100	0	LDF5_LGuard_DisputeRvR_HideBroad_PM_Ae
272727	23000	1	100	0	LDF5_LGuard_DisputeRvR_HideBroad_PM_Ae
272728	23000	1	100	0	LDF5_LGuard_DisputeRvR_HideBroad_PM_Ae
272729	23000	1	100	0	LDF5_LGuard_DisputeRvR_HideBroad_PM_Ae
272730	23000	1	100	0	LDF5_LGuard_DisputeRvR_Watch_PR_Re
272731	23000	1	100	0	LDF5_LGuard_DisputeRvR_Watch_PR_Re
272732	23000	1	100	0	LDF5_LGuard_DisputeRvR_Watch_PR_Re
272733	23000	1	100	0	LDF5_LGuard_DisputeRvR_Watch_PR_Re
272734	23000	1	100	0	LDF5_LGuard_DisputeRvR_Watch_PR_Re
272735	23000	1	100	0	LDF5_LGuard_DisputeRvR_Strike_PR_Ge
272736	23000	1	100	0	LDF5_LGuard_DisputeRvR_Strike_PR_Ge
272737	23000	1	100	0	LDF5_LGuard_DisputeRvR_Strike_PR_Ge
272738	23000	1	100	0	LDF5_LGuard_DisputeRvR_Strike_PR_Ge
272739	23000	1	100	0	LDF5_LGuard_DisputeRvR_Strike_PR_Ge
272740	23000	1	100	0	LDF5_LGuard_DisputeRvR_Support_Heal_Pe
272741	23000	1	100	0	LDF5_LGuard_DisputeRvR_Support_Heal_Pe
272742	23000	1	100	0	LDF5_LGuard_DisputeRvR_Support_Heal_Pe
272743	23000	1	100	0	LDF5_LGuard_DisputeRvR_Support_Heal_Pe
272744	23000	1	100	0	LDF5_LGuard_DisputeRvR_Support_Heal_Pe
272745	23000	1	100	0	LDF5_LGuard_DisputeRvR_Support_Mez_We
272746	23000	1	100	0	LDF5_LGuard_DisputeRvR_Support_Mez_We
272747	23000	1	100	0	LDF5_LGuard_DisputeRvR_Support_Mez_We
272748	23000	1	100	0	LDF5_LGuard_DisputeRvR_Support_Mez_We
272749	23000	1	100	0	LDF5_LGuard_DisputeRvR_Support_Mez_We
272750	23000	1	100	0	LDF5_LGuard_DisputeRvR_Support_Deform_Ee
272751	23000	1	100	0	LDF5_LGuard_DisputeRvR_Support_Deform_Ee
272752	23000	1	100	0	LDF5_LGuard_DisputeRvR_Support_Deform_Ee
272753	23000	1	100	0	LDF5_LGuard_DisputeRvR_Support_Deform_Ee
272754	23000	1	100	0	LDF5_LGuard_DisputeRvR_Support_Deform_Ee
272781	23000	1	100	0	LDF5_LGuard_DisputeRvR_Charge_PM_Fe
272782	23000	1	100	0	LDF5_LGuard_DisputeRvR_Charge_PM_Fe
272783	23000	1	100	0	LDF5_LGuard_DisputeRvR_Charge_PM_Fe
272784	23000	1	100	0	LDF5_LGuard_DisputeRvR_Charge_PM_Fe
272785	23000	1	100	0	LDF5_LGuard_DisputeRvR_Charge_PM_Fe
272786	23000	1	100	0	LDF5_LGuard_DisputeRvR_Charge_PM_Fe
272787	23000	1	100	0	LDF5_LGuard_DisputeRvR_Charge_PM_Fe
272788	23000	1	100	0	LDF5_LGuard_DisputeRvR_Charge_PM_Fe
272789	23000	1	100	0	LDF5_LGuard_DisputeRvR_Charge_PM_Fe
272790	23000	1	100	0	LDF5_LGuard_DisputeRvR_Charge_PM_Fe
272823	23000	1	100	0	LDF5_LGuard_DisputeRvR_Support_Heal_Pe
272824	23000	1	100	0	LDF5_LGuard_DisputeRvR_Support_Heal_Pe
272825	23000	1	100	0	LDF5_LGuard_DisputeRvR_Support_Heal_Pe
272826	23000	1	100	0	LDF5_LGuard_DisputeRvR_Support_Heal_Pe
272827	23000	1	100	0	LDF5_LGuard_DisputeRvR_Support_Heal_Pe
272828	23000	1	100	0	LDF5_LGuard_DisputeRvR_Support_Mez_We
272829	23000	1	100	0	LDF5_LGuard_DisputeRvR_Support_Mez_We
272830	23000	1	100	0	LDF5_LGuard_DisputeRvR_Support_Mez_We
272831	23000	1	100	0	LDF5_LGuard_DisputeRvR_Support_Mez_We
272832	23000	1	100	0	LDF5_LGuard_DisputeRvR_Support_Mez_We
272867	23100	1	100	0	F5_RvR_LGuard_Kn_Ae
272868	23100	1	100	0	F5_RvR_LGuard_Kn_Ae
272873	23200	1	100	0	F5_RvR_DGuard_Kn_Ae
272874	23200	1	100	0	F5_RvR_DGuard_Kn_Ae
273015	23100	1	100	0	F5_RvR_LGuard_Kn_Ae
273016	23100	1	100	0	F5_RvR_LGuard_Kn_Ae
273017	23100	1	100	0	F5_RvR_LGuard_Kn_Ae
273018	23100	1	100	0	F5_RvR_LGuard_Kn_Ae
273019	23100	1	100	0	F5_RvR_LGuard_Kn_Ae
273055	23100	1	100	0	F5_RvR_LGuard_Kn_Ae
273056	23100	1	100	0	F5_RvR_LGuard_Kn_Ae
273057	23100	1	100	0	F5_RvR_LGuard_Kn_Ae
273058	23100	1	100	0	F5_RvR_LGuard_Kn_Ae
273059	23100	1	100	0	F5_RvR_LGuard_Kn_Ae
273095	23200	1	100	0	F5_RvR_DGuard_Kn_Ae
273096	23200	1	100	0	F5_RvR_DGuard_Kn_Ae
273097	23200	1	100	0	F5_RvR_DGuard_Kn_Ae
273098	23200	1	100	0	F5_RvR_DGuard_Kn_Ae
273099	23200	1	100	0	F5_RvR_DGuard_Kn_Ae
273135	23200	1	100	0	F5_RvR_DGuard_Kn_Ae
273136	23200	1	100	0	F5_RvR_DGuard_Kn_Ae
273137	23200	1	100	0	F5_RvR_DGuard_Kn_Ae
273138	23200	1	100	0	F5_RvR_DGuard_Kn_Ae
273139	23200	1	100	0	F5_RvR_DGuard_Kn_Ae
273175	23000	1	100	0	LDF5_LGuard_DisputeRvR_Defend_PM_Ke
273176	23000	1	100	0	LDF5_LGuard_DisputeRvR_Defend_PM_Ke
273177	23000	1	100	0	LDF5_LGuard_DisputeRvR_Defend_PM_Ke
273178	23000	1	100	0	LDF5_LGuard_DisputeRvR_Defend_PM_Ke
273179	23000	1	100	0	LDF5_LGuard_DisputeRvR_Defend_PM_Ke
273180	23000	1	100	0	LDF5_LGuard_DisputeRvR_Charge_PM_Fe
273181	23000	1	100	0	LDF5_LGuard_DisputeRvR_Charge_PM_Fe
273182	23000	1	100	0	LDF5_LGuard_DisputeRvR_Charge_PM_Fe
273183	23000	1	100	0	LDF5_LGuard_DisputeRvR_Charge_PM_Fe
273184	23000	1	100	0	LDF5_LGuard_DisputeRvR_Charge_PM_Fe
273185	23000	1	100	0	LDF5_LGuard_DisputeRvR_HideBroad_PM_Ae
273186	23000	1	100	0	LDF5_LGuard_DisputeRvR_HideBroad_PM_Ae
273187	23000	1	100	0	LDF5_LGuard_DisputeRvR_HideBroad_PM_Ae
273188	23000	1	100	0	LDF5_LGuard_DisputeRvR_HideBroad_PM_Ae
273189	23000	1	100	0	LDF5_LGuard_DisputeRvR_HideBroad_PM_Ae
273190	23000	1	100	0	LDF5_LGuard_DisputeRvR_Watch_PR_Re
273191	23000	1	100	0	LDF5_LGuard_DisputeRvR_Watch_PR_Re
273192	23000	1	100	0	LDF5_LGuard_DisputeRvR_Watch_PR_Re
273193	23000	1	100	0	LDF5_LGuard_DisputeRvR_Watch_PR_Re
273194	23000	1	100	0	LDF5_LGuard_DisputeRvR_Watch_PR_Re
273195	23000	1	100	0	LDF5_LGuard_DisputeRvR_Strike_PR_Ge
273196	23000	1	100	0	LDF5_LGuard_DisputeRvR_Strike_PR_Ge
273197	23000	1	100	0	LDF5_LGuard_DisputeRvR_Strike_PR_Ge
273198	23000	1	100	0	LDF5_LGuard_DisputeRvR_Strike_PR_Ge
273199	23000	1	100	0	LDF5_LGuard_DisputeRvR_Strike_PR_Ge
273200	23000	1	100	0	LDF5_LGuard_DisputeRvR_Support_Heal_Pe
273201	23000	1	100	0	LDF5_LGuard_DisputeRvR_Support_Heal_Pe
273202	23000	1	100	0	LDF5_LGuard_DisputeRvR_Support_Heal_Pe
273203	23000	1	100	0	LDF5_LGuard_DisputeRvR_Support_Heal_Pe
273204	23000	1	100	0	LDF5_LGuard_DisputeRvR_Support_Heal_Pe
273205	23000	1	100	0	LDF5_LGuard_DisputeRvR_Support_Mez_We
273206	23000	1	100	0	LDF5_LGuard_DisputeRvR_Support_Mez_We
273207	23000	1	100	0	LDF5_LGuard_DisputeRvR_Support_Mez_We
273208	23000	1	100	0	LDF5_LGuard_DisputeRvR_Support_Mez_We
273209	23000	1	100	0	LDF5_LGuard_DisputeRvR_Support_Mez_We
273210	23000	1	100	0	LDF5_LGuard_DisputeRvR_Support_Deform_Ee
273211	23000	1	100	0	LDF5_LGuard_DisputeRvR_Support_Deform_Ee
273212	23000	1	100	0	LDF5_LGuard_DisputeRvR_Support_Deform_Ee
273213	23000	1	100	0	LDF5_LGuard_DisputeRvR_Support_Deform_Ee
273214	23000	1	100	0	LDF5_LGuard_DisputeRvR_Support_Deform_Ee
273215	23000	1	100	0	LDF5_LGuard_DisputeRvR_Defend_PM_Ke
273216	23000	1	100	0	LDF5_LGuard_DisputeRvR_Defend_PM_Ke
273217	23000	1	100	0	LDF5_LGuard_DisputeRvR_Defend_PM_Ke
273218	23000	1	100	0	LDF5_LGuard_DisputeRvR_Defend_PM_Ke
273219	23000	1	100	0	LDF5_LGuard_DisputeRvR_Defend_PM_Ke
273220	23000	1	100	0	LDF5_LGuard_DisputeRvR_Charge_PM_Fe
273221	23000	1	100	0	LDF5_LGuard_DisputeRvR_Charge_PM_Fe
273222	23000	1	100	0	LDF5_LGuard_DisputeRvR_Charge_PM_Fe
273223	23000	1	100	0	LDF5_LGuard_DisputeRvR_Charge_PM_Fe
273224	23000	1	100	0	LDF5_LGuard_DisputeRvR_Charge_PM_Fe
273225	23000	1	100	0	LDF5_LGuard_DisputeRvR_HideBroad_PM_Ae
273226	23000	1	100	0	LDF5_LGuard_DisputeRvR_HideBroad_PM_Ae
273227	23000	1	100	0	LDF5_LGuard_DisputeRvR_HideBroad_PM_Ae
273228	23000	1	100	0	LDF5_LGuard_DisputeRvR_HideBroad_PM_Ae
273229	23000	1	100	0	LDF5_LGuard_DisputeRvR_HideBroad_PM_Ae
273230	23000	1	100	0	LDF5_LGuard_DisputeRvR_Watch_PR_Re
273231	23000	1	100	0	LDF5_LGuard_DisputeRvR_Watch_PR_Re
273232	23000	1	100	0	LDF5_LGuard_DisputeRvR_Watch_PR_Re
273233	23000	1	100	0	LDF5_LGuard_DisputeRvR_Watch_PR_Re
273234	23000	1	100	0	LDF5_LGuard_DisputeRvR_Watch_PR_Re
273235	23000	1	100	0	LDF5_LGuard_DisputeRvR_Strike_PR_Ge
273236	23000	1	100	0	LDF5_LGuard_DisputeRvR_Strike_PR_Ge
273237	23000	1	100	0	LDF5_LGuard_DisputeRvR_Strike_PR_Ge
273238	23000	1	100	0	LDF5_LGuard_DisputeRvR_Strike_PR_Ge
273239	23000	1	100	0	LDF5_LGuard_DisputeRvR_Strike_PR_Ge
273240	23000	1	100	0	LDF5_LGuard_DisputeRvR_Support_Heal_Pe
273241	23000	1	100	0	LDF5_LGuard_DisputeRvR_Support_Heal_Pe
273242	23000	1	100	0	LDF5_LGuard_DisputeRvR_Support_Heal_Pe
273243	23000	1	100	0	LDF5_LGuard_DisputeRvR_Support_Heal_Pe
273244	23000	1	100	0	LDF5_LGuard_DisputeRvR_Support_Heal_Pe
273245	23000	1	100	0	LDF5_LGuard_DisputeRvR_Support_Mez_We
273246	23000	1	100	0	LDF5_LGuard_DisputeRvR_Support_Mez_We
273247	23000	1	100	0	LDF5_LGuard_DisputeRvR_Support_Mez_We
273248	23000	1	100	0	LDF5_LGuard_DisputeRvR_Support_Mez_We
273249	23000	1	100	0	LDF5_LGuard_DisputeRvR_Support_Mez_We
273250	23000	1	100	0	LDF5_LGuard_DisputeRvR_Support_Deform_Ee
273251	23000	1	100	0	LDF5_LGuard_DisputeRvR_Support_Deform_Ee
273252	23000	1	100	0	LDF5_LGuard_DisputeRvR_Support_Deform_Ee
273253	23000	1	100	0	LDF5_LGuard_DisputeRvR_Support_Deform_Ee
273254	23000	1	100	0	LDF5_LGuard_DisputeRvR_Support_Deform_Ee
273265	23000	1	100	0	LDF5_LGuard_DisputeRvR_Hide_PM_Ae
273266	23000	1	100	0	LDF5_LGuard_DisputeRvR_Hide_PM_Ae
273267	23000	1	100	0	LDF5_LGuard_DisputeRvR_Hide_PM_Ae
273268	23000	1	100	0	LDF5_LGuard_DisputeRvR_Hide_PM_Ae
273269	23000	1	100	0	LDF5_LGuard_DisputeRvR_Hide_PM_Ae
273280	23000	1	100	0	LDF5_LGuard_DisputeRvR_Hide_PM_Ae
273281	23000	1	100	0	LDF5_LGuard_DisputeRvR_Hide_PM_Ae
273282	23000	1	100	0	LDF5_LGuard_DisputeRvR_Hide_PM_Ae
273283	23000	1	100	0	LDF5_LGuard_DisputeRvR_Hide_PM_Ae
273284	23000	1	100	0	LDF5_LGuard_DisputeRvR_Hide_PM_Ae
273329	23000	1	100	0	LDF5_LGuard_DisputeRvR_Charge_PM_Fe
273330	23000	1	100	0	LDF5_LGuard_DisputeRvR_Charge_PM_Fe
273331	23000	1	100	0	LDF5_LGuard_DisputeRvR_Charge_PM_Fe
273332	23000	1	100	0	LDF5_LGuard_DisputeRvR_Charge_PM_Fe
273333	23000	1	100	0	LDF5_LGuard_DisputeRvR_Charge_PM_Fe
273334	23000	1	100	0	LDF5_LGuard_DisputeRvR_Charge_PM_Fe
273335	23000	1	100	0	LDF5_LGuard_DisputeRvR_Charge_PM_Fe
273336	23000	1	100	0	LDF5_LGuard_DisputeRvR_Charge_PM_Fe
273337	23000	1	100	0	LDF5_LGuard_DisputeRvR_Charge_PM_Fe
273338	23000	1	100	0	LDF5_LGuard_DisputeRvR_Charge_PM_Fe
273361	23000	1	100	0	LDF5_LGuard_DisputeRvR_Support_Heal_Pe
273362	23000	1	100	0	LDF5_LGuard_DisputeRvR_Support_Heal_Pe
273363	23000	1	100	0	LDF5_LGuard_DisputeRvR_Support_Heal_Pe
273364	23000	1	100	0	LDF5_LGuard_DisputeRvR_Support_Heal_Pe
273365	23000	1	100	0	LDF5_LGuard_DisputeRvR_Support_Heal_Pe
273366	23000	1	100	0	LDF5_LGuard_DisputeRvR_Support_Mez_We
273367	23000	1	100	0	LDF5_LGuard_DisputeRvR_Support_Mez_We
273368	23000	1	100	0	LDF5_LGuard_DisputeRvR_Support_Mez_We
273369	23000	1	100	0	LDF5_LGuard_DisputeRvR_Support_Mez_We
273370	23000	1	100	0	LDF5_LGuard_DisputeRvR_Support_Mez_We
273393	23000	1	100	0	LDF5_LGuard_DisputeRvR_Watch_PR_Re
273394	23000	1	100	0	LDF5_LGuard_DisputeRvR_Watch_PR_Re
273395	23000	1	100	0	LDF5_LGuard_DisputeRvR_Watch_PR_Re
273396	23000	1	100	0	LDF5_LGuard_DisputeRvR_Watch_PR_Re
273397	23000	1	100	0	LDF5_LGuard_DisputeRvR_Watch_PR_Re
273398	23000	1	100	0	LDF5_LGuard_DisputeRvR_Strike_PR_Ge
273399	23000	1	100	0	LDF5_LGuard_DisputeRvR_Strike_PR_Ge
273400	23000	1	100	0	LDF5_LGuard_DisputeRvR_Strike_PR_Ge
273401	23000	1	100	0	LDF5_LGuard_DisputeRvR_Strike_PR_Ge
273402	23000	1	100	0	LDF5_LGuard_DisputeRvR_Strike_PR_Ge
273411	23100	1	100	0	F5_RvR_LGuard_Kn_Ae
273412	23100	1	100	0	F5_RvR_LGuard_Kn_Ae
273417	23200	1	100	0	F5_RvR_DGuard_Kn_Ae
273418	23200	1	100	0	F5_RvR_DGuard_Kn_Ae
277069	30001	1000000	-1	1	LDF5_Village_chief01
277070	30001	1000000	-1	1	LDF5_Village_chief01
277071	30001	1000000	-1	1	LDF5_Village_chief01
277072	30001	1000000	-1	1	LDF5_Village_chief02
277073	30001	1000000	-1	1	LDF5_Village_chief02
277074	30001	1000000	-1	1	LDF5_Village_chief02
277075	30001	1000000	-1	1	LDF5_Village_chief03
277076	30001	1000000	-1	1	LDF5_Village_chief03
277077	30001	1000000	-1	1	LDF5_Village_chief03
277078	30001	1000000	-1	1	LDF5_Village_chief04
277079	30001	1000000	-1	1	LDF5_Village_chief04
277080	30001	1000000	-1	1	LDF5_Village_chief04
277081	30001	1000000	-1	1	LDF5_Village_chief05
277082	30001	1000000	-1	1	LDF5_Village_chief05
277083	30001	1000000	-1	1	LDF5_Village_chief05
277084	30001	1000000	-1	1	LDF5_Village_chief06
277085	30001	1000000	-1	1	LDF5_Village_chief06
277086	30001	1000000	-1	1	LDF5_Village_chief06
277087	30001	1000000	-1	1	LDF5_Village_chief07
277088	30001	1000000	-1	1	LDF5_Village_chief07
277089	30001	1000000	-1	1	LDF5_Village_chief07
277090	30001	1000000	-1	1	LDF5_Village_chief08
277091	30001	1000000	-1	1	LDF5_Village_chief08
277092	30001	1000000	-1	1	LDF5_Village_chief08
277093	30001	1000000	-1	1	LDF5_Village_chief09
277094	30001	1000000	-1	1	LDF5_Village_chief09
277095	30001	1000000	-1	1	LDF5_Village_chief09
277096	30001	1000000	-1	1	LDF5_Village_chief10
277097	30001	1000000	-1	1	LDF5_Village_chief10
277098	30001	1000000	-1	1	LDF5_Village_chief10
277099	30001	1000000	-1	1	LDF5_Village_chief11
277100	30001	1000000	-1	1	LDF5_Village_chief11
277101	30001	1000000	-1	1	LDF5_Village_chief11
277102	30001	1000000	-1	1	LDF5_Village_chief12
277103	30001	1000000	-1	1	LDF5_Village_chief12
277104	30001	1000000	-1	1	LDF5_Village_chief12
277105	30001	1000000	-1	1	LDF5_Village_chief13
277106	30001	1000000	-1	1	LDF5_Village_chief13
277107	30001	1000000	-1	1	LDF5_Village_chief13
277108	30001	1000000	-1	1	LDF5_Village_chief14
277109	30001	1000000	-1	1	LDF5_Village_chief14
277110	30001	1000000	-1	1	LDF5_Village_chief14
277111	30001	1000000	-1	1	LDF5_Village_chief15
277112	30001	1000000	-1	1	LDF5_Village_chief15
277113	30001	1000000	-1	1	LDF5_Village_chief15
277114	30001	1000000	-1	1	LDF5_Village_chief16
277115	30001	1000000	-1	1	LDF5_Village_chief16
277116	30001	1000000	-1	1	LDF5_Village_chief16
277117	30001	1000000	-1	1	LDF5_Village_chief17
277118	30001	1000000	-1	1	LDF5_Village_chief17
277119	30001	1000000	-1	1	LDF5_Village_chief17
277120	30001	1000000	-1	1	LDF5_Village_chief18
277121	30001	1000000	-1	1	LDF5_Village_chief18
277122	30001	1000000	-1	1	LDF5_Village_chief18
277123	30001	1000000	-1	1	LDF5_Village_chief19
277124	30001	1000000	-1	1	LDF5_Village_chief19
277125	30001	1000000	-1	1	LDF5_Village_chief19
277187	23000	1	100	0	LDF5_LGuard_DisputeRvR_Defend_PM_Ke
277188	23000	1	100	0	LDF5_DisputeRvR_Hide_As
277189	23000	1	100	0	LDF5_LGuard_DisputeRvR_Support_Heal_Pe
277190	23000	1	100	0	LDF5_LGuard_DisputeRvR_Support_Mez_We
277191	23000	1	100	0	LDF5_LGuard_DisputeRvR_Support_Deform_Ee
277192	23000	1	100	0	LDF5_DisputeRvR_Stumble_Ri
277193	23000	1	100	0	LDF5_DisputeRvR_Debuff_Ba
277194	23000	1	100	0	LDF5_LGuard_DisputePvP_Charge_PM_Fn
277195	23000	1	100	0	LDF5_LGuard_DisputePvP_Hide_PM_Ae
277196	23000	1	100	0	LDF5_DisputePvP_Strike_Gu
277197	23000	1	100	0	LDF5_LGuard_DisputePvP_Support_HBuff_Pn
277198	23000	1	100	0	LDF5_LGuard_DisputePvP_Strike_MRArea_We
277199	23000	1	100	0	LDF5_DisputePvP_Debuff_Ba
277200	23000	1	100	0	LDF5_LGuard_DisputeRvR_Defend_PM_Ke
277201	23000	1	100	0	LDF5_DisputeRvR_Hide_As
277202	23000	1	100	0	LDF5_LGuard_DisputeRvR_Support_Heal_Pe
277203	23000	1	100	0	LDF5_LGuard_DisputeRvR_Support_Mez_We
277204	23000	1	100	0	LDF5_LGuard_DisputeRvR_Support_Deform_Ee
277205	23000	1	100	0	LDF5_DisputeRvR_Stumble_Ri
277206	23000	1	100	0	LDF5_DisputeRvR_Debuff_Ba
277207	23000	1	100	0	LDF5_LGuard_DisputePvP_Charge_PM_Fn
277208	23000	1	100	0	LDF5_LGuard_DisputePvP_Hide_PM_Ae
277209	23000	1	100	0	LDF5_DisputePvP_Strike_Gu
277210	23000	1	100	0	LDF5_LGuard_DisputePvP_Support_HBuff_Pn
277211	23000	1	100	0	LDF5_LGuard_DisputePvP_Strike_MRArea_We
277212	23000	1	100	0	LDF5_DisputePvP_Debuff_Ba
277216	23000	1	100	0	LDF5_DisputeRvR_Strike_As
277217	23000	1	100	0	LDF5_DisputeRvR_Strike_As
277218	23000	1	100	0	LDF5_DisputeRvR_Strike_As
277219	23000	1	100	0	LDF5_DisputeRvR_Strike_As
277220	23000	1	100	0	LDF5_DisputeRvR_Strike_As
277221	23000	1	100	0	LDF5_DisputeRvR_Strike_As
277222	23000	1	100	0	LDF5_DisputeRvR_Strike_As
277223	23000	1	100	0	LDF5_LGuard_DisputePvP_Hide_PM_Ae
277242	23000	1	100	0	LDF5_LGuard_DisputePvP_Charge_PM_Fn
277243	23000	1	100	0	LDF5_LGuard_DisputePvP_Hide_PM_Ae
277244	23000	1	100	0	LDF5_DisputePvP_Strike_Gu
277245	23000	1	100	0	LDF5_LGuard_DisputePvP_Support_HBuff_Pn
277246	23000	1	100	0	LDF5_LGuard_DisputePvP_Strike_MRArea_We
277247	23000	1	100	0	LDF5_DisputeRvR_Debuff_Ba
277771	23000	1	100	0	LDF5_LGuard_DisputePvP_Charge_PM_Fn
277775	23000	1	100	0	LDF5_LGuard_DisputePvP_Charge_PM_Fn
277779	23000	1	100	0	LDF5_LGuard_DisputePvP_Charge_PM_Fn
277783	23000	1	100	0	LDF5_LGuard_DisputePvP_Charge_PM_Fn
279652	23000	1	100	0	LDF5_LGuard_DisputePvP_Charge_PM_Fe
279653	23000	1	100	0	LDF5_LGuard_DisputePvP_Charge_PM_Fe
279654	23000	1	100	0	LDF5_LGuard_DisputePvP_Charge_PM_Fe
279655	23000	1	100	0	LDF5_LGuard_DisputePvP_Charge_PM_Fe
279656	23000	1	100	0	LDF5_LGuard_DisputePvP_Charge_PM_Fe
279657	23000	1	100	0	LDF5_LGuard_DisputePvP_Charge_PM_Fn
279658	23000	1	100	0	LDF5_LGuard_DisputePvP_Charge_PM_Fn
279659	23000	1	100	0	LDF5_LGuard_DisputePvP_Charge_PM_Fn
279660	23000	1	100	0	LDF5_LGuard_DisputePvP_Charge_PM_Fn
279661	23000	1	100	0	LDF5_LGuard_DisputePvP_Charge_PM_Fn
279662	23000	1	100	0	LDF5_LGuard_DisputePvP_Charge_PM_Fn
279663	23000	1	100	0	LDF5_LGuard_DisputePvP_Charge_PM_Fn
279664	23000	1	100	0	LDF5_LGuard_DisputePvP_Charge_PM_Fn
279665	23000	1	100	0	LDF5_LGuard_DisputePvP_Charge_PM_Fn
279666	23000	1	100	0	LDF5_LGuard_DisputePvP_Charge_PM_Fn
279667	23000	1	100	0	LDF5_LGuard_DisputePvP_Hide_PM_Ae
279668	23000	1	100	0	LDF5_LGuard_DisputePvP_Hide_PM_Ae
279669	23000	1	100	0	LDF5_LGuard_DisputePvP_Hide_PM_Ae
279670	23000	1	100	0	LDF5_LGuard_DisputePvP_Hide_PM_Ae
279671	23000	1	100	0	LDF5_LGuard_DisputePvP_Hide_PM_Ae
279672	23000	1	100	0	LDF5_LGuard_DisputePvP_Hide_PM_Ae
279673	23000	1	100	0	LDF5_LGuard_DisputePvP_Hide_PM_Ae
279674	23000	1	100	0	LDF5_LGuard_DisputePvP_Hide_PM_Ae
279675	23000	1	100	0	LDF5_LGuard_DisputePvP_Hide_PM_Ae
279676	23000	1	100	0	LDF5_LGuard_DisputePvP_Hide_PM_Ae
279677	23000	1	100	0	LDF5_LGuard_DisputePvP_Support_HBuff_Pn
279678	23000	1	100	0	LDF5_LGuard_DisputePvP_Support_HBuff_Pn
279679	23000	1	100	0	LDF5_LGuard_DisputePvP_Support_HBuff_Pn
279680	23000	1	100	0	LDF5_LGuard_DisputePvP_Support_HBuff_Pn
279681	23000	1	100	0	LDF5_LGuard_DisputePvP_Support_HBuff_Pn
279682	23000	1	100	0	LDF5_LGuard_DisputePvP_Support_HBuff_Pe
279683	23000	1	100	0	LDF5_LGuard_DisputePvP_Support_HBuff_Pe
279684	23000	1	100	0	LDF5_LGuard_DisputePvP_Support_HBuff_Pe
279685	23000	1	100	0	LDF5_LGuard_DisputePvP_Support_HBuff_Pe
279686	23000	1	100	0	LDF5_LGuard_DisputePvP_Support_HBuff_Pe
279687	23000	1	100	0	LDF5_LGuard_DisputePvP_Support_HBuff_Pe
279688	23000	1	100	0	LDF5_LGuard_DisputePvP_Support_HBuff_Pe
279689	23000	1	100	0	LDF5_LGuard_DisputePvP_Support_HBuff_Pe
279690	23000	1	100	0	LDF5_LGuard_DisputePvP_Support_HBuff_Pe
279691	23000	1	100	0	LDF5_LGuard_DisputePvP_Support_HBuff_Pe
279692	23000	1	100	0	LDF5_LGuard_DisputePvP_Strike_MRArea_Wn
279693	23000	1	100	0	LDF5_LGuard_DisputePvP_Strike_MRArea_Wn
279694	23000	1	100	0	LDF5_LGuard_DisputePvP_Strike_MRArea_Wn
279695	23000	1	100	0	LDF5_LGuard_DisputePvP_Strike_MRArea_Wn
279696	23000	1	100	0	LDF5_LGuard_DisputePvP_Strike_MRArea_Wn
279697	23000	1	100	0	LDF5_LGuard_DisputePvP_Strike_MRArea_We
279698	23000	1	100	0	LDF5_LGuard_DisputePvP_Strike_MRArea_We
279699	23000	1	100	0	LDF5_LGuard_DisputePvP_Strike_MRArea_We
279700	23000	1	100	0	LDF5_LGuard_DisputePvP_Strike_MRArea_We
279701	23000	1	100	0	LDF5_LGuard_DisputePvP_Strike_MRArea_We
279702	23000	1	100	0	LDF5_LGuard_DisputePvP_Strike_MRArea_We
279703	23000	1	100	0	LDF5_LGuard_DisputePvP_Strike_MRArea_We
279704	23000	1	100	0	LDF5_LGuard_DisputePvP_Strike_MRArea_We
279705	23000	1	100	0	LDF5_LGuard_DisputePvP_Strike_MRArea_We
279706	23000	1	100	0	LDF5_LGuard_DisputePvP_Strike_MRArea_We
279707	23000	1	100	0	LDF5_LGuard_DisputePvP_Watch_PR_Rn
279708	23000	1	100	0	LDF5_LGuard_DisputePvP_Watch_PR_Rn
279709	23000	1	100	0	LDF5_LGuard_DisputePvP_Watch_PR_Rn
279710	23000	1	100	0	LDF5_LGuard_DisputePvP_Watch_PR_Rn
279711	23000	1	100	0	LDF5_LGuard_DisputePvP_Watch_PR_Rn
279712	23000	1	100	0	LDF5_LGuard_DisputePvP_Watch_PR_Re
279713	23000	1	100	0	LDF5_LGuard_DisputePvP_Watch_PR_Re
279714	23000	1	100	0	LDF5_LGuard_DisputePvP_Watch_PR_Re
279715	23000	1	100	0	LDF5_LGuard_DisputePvP_Watch_PR_Re
279716	23000	1	100	0	LDF5_LGuard_DisputePvP_Watch_PR_Re
279717	23000	1	100	0	LDF5_LGuard_DisputePvP_Watch_PR_Re
279718	23000	1	100	0	LDF5_LGuard_DisputePvP_Watch_PR_Re
279719	23000	1	100	0	LDF5_LGuard_DisputePvP_Watch_PR_Re
279720	23000	1	100	0	LDF5_LGuard_DisputePvP_Watch_PR_Re
279721	23000	1	100	0	LDF5_LGuard_DisputePvP_Watch_PR_Re
279722	23000	1	100	0	LDF5_LGuard_DisputePvP_Strike_PR_Ge
279723	23000	1	100	0	LDF5_LGuard_DisputePvP_Strike_PR_Ge
279724	23000	1	100	0	LDF5_LGuard_DisputePvP_Strike_PR_Ge
279725	23000	1	100	0	LDF5_LGuard_DisputePvP_Strike_PR_Ge
279726	23000	1	100	0	LDF5_LGuard_DisputePvP_Strike_PR_Ge
279727	23000	1	100	0	LDF5_LGuard_DisputePvP_Strike_PR_Ge
279728	23000	1	100	0	LDF5_LGuard_DisputePvP_Strike_PR_Ge
279729	23000	1	100	0	LDF5_LGuard_DisputePvP_Strike_PR_Ge
279730	23000	1	100	0	LDF5_LGuard_DisputePvP_Strike_PR_Ge
279731	23000	1	100	0	LDF5_LGuard_DisputePvP_Strike_PR_Ge
279732	23000	1	100	0	LDF5_LGuard_DisputeRvR_Charge_PM_Fe
279733	23000	1	100	0	LDF5_LGuard_DisputeRvR_Charge_PM_Fe
279734	23000	1	100	0	LDF5_LGuard_DisputeRvR_Charge_PM_Fe
279735	23000	1	100	0	LDF5_LGuard_DisputeRvR_Charge_PM_Fe
279736	23000	1	100	0	LDF5_LGuard_DisputeRvR_Charge_PM_Fe
279749	23000	1	100	0	LDF5_LGuard_DisputePvP_Charge_PM_Fe
279750	23000	1	100	0	LDF5_LGuard_DisputePvP_Charge_PM_Fe
279751	23000	1	100	0	LDF5_LGuard_DisputePvP_Charge_PM_Fe
279752	23000	1	100	0	LDF5_LGuard_DisputePvP_Charge_PM_Fe
279753	23000	1	100	0	LDF5_LGuard_DisputePvP_Charge_PM_Fe
279754	23000	1	100	0	LDF5_LGuard_DisputePvP_Charge_PM_Fn
279755	23000	1	100	0	LDF5_LGuard_DisputePvP_Charge_PM_Fn
279756	23000	1	100	0	LDF5_LGuard_DisputePvP_Charge_PM_Fn
279757	23000	1	100	0	LDF5_LGuard_DisputePvP_Charge_PM_Fn
279758	23000	1	100	0	LDF5_LGuard_DisputePvP_Charge_PM_Fn
279759	23000	1	100	0	LDF5_LGuard_DisputePvP_Charge_PM_Fn
279760	23000	1	100	0	LDF5_LGuard_DisputePvP_Charge_PM_Fn
279761	23000	1	100	0	LDF5_LGuard_DisputePvP_Charge_PM_Fn
279762	23000	1	100	0	LDF5_LGuard_DisputePvP_Charge_PM_Fn
279763	23000	1	100	0	LDF5_LGuard_DisputePvP_Charge_PM_Fn
279764	23000	1	100	0	LDF5_LGuard_DisputePvP_Hide_PM_Ae
279765	23000	1	100	0	LDF5_LGuard_DisputePvP_Hide_PM_Ae
279766	23000	1	100	0	LDF5_LGuard_DisputePvP_Hide_PM_Ae
279767	23000	1	100	0	LDF5_LGuard_DisputePvP_Hide_PM_Ae
279768	23000	1	100	0	LDF5_LGuard_DisputePvP_Hide_PM_Ae
279769	23000	1	100	0	LDF5_LGuard_DisputePvP_Hide_PM_Ae
279770	23000	1	100	0	LDF5_LGuard_DisputePvP_Hide_PM_Ae
279771	23000	1	100	0	LDF5_LGuard_DisputePvP_Hide_PM_Ae
279772	23000	1	100	0	LDF5_LGuard_DisputePvP_Hide_PM_Ae
279773	23000	1	100	0	LDF5_LGuard_DisputePvP_Hide_PM_Ae
279774	23000	1	100	0	LDF5_LGuard_DisputePvP_Support_HBuff_Pn
279775	23000	1	100	0	LDF5_LGuard_DisputePvP_Support_HBuff_Pn
279776	23000	1	100	0	LDF5_LGuard_DisputePvP_Support_HBuff_Pn
279777	23000	1	100	0	LDF5_LGuard_DisputePvP_Support_HBuff_Pn
279778	23000	1	100	0	LDF5_LGuard_DisputePvP_Support_HBuff_Pn
279779	23000	1	100	0	LDF5_LGuard_DisputePvP_Support_HBuff_Pe
279780	23000	1	100	0	LDF5_LGuard_DisputePvP_Support_HBuff_Pe
279781	23000	1	100	0	LDF5_LGuard_DisputePvP_Support_HBuff_Pe
279782	23000	1	100	0	LDF5_LGuard_DisputePvP_Support_HBuff_Pe
279783	23000	1	100	0	LDF5_LGuard_DisputePvP_Support_HBuff_Pe
279784	23000	1	100	0	LDF5_LGuard_DisputePvP_Support_HBuff_Pe
279785	23000	1	100	0	LDF5_LGuard_DisputePvP_Support_HBuff_Pe
279786	23000	1	100	0	LDF5_LGuard_DisputePvP_Support_HBuff_Pe
279787	23000	1	100	0	LDF5_LGuard_DisputePvP_Support_HBuff_Pe
279788	23000	1	100	0	LDF5_LGuard_DisputePvP_Support_HBuff_Pe
279789	23000	1	100	0	LDF5_LGuard_DisputePvP_Strike_MRArea_Wn
279790	23000	1	100	0	LDF5_LGuard_DisputePvP_Strike_MRArea_Wn
279791	23000	1	100	0	LDF5_LGuard_DisputePvP_Strike_MRArea_Wn
279792	23000	1	100	0	LDF5_LGuard_DisputePvP_Strike_MRArea_Wn
279793	23000	1	100	0	LDF5_LGuard_DisputePvP_Strike_MRArea_Wn
279794	23000	1	100	0	LDF5_LGuard_DisputePvP_Strike_MRArea_We
279795	23000	1	100	0	LDF5_LGuard_DisputePvP_Strike_MRArea_We
279796	23000	1	100	0	LDF5_LGuard_DisputePvP_Strike_MRArea_We
279797	23000	1	100	0	LDF5_LGuard_DisputePvP_Strike_MRArea_We
279798	23000	1	100	0	LDF5_LGuard_DisputePvP_Strike_MRArea_We
279799	23000	1	100	0	LDF5_LGuard_DisputePvP_Strike_MRArea_We
279800	23000	1	100	0	LDF5_LGuard_DisputePvP_Strike_MRArea_We
279801	23000	1	100	0	LDF5_LGuard_DisputePvP_Strike_MRArea_We
279802	23000	1	100	0	LDF5_LGuard_DisputePvP_Strike_MRArea_We
279803	23000	1	100	0	LDF5_LGuard_DisputePvP_Strike_MRArea_We
279804	23000	1	100	0	LDF5_LGuard_DisputePvP_Watch_PR_Rn
279805	23000	1	100	0	LDF5_LGuard_DisputePvP_Watch_PR_Rn
279806	23000	1	100	0	LDF5_LGuard_DisputePvP_Watch_PR_Rn
279807	23000	1	100	0	LDF5_LGuard_DisputePvP_Watch_PR_Rn
279808	23000	1	100	0	LDF5_LGuard_DisputePvP_Watch_PR_Rn
279809	23000	1	100	0	LDF5_LGuard_DisputePvP_Watch_PR_Re
279810	23000	1	100	0	LDF5_LGuard_DisputePvP_Watch_PR_Re
279811	23000	1	100	0	LDF5_LGuard_DisputePvP_Watch_PR_Re
279812	23000	1	100	0	LDF5_LGuard_DisputePvP_Watch_PR_Re
279813	23000	1	100	0	LDF5_LGuard_DisputePvP_Watch_PR_Re
279814	23000	1	100	0	LDF5_LGuard_DisputePvP_Watch_PR_Re
279815	23000	1	100	0	LDF5_LGuard_DisputePvP_Watch_PR_Re
279816	23000	1	100	0	LDF5_LGuard_DisputePvP_Watch_PR_Re
279817	23000	1	100	0	LDF5_LGuard_DisputePvP_Watch_PR_Re
279818	23000	1	100	0	LDF5_LGuard_DisputePvP_Watch_PR_Re
279819	23000	1	100	0	LDF5_LGuard_DisputePvP_Strike_PR_Ge
279820	23000	1	100	0	LDF5_LGuard_DisputePvP_Strike_PR_Ge
279821	23000	1	100	0	LDF5_LGuard_DisputePvP_Strike_PR_Ge
279822	23000	1	100	0	LDF5_LGuard_DisputePvP_Strike_PR_Ge
279823	23000	1	100	0	LDF5_LGuard_DisputePvP_Strike_PR_Ge
279824	23000	1	100	0	LDF5_LGuard_DisputePvP_Strike_PR_Ge
279825	23000	1	100	0	LDF5_LGuard_DisputePvP_Strike_PR_Ge
279826	23000	1	100	0	LDF5_LGuard_DisputePvP_Strike_PR_Ge
279827	23000	1	100	0	LDF5_LGuard_DisputePvP_Strike_PR_Ge
279828	23000	1	100	0	LDF5_LGuard_DisputePvP_Strike_PR_Ge
279829	23000	1	100	0	LDF5_LGuard_DisputeRvR_Charge_PM_Fe
279830	23000	1	100	0	LDF5_LGuard_DisputeRvR_Charge_PM_Fe
279831	23000	1	100	0	LDF5_LGuard_DisputeRvR_Charge_PM_Fe
279832	23000	1	100	0	LDF5_LGuard_DisputeRvR_Charge_PM_Fe
279833	23000	1	100	0	LDF5_LGuard_DisputeRvR_Charge_PM_Fe
279846	23000	1	100	0	LDF5_LGuard_DisputePvP_Charge_PM_Fe
279847	23000	1	100	0	LDF5_LGuard_DisputePvP_Charge_PM_Fe
279848	23000	1	100	0	LDF5_LGuard_DisputePvP_Charge_PM_Fe
279849	23000	1	100	0	LDF5_LGuard_DisputePvP_Charge_PM_Fe
279850	23000	1	100	0	LDF5_LGuard_DisputePvP_Charge_PM_Fe
279851	23000	1	100	0	LDF5_LGuard_DisputePvP_Charge_PM_Fn
279852	23000	1	100	0	LDF5_LGuard_DisputePvP_Charge_PM_Fn
279853	23000	1	100	0	LDF5_LGuard_DisputePvP_Charge_PM_Fn
279854	23000	1	100	0	LDF5_LGuard_DisputePvP_Charge_PM_Fn
279855	23000	1	100	0	LDF5_LGuard_DisputePvP_Charge_PM_Fn
279856	23000	1	100	0	LDF5_LGuard_DisputePvP_Charge_PM_Fn
279857	23000	1	100	0	LDF5_LGuard_DisputePvP_Charge_PM_Fn
279858	23000	1	100	0	LDF5_LGuard_DisputePvP_Charge_PM_Fn
279859	23000	1	100	0	LDF5_LGuard_DisputePvP_Charge_PM_Fn
279860	23000	1	100	0	LDF5_LGuard_DisputePvP_Charge_PM_Fn
279861	23000	1	100	0	LDF5_LGuard_DisputePvP_Hide_PM_Ae
279862	23000	1	100	0	LDF5_LGuard_DisputePvP_Hide_PM_Ae
279863	23000	1	100	0	LDF5_LGuard_DisputePvP_Hide_PM_Ae
279864	23000	1	100	0	LDF5_LGuard_DisputePvP_Hide_PM_Ae
279865	23000	1	100	0	LDF5_LGuard_DisputePvP_Hide_PM_Ae
279866	23000	1	100	0	LDF5_LGuard_DisputePvP_Hide_PM_Ae
279867	23000	1	100	0	LDF5_LGuard_DisputePvP_Hide_PM_Ae
279868	23000	1	100	0	LDF5_LGuard_DisputePvP_Hide_PM_Ae
279869	23000	1	100	0	LDF5_LGuard_DisputePvP_Hide_PM_Ae
279870	23000	1	100	0	LDF5_LGuard_DisputePvP_Hide_PM_Ae
279871	23000	1	100	0	LDF5_LGuard_DisputePvP_Support_HBuff_Pn
279872	23000	1	100	0	LDF5_LGuard_DisputePvP_Support_HBuff_Pn
279873	23000	1	100	0	LDF5_LGuard_DisputePvP_Support_HBuff_Pn
279874	23000	1	100	0	LDF5_LGuard_DisputePvP_Support_HBuff_Pn
279875	23000	1	100	0	LDF5_LGuard_DisputePvP_Support_HBuff_Pn
279876	23000	1	100	0	LDF5_LGuard_DisputePvP_Support_HBuff_Pe
279877	23000	1	100	0	LDF5_LGuard_DisputePvP_Support_HBuff_Pe
279878	23000	1	100	0	LDF5_LGuard_DisputePvP_Support_HBuff_Pe
279879	23000	1	100	0	LDF5_LGuard_DisputePvP_Support_HBuff_Pe
279880	23000	1	100	0	LDF5_LGuard_DisputePvP_Support_HBuff_Pe
279881	23000	1	100	0	LDF5_LGuard_DisputePvP_Support_HBuff_Pe
279882	23000	1	100	0	LDF5_LGuard_DisputePvP_Support_HBuff_Pe
279883	23000	1	100	0	LDF5_LGuard_DisputePvP_Support_HBuff_Pe
279884	23000	1	100	0	LDF5_LGuard_DisputePvP_Support_HBuff_Pe
279885	23000	1	100	0	LDF5_LGuard_DisputePvP_Support_HBuff_Pe
279886	23000	1	100	0	LDF5_LGuard_DisputePvP_Strike_MRArea_Wn
279887	23000	1	100	0	LDF5_LGuard_DisputePvP_Strike_MRArea_Wn
279888	23000	1	100	0	LDF5_LGuard_DisputePvP_Strike_MRArea_Wn
279889	23000	1	100	0	LDF5_LGuard_DisputePvP_Strike_MRArea_Wn
279890	23000	1	100	0	LDF5_LGuard_DisputePvP_Strike_MRArea_Wn
279891	23000	1	100	0	LDF5_LGuard_DisputePvP_Strike_MRArea_We
279892	23000	1	100	0	LDF5_LGuard_DisputePvP_Strike_MRArea_We
279893	23000	1	100	0	LDF5_LGuard_DisputePvP_Strike_MRArea_We
279894	23000	1	100	0	LDF5_LGuard_DisputePvP_Strike_MRArea_We
279895	23000	1	100	0	LDF5_LGuard_DisputePvP_Strike_MRArea_We
279896	23000	1	100	0	LDF5_LGuard_DisputePvP_Strike_MRArea_We
279897	23000	1	100	0	LDF5_LGuard_DisputePvP_Strike_MRArea_We
279898	23000	1	100	0	LDF5_LGuard_DisputePvP_Strike_MRArea_We
279899	23000	1	100	0	LDF5_LGuard_DisputePvP_Strike_MRArea_We
279900	23000	1	100	0	LDF5_LGuard_DisputePvP_Strike_MRArea_We
279901	23000	1	100	0	LDF5_LGuard_DisputePvP_Watch_PR_Rn
279902	23000	1	100	0	LDF5_LGuard_DisputePvP_Watch_PR_Rn
279903	23000	1	100	0	LDF5_LGuard_DisputePvP_Watch_PR_Rn
279904	23000	1	100	0	LDF5_LGuard_DisputePvP_Watch_PR_Rn
279905	23000	1	100	0	LDF5_LGuard_DisputePvP_Watch_PR_Rn
279906	23000	1	100	0	LDF5_LGuard_DisputePvP_Watch_PR_Re
279907	23000	1	100	0	LDF5_LGuard_DisputePvP_Watch_PR_Re
279908	23000	1	100	0	LDF5_LGuard_DisputePvP_Watch_PR_Re
279909	23000	1	100	0	LDF5_LGuard_DisputePvP_Watch_PR_Re
279910	23000	1	100	0	LDF5_LGuard_DisputePvP_Watch_PR_Re
279911	23000	1	100	0	LDF5_LGuard_DisputePvP_Watch_PR_Re
279912	23000	1	100	0	LDF5_LGuard_DisputePvP_Watch_PR_Re
279913	23000	1	100	0	LDF5_LGuard_DisputePvP_Watch_PR_Re
279914	23000	1	100	0	LDF5_LGuard_DisputePvP_Watch_PR_Re
279915	23000	1	100	0	LDF5_LGuard_DisputePvP_Watch_PR_Re
279916	23000	1	100	0	LDF5_LGuard_DisputePvP_Strike_PR_Ge
279917	23000	1	100	0	LDF5_LGuard_DisputePvP_Strike_PR_Ge
279918	23000	1	100	0	LDF5_LGuard_DisputePvP_Strike_PR_Ge
279919	23000	1	100	0	LDF5_LGuard_DisputePvP_Strike_PR_Ge
279920	23000	1	100	0	LDF5_LGuard_DisputePvP_Strike_PR_Ge
279921	23000	1	100	0	LDF5_LGuard_DisputePvP_Strike_PR_Ge
279922	23000	1	100	0	LDF5_LGuard_DisputePvP_Strike_PR_Ge
279923	23000	1	100	0	LDF5_LGuard_DisputePvP_Strike_PR_Ge
279924	23000	1	100	0	LDF5_LGuard_DisputePvP_Strike_PR_Ge
279925	23000	1	100	0	LDF5_LGuard_DisputePvP_Strike_PR_Ge
279926	23000	1	100	0	LDF5_LGuard_DisputeRvR_Charge_PM_Fe
279927	23000	1	100	0	LDF5_LGuard_DisputeRvR_Charge_PM_Fe
279928	23000	1	100	0	LDF5_LGuard_DisputeRvR_Charge_PM_Fe
279929	23000	1	100	0	LDF5_LGuard_DisputeRvR_Charge_PM_Fe
279930	23000	1	100	0	LDF5_LGuard_DisputeRvR_Charge_PM_Fe
284595	23100	-1	-1	0	IDF5_U2_Light_Wi_solo_65_An
284596	23100	-1	-1	0	IDF5_U2_Light_Pr_solo_65_An
284598	23200	-1	-1	0	IDF5_U2_Dark_Wi_solo_65_An
284599	23200	-1	-1	0	IDF5_U2_Dark_Pr_solo_65_An
284632	23100	1000	-1	0	IDF5_U2_Light_Wi_party_65_Ae
284633	23100	1000	-1	0	IDF5_U2_Light_Pr_party_65_Ae
284635	23200	1000	-1	0	IDF5_U2_Dark_Wi_party_65_Ae
284636	23200	1000	-1	0	IDF5_U2_Dark_Pr_party_65_Ae
286956	30002	1000000	-1	1	Test_Monster_Jun02
286957	30002	1000000	-1	1	Test_Monster_Jun03
296972	23100	1	100	0	F5_PvPLight_LGuard_Kn_An
296977	23100	1	100	0	F5_PvP_LGuard_Kn_Ae
296985	23200	1	100	0	F5_PvP_LGuard_El_Ae
296986	23100	-1	-1	0	F5_PvP_LGuard_ElementalFire_Ae
296987	23200	1	100	0	F5_PvPLight_DGuard_Kn_An
296992	23200	1	100	0	F5_PvP_DGuard_Kn_Ae
297000	23200	1	100	0	F5_PvP_DGuard_El_Ae
297001	23200	-1	-1	0	F5_PvP_DGuard_ElementalFire_Ae
297002	23100	1	100	0	F5_RvR_LGuard_Kn_Ae
297011	23200	1	100	0	F5_RvR_DGuard_Kn_Ae
297020	23000	1	100	0	DirectPortal_LGuard_Defend_PM_Ke2
297021	23000	1	100	0	DirectPortal_LGuard_Charge_PM_Fe2
297022	23000	1	100	0	DirectPortal_LGuard_Watch_PR_Re2
297023	23000	1	100	0	DirectPortal_LGuard_Strike_MRArea_We2
297024	23000	1	100	0	DirectPortal_LGuard_Support_HBuff_Pe2
297025	23000	1	100	0	LDF5_LGuard_DisputeRvRLight_Defend_PM_Ke
297026	23000	1	100	0	LDF5_LGuard_DisputeRvRLight_Charge_PM_Fe
297027	23000	1	100	0	LDF5_LGuard_DisputeRvRLight_Support_Heal_Pe
297028	23000	1	100	0	LDF5_LGuard_DisputeRvRLight_Support_Deform_Ee
297029	23000	1	100	0	DirectPortal_DGuard_Defend_PM_Ke2
297030	23000	1	100	0	DirectPortal_DGuard_Charge_PM_Fe2
297031	23000	1	100	0	DirectPortal_DGuard_Watch_PR_Re2
297032	23000	1	100	0	DirectPortal_DGuard_Strike_MRArea_We2
297033	23000	1	100	0	DirectPortal_DGuard_Support_HBuff_Pe2
297034	23000	1	100	0	LDF5_DGuard_DisputeRvRLight_Defend_PM_Ke
297035	23000	1	100	0	LDF5_DGuard_DisputeRvRLight_Charge_PM_Fe
297036	23000	1	100	0	LDF5_DGuard_DisputeRvRLight_Support_Heal_Pe
297037	23000	1	100	0	LDF5_DGuard_DisputeRvRLight_Support_Deform_Ee
297040	23000	1	100	0	DirectPortal_LGuard_Charge_PM_Fe
297041	23000	1	100	0	DirectPortal_LGuard_Charge_PM_Fe
297042	23000	1	100	0	DirectPortal_LGuard_Charge_PM_Fe
297043	23000	1	100	0	DirectPortal_DGuard_Charge_PM_Fe
297044	23000	1	100	0	DirectPortal_DGuard_Charge_PM_Fe
297045	23000	1	100	0	DirectPortal_DGuard_Charge_PM_Fe
297050	23000	1	100	0	LDF5_LGuard_Safety_Chase_Fn
297051	23000	1	100	0	LDF5_LGuard_Safety_Hold_Rn
297052	23000	1	100	0	LDF5_LGuard_DisputePvP_Defend_PM_Kn
297053	23000	1	100	0	LDF5_LGuard_DisputePvP_Charge_PM_Fn
297054	23000	1	100	0	LDF5_LGuard_DisputePvP_Watch_PR_Rn
297055	23000	1	100	0	LDF5_LGuard_DisputePvP_Strike_MRArea_Wn
297056	23000	1	100	0	LDF5_LGuard_DisputePvP_Support_HBuff_Pn
297057	23000	1	100	0	LDF5_LGuard_DisputePvP_Defend_PM_Ke
297058	23000	1	100	0	LDF5_LGuard_DisputePvP_Charge_PM_Fe
297059	23000	1	100	0	LDF5_LGuard_DisputePvP_Hide_PM_Ae
297060	23000	1	100	0	LDF5_LGuard_DisputePvP_HideBroad_PM_Ae
297061	23000	1	100	0	LDF5_LGuard_DisputePvP_Watch_PR_Re
297062	23000	1	100	0	LDF5_LGuard_DisputePvP_Strike_PR_Ge
297063	23000	1	100	0	LDF5_LGuard_DisputePvP_Strike_MRArea_We
297064	23000	1	100	0	LDF5_LGuard_DisputePvP_Support_HBuff_Pe
297065	23000	1	100	0	LDF5_LGuard_DisputePvP_Support_Ele_Ee
297067	23000	1	100	0	LDF5_LGuard_DisputeRvR_Defend_PM_Ke
297068	23000	1	100	0	LDF5_LGuard_DisputeRvR_Charge_PM_Fe
297069	23000	1	100	0	LDF5_LGuard_DisputeRvR_Hide_PM_Ae
297070	23000	1	100	0	LDF5_LGuard_DisputeRvR_HideBroad_PM_Ae
297071	23000	1	100	0	LDF5_LGuard_DisputeRvR_Watch_PR_Re
297072	23000	1	100	0	LDF5_LGuard_DisputeRvR_Strike_PR_Ge
297073	23000	1	100	0	LDF5_LGuard_DisputeRvR_Support_Heal_Pe
297074	23000	1	100	0	LDF5_LGuard_DisputeRvR_Support_Mez_We
297075	23000	1	100	0	LDF5_LGuard_DisputeRvR_Support_Deform_Ee
297115	23000	1	100	0	LDF5_LGuard_DisputeRvR_Charge_PM_Fe
297116	23000	1	100	0	LDF5_LGuard_DisputeRvR_Support_Deform_Ee
297121	23100	1	100	0	F5_PvPLight_LGuard_Kn_An
297130	23200	1	100	0	F5_PvP_DGuard_Kn_Ae
297131	23000	1	100	0	LDF5_LGuard_DisputePvP_Defend_PM_Kn
297132	23000	1	100	0	LDF5_LGuard_DisputePvP_Charge_PM_Fn
297133	23000	1	100	0	LDF5_LGuard_DisputePvP_Watch_PR_Rn
297134	23000	1	100	0	LDF5_LGuard_DisputePvP_Strike_MRArea_Wn
297135	23000	1	100	0	LDF5_LGuard_DisputePvP_Support_HBuff_Pn
297136	23000	1	100	0	LDF5_LGuard_DisputePvP_Defend_PM_Ke
297137	23000	1	100	0	LDF5_LGuard_DisputePvP_Charge_PM_Fe
297138	23000	1	100	0	LDF5_LGuard_DisputePvP_Hide_PM_Ae
297139	23000	1	100	0	LDF5_LGuard_DisputePvP_Watch_PR_Re
297140	23000	1	100	0	LDF5_LGuard_DisputePvP_Strike_PR_Ge
297141	23000	1	100	0	LDF5_LGuard_DisputePvP_Strike_MRArea_We
297142	23000	1	100	0	LDF5_LGuard_DisputePvP_Support_HBuff_Pe
297143	23100	1	100	0	F5_PvP_LGuard_Kn_Ae
297150	23200	1	100	0	F5_PvP_DGuard_Kn_Ae
297157	23000	1	100	0	AB1_DrGuard_Artifact_Killer
297157	30002	1000000	1000000	1	AB1_DrGuard_Artifact_Killer
297157	30003	-1	-1	0	AB1_DrGuard_Artifact_Killer
297158	23100	1	100	0	AB1_LDGuard_Artifact
297158	30001	1000000	1000000	1	AB1_LDGuard_Artifact
297159	23100	1	100	0	AB1_LDGuard_Artifact
297159	30001	1000000	1000000	1	AB1_LDGuard_Artifact
297160	23100	1	100	0	AB1_DrGuard_Artifact
297160	30001	1000000	1000000	1	AB1_DrGuard_Artifact
297178	23000	1	100	0	LDF5_DisputeRvR_Strike_As
297179	23000	1	100	0	LDF5_DisputeRvR_Hide_As
297180	23000	1	100	0	LDF5_DisputeRvR_Stumble_Ri
297181	23000	1	100	0	LDF5_DisputeRvR_Debuff_Ba
297182	23000	1	100	0	LDF5_DisputePvP_Strike_Gu
297183	23000	1	100	0	LDF5_DisputePvP_Debuff_Ba
297190	23000	1	100	0	Gab1_Sub_Pod_Sum_Vri_Fi
297191	23000	1	100	0	Gab1_Sub_Pod_Sum_Vri_As
297192	23000	1	100	0	Gab1_Sub_Pod_Sum_Vri_Wi
297193	23000	1	100	0	Gab1_Sub_Pod_Sum_Vri_Gu
297194	23000	1	100	0	Gab1_Sub_Pod_Sum_Vri_Pr
297202	23000	1	100	0	AB1_DrGuard_Artifact_Killer
297202	30002	1000000	1000000	1	AB1_DrGuard_Artifact_Killer
297202	30003	-1	-1	0	AB1_DrGuard_Artifact_Killer
297203	23100	1	100	0	AB1_LDGuard_Artifact
297203	30001	1000000	1000000	1	AB1_LDGuard_Artifact
297204	23100	1	100	0	AB1_LDGuard_Artifact
297204	30001	1000000	1000000	1	AB1_LDGuard_Artifact
297205	23100	1	100	0	AB1_DrGuard_Artifact
297205	30001	1000000	1000000	1	AB1_DrGuard_Artifact
297221	23000	1	100	0	LDF5_LGuard_DisputePvP_Charge_PM_Fe
297222	23000	1	100	0	LDF5_LGuard_DisputePvP_Hide_PM_Ae
297223	23000	1	100	0	LDF5_LGuard_DisputePvP_Support_HBuff_Pe
297224	23000	1	100	0	LDF5_LGuard_DisputePvP_Strike_MRArea_We
297225	23000	1	100	0	LDF5_LGuard_DisputePvP_Watch_PR_Re
297226	23000	1	100	0	LDF5_LGuard_DisputePvP_Strike_PR_Ge
297227	23000	1	100	0	LDF5_LGuard_DisputePvP_Charge_PM_Fe
297228	23000	1	100	0	LDF5_LGuard_DisputePvP_Hide_PM_Ae
297229	23000	1	100	0	LDF5_LGuard_DisputePvP_Support_HBuff_Pe
297230	23000	1	100	0	LDF5_LGuard_DisputePvP_Strike_MRArea_We
297231	23000	1	100	0	LDF5_LGuard_DisputePvP_Watch_PR_Re
297232	23000	1	100	0	LDF5_LGuard_DisputePvP_Strike_PR_Ge
297235	23000	1	100	0	LDF5_LGuard_DisputePvP_Hide_PM_Ae
297248	23000	1	100	0	LDF5_LGuard_DisputePvP_Charge_PM_Fe
297249	23000	1	100	0	LDF5_LGuard_DisputePvP_Hide_PM_Ae
297250	23000	1	100	0	LDF5_LGuard_DisputePvP_Support_HBuff_Pe
297251	23000	1	100	0	LDF5_LGuard_DisputePvP_Strike_MRArea_We
297288	23000	1	100	0	LDF5_LGuard_DisputePvP_Charge_PM_Fn
297289	23000	1	100	0	LDF5_LGuard_DisputePvP_Watch_PR_Rn
297290	23000	1	100	0	LDF5_LGuard_DisputePvP_Strike_MRArea_Wn
297291	23000	1	100	0	LDF5_LGuard_DisputePvP_Support_HBuff_Pn
297292	23000	1	100	0	LDF5_LGuard_DisputePvP_Hide_PM_Ae
297298	23000	1	100	0	LDF5_LGuard_DisputePvP_Hide_PM_Ae
297299	23000	1	100	0	LDF5_LGuard_DisputePvP_Strike_MRArea_We
297300	23000	1	100	0	LDF5_LGuard_DisputePvP_Support_HBuff_Pe
297335	23000	1	100	0	DirectPortal_LGuard_Charge_PM_Fe2
297336	23000	1	100	0	DirectPortal_DGuard_Charge_PM_Fe2
297337	23000	1	100	0	DirectPortal_LGuard_Charge_PM_Fe2
297338	23000	1	100	0	DirectPortal_DGuard_Charge_PM_Fe2
297339	23000	1	100	0	DirectPortal_LGuard_Charge_PM_Fe2
297340	23000	1	100	0	DirectPortal_DGuard_Charge_PM_Fe2
297341	23000	1	100	0	DirectPortal_LGuard_Charge_PM_Fe2
297342	23000	1	100	0	DirectPortal_DGuard_Charge_PM_Fe2
297343	23000	1	100	0	LDF5_LGuard_DisputePvP_Charge_PM_Fn
297344	23000	1	100	0	DirectPortal_LGuard_Charge_PM_Fe2
297345	23000	1	100	0	DirectPortal_DGuard_Charge_PM_Fe2
297346	23000	1	100	0	DirectPortal_LGuard_Charge_PM_Fe2
297347	23000	1	100	0	DirectPortal_DGuard_Charge_PM_Fe2
297348	23000	1	100	0	DirectPortal_LGuard_Charge_PM_Fe2
297349	23000	1	100	0	DirectPortal_DGuard_Charge_PM_Fe2
297350	23000	1	100	0	DirectPortal_LGuard_Charge_PM_Fe2
297351	23000	1	100	0	DirectPortal_DGuard_Charge_PM_Fe2
297357	23000	1	100	0	LDF5_LGuard_Safety_Chase_Fn
297358	23000	1	100	0	LDF5_LGuard_Safety_Hold_Rn
297359	23000	1	100	0	LDF5_LGuard_DisputePvP_Defend_PM_Kn
297360	23000	1	100	0	LDF5_LGuard_DisputePvP_Charge_PM_Fn
297361	23000	1	100	0	LDF5_LGuard_DisputePvP_Watch_PR_Rn
297362	23000	1	100	0	LDF5_LGuard_DisputePvP_Strike_MRArea_Wn
297363	23000	1	100	0	LDF5_LGuard_DisputePvP_Support_HBuff_Pn
297364	23000	1	100	0	LDF5_LGuard_DisputePvP_Defend_PM_Ke
297365	23000	1	100	0	LDF5_LGuard_DisputePvP_Charge_PM_Fe
297366	23000	1	100	0	LDF5_LGuard_DisputePvP_Hide_PM_Ae
297367	23000	1	100	0	LDF5_LGuard_DisputePvP_Watch_PR_Re
297368	23000	1	100	0	LDF5_LGuard_DisputePvP_Strike_PR_Ge
297369	23000	1	100	0	LDF5_LGuard_DisputePvP_Strike_MRArea_We
297370	23000	1	100	0	LDF5_LGuard_DisputePvP_Support_HBuff_Pe
297371	23000	1	100	0	LDF5_LGuard_DisputePvP_Support_Ele_Ee
297373	23000	1	100	0	LDF5_LGuard_DisputeRvR_Defend_PM_Ke
297374	23000	1	100	0	LDF5_LGuard_DisputeRvR_Charge_PM_Fe
297375	23000	1	100	0	LDF5_LGuard_DisputeRvR_Hide_PM_Ae
297376	23000	1	100	0	LDF5_LGuard_DisputeRvR_Watch_PR_Re
297377	23000	1	100	0	LDF5_LGuard_DisputeRvR_Strike_PR_Ge
297378	23000	1	100	0	LDF5_LGuard_DisputeRvR_Support_Heal_Pe
297379	23000	1	100	0	LDF5_LGuard_DisputeRvR_Support_Mez_We
297380	23000	1	100	0	LDF5_LGuard_DisputeRvR_Support_Deform_Ee
297381	23000	1	100	0	DirectPortal_LGuard_Charge_PM_Fe2
297382	23000	1	100	0	DirectPortal_DGuard_Charge_PM_Fe2
297383	23000	1	100	0	DirectPortal_LGuard_Charge_PM_Fe2
297384	23000	1	100	0	DirectPortal_DGuard_Charge_PM_Fe2
297385	23000	1	100	0	DirectPortal_LGuard_Charge_PM_Fe2
297386	23000	1	100	0	DirectPortal_DGuard_Charge_PM_Fe2
297387	23000	1	100	0	DirectPortal_LGuard_Charge_PM_Fe2
297388	23000	1	100	0	DirectPortal_DGuard_Charge_PM_Fe2
297389	23000	1	100	0	LDF5_LGuard_DisputePvP_Charge_PM_Fn
297390	23000	1	100	0	DirectPortal_LGuard_Charge_PM_Fe2
297391	23000	1	100	0	DirectPortal_DGuard_Charge_PM_Fe2
297392	23000	1	100	0	DirectPortal_LGuard_Charge_PM_Fe2
297393	23000	1	100	0	DirectPortal_DGuard_Charge_PM_Fe2
297394	23000	1	100	0	DirectPortal_LGuard_Charge_PM_Fe2
297395	23000	1	100	0	DirectPortal_DGuard_Charge_PM_Fe2
297396	23000	1	100	0	DirectPortal_LGuard_Charge_PM_Fe2
297397	23000	1	100	0	DirectPortal_DGuard_Charge_PM_Fe2
297398	23000	1	100	0	DirectPortal_LGuard_Charge_PM_Fe2
297399	23000	1	100	0	DirectPortal_DGuard_Charge_PM_Fe2
297400	23000	1	100	0	DirectPortal_LGuard_Charge_PM_Fe2
297401	23000	1	100	0	DirectPortal_DGuard_Charge_PM_Fe2
297402	23000	1	100	0	DirectPortal_LGuard_Charge_PM_Fe2
297403	23000	1	100	0	DirectPortal_DGuard_Charge_PM_Fe2
297404	23000	1	100	0	DirectPortal_LGuard_Charge_PM_Fe2
297405	23000	1	100	0	DirectPortal_DGuard_Charge_PM_Fe2
297406	23000	1	100	0	LDF5_LGuard_DisputePvP_Charge_PM_Fn
297407	23000	1	100	0	DirectPortal_LGuard_Charge_PM_Fe2
297408	23000	1	100	0	DirectPortal_DGuard_Charge_PM_Fe2
297409	23000	1	100	0	DirectPortal_LGuard_Charge_PM_Fe2
297410	23000	1	100	0	DirectPortal_DGuard_Charge_PM_Fe2
297411	23000	1	100	0	DirectPortal_LGuard_Charge_PM_Fe2
297412	23000	1	100	0	DirectPortal_DGuard_Charge_PM_Fe2
297413	23000	1	100	0	DirectPortal_LGuard_Charge_PM_Fe2
297414	23000	1	100	0	DirectPortal_DGuard_Charge_PM_Fe2
297415	23000	1	100	0	DirectPortal_LGuard_Charge_PM_Fe2
297416	23000	1	100	0	DirectPortal_DGuard_Charge_PM_Fe2
297417	23000	1	100	0	DirectPortal_LGuard_Charge_PM_Fe2
297418	23000	1	100	0	DirectPortal_DGuard_Charge_PM_Fe2
297419	23000	1	100	0	DirectPortal_LGuard_Charge_PM_Fe2
297420	23000	1	100	0	DirectPortal_DGuard_Charge_PM_Fe2
297421	23000	1	100	0	DirectPortal_LGuard_Charge_PM_Fe2
297422	23000	1	100	0	DirectPortal_DGuard_Charge_PM_Fe2
297423	23000	1	100	0	LDF5_LGuard_DisputePvP_Charge_PM_Fn
297424	23000	1	100	0	DirectPortal_LGuard_Charge_PM_Fe2
297425	23000	1	100	0	DirectPortal_DGuard_Charge_PM_Fe2
297426	23000	1	100	0	DirectPortal_LGuard_Charge_PM_Fe2
297427	23000	1	100	0	DirectPortal_DGuard_Charge_PM_Fe2
297428	23000	1	100	0	DirectPortal_LGuard_Charge_PM_Fe2
297429	23000	1	100	0	DirectPortal_DGuard_Charge_PM_Fe2
297430	23000	1	100	0	DirectPortal_LGuard_Charge_PM_Fe2
297431	23000	1	100	0	DirectPortal_DGuard_Charge_PM_Fe2
297476	23000	1	100	0	LDF5_LGuard_DisputePvP_Charge_PM_Fe
297509	23000	1	100	0	LDF5_DisputeRvR_Watch_NoBroad_Ra
297515	23000	1	100	0	LDF5_Fortress_DrGuard_Artifact_Killer
297515	30002	1000000	1000000	1	LDF5_Fortress_DrGuard_Artifact_Killer
297515	30003	-1	-1	0	LDF5_Fortress_DrGuard_Artifact_Killer
297516	23100	1	100	0	LDF5_Fortress_LDGuard_Artifact
297516	30001	1000000	1000000	1	LDF5_Fortress_LDGuard_Artifact
297517	23100	1	100	0	LDF5_Fortress_LDGuard_Artifact
297517	30001	1000000	1000000	1	LDF5_Fortress_LDGuard_Artifact
297518	23100	1	100	0	LDF5_Fortress_DrGuard_Artifact
297518	30001	1000000	1000000	1	LDF5_Fortress_DrGuard_Artifact
800511	23000	1	100	0	LDF5_DGuard_DisputeRvR_Defend_PM_Ke
800512	23000	1	100	0	LDF5_LGuard_DisputeRvR_Defend_PM_Ke
800535	23100	1	100	0	F5_PvPLight_LGuard_Kn_An
800540	23100	1	100	0	F5_PvP_LGuard_Kn_Ae
800541	23100	1	100	0	F5_PvP_LGuard_Kn_Ae
800542	23100	1	100	0	F5_PvP_LGuard_Kn_Ae
800543	23100	1	100	0	F5_PvP_LGuard_Kn_Ae
800561	23100	1	100	0	F5_PvPLight_LGuard_Kn_An
800565	23200	1	100	0	F5_PvPLight_DGuard_Kn_An
800566	23100	1	100	0	F5_PvPLight_LGuard_Kn_An
800820	23100	1	100	0	F5_PvPLight_LGuard_Kn_An
801036	23100	1	100	0	F5_PvPLight_LGuard_Kn_An
801037	23100	1	100	0	F5_PvPLight_LGuard_Kn_An
801038	23100	1	100	0	F5_PvPLight_LGuard_Kn_An
801039	23100	1	100	0	F5_PvPLight_LGuard_Kn_An
801040	23100	1	100	0	F5_PvPLight_LGuard_Kn_An
801041	23100	1	100	0	F5_PvPLight_LGuard_Kn_An
801042	23100	1	100	0	F5_PvPLight_LGuard_Kn_An
801043	23100	1	100	0	F5_PvPLight_LGuard_Kn_An
801044	23100	1	100	0	F5_PvPLight_LGuard_Kn_An
801045	23100	1	100	0	F5_PvPLight_LGuard_Kn_An
801046	23200	1	100	0	F5_PvPLight_DGuard_Kn_An
801047	23200	1	100	0	F5_PvPLight_DGuard_Kn_An
801048	23200	1	100	0	F5_PvPLight_DGuard_Kn_An
801049	23200	1	100	0	F5_PvPLight_DGuard_Kn_An
801050	23200	1	100	0	F5_PvPLight_DGuard_Kn_An
801051	23200	1	100	0	F5_PvPLight_DGuard_Kn_An
801052	23200	1	100	0	F5_PvPLight_DGuard_Kn_An
801053	23200	1	100	0	F5_PvPLight_DGuard_Kn_An
801054	23200	1	100	0	F5_PvPLight_DGuard_Kn_An
801055	23200	1	100	0	F5_PvPLight_DGuard_Kn_An
801093	23100	1	100	0	F5_PvPLight_LGuard_Kn_An
801230	23100	1	100	0	F5_PvPLight_LGuard_Kn_An
801232	23100	1	100	0	F5_PvPLight_LGuard_Kn_An
801233	23100	1	100	0	F5_PvPLight_LGuard_Kn_An
801234	23100	1	100	0	F5_PvPLight_LGuard_Kn_An
801235	23100	1	100	0	F5_PvPLight_LGuard_Kn_An
801237	23100	1	100	0	F5_PvPLight_LGuard_Kn_An
801238	23100	1	100	0	F5_PvPLight_LGuard_Kn_An
801243	23200	1	100	0	F5_PvPLight_DGuard_Kn_An
801244	23200	1	100	0	F5_PvPLight_DGuard_Kn_An
801246	23200	1	100	0	F5_PvPLight_DGuard_Kn_An
801280	23200	1	100	0	F5_PvPLight_DGuard_Kn_An
801281	23100	1	100	0	F5_PvPLight_LGuard_Kn_An
802009	23100	1	100	0	F5_PvPLight_LGuard_Kn_An
802010	23200	1	100	0	F5_PvPLight_DGuard_Kn_An
802054	23200	1	100	0	F5_PvPLight_DGuard_Kn_An
802055	23100	1	100	0	F5_PvPLight_LGuard_Kn_An
802186	23100	1	100	0	F5_PvPLight_LGuard_Kn_An
802187	23100	1	100	0	F5_PvPLight_LGuard_Kn_An
802188	23100	1	100	0	F5_PvPLight_LGuard_Kn_An
802189	23200	1	100	0	F5_PvPLight_DGuard_Kn_An
802190	23200	1	100	0	F5_PvPLight_DGuard_Kn_An
802191	23200	1	100	0	F5_PvPLight_DGuard_Kn_An
802231	23100	1	100	0	F5_PvPLight_LGuard_Kn_An
802232	23100	1	100	0	F5_PvPLight_LGuard_Kn_An
802233	23100	1	100	0	F5_PvPLight_LGuard_Kn_An
802234	23100	1	100	0	F5_PvPLight_LGuard_Kn_An
802235	23200	1	100	0	F5_PvPLight_DGuard_Kn_An
802236	23200	1	100	0	F5_PvPLight_DGuard_Kn_An
802237	23200	1	100	0	F5_PvPLight_DGuard_Kn_An
802238	23200	1	100	0	F5_PvPLight_DGuard_Kn_An
802328	23200	1	100	0	F5_PvPLight_DGuard_Kn_An
802329	23200	1	100	0	F5_PvPLight_DGuard_Kn_An
802330	23200	1	100	0	F5_PvPLight_DGuard_Kn_An
802331	23200	1	100	0	F5_PvPLight_DGuard_Kn_An
802332	23200	1	100	0	F5_PvPLight_DGuard_Kn_An
802333	23200	1	100	0	F5_PvPLight_DGuard_Kn_An
802334	23200	1	100	0	F5_PvPLight_DGuard_Kn_An
802335	23200	1	100	0	F5_PvPLight_DGuard_Kn_An
802336	23200	1	100	0	F5_PvPLight_DGuard_Kn_An
802337	23200	1	100	0	F5_PvPLight_DGuard_Kn_An
802338	23200	1	100	0	F5_PvPLight_DGuard_Kn_An
802339	23200	1	100	0	F5_PvPLight_DGuard_Kn_An
802340	23200	1	100	0	F5_PvPLight_DGuard_Kn_An
802341	23200	1	100	0	F5_PvPLight_DGuard_Kn_An
802342	23200	1	100	0	F5_PvPLight_DGuard_Kn_An
802343	23200	1	100	0	F5_PvPLight_DGuard_Kn_An
802344	23200	1	100	0	F5_PvPLight_DGuard_Kn_An
802345	23200	1	100	0	F5_PvPLight_DGuard_Kn_An
802346	23200	1	100	0	F5_PvPLight_DGuard_Kn_An
802347	23200	1	100	0	F5_PvPLight_DGuard_Kn_An
802348	23200	1	100	0	F5_PvPLight_DGuard_Kn_An
802349	23200	1	100	0	F5_PvPLight_DGuard_Kn_An
802377	23100	1	100	0	F5_PvPLight_LGuard_Kn_An
802378	23100	1	100	0	F5_PvPLight_LGuard_Kn_An
802379	23100	1	100	0	F5_PvPLight_LGuard_Kn_An
802380	23200	1	100	0	F5_PvPLight_DGuard_Kn_An
802381	23200	1	100	0	F5_PvPLight_DGuard_Kn_An
802382	23200	1	100	0	F5_PvPLight_DGuard_Kn_An
802383	23100	1	100	0	F5_PvPLight_LGuard_Kn_An
802384	23200	1	100	0	F5_PvPLight_DGuard_Kn_An
802427	23100	1	100	0	F5_PvPLight_LGuard_Kn_An
802428	23100	1	100	0	F5_PvPLight_LGuard_Kn_An
802429	23200	1	100	0	F5_PvPLight_DGuard_Kn_An
802430	23200	1	100	0	F5_PvPLight_DGuard_Kn_An
802431	23100	1	100	0	F5_PvPLight_LGuard_Kn_An
802433	23200	1	100	0	F5_PvPLight_DGuard_Kn_An
802466	23100	1	100	0	F5_PvPLight_LGuard_Kn_An
802467	23100	1	100	0	F5_PvPLight_LGuard_Kn_An
802468	23100	1	100	0	F5_PvPLight_LGuard_Kn_An
802469	23200	1	100	0	F5_PvPLight_DGuard_Kn_An
802470	23200	1	100	0	F5_PvPLight_DGuard_Kn_An
802471	23200	1	100	0	F5_PvPLight_DGuard_Kn_An
802666	23100	1	100	0	F5_PvPLight_LGuard_Kn_An
802667	23100	1	100	0	F5_PvPLight_LGuard_Kn_An
802668	23100	1	100	0	F5_PvPLight_LGuard_Kn_An
802669	23200	1	100	0	F5_PvPLight_DGuard_Kn_An
802670	23200	1	100	0	F5_PvPLight_DGuard_Kn_An
802671	23200	1	100	0	F5_PvPLight_DGuard_Kn_An
804092	23100	1	100	0	F5_PvPLight_LGuard_Kn_An
804093	23100	1	100	0	F5_PvPLight_LGuard_Kn_An
804094	23100	1	100	0	F5_PvPLight_LGuard_Kn_An
804095	23100	1	100	0	F5_PvPLight_LGuard_Kn_An
804096	23100	1	100	0	F5_PvPLight_LGuard_Kn_An
804097	23100	1	100	0	F5_PvPLight_LGuard_Kn_An
804098	23200	1	100	0	F5_PvPLight_DGuard_Kn_An
804099	23200	1	100	0	F5_PvPLight_DGuard_Kn_An
804100	23200	1	100	0	F5_PvPLight_DGuard_Kn_An
804101	23200	1	100	0	F5_PvPLight_DGuard_Kn_An
804102	23200	1	100	0	F5_PvPLight_DGuard_Kn_An
804103	23200	1	100	0	F5_PvPLight_DGuard_Kn_An
804584	23100	1	100	0	F5_PvPLight_LGuard_Kn_An
804585	23100	1	100	0	F5_PvPLight_LGuard_Kn_An
804586	23100	1	100	0	F5_PvPLight_LGuard_Kn_An
804587	23100	1	100	0	F5_PvPLight_LGuard_Kn_An
804588	23100	1	100	0	F5_PvPLight_LGuard_Kn_An
804589	23200	1	100	0	F5_PvPLight_DGuard_Kn_An
804590	23200	1	100	0	F5_PvPLight_DGuard_Kn_An
804591	23200	1	100	0	F5_PvPLight_DGuard_Kn_An
804592	23200	1	100	0	F5_PvPLight_DGuard_Kn_An
804593	23200	1	100	0	F5_PvPLight_DGuard_Kn_An
805267	23200	1	100	0	F5_PvPLight_DGuard_Kn_An
805268	23200	1	100	0	F5_PvPLight_DGuard_Kn_An
805269	23200	1	100	0	F5_PvPLight_DGuard_Kn_An
805270	23200	1	100	0	F5_PvPLight_DGuard_Kn_An
805271	23200	1	100	0	F5_PvPLight_DGuard_Kn_An
805272	23200	1	100	0	F5_PvPLight_DGuard_Kn_An
805273	23200	1	100	0	F5_PvPLight_DGuard_Kn_An
805274	23200	1	100	0	F5_PvPLight_DGuard_Kn_An
805275	23200	1	100	0	F5_PvPLight_DGuard_Kn_An
805276	23200	1	100	0	F5_PvPLight_DGuard_Kn_An
805277	23200	1	100	0	F5_PvPLight_DGuard_Kn_An
805278	23200	1	100	0	F5_PvPLight_DGuard_Kn_An
805279	23200	1	100	0	F5_PvPLight_DGuard_Kn_An
805280	23200	1	100	0	F5_PvPLight_DGuard_Kn_An
805281	23200	1	100	0	F5_PvPLight_DGuard_Kn_An
805282	23200	1	100	0	F5_PvPLight_DGuard_Kn_An
805283	23200	1	100	0	F5_PvPLight_DGuard_Kn_An
805284	23200	1	100	0	F5_PvPLight_DGuard_Kn_An
805285	23200	1	100	0	F5_PvPLight_DGuard_Kn_An
805286	23200	1	100	0	F5_PvPLight_DGuard_Kn_An
805287	23200	1	100	0	F5_PvPLight_DGuard_Kn_An
805288	23200	1	100	0	F5_PvPLight_DGuard_Kn_An
805289	23200	1	100	0	F5_PvPLight_DGuard_Kn_An
805290	23200	1	100	0	F5_PvPLight_DGuard_Kn_An
805291	23200	1	100	0	F5_PvPLight_DGuard_Kn_An
805292	23200	1	100	0	F5_PvPLight_DGuard_Kn_An
805293	23200	1	100	0	F5_PvPLight_DGuard_Kn_An
805294	23200	1	100	0	F5_PvPLight_DGuard_Kn_An
832840	23200	1	100	0	F5_PvPLight_DGuard_Kn_An
832841	23200	1	100	0	F5_PvPLight_DGuard_Kn_An
855059	23000	1	100	0	LDF5_LGuard_DisputePvP_Charge_PM_Fe
855060	23000	1	100	0	LDF5_LGuard_DisputePvP_Charge_PM_Fe
855061	23000	1	100	0	LDF5_LGuard_DisputePvP_Hide_PM_Ae
855062	23000	1	100	0	LDF5_LGuard_DisputePvP_Hide_PM_Ae
855063	23000	1	100	0	LDF5_LGuard_DisputePvP_Strike_MRArea_We
855064	23000	1	100	0	LDF5_LGuard_DisputePvP_Strike_MRArea_We
855158	23000	1	100	0	LDF5_LGuard_DisputePvP_Hide_PM_Ae
855159	23000	1	100	0	LDF5_LGuard_DisputePvP_Hide_PM_Ae
855164	23000	1	100	0	LDF5_LGuard_DisputePvP_Hide_PM_Ae
855165	23000	1	100	0	LDF5_LGuard_DisputePvP_Hide_PM_Ae
855324	23100	1	100	0	F5_PvP_LGuard_Kn_Ae
855330	23100	1	100	0	F5_PvP_LGuard_Kn_Ae
855336	23000	1	100	0	LDF5_LGuard_DisputePvP_Defend_PM_Ke
855337	23000	1	100	0	LDF5_LGuard_DisputePvP_Charge_PM_Fe
855338	23000	1	100	0	LDF5_LGuard_DisputePvP_Strike_MRArea_We
855339	23000	1	100	0	LDF5_LGuard_DisputePvP_Hide_PM_Ae
855340	23000	1	100	0	LDF5_LGuard_DisputePvP_Watch_PR_Re
855341	23000	1	100	0	LDF5_LGuard_DisputePvP_Support_HBuff_Pe
855342	23000	1	100	0	LDF5_LGuard_DisputePvP_Defend_PM_Ke
855343	23000	1	100	0	LDF5_LGuard_DisputePvP_Charge_PM_Fe
855344	23000	1	100	0	LDF5_LGuard_DisputePvP_Strike_MRArea_We
855345	23000	1	100	0	LDF5_LGuard_DisputePvP_Hide_PM_Ae
855346	23000	1	100	0	LDF5_LGuard_DisputePvP_Watch_PR_Re
855347	23000	1	100	0	LDF5_LGuard_DisputePvP_Support_HBuff_Pe
855348	23200	1	100	0	F5_PvP_DGuard_Kn_Ae
855354	23200	1	100	0	F5_PvP_DGuard_Kn_Ae
855974	23100	1	100	0	F5_PvP_LGuard_Kn_Ae
855981	23200	1	100	0	F5_PvP_DGuard_Kn_Ae
856397	23100	1	100	0	F5_PvP_LGuard_Kn_Ae
880751	23000	1	100	0	LDF5_LGuard_DisputePvP_Charge_PM_Fn
880755	23000	1	100	0	LDF5_LGuard_DisputePvP_Charge_PM_Fn
880759	23000	1	100	0	LDF5_LGuard_DisputePvP_Charge_PM_Fn
880763	23000	1	100	0	LDF5_LGuard_DisputePvP_Charge_PM_Fn
880767	23000	1	100	0	LDF5_LGuard_DisputePvP_Charge_PM_Fn
880771	23000	1	100	0	LDF5_LGuard_DisputePvP_Charge_PM_Fn
880775	23000	1	100	0	LDF5_LGuard_DisputePvP_Charge_PM_Fn
880779	23000	1	100	0	LDF5_LGuard_DisputePvP_Charge_PM_Fn
880783	23000	1	100	0	LDF5_LGuard_DisputePvP_Charge_PM_Fn
880787	23000	1	100	0	LDF5_LGuard_DisputePvP_Charge_PM_Fn
880791	23000	1	100	0	LDF5_LGuard_DisputePvP_Charge_PM_Fn
880795	23000	1	100	0	LDF5_LGuard_DisputePvP_Charge_PM_Fn
881546	23000	1	100	0	LDF5_LGuard_DisputeRvR_Charge_PM_Fe
881549	23000	1	100	0	LDF5_LGuard_DisputeRvR_Support_Mez_We
881552	23000	1	100	0	LDF5_LGuard_DisputeRvR_Support_Deform_Ee
881555	23000	1	100	0	LDF5_LGuard_DisputeRvR_Defend_PM_Ke
881556	23100	1	100	0	F5_RvR_LGuard_Kn_Ae
881557	23200	1	100	0	F5_RvR_DGuard_Kn_Ae
881561	23000	1	100	0	LDF5_DisputeRvR_Watch_NoBroad_Ra
881564	23000	1	100	0	LDF5_LGuard_DisputeRvR_Strike_PR_Ge
881608	23000	1	100	0	LDF5_LGuard_DisputePvP_Charge_PM_Fe
881609	23000	1	100	0	LDF5_LGuard_DisputePvP_Charge_PM_Fe
881610	23000	1	100	0	LDF5_LGuard_DisputePvP_Charge_PM_Fe
881611	23000	1	100	0	LDF5_LGuard_DisputePvP_Charge_PM_Fe
881612	23000	1	100	0	LDF5_LGuard_DisputePvP_Charge_PM_Fe
881613	23000	1	100	0	LDF5_LGuard_DisputePvP_Watch_PR_Rn
881614	23000	1	100	0	LDF5_LGuard_DisputePvP_Watch_PR_Rn
881615	23000	1	100	0	LDF5_LGuard_DisputePvP_Watch_PR_Rn
881616	23000	1	100	0	LDF5_LGuard_DisputePvP_Watch_PR_Rn
881617	23000	1	100	0	LDF5_LGuard_DisputePvP_Watch_PR_Rn
881618	23000	1	100	0	LDF5_LGuard_DisputePvP_Strike_MRArea_Wn
881619	23000	1	100	0	LDF5_LGuard_DisputePvP_Strike_MRArea_Wn
881620	23000	1	100	0	LDF5_LGuard_DisputePvP_Strike_MRArea_Wn
881621	23000	1	100	0	LDF5_LGuard_DisputePvP_Strike_MRArea_Wn
881622	23000	1	100	0	LDF5_LGuard_DisputePvP_Strike_MRArea_Wn
881623	23000	1	100	0	LDF5_LGuard_DisputePvP_Support_HBuff_Pn
881624	23000	1	100	0	LDF5_LGuard_DisputePvP_Support_HBuff_Pn
881625	23000	1	100	0	LDF5_LGuard_DisputePvP_Support_HBuff_Pn
881626	23000	1	100	0	LDF5_LGuard_DisputePvP_Support_HBuff_Pn
881627	23000	1	100	0	LDF5_LGuard_DisputePvP_Support_HBuff_Pn
881628	23000	1	100	0	LDF5_LGuard_DisputePvP_Charge_PM_Fe
881629	23000	1	100	0	LDF5_LGuard_DisputePvP_Charge_PM_Fe
881630	23000	1	100	0	LDF5_LGuard_DisputePvP_Charge_PM_Fe
881631	23000	1	100	0	LDF5_LGuard_DisputePvP_Charge_PM_Fe
881632	23000	1	100	0	LDF5_LGuard_DisputePvP_Charge_PM_Fe
881633	23000	1	100	0	LDF5_LGuard_DisputePvP_Watch_PR_Rn
881634	23000	1	100	0	LDF5_LGuard_DisputePvP_Watch_PR_Rn
881635	23000	1	100	0	LDF5_LGuard_DisputePvP_Watch_PR_Rn
881636	23000	1	100	0	LDF5_LGuard_DisputePvP_Watch_PR_Rn
881637	23000	1	100	0	LDF5_LGuard_DisputePvP_Watch_PR_Rn
881638	23000	1	100	0	LDF5_LGuard_DisputePvP_Strike_MRArea_Wn
881639	23000	1	100	0	LDF5_LGuard_DisputePvP_Strike_MRArea_Wn
881640	23000	1	100	0	LDF5_LGuard_DisputePvP_Strike_MRArea_Wn
881641	23000	1	100	0	LDF5_LGuard_DisputePvP_Strike_MRArea_Wn
881642	23000	1	100	0	LDF5_LGuard_DisputePvP_Strike_MRArea_Wn
881643	23000	1	100	0	LDF5_LGuard_DisputePvP_Support_HBuff_Pn
881644	23000	1	100	0	LDF5_LGuard_DisputePvP_Support_HBuff_Pn
881645	23000	1	100	0	LDF5_LGuard_DisputePvP_Support_HBuff_Pn
881646	23000	1	100	0	LDF5_LGuard_DisputePvP_Support_HBuff_Pn
881647	23000	1	100	0	LDF5_LGuard_DisputePvP_Support_HBuff_Pn
881648	23000	1	100	0	LDF5_LGuard_DisputePvP_Hide_PM_Ae
881649	23000	1	100	0	LDF5_LGuard_DisputePvP_Hide_PM_Ae
881650	23000	1	100	0	LDF5_LGuard_DisputePvP_Hide_PM_Ae
881651	23000	1	100	0	LDF5_LGuard_DisputePvP_Hide_PM_Ae
881652	23000	1	100	0	LDF5_LGuard_DisputePvP_Hide_PM_Ae
881653	23000	1	100	0	LDF5_LGuard_DisputePvP_Watch_PR_Rn
881654	23000	1	100	0	LDF5_LGuard_DisputePvP_Watch_PR_Rn
881655	23000	1	100	0	LDF5_LGuard_DisputePvP_Watch_PR_Rn
881656	23000	1	100	0	LDF5_LGuard_DisputePvP_Watch_PR_Rn
881657	23000	1	100	0	LDF5_LGuard_DisputePvP_Watch_PR_Rn
881658	23000	1	100	0	LDF5_LGuard_DisputePvP_Strike_MRArea_Wn
881659	23000	1	100	0	LDF5_LGuard_DisputePvP_Strike_MRArea_Wn
881660	23000	1	100	0	LDF5_LGuard_DisputePvP_Strike_MRArea_Wn
881661	23000	1	100	0	LDF5_LGuard_DisputePvP_Strike_MRArea_Wn
881662	23000	1	100	0	LDF5_LGuard_DisputePvP_Strike_MRArea_Wn
881663	23000	1	100	0	LDF5_LGuard_DisputePvP_Support_HBuff_Pn
881664	23000	1	100	0	LDF5_LGuard_DisputePvP_Support_HBuff_Pn
881665	23000	1	100	0	LDF5_LGuard_DisputePvP_Support_HBuff_Pn
881666	23000	1	100	0	LDF5_LGuard_DisputePvP_Support_HBuff_Pn
881667	23000	1	100	0	LDF5_LGuard_DisputePvP_Support_HBuff_Pn
881668	23000	1	100	0	LDF5_LGuard_DisputePvP_Hide_PM_Ae
881669	23000	1	100	0	LDF5_LGuard_DisputePvP_Hide_PM_Ae
881670	23000	1	100	0	LDF5_LGuard_DisputePvP_Hide_PM_Ae
881671	23000	1	100	0	LDF5_LGuard_DisputePvP_Hide_PM_Ae
881672	23000	1	100	0	LDF5_LGuard_DisputePvP_Hide_PM_Ae
881673	23000	1	100	0	LDF5_LGuard_DisputePvP_Watch_PR_Rn
881674	23000	1	100	0	LDF5_LGuard_DisputePvP_Watch_PR_Rn
881675	23000	1	100	0	LDF5_LGuard_DisputePvP_Watch_PR_Rn
881676	23000	1	100	0	LDF5_LGuard_DisputePvP_Watch_PR_Rn
881677	23000	1	100	0	LDF5_LGuard_DisputePvP_Watch_PR_Rn
881678	23000	1	100	0	LDF5_LGuard_DisputePvP_Strike_MRArea_Wn
881679	23000	1	100	0	LDF5_LGuard_DisputePvP_Strike_MRArea_Wn
881680	23000	1	100	0	LDF5_LGuard_DisputePvP_Strike_MRArea_Wn
881681	23000	1	100	0	LDF5_LGuard_DisputePvP_Strike_MRArea_Wn
881682	23000	1	100	0	LDF5_LGuard_DisputePvP_Strike_MRArea_Wn
881683	23000	1	100	0	LDF5_LGuard_DisputePvP_Support_HBuff_Pn
881684	23000	1	100	0	LDF5_LGuard_DisputePvP_Support_HBuff_Pn
881685	23000	1	100	0	LDF5_LGuard_DisputePvP_Support_HBuff_Pn
881686	23000	1	100	0	LDF5_LGuard_DisputePvP_Support_HBuff_Pn
881687	23000	1	100	0	LDF5_LGuard_DisputePvP_Support_HBuff_Pn
881688	23000	1	100	0	LDF5_LGuard_DisputePvP_Hide_PM_Ae
881689	23000	1	100	0	LDF5_LGuard_DisputePvP_Hide_PM_Ae
881690	23000	1	100	0	LDF5_LGuard_DisputePvP_Hide_PM_Ae
881691	23000	1	100	0	LDF5_LGuard_DisputePvP_Hide_PM_Ae
881692	23000	1	100	0	LDF5_LGuard_DisputePvP_Hide_PM_Ae
881693	23000	1	100	0	LDF5_LGuard_DisputePvP_Watch_PR_Rn
881694	23000	1	100	0	LDF5_LGuard_DisputePvP_Watch_PR_Rn
881695	23000	1	100	0	LDF5_LGuard_DisputePvP_Watch_PR_Rn
881696	23000	1	100	0	LDF5_LGuard_DisputePvP_Watch_PR_Rn
881697	23000	1	100	0	LDF5_LGuard_DisputePvP_Watch_PR_Rn
881698	23000	1	100	0	LDF5_LGuard_DisputePvP_Strike_MRArea_Wn
881699	23000	1	100	0	LDF5_LGuard_DisputePvP_Strike_MRArea_Wn
881700	23000	1	100	0	LDF5_LGuard_DisputePvP_Strike_MRArea_Wn
881701	23000	1	100	0	LDF5_LGuard_DisputePvP_Strike_MRArea_Wn
881702	23000	1	100	0	LDF5_LGuard_DisputePvP_Strike_MRArea_Wn
881703	23000	1	100	0	LDF5_LGuard_DisputePvP_Support_HBuff_Pn
881704	23000	1	100	0	LDF5_LGuard_DisputePvP_Support_HBuff_Pn
881705	23000	1	100	0	LDF5_LGuard_DisputePvP_Support_HBuff_Pn
881706	23000	1	100	0	LDF5_LGuard_DisputePvP_Support_HBuff_Pn
881707	23000	1	100	0	LDF5_LGuard_DisputePvP_Support_HBuff_Pn
881708	23000	1	100	0	LDF5_LGuard_DisputePvP_Hide_PM_Ae
881709	23000	1	100	0	LDF5_LGuard_DisputePvP_Hide_PM_Ae
881710	23000	1	100	0	LDF5_LGuard_DisputePvP_Hide_PM_Ae
881711	23000	1	100	0	LDF5_LGuard_DisputePvP_Hide_PM_Ae
881712	23000	1	100	0	LDF5_LGuard_DisputePvP_Hide_PM_Ae
881713	23000	1	100	0	LDF5_LGuard_DisputePvP_Watch_PR_Rn
881714	23000	1	100	0	LDF5_LGuard_DisputePvP_Watch_PR_Rn
881715	23000	1	100	0	LDF5_LGuard_DisputePvP_Watch_PR_Rn
881716	23000	1	100	0	LDF5_LGuard_DisputePvP_Watch_PR_Rn
881717	23000	1	100	0	LDF5_LGuard_DisputePvP_Watch_PR_Rn
881718	23000	1	100	0	LDF5_LGuard_DisputePvP_Strike_MRArea_Wn
881719	23000	1	100	0	LDF5_LGuard_DisputePvP_Strike_MRArea_Wn
881720	23000	1	100	0	LDF5_LGuard_DisputePvP_Strike_MRArea_Wn
881721	23000	1	100	0	LDF5_LGuard_DisputePvP_Strike_MRArea_Wn
881722	23000	1	100	0	LDF5_LGuard_DisputePvP_Strike_MRArea_Wn
881723	23000	1	100	0	LDF5_LGuard_DisputePvP_Support_HBuff_Pn
881724	23000	1	100	0	LDF5_LGuard_DisputePvP_Support_HBuff_Pn
881725	23000	1	100	0	LDF5_LGuard_DisputePvP_Support_HBuff_Pn
881726	23000	1	100	0	LDF5_LGuard_DisputePvP_Support_HBuff_Pn
881727	23000	1	100	0	LDF5_LGuard_DisputePvP_Support_HBuff_Pn
881738	23000	1	100	0	LDF5_LGuard_DisputePvP_Charge_PM_Fe
881739	23000	1	100	0	LDF5_LGuard_DisputePvP_Charge_PM_Fe
881740	23000	1	100	0	LDF5_LGuard_DisputePvP_Charge_PM_Fe
881741	23000	1	100	0	LDF5_LGuard_DisputePvP_Charge_PM_Fe
881742	23000	1	100	0	LDF5_LGuard_DisputePvP_Charge_PM_Fe
881753	23000	1	100	0	LDF5_LGuard_DisputePvP_Watch_PR_Rn
881754	23000	1	100	0	LDF5_LGuard_DisputePvP_Watch_PR_Rn
881755	23000	1	100	0	LDF5_LGuard_DisputePvP_Watch_PR_Rn
881756	23000	1	100	0	LDF5_LGuard_DisputePvP_Watch_PR_Rn
881757	23000	1	100	0	LDF5_LGuard_DisputePvP_Watch_PR_Rn
881768	23000	1	100	0	LDF5_LGuard_DisputePvP_Strike_MRArea_Wn
881769	23000	1	100	0	LDF5_LGuard_DisputePvP_Strike_MRArea_Wn
881770	23000	1	100	0	LDF5_LGuard_DisputePvP_Strike_MRArea_Wn
881771	23000	1	100	0	LDF5_LGuard_DisputePvP_Strike_MRArea_Wn
881772	23000	1	100	0	LDF5_LGuard_DisputePvP_Strike_MRArea_Wn
881783	23000	1	100	0	LDF5_LGuard_DisputePvP_Support_HBuff_Pn
881784	23000	1	100	0	LDF5_LGuard_DisputePvP_Support_HBuff_Pn
881785	23000	1	100	0	LDF5_LGuard_DisputePvP_Support_HBuff_Pn
881786	23000	1	100	0	LDF5_LGuard_DisputePvP_Support_HBuff_Pn
881787	23000	1	100	0	LDF5_LGuard_DisputePvP_Support_HBuff_Pn
881798	23000	1	100	0	LDF5_LGuard_DisputePvP_Charge_PM_Fe
881799	23000	1	100	0	LDF5_LGuard_DisputePvP_Charge_PM_Fe
881800	23000	1	100	0	LDF5_LGuard_DisputePvP_Charge_PM_Fe
881801	23000	1	100	0	LDF5_LGuard_DisputePvP_Charge_PM_Fe
881802	23000	1	100	0	LDF5_LGuard_DisputePvP_Charge_PM_Fe
881813	23000	1	100	0	LDF5_LGuard_DisputePvP_Watch_PR_Rn
881814	23000	1	100	0	LDF5_LGuard_DisputePvP_Watch_PR_Rn
881815	23000	1	100	0	LDF5_LGuard_DisputePvP_Watch_PR_Rn
881816	23000	1	100	0	LDF5_LGuard_DisputePvP_Watch_PR_Rn
881817	23000	1	100	0	LDF5_LGuard_DisputePvP_Watch_PR_Rn
881828	23000	1	100	0	LDF5_LGuard_DisputePvP_Strike_MRArea_Wn
881829	23000	1	100	0	LDF5_LGuard_DisputePvP_Strike_MRArea_Wn
881830	23000	1	100	0	LDF5_LGuard_DisputePvP_Strike_MRArea_Wn
881831	23000	1	100	0	LDF5_LGuard_DisputePvP_Strike_MRArea_Wn
881832	23000	1	100	0	LDF5_LGuard_DisputePvP_Strike_MRArea_Wn
881843	23000	1	100	0	LDF5_LGuard_DisputePvP_Support_HBuff_Pn
881844	23000	1	100	0	LDF5_LGuard_DisputePvP_Support_HBuff_Pn
881845	23000	1	100	0	LDF5_LGuard_DisputePvP_Support_HBuff_Pn
881846	23000	1	100	0	LDF5_LGuard_DisputePvP_Support_HBuff_Pn
881847	23000	1	100	0	LDF5_LGuard_DisputePvP_Support_HBuff_Pn
881858	23000	1	100	0	LDF5_LGuard_DisputePvP_Charge_PM_Fe
881859	23000	1	100	0	LDF5_LGuard_DisputePvP_Charge_PM_Fe
881860	23000	1	100	0	LDF5_LGuard_DisputePvP_Charge_PM_Fe
881861	23000	1	100	0	LDF5_LGuard_DisputePvP_Charge_PM_Fe
881862	23000	1	100	0	LDF5_LGuard_DisputePvP_Charge_PM_Fe
881873	23000	1	100	0	LDF5_LGuard_DisputePvP_Watch_PR_Rn
881874	23000	1	100	0	LDF5_LGuard_DisputePvP_Watch_PR_Rn
881875	23000	1	100	0	LDF5_LGuard_DisputePvP_Watch_PR_Rn
881876	23000	1	100	0	LDF5_LGuard_DisputePvP_Watch_PR_Rn
881877	23000	1	100	0	LDF5_LGuard_DisputePvP_Watch_PR_Rn
881888	23000	1	100	0	LDF5_LGuard_DisputePvP_Strike_MRArea_Wn
881889	23000	1	100	0	LDF5_LGuard_DisputePvP_Strike_MRArea_Wn
881890	23000	1	100	0	LDF5_LGuard_DisputePvP_Strike_MRArea_Wn
881891	23000	1	100	0	LDF5_LGuard_DisputePvP_Strike_MRArea_Wn
881892	23000	1	100	0	LDF5_LGuard_DisputePvP_Strike_MRArea_Wn
881910	23000	1	100	0	LDF5_LGuard_DisputePvP_Charge_PM_Fe
881913	23000	1	100	0	LDF5_LGuard_DisputePvP_Watch_PR_Rn
881916	23000	1	100	0	LDF5_LGuard_DisputePvP_Strike_MRArea_Wn
881919	23000	1	100	0	LDF5_LGuard_DisputePvP_Support_HBuff_Pn
881920	23000	1	100	0	LDF5_LGuard_DisputePvP_Charge_PM_Fe
881921	23000	1	100	0	LDF5_LGuard_DisputePvP_Charge_PM_Fe
881922	23000	1	100	0	LDF5_LGuard_DisputePvP_Charge_PM_Fe
881923	23000	1	100	0	LDF5_LGuard_DisputePvP_Charge_PM_Fe
881924	23000	1	100	0	LDF5_LGuard_DisputePvP_Charge_PM_Fe
881925	23000	1	100	0	LDF5_LGuard_DisputePvP_Watch_PR_Rn
881926	23000	1	100	0	LDF5_LGuard_DisputePvP_Watch_PR_Rn
881927	23000	1	100	0	LDF5_LGuard_DisputePvP_Watch_PR_Rn
881928	23000	1	100	0	LDF5_LGuard_DisputePvP_Watch_PR_Rn
881929	23000	1	100	0	LDF5_LGuard_DisputePvP_Watch_PR_Rn
881930	23000	1	100	0	LDF5_LGuard_DisputePvP_Strike_MRArea_Wn
881931	23000	1	100	0	LDF5_LGuard_DisputePvP_Strike_MRArea_Wn
881932	23000	1	100	0	LDF5_LGuard_DisputePvP_Strike_MRArea_Wn
881933	23000	1	100	0	LDF5_LGuard_DisputePvP_Strike_MRArea_Wn
881934	23000	1	100	0	LDF5_LGuard_DisputePvP_Strike_MRArea_Wn
881935	23000	1	100	0	LDF5_LGuard_DisputePvP_Support_HBuff_Pn
881936	23000	1	100	0	LDF5_LGuard_DisputePvP_Support_HBuff_Pn
881937	23000	1	100	0	LDF5_LGuard_DisputePvP_Support_HBuff_Pn
881938	23000	1	100	0	LDF5_LGuard_DisputePvP_Support_HBuff_Pn
881939	23000	1	100	0	LDF5_LGuard_DisputePvP_Support_HBuff_Pn
881940	23000	1	100	0	LDF5_LGuard_DisputePvP_Charge_PM_Fe
881941	23000	1	100	0	LDF5_LGuard_DisputePvP_Charge_PM_Fe
881942	23000	1	100	0	LDF5_LGuard_DisputePvP_Charge_PM_Fe
881943	23000	1	100	0	LDF5_LGuard_DisputePvP_Charge_PM_Fe
881944	23000	1	100	0	LDF5_LGuard_DisputePvP_Charge_PM_Fe
881945	23000	1	100	0	LDF5_LGuard_DisputePvP_Watch_PR_Rn
881946	23000	1	100	0	LDF5_LGuard_DisputePvP_Watch_PR_Rn
881947	23000	1	100	0	LDF5_LGuard_DisputePvP_Watch_PR_Rn
881948	23000	1	100	0	LDF5_LGuard_DisputePvP_Watch_PR_Rn
881949	23000	1	100	0	LDF5_LGuard_DisputePvP_Watch_PR_Rn
881950	23000	1	100	0	LDF5_LGuard_DisputePvP_Strike_MRArea_Wn
881951	23000	1	100	0	LDF5_LGuard_DisputePvP_Strike_MRArea_Wn
881952	23000	1	100	0	LDF5_LGuard_DisputePvP_Strike_MRArea_Wn
881953	23000	1	100	0	LDF5_LGuard_DisputePvP_Strike_MRArea_Wn
881954	23000	1	100	0	LDF5_LGuard_DisputePvP_Strike_MRArea_Wn
881955	23000	1	100	0	LDF5_LGuard_DisputePvP_Support_HBuff_Pn
881956	23000	1	100	0	LDF5_LGuard_DisputePvP_Support_HBuff_Pn
881957	23000	1	100	0	LDF5_LGuard_DisputePvP_Support_HBuff_Pn
881958	23000	1	100	0	LDF5_LGuard_DisputePvP_Support_HBuff_Pn
881959	23000	1	100	0	LDF5_LGuard_DisputePvP_Support_HBuff_Pn
881960	23000	1	100	0	LDF5_LGuard_DisputePvP_Charge_PM_Fe
881961	23000	1	100	0	LDF5_LGuard_DisputePvP_Charge_PM_Fe
881962	23000	1	100	0	LDF5_LGuard_DisputePvP_Charge_PM_Fe
881963	23000	1	100	0	LDF5_LGuard_DisputePvP_Charge_PM_Fe
881964	23000	1	100	0	LDF5_LGuard_DisputePvP_Charge_PM_Fe
881965	23000	1	100	0	LDF5_LGuard_DisputePvP_Charge_PM_Fe
881966	23000	1	100	0	LDF5_LGuard_DisputePvP_Charge_PM_Fe
881967	23000	1	100	0	LDF5_LGuard_DisputePvP_Charge_PM_Fe
881968	23000	1	100	0	LDF5_LGuard_DisputePvP_Charge_PM_Fe
881969	23000	1	100	0	LDF5_LGuard_DisputePvP_Charge_PM_Fe
881970	23000	1	100	0	LDF5_LGuard_DisputePvP_Charge_PM_Fe
881971	23000	1	100	0	LDF5_LGuard_DisputePvP_Charge_PM_Fe
881972	23000	1	100	0	LDF5_LGuard_DisputePvP_Charge_PM_Fe
881973	23000	1	100	0	LDF5_LGuard_DisputePvP_Charge_PM_Fe
881974	23000	1	100	0	LDF5_LGuard_DisputePvP_Charge_PM_Fe
881980	23000	1	100	0	LDF5_LGuard_DisputePvP_Charge_PM_Fe
882001	23000	1	100	0	LDF5_LGuard_DisputePvP_Charge_PM_Fn
882002	23000	1	100	0	LDF5_LGuard_DisputePvP_Strike_MRArea_Wn
882003	23000	1	100	0	LDF5_LGuard_DisputePvP_Watch_PR_Rn
882004	23000	1	100	0	LDF5_LGuard_DisputePvP_Support_HBuff_Pe
882005	23000	1	100	0	LDF5_LGuard_DisputeRvR_Watch_PR_Re
882006	23000	1	100	0	LDF5_LGuard_DisputeRvR_Watch_PR_Re
882007	23000	1	100	0	LDF5_LGuard_DisputeRvR_Watch_PR_Re
882008	23000	1	100	0	LDF5_LGuard_DisputeRvR_Watch_PR_Re
882009	23000	1	100	0	LDF5_LGuard_DisputeRvR_Watch_PR_Re
882028	23000	1	100	0	LDF5_LGuard_DisputePvP_Charge_PM_Fn
882029	23000	1	100	0	LDF5_LGuard_DisputePvP_Strike_MRArea_Wn
882030	23000	1	100	0	LDF5_LGuard_DisputePvP_Watch_PR_Rn
882031	23000	1	100	0	LDF5_LGuard_DisputePvP_Support_HBuff_Pe
882032	23000	1	100	0	LDF5_LGuard_DisputeRvR_Watch_PR_Re
882033	23000	1	100	0	LDF5_LGuard_DisputeRvR_Watch_PR_Re
882034	23000	1	100	0	LDF5_LGuard_DisputeRvR_Watch_PR_Re
882035	23000	1	100	0	LDF5_LGuard_DisputeRvR_Watch_PR_Re
882036	23000	1	100	0	LDF5_LGuard_DisputeRvR_Watch_PR_Re
882055	23000	1	100	0	LDF5_LGuard_DisputePvP_Charge_PM_Fn
882056	23000	1	100	0	LDF5_LGuard_DisputePvP_Strike_MRArea_Wn
882057	23000	1	100	0	LDF5_LGuard_DisputePvP_Watch_PR_Rn
882058	23000	1	100	0	LDF5_LGuard_DisputePvP_Support_HBuff_Pe
882059	23000	1	100	0	LDF5_LGuard_DisputeRvR_Watch_PR_Re
882060	23000	1	100	0	LDF5_LGuard_DisputeRvR_Watch_PR_Re
882061	23000	1	100	0	LDF5_LGuard_DisputeRvR_Watch_PR_Re
882062	23000	1	100	0	LDF5_LGuard_DisputeRvR_Watch_PR_Re
882063	23000	1	100	0	LDF5_LGuard_DisputeRvR_Watch_PR_Re
882082	23000	1	100	0	LDF5_LGuard_DisputePvP_Charge_PM_Fn
882083	23000	1	100	0	LDF5_LGuard_DisputePvP_Strike_MRArea_Wn
882084	23000	1	100	0	LDF5_LGuard_DisputePvP_Watch_PR_Rn
882085	23000	1	100	0	LDF5_LGuard_DisputePvP_Support_HBuff_Pe
882086	23000	1	100	0	LDF5_LGuard_DisputeRvR_Watch_PR_Re
882087	23000	1	100	0	LDF5_LGuard_DisputeRvR_Watch_PR_Re
882088	23000	1	100	0	LDF5_LGuard_DisputeRvR_Watch_PR_Re
882089	23000	1	100	0	LDF5_LGuard_DisputeRvR_Watch_PR_Re
882090	23000	1	100	0	LDF5_LGuard_DisputeRvR_Watch_PR_Re
882109	23000	1	100	0	LDF5_LGuard_DisputePvP_Charge_PM_Fn
882110	23000	1	100	0	LDF5_LGuard_DisputePvP_Strike_MRArea_Wn
882111	23000	1	100	0	LDF5_LGuard_DisputePvP_Watch_PR_Rn
882112	23000	1	100	0	LDF5_LGuard_DisputePvP_Support_HBuff_Pe
882113	23000	1	100	0	LDF5_LGuard_DisputeRvR_Watch_PR_Re
882114	23000	1	100	0	LDF5_LGuard_DisputeRvR_Watch_PR_Re
882115	23000	1	100	0	LDF5_LGuard_DisputeRvR_Watch_PR_Re
882116	23000	1	100	0	LDF5_LGuard_DisputeRvR_Watch_PR_Re
882117	23000	1	100	0	LDF5_LGuard_DisputeRvR_Watch_PR_Re
882136	23000	1	100	0	LDF5_LGuard_DisputePvP_Charge_PM_Fn
882137	23000	1	100	0	LDF5_LGuard_DisputePvP_Strike_MRArea_Wn
882138	23000	1	100	0	LDF5_LGuard_DisputePvP_Watch_PR_Rn
882139	23000	1	100	0	LDF5_LGuard_DisputePvP_Support_HBuff_Pe
882140	23000	1	100	0	LDF5_LGuard_DisputeRvR_Watch_PR_Re
882141	23000	1	100	0	LDF5_LGuard_DisputeRvR_Watch_PR_Re
882142	23000	1	100	0	LDF5_LGuard_DisputeRvR_Watch_PR_Re
882143	23000	1	100	0	LDF5_LGuard_DisputeRvR_Watch_PR_Re
882144	23000	1	100	0	LDF5_LGuard_DisputeRvR_Watch_PR_Re
882163	23000	1	100	0	LDF5_LGuard_DisputePvP_Charge_PM_Fn
882164	23000	1	100	0	LDF5_LGuard_DisputePvP_Strike_MRArea_Wn
882165	23000	1	100	0	LDF5_LGuard_DisputePvP_Watch_PR_Rn
882166	23000	1	100	0	LDF5_LGuard_DisputePvP_Support_HBuff_Pe
882167	23000	1	100	0	LDF5_LGuard_DisputeRvR_Watch_PR_Re
882168	23000	1	100	0	LDF5_LGuard_DisputeRvR_Watch_PR_Re
882169	23000	1	100	0	LDF5_LGuard_DisputeRvR_Watch_PR_Re
882170	23000	1	100	0	LDF5_LGuard_DisputeRvR_Watch_PR_Re
882171	23000	1	100	0	LDF5_LGuard_DisputeRvR_Watch_PR_Re
882190	23000	1	100	0	LDF5_LGuard_DisputePvP_Charge_PM_Fn
882191	23000	1	100	0	LDF5_LGuard_DisputePvP_Strike_MRArea_Wn
882192	23000	1	100	0	LDF5_LGuard_DisputePvP_Watch_PR_Rn
882193	23000	1	100	0	LDF5_LGuard_DisputePvP_Support_HBuff_Pe
882194	23000	1	100	0	LDF5_LGuard_DisputeRvR_Watch_PR_Re
882195	23000	1	100	0	LDF5_LGuard_DisputeRvR_Watch_PR_Re
882196	23000	1	100	0	LDF5_LGuard_DisputeRvR_Watch_PR_Re
882197	23000	1	100	0	LDF5_LGuard_DisputeRvR_Watch_PR_Re
882198	23000	1	100	0	LDF5_LGuard_DisputeRvR_Watch_PR_Re
882217	23000	1	100	0	LDF5_LGuard_DisputePvP_Charge_PM_Fn
882218	23000	1	100	0	LDF5_LGuard_DisputePvP_Strike_MRArea_Wn
882219	23000	1	100	0	LDF5_LGuard_DisputePvP_Watch_PR_Rn
882220	23000	1	100	0	LDF5_LGuard_DisputePvP_Support_HBuff_Pe
882221	23000	1	100	0	LDF5_LGuard_DisputeRvR_Watch_PR_Re
882222	23000	1	100	0	LDF5_LGuard_DisputeRvR_Watch_PR_Re
882223	23000	1	100	0	LDF5_LGuard_DisputeRvR_Watch_PR_Re
882224	23000	1	100	0	LDF5_LGuard_DisputeRvR_Watch_PR_Re
882225	23000	1	100	0	LDF5_LGuard_DisputeRvR_Watch_PR_Re
882244	23000	1	100	0	LDF5_LGuard_DisputePvP_Charge_PM_Fn
882245	23000	1	100	0	LDF5_LGuard_DisputePvP_Strike_MRArea_Wn
882246	23000	1	100	0	LDF5_LGuard_DisputePvP_Watch_PR_Rn
882247	23000	1	100	0	LDF5_LGuard_DisputePvP_Support_HBuff_Pe
882248	23000	1	100	0	LDF5_LGuard_DisputeRvR_Watch_PR_Re
882249	23000	1	100	0	LDF5_LGuard_DisputeRvR_Watch_PR_Re
882250	23000	1	100	0	LDF5_LGuard_DisputeRvR_Watch_PR_Re
882251	23000	1	100	0	LDF5_LGuard_DisputeRvR_Watch_PR_Re
882252	23000	1	100	0	LDF5_LGuard_DisputeRvR_Watch_PR_Re
