uses	world	expression
1190	ab1	SpecialServer_Cond == 1
1048	ab1	SpecialServer_Cond == 0
521	iddc1_dreadgion	dreadgion_finish_n == 1
370	IDLDF5_Under_03	N_WAVE_01 == 1
362	IDLDF5_Under_03	N_WAVE_03 == 1
362	IDLDF5_Under_03	N_WAVE_04 == 1
354	IDLDF5_Under_03	N_WAVE_02 == 1
269	df2a	DirectPortalDest_41 == 1
264	lf2a	DirectPortalDest_42 == 1
170	IDTransform	level_check == 66
170	IDTransform	level_check == 67
170	IDTransform	level_check == 68
170	IDTransform	level_check == 69
170	IDTransform	level_check == 70
170	IDTransform	level_check == 71
170	IDTransform	level_check == 72
170	IDTransform	level_check == 73
170	IDTransform	level_check == 74
170	IDTransform	level_check == 75
150	ab1	phase2 == 1
140	GAb1_01	GAb1_PvPStatus == 1
140	lf4	ldf4_sp_craid == 1
139	IDDF2_Dflame_Event	IDDF2_Dflame_Event_Reward == 1
138	lf4	ldf4_sp_c01 == 1
136	lf4	ldf4_sp_c02 == 1
136	lf4	ldf4_sp_craid == 2
126	idarena_team01	s2_track == 1
126	idarena_team01	s2_track == 2
126	idarena_team01	s2_track == 3
122	ab1	(InterServer_Cond == 0) && (SpecialServer_Cond == 0)
119	IDAb1_Ere	statdown == 1
118	idstation	(IDStation_Score <= 11) && (IDStation_Score >= 0)
109	IDAb1_Ere	da_play == 1
109	IDAb1_Ere	li_play == 1
108	GAb1_01	(v01 == 1) && (GAb1_PvPStatus == 3)
108	GAb1_01	(v01 == 6) && (GAb1_PvPStatus == 3)
108	GAb1_01	(v01 ==11) && (GAb1_PvPStatus == 3)
108	GAb1_01	(v01 ==16) && (GAb1_PvPStatus == 3)
108	GAb1_01	(v03 == 1) && (GAb1_PvPStatus == 3)
108	GAb1_01	(v03 == 11) && (GAb1_PvPStatus == 3)
108	GAb1_01	(v03 == 16) && (GAb1_PvPStatus == 3)
108	GAb1_01	(v03 == 6) && (GAb1_PvPStatus == 3)
108	GAb1_01	(v04 == 1) && (GAb1_PvPStatus == 3)
108	GAb1_01	(v04 == 11) && (GAb1_PvPStatus == 3)
108	GAb1_01	(v04 == 16) && (GAb1_PvPStatus == 3)
108	GAb1_01	(v04 == 6) && (GAb1_PvPStatus == 3)
108	iddc1_dreadgion	dreadgion_weapon_a > 0
108	iddc1_dreadgion	dreadgion_weapon_b > 0
107	LDF4_Advance	v13==2
107	LDF4_Advance	v13==3
106	GAb1_01	(v02 == 1) && (GAb1_PvPStatus == 3)
106	GAb1_01	(v02 == 11) && (GAb1_PvPStatus == 3)
106	GAb1_01	(v02 == 16) && (GAb1_PvPStatus == 3)
106	GAb1_01	(v02 == 6) && (GAb1_PvPStatus == 3)
105	ab1	WORLDRAID_03 == 1
104	iddc1_dreadgion	dreadgion_weapon_a > 1
104	iddc1_dreadgion	dreadgion_weapon_b > 1
103	df5	directpotal_p1 == 1
101	ab1	WORLDRAID_02 == 1
100	ab1	WORLDRAID_01 == 1
98	iddf2flying_event01	(Condition_S3>=1)&&(Condition_S3<=172)
96	GAb1_01	GAb1_PvPStatus == 2
94	ab1	(InterServer_Cond == 0) && (SpecialServer_Cond == 0) && (L_BuildupLevel >= 6)
92	GAb1_01	(v01 == 21) && (GAb1_PvPStatus == 3)
92	GAb1_01	(v03 == 21) && (GAb1_PvPStatus == 3)
92	GAb1_01	(v04 == 21) && (GAb1_PvPStatus == 3)
91	ab1	(InterServer_Cond == 0) && (SpecialServer_Cond == 0) && (D_BuildupLevel >= 6)
91	idasteria_iu_party	Condition_S1>=2
90	GAb1_01	(v02 == 21) && (GAb1_PvPStatus == 3)
84	IDDF2_Dflame_Event	BOSSROOM_START == 1
84	IDInfinity	event == 1
80	iddc1_dreadgion	(dreadgion_strong_raid > 0) && (dreadgion_strong_raid < 3)
80	IDDF2_Dflame_Event	BOSSROOM_N4 == 1
80	df5	directpotal_p2 == 1
80	ab1	v06==3
80	LDF4_Advance	v07==2
79	IDDF2_Dflame_Event	BOSSROOM_N3 == 1
79	ab1	v06==2
79	LDF4_Advance	v07==3
77	LDF4_Advance	v04==2
77	LDF4_Advance	v04==3
76	idasteria_iu_party	Condition_S1==1
72	IDDF2_Dflame_Event	BOSSROOM_N2 == 1
72	iddc1_dreadgion	dreadgion_raid_01 == 1
72	iddc1_dreadgion	dreadgion_raid_02 == 1
72	iddc1_dreadgion	dreadgion_raid_03 == 1
72	ldf5b	v17==2
72	ldf5b	v17==3
71	DF4_M	ldf4_sp_craid == 3
71	LDF4_Advance	v03==2
71	LDF4_Advance	v03==3
70	iddf2flying_event01	(Condition_S2>=64)&&(Condition_S2<=129)
70	iddf2flying_event01	(Condition_S3>=106)&&(Condition_S3<=172)
69	DF4_M	ldf4_sp_c03 == 1
69	DF4_M	ldf4_sp_c04 == 1
69	DF4_M	ldf4_sp_craid == 4
68	LDF4_Advance	v12==2
68	LDF4_Advance	v12==3
67	LDF4_Advance	v13==1
66	IDAbRe_Up3_Crotan_02	(Tbox_01 ==1)&&(Start ==1)
66	IDAbRe_Up3_Crotan_02	(Tbox_02 ==1)&&(Start ==1)
66	IDAbRe_Up3_Crotan_02	(Tbox_03 ==1)&&(Start ==1)
66	IDAbRe_Up3_Crotan_02	(Tbox_04 ==1)&&(Start ==1)
66	idvritra_base	GAMECONTROL<=1
66	ab1	v05==2
66	ab1	v05==3
64	iddf2flying_event01	(Condition_S4>=85)&&(Condition_S4<=140)
64	IDTransform	(level_check == 66) && (boss == 1)
64	IDTransform	(level_check == 67) && (boss == 1)
64	IDTransform	(level_check == 68) && (boss == 1)
64	IDTransform	(level_check == 69) && (boss == 1)
64	IDTransform	(level_check == 70) && (boss == 1)
64	IDTransform	(level_check == 71) && (boss == 1)
64	IDTransform	(level_check == 72) && (boss == 1)
64	IDTransform	(level_check == 73) && (boss == 1)
64	IDTransform	(level_check == 74) && (boss == 1)
64	IDTransform	(level_check == 75) && (boss == 1)
64	iddc1_dreadgion	dreadgion_strong_raid == 2
64	LDF4_Advance	v11==2
64	LDF4_Advance	v11==3
61	df6	(event_start == 1) && (event_cinema >= 3)
61	LDF4_Advance	v07==1
61	LDF4_Advance	v10==2
61	LDF4_Advance	v10==3
60	df2a	DirectPortalDest_41 == 0
60	IDAb1_Heroes_D	boss_skill == 1
60	IDEvent_Solo	con_remove_all == 1
60	ab1	v06==1
57	LDF4_Advance	v04==1
57	LDF4_Advance	v09==2
57	LDF4_Advance	v09==3
56	GAb1_01	(v05 == 21) && (GAb1_PvPStatus == 1)
56	GAb1_01	(v06 == 21) && (GAb1_PvPStatus == 1)
56	GAb1_01	(v07 == 21) && (GAb1_PvPStatus == 1)
56	GAb1_01	(v08 == 21) && (GAb1_PvPStatus == 1)
56	GAb1_01	(v09 == 21) && (GAb1_PvPStatus == 1)
56	GAb1_01	(v10 == 21) && (GAb1_PvPStatus == 1)
56	GAb1_01	(v11 == 21) && (GAb1_PvPStatus == 1)
56	GAb1_01	(v12 == 21) && (GAb1_PvPStatus == 1)
55	df3	(SpecialServer_Cond == 1) && (DF3_RVR_Control == 3)
55	IDSweep	IDSweep_Reward==1
55	idtiamat_1	KAHRUN_SPAWN == 1
55	LDF4_Advance	v08==2
55	LDF4_Advance	v08==3
54	LDF4_Advance	v01==2
54	LDF4_Advance	v01==3
53	LDF4_Advance	v02==2
53	LDF4_Advance	v02==3
53	ldf5b	v17==1
52	iddc1_dreadgion	(dreadgion_main_raid_01 > 0) && (dreadgion_main_raid_01 < 3)
52	iddc1_dreadgion	(dreadgion_main_raid_02 > 0) && (dreadgion_main_raid_02 < 3)
52	iddc1_dreadgion	(dreadgion_main_raid_03 > 0) && (dreadgion_main_raid_03 < 3)
52	GAb1_01	GAb1_PvPStatus == 3
52	iddc1_dreadgion	dreadgion_main_raid_02 == 2
52	LDF4_Advance	v03==1
51	IDEternity_03	zone1close == 1
50	IDF6_LF1	(con_A01 == 1) || (con_B01 == 1) || (con_C01 == 1) || (con_D01 == 1)
49	ldf5b	v16==2
49	ldf5b	v16==3
49	ldf5b	v18==2
49	ldf5b	v18==3
49	ldf5b	v19==2
49	ldf5b	v19==3
48	IDF6_LF1	con_AllArea_fire == 1
48	IDF6_LF1	con_AllArea_fire_before == 1
48	iddc1_dreadgion	dreadgion_main_raid_01 == 2
48	iddc1_dreadgion	dreadgion_raid_04 == 1
48	iddc1_dreadgion	dreadgion_raid_05 == 1
48	IDEternity_War	op_set == 1
48	IDEternity_War	op_set == 2
48	LDF4_Advance	v12==1
48	ldf5b	v15==2
48	ldf5b	v15==3
46	lf4	[SAVE]lf4_v07 == 2
46	ldf5b	v14==2
46	ldf5b	v14==3
45	IDSweep_02	(IDSweep_Reward == 1) || (IDSweep_Reward_S == 1)
45	idldf5re_solo	(game == 2)&&(timeout == 1)
45	idtiamat_1	ARIANASORUS_SPAWN == 1
44	iddf2flying_event01	(Condition_S2>=25)&&(Condition_S2<=129)
44	lf2a	DirectPortalDest_42 == 0
44	idtiamat_2	GOD_SPAWN == 1
44	lf4	[SAVE]lf4_v06 == 2
44	iddc1_dreadgion	dreadgion_main_raid_03 == 2
42	df3	(DF3_RVR_Control == 1) || (DF3_RVR_Control == 2)
42	ldf5b	6021_WaterBoom_01==1
42	lf4	[SAVE]lf4_v06 == 3
42	lf4	[SAVE]lf4_v07 == 3
42	df5	directpotal_p1 == 2
42	df5	directpotal_p2 == 2
42	IDEternity_02	ideternity_02_da == 1
42	IDEternity_02	ideternity_02_li == 1
42	ab1	v05==1
42	LDF4_Advance	v10==1
41	iddf2flying_event01	(Condition_S4>=1)&&(Condition_S4<=140)
41	LDF4_Advance	v11==1
40	iddf2flying_event01	(Condition_S4>=51)&&(Condition_S4<=140)
40	df5	(directpotal_p1 == 2) && (InterServer_Cond == 0) && (SpecialServer_Cond == 0)
40	df5	(directpotal_p2 == 2) && (InterServer_Cond == 0) && (SpecialServer_Cond == 0)
40	idldf5re_solo	(game == 1)&&(timeout == 1)
40	ldf5b	6021_WaterBoom_02==1
40	df5	directpotal_i == 1
39	LDF4_Advance	v01==1
39	LDF4_Advance	v09==1
38	IDTransform	(level_check == 66) && (b_battle == 1)
38	IDTransform	(level_check == 66) && (b_battle == 2)
38	IDTransform	(level_check == 67) && (b_battle == 1)
38	IDTransform	(level_check == 67) && (b_battle == 2)
38	IDTransform	(level_check == 68) && (b_battle == 1)
38	IDTransform	(level_check == 68) && (b_battle == 2)
38	IDTransform	(level_check == 69) && (b_battle == 1)
38	IDTransform	(level_check == 69) && (b_battle == 2)
38	IDTransform	(level_check == 70) && (b_battle == 1)
38	IDTransform	(level_check == 70) && (b_battle == 2)
38	IDTransform	(level_check == 71) && (b_battle == 1)
38	IDTransform	(level_check == 71) && (b_battle == 2)
38	IDTransform	(level_check == 72) && (b_battle == 1)
38	IDTransform	(level_check == 72) && (b_battle == 2)
38	IDTransform	(level_check == 73) && (b_battle == 1)
38	IDTransform	(level_check == 73) && (b_battle == 2)
38	IDTransform	(level_check == 74) && (b_battle == 1)
38	IDTransform	(level_check == 74) && (b_battle == 2)
38	IDTransform	(level_check == 75) && (b_battle == 1)
38	IDTransform	(level_check == 75) && (b_battle == 2)
38	iddc1_dreadgion	(strong_raid_die == 1) && (time_35 == 1)
37	LDF4_Advance	v02==1
36	lf4	[SAVE]lf4_v01 == 2
36	lf4	[SAVE]lf4_v01 == 3
36	lf4	[SAVE]lf4_v02 == 2
36	lf4	[SAVE]lf4_v02 == 3
36	lf4	[SAVE]lf4_v03 == 2
36	lf4	[SAVE]lf4_v04 == 2
36	lf4	[SAVE]lf4_v05 == 2
36	IDAb1_Ere	bridge_door == 12
36	IDEternity_03	race == 1
36	IDEternity_03	race == 2
36	LDF4_Advance	v08==1
34	GAb1_Sub	GAB1_SUB_BASE == 1
34	idabre_core	NmdC_BoxSpawn == 1
34	lf4	[SAVE]lf4_v03 == 3
34	lf4	[SAVE]lf4_v04 == 3
34	lf4	[SAVE]lf4_v05 == 3
34	GAb1_01	v02 == 1
34	ldf5b	v16==1
33	IDAbRe_Up3_Crotan_02_N	(Tbox_05 ==1)&&(Start ==1)
33	idf5_td_war	v01 == 2
33	idf5_td_war	v08_BOMB_03 == 1
33	ldf5b	v18==1
33	ldf5b	v19==1
32	IDEternity_01	(Spawn_Set == 1) || (Spawn_Set == 2) || (Spawn_Set == 11) || (Spawn_Set == 12)
32	IDEternity_01	(Spawn_Set == 1) || (Spawn_Set == 2) || (Spawn_Set == 5) || (Spawn_Set == 6)
32	IDEternity_01	(Spawn_Set == 12)
32	IDEternity_01	(Spawn_Set == 3) || (Spawn_Set == 4) || (Spawn_Set == 9) || (Spawn_Set == 10)
32	IDEternity_01	(Spawn_Set == 9)
32	idf5_td_war	v01 == 1
32	idf5_td_war	v01 == 3
32	idf5_td_war	v02 == 3
32	ldf5b	v14==1
31	DF4_M	WORLDRAID_01 == 2
31	ab1	[SAVE]v09==2
31	ab1	[SAVE]v09==3
31	ldf5_fortress	gb01 == 1
31	idf5_td_war	v02 == 2
31	ldf5b	v15==1
30	IDEternity_01	(Spawn_Set == 1) || (Spawn_Set == 2) || (Spawn_Set == 3) || (Spawn_Set == 4)
30	IDEternity_01	(Spawn_Set == 6)
30	IDEternity_01	(Spawn_Set == 7) || (Spawn_Set == 8) || (Spawn_Set == 11) || (Spawn_Set == 12)
30	idldf5_under_02	(cSetGameStart == 1)&&(chkSN == 1)
30	ldf5b	6021_WaterBoom_04==1
30	ab1	[SAVE]v01==2
30	ab1	[SAVE]v01==3
30	ab1	[SAVE]v02==2
30	ab1	[SAVE]v02==3
30	ab1	[SAVE]v03==2
30	ab1	[SAVE]v03==3
30	ab1	[SAVE]v04==2
30	ab1	[SAVE]v04==3
30	ab1	[SAVE]v07==2
30	ab1	[SAVE]v07==3
30	ab1	[SAVE]v08==2
30	ab1	[SAVE]v08==3
30	ab1	[SAVE]v09==1
30	ab1	[SAVE]v10==2
30	ab1	[SAVE]v10==3
30	ab1	[SAVE]v11==2
30	ab1	[SAVE]v11==3
30	ab1	[SAVE]v12==2
30	ab1	[SAVE]v12==3
30	iddc1_dreadgion	dreadgion_ship_die_01 == 2
30	iddc1_dreadgion	dreadgion_ship_die_03 == 2
30	iddc1_dreadgion	dreadgion_ship_die_04 == 2
30	ldf5_fortress	gb01 == 2
30	ldf5_fortress	gb01 == 3
29	IDEternity_01	(Spawn_Set == 3) || (Spawn_Set == 5) || (Spawn_Set == 7) || (Spawn_Set == 10)
29	ab1	[SAVE]v01==1
29	ab1	[SAVE]v02==1
29	ab1	[SAVE]v03==1
29	ab1	[SAVE]v04==1
29	ab1	[SAVE]v05==2
29	ab1	[SAVE]v05==3
29	ab1	[SAVE]v06==2
29	ab1	[SAVE]v06==3
29	ab1	[SAVE]v07==1
29	ab1	[SAVE]v08==1
29	ab1	[SAVE]v10==1
29	ab1	[SAVE]v11==1
29	ab1	[SAVE]v12==1
28	df2a	(InterServer_Cond == 1) && (SpecialServer_Cond == 0)
28	IDRaksha_solo	Wave_C_01_Start >= 1
28	IDRaksha_solo	Wave_C_02_Start >= 1
28	ab1	[SAVE]v05==1
28	ab1	[SAVE]v06==1
28	iddc1_dreadgion	dreadgion_ship_die_02 == 2
28	df6	event_start == 1
28	iddc1_dreadgion	main_raid_die_01 == 1
28	iddc1_dreadgion	main_raid_die_02 == 1
28	iddc1_dreadgion	main_raid_die_03 == 1
28	iddc1_dreadgion	turret_01_wave > 13
28	iddc1_dreadgion	turret_01_wave > 14
28	iddc1_dreadgion	turret_01_wave > 15
28	iddc1_dreadgion	turret_01_wave > 16
28	iddc1_dreadgion	turret_01_wave > 17
28	iddc1_dreadgion	turret_01_wave > 18
28	iddc1_dreadgion	turret_01_wave > 19
28	iddc1_dreadgion	turret_01_wave > 20
28	iddc1_dreadgion	turret_01_wave > 21
28	iddc1_dreadgion	turret_wave > 13
28	iddc1_dreadgion	turret_wave > 15
28	iddc1_dreadgion	turret_wave > 16
28	iddc1_dreadgion	turret_wave > 17
28	iddc1_dreadgion	turret_wave > 18
28	iddc1_dreadgion	turret_wave > 19
28	iddc1_dreadgion	turret_wave > 20
28	iddc1_dreadgion	turret_wave > 21
27	df1a	(WORLDRAID_01 == 1) || (WORLDRAID_02 == 1) || (WORLDRAID_03 == 1)
27	Concert	IDIUSTAGE2==1
27	DF4_M	WORLDRAID_03 == 2
27	IDEternity_03	zone3close == 1
26	ldf5b	6021_WaterBoom_03==1
26	idarena_solo	Condition_S2>=1
26	idvritra_base	GAMECONTROL <= 1
25	IDEvent_def	(Wave_3_Start == 1) && (SpecialServer_Cond == 0)
25	IDLDF5_Under_03	BOSS == 5
25	idarena	Condition_S3_L >= 1
25	df2a	InterServer_Cond == 0
25	iddramata_01	Phage4 >= 2
25	IDSeal_Q	TWINTRAP == 1
24	iddf2flying_event01	(Condition_S2>=1)&&(Condition_S2<=129)
24	idasteria_iu_party	Condition_S2==2
24	Concert	IDIUSTAGE1==1
24	lf4	[SAVE]lf4_v01 == 1
24	lf4	[SAVE]lf4_v02 == 1
24	lf4	[SAVE]lf4_v03 == 1
24	lf4	[SAVE]lf4_v04 == 1
24	lf4	[SAVE]lf4_v05 == 1
24	lf4	[SAVE]lf4_v06 == 1
24	lf4	[SAVE]lf4_v07 == 1
24	IDAb1_Heroes_D	boss_piece == 1
24	IDLDF4Re_01	cSet_1_1_13 == 1
24	IDLDF4Re_01	cSet_1_1_14 == 1
24	IDLDF4Re_01	cSet_1_1_15 == 1
24	IDLDF4Re_01	cSet_1_1_19 == 1
24	IDLDF4Re_01	cSet_1_1_20 == 1
24	IDLDF4Re_01	cSet_1_1_21 == 1
24	df6	df6_event_df_succ == 1
24	iddc1_dreadgion	dreadgion_defense_02 > 5
24	iddc1_dreadgion	dreadgion_defense_04 > 5
24	iddc1_dreadgion	turret_01_wave > 22
24	iddc1_dreadgion	turret_wave > 22
23	IDEvent_def	(Wave_3_Start == 1) && (SpecialServer_Cond == 1)
23	DF4_M	WORLDRAID_02 == 2
23	ldf5_fortress	gb02 == 2
23	ldf5_fortress	gb02 == 3
23	ldf5_fortress	gb03 == 2
23	ldf5_fortress	gb03 == 3
22	IDEvent_def	(Wave_3_Rest == 1) && (SpecialServer_Cond == 0)
22	IDLDF5_Under_02_War	Da_Win_01 == 1
22	IDLDF5_Under_02_War	Da_Win_02 == 1
22	lf4	DirectPortalDest_50>=1
22	IDLDF5_Under_02_War	Li_Win_01 == 1
22	IDLDF5_Under_02_War	Li_Win_02 == 1
22	ab1	WORLDRAID_04 == 1
22	idldf5re_solo	Wave_A_01_Start == 1
22	IDLDF4Re_01	cSet_1_1_16 == 1
22	IDLDF4Re_01	cSet_1_1_17 == 1
22	IDLDF4Re_01	cSet_1_1_18 == 1
22	df5	directpotal_i == 2
22	idstation	door_02 == 7
22	iddc1_dreadgion	dreadgion_defense_01 > 5
22	IDInfinity	floor_07 >= 1
22	ldf5_fortress	gb01_2 == 1
21	IDEvent_def	(Wave_3_Rest == 1) && (SpecialServer_Cond == 1)
21	ldf5_fortress	(v01 == 1) && (7011on == 1)
21	ldf5_fortress	(v01 == 2) && (7011on == 1)
21	ldf5_fortress	(v01 == 3) && (7011on == 1)
21	Concert	IDIUSTAGE3==1
21	IDLuna_def	IDLUNA_DEF_PHASE_1_1==1
21	IDLuna_def	IDLUNA_DEF_PHASE_2_1==1
21	IDLuna_def	IDLUNA_DEF_PHASE_3_1==1
20	GAb1_01	(GAB1_ATT1 == 1) && (GAb1_PvPStatus == 1)
20	GAb1_01	(GAB1_ATT1 == 2) && (GAb1_PvPStatus == 1)
20	GAb1_01	(GAB1_ATT2 == 1) && (GAb1_PvPStatus == 1)
20	GAb1_01	(GAB1_ATT2 == 2) && (GAb1_PvPStatus == 1)
20	GAb1_01	(GAB1_ATT3 == 1) && (GAb1_PvPStatus == 1)
20	GAb1_01	(GAB1_ATT3 == 2) && (GAb1_PvPStatus == 1)
20	GAb1_01	(GAB1_ATT4 == 1) && (GAb1_PvPStatus == 1)
20	GAb1_01	(GAB1_ATT4 == 2) && (GAb1_PvPStatus == 1)
20	df6	([SAVE]df6_v01 == 2) && ([SAVE]df6_v02 == 2) && ([SAVE]df6_v03 == 2) && ([SAVE]df6_v04 == 2)
20	df5	(directpotal_i == 2) && (InterServer_Cond == 0) && (SpecialServer_Cond == 0)
20	IDTransform	(level_check == 66) && (a_battle == 1) && (a_path_01 > 1)
20	IDTransform	(level_check == 66) && (a_battle == 2) && (a_path_01 > 1)
20	IDTransform	(level_check == 67) && (a_battle == 1) && (a_path_01 > 1)
20	IDTransform	(level_check == 67) && (a_battle == 2) && (a_path_01 > 1)
20	IDTransform	(level_check == 68) && (a_battle == 1) && (a_path_01 > 1)
20	IDTransform	(level_check == 68) && (a_battle == 2) && (a_path_01 > 1)
20	IDTransform	(level_check == 69) && (a_battle == 1) && (a_path_01 > 1)
20	IDTransform	(level_check == 69) && (a_battle == 2) && (a_path_01 > 1)
20	IDTransform	(level_check == 70) && (a_battle == 1) && (a_path_01 > 1)
20	IDTransform	(level_check == 70) && (a_battle == 2) && (a_path_01 > 1)
20	IDTransform	(level_check == 71) && (a_battle == 1) && (a_path_01 > 1)
20	IDTransform	(level_check == 71) && (a_battle == 2) && (a_path_01 > 1)
20	IDTransform	(level_check == 72) && (a_battle == 1) && (a_path_01 > 1)
20	IDTransform	(level_check == 72) && (a_battle == 2) && (a_path_01 > 1)
20	IDTransform	(level_check == 73) && (a_battle == 1) && (a_path_01 > 1)
20	IDTransform	(level_check == 73) && (a_battle == 2) && (a_path_01 > 1)
20	IDTransform	(level_check == 74) && (a_battle == 1) && (a_path_01 > 1)
20	IDTransform	(level_check == 74) && (a_battle == 2) && (a_path_01 > 1)
20	IDTransform	(level_check == 75) && (a_battle == 1) && (a_path_01 > 1)
20	IDTransform	(level_check == 75) && (a_battle == 2) && (a_path_01 > 1)
20	ldf5_fortress	(v02 == 1) && (7011on == 1)
20	ldf5_fortress	(v02 == 2) && (7011on == 1)
20	ldf5_fortress	(v02 == 3) && (7011on == 1)
20	IDLDF5_Under_01_War	C_RaceDark >= 1
20	IDLDF5_Under_01_War	C_RaceLight >= 1
20	IDSeal_Q	DEFENCE_WAVE == 1
20	IDLDF5_Under_01_War	D_RaceDark >= 1
20	IDLDF5_Under_01_War	D_RaceLight >= 1
20	idldf5b_td	Wave_Z1 == 3
20	IDLDF4Re_01	cSet_1_1_7 == 1
20	IDLDF4Re_01	cSet_1_1_8 == 1
20	IDLDF4Re_01	cSet_1_1_9 == 1
20	iddc1_dreadgion	dreadgion_defense_01 > 1
20	iddc1_dreadgion	dreadgion_defense_01 > 2
20	iddc1_dreadgion	dreadgion_defense_01 > 3
20	iddc1_dreadgion	dreadgion_defense_01 > 4
20	iddc1_dreadgion	dreadgion_defense_01 >= 1
20	iddc1_dreadgion	dreadgion_defense_02 > 1
20	iddc1_dreadgion	dreadgion_defense_02 > 2
20	iddc1_dreadgion	dreadgion_defense_02 > 3
20	iddc1_dreadgion	dreadgion_defense_02 > 4
20	iddc1_dreadgion	dreadgion_defense_02 >= 1
20	iddc1_dreadgion	dreadgion_defense_04 > 1
20	iddc1_dreadgion	dreadgion_defense_04 > 2
20	iddc1_dreadgion	dreadgion_defense_04 > 3
20	iddc1_dreadgion	dreadgion_defense_04 > 4
20	iddc1_dreadgion	dreadgion_defense_04 >= 1
20	iddc1_dreadgion	dreadgion_weapon_a_wave > 3
20	iddc1_dreadgion	dreadgion_weapon_a_wave > 6
20	iddc1_dreadgion	dreadgion_weapon_a_wave > 9
20	iddc1_dreadgion	dreadgion_weapon_b_wave > 3
20	iddc1_dreadgion	dreadgion_weapon_b_wave > 6
20	iddc1_dreadgion	dreadgion_weapon_b_wave > 9
20	IDInfinity	floor_08 >= 1
20	idstation	tower_die >= 6
20	iddc1_dreadgion	turret_01_wave > 1
20	iddc1_dreadgion	turret_01_wave > 10
20	iddc1_dreadgion	turret_01_wave > 11
20	iddc1_dreadgion	turret_01_wave > 12
20	iddc1_dreadgion	turret_01_wave > 2
20	iddc1_dreadgion	turret_01_wave > 3
20	iddc1_dreadgion	turret_01_wave > 4
20	iddc1_dreadgion	turret_01_wave > 5
20	iddc1_dreadgion	turret_01_wave > 6
20	iddc1_dreadgion	turret_01_wave > 7
20	iddc1_dreadgion	turret_01_wave > 8
20	iddc1_dreadgion	turret_01_wave > 9
20	iddc1_dreadgion	turret_wave > 1
20	iddc1_dreadgion	turret_wave > 10
20	iddc1_dreadgion	turret_wave > 11
20	iddc1_dreadgion	turret_wave > 12
20	iddc1_dreadgion	turret_wave > 14
20	iddc1_dreadgion	turret_wave > 3
20	iddc1_dreadgion	turret_wave > 4
20	iddc1_dreadgion	turret_wave > 5
20	iddc1_dreadgion	turret_wave > 6
20	iddc1_dreadgion	turret_wave > 7
20	iddc1_dreadgion	turret_wave > 8
20	iddc1_dreadgion	turret_wave > 9
20	GAb1_01	v01ctrl == 1
20	GAb1_01	v01ctrl == 11
20	GAb1_01	v01ctrl == 16
20	GAb1_01	v01ctrl == 6
20	GAb1_01	v02ctrl == 1
20	GAb1_01	v02ctrl == 11
20	GAb1_01	v02ctrl == 16
20	GAb1_01	v02ctrl == 6
20	GAb1_01	v03ctrl == 1
20	GAb1_01	v03ctrl == 11
20	GAb1_01	v03ctrl == 16
20	GAb1_01	v03ctrl == 6
20	GAb1_01	v04ctrl == 1
20	GAb1_01	v04ctrl == 11
20	GAb1_01	v04ctrl == 16
20	GAb1_01	v04ctrl == 6
19	IDEternity_01	(Spawn_Set == 5)
19	IDF6_Q	f6_mission_start == 1
19	IDF6_Q	f6_mission_start == 2
19	ldf5_fortress	gb02 == 1
19	ldf5_fortress	gb03 == 1
19	idf5_td_war	v08_BOMB_02 == 1
19	LDF4_Advance	village_dr_bm == 2
19	LDF4_Advance	village_dr_bm == 3
18	IDLDF5_Under_03	BOSS < 5
18	lf4	DirectPortalDest_49>=1
18	lf4	DirectPortalDest_51>=1
18	IDSeal_Q	MOB2 == 1
18	IDEternity_Q	SCENE >= 1
18	IDLDF5_Under_03	TIMEOVER == 1
18	df6	[SAVE]df6_v01 == 3
18	df6	[SAVE]df6_v02 == 3
18	df6	[SAVE]df6_v04 == 3
18	LDF4_Advance	godelite == 2
18	LDF4_Advance	village_dr_gm == 2
18	LDF4_Advance	village_dr_gm == 3
17	IDEternity_01	(Spawn_Set == 4) || (Spawn_Set == 8)
17	idtiamat_1	IDTIAMAT_ENTER_S1 == 1
17	iddramata_01	Phage >= 2
17	df6	[SAVE]df6_v03 == 3
17	ab1	[SAVE]v13==2
17	ab1	[SAVE]v13==3
17	ab1	[SAVE]v14==2
17	ab1	[SAVE]v14==3
17	ab1	[SAVE]v15==2
17	ab1	[SAVE]v15==3
17	ab1	[SAVE]v16==2
17	ab1	[SAVE]v16==3
17	LDF4_Advance	godelite_quest == 1
17	LDF4_Advance	godelite_quest == 2
16	IDDF2_Dflame_Event	(BOSSROOM_N4 == 1) && (BOSSROOM_WAVE >= 140)
16	idldf5b_td	(Race == 1) && (Wave_Z1 <= 4)
16	IDEternity_01	(Spawn_Set == 1) || (Spawn_Set == 2) || (Spawn_Set == 5) || (Spawn_Set == 7) || (Spawn_Set == 10) || (Spawn_Set == 11)
16	IDEternity_01	(Spawn_Set == 1) || (Spawn_Set == 2) || (Spawn_Set == 9) || (Spawn_Set == 12)
16	IDEternity_01	(Spawn_Set == 1) || (Spawn_Set == 3) || (Spawn_Set == 5) || (Spawn_Set == 7) || (Spawn_Set == 9)
16	IDEternity_01	(Spawn_Set == 1) || (Spawn_Set == 4) || (Spawn_Set == 5) || (Spawn_Set == 11)
16	IDEternity_01	(Spawn_Set == 1) || (Spawn_Set == 7) || (Spawn_Set == 12)
16	IDEternity_01	(Spawn_Set == 11)
16	IDEternity_01	(Spawn_Set == 2)
16	IDEternity_01	(Spawn_Set == 2) || (Spawn_Set == 3) || (Spawn_Set == 4) || (Spawn_Set == 6) || (Spawn_Set == 7) || (Spawn_Set == 8) || (Spawn_Set == 10)
16	IDEternity_01	(Spawn_Set == 2) || (Spawn_Set == 5) || (Spawn_Set == 11)
16	IDEternity_01	(Spawn_Set == 3) || (Spawn_Set == 4) || (Spawn_Set == 7) || (Spawn_Set == 8)
16	IDEternity_01	(Spawn_Set == 3) || (Spawn_Set == 6)
16	IDEternity_01	(Spawn_Set == 3) || (Spawn_Set == 9)
16	IDEternity_01	(Spawn_Set == 4) || (Spawn_Set == 6) || (Spawn_Set == 10)
16	IDEternity_01	(Spawn_Set == 4) || (Spawn_Set == 6) || (Spawn_Set == 8) || (Spawn_Set == 11)
16	IDEternity_01	(Spawn_Set == 4) || (Spawn_Set == 8) || (Spawn_Set == 10) || (Spawn_Set == 11)
16	IDEternity_01	(Spawn_Set == 5) || (Spawn_Set == 11) || (Spawn_Set == 12)
16	IDEternity_01	(Spawn_Set == 5) || (Spawn_Set == 6) || (Spawn_Set == 7) || (Spawn_Set == 8)
16	IDEternity_01	(Spawn_Set == 6) || (Spawn_Set == 7) || (Spawn_Set == 8)
16	IDEternity_01	(Spawn_Set == 7) || (Spawn_Set == 12)
16	IDEternity_01	(Spawn_Set == 8)
16	IDEternity_01	(Spawn_Set == 8) || (Spawn_Set == 12)
16	IDEternity_01	(Spawn_Set == 9) || (Spawn_Set == 10)
16	IDEternity_01	(Spawn_Set == 9) || (Spawn_Set == 10) || (Spawn_Set == 11) || (Spawn_Set == 12)
16	IDTransform	(level_check == 66) && (b_battle == 1) && (c_path_02 > 1)
16	IDTransform	(level_check == 66) && (b_battle == 2) && (c_path_02 > 1)
16	IDTransform	(level_check == 67) && (b_battle == 1) && (c_path_02 > 1)
16	IDTransform	(level_check == 67) && (b_battle == 2) && (c_path_02 > 1)
16	IDTransform	(level_check == 68) && (b_battle == 1) && (c_path_02 > 1)
16	IDTransform	(level_check == 68) && (b_battle == 2) && (c_path_02 > 1)
16	IDTransform	(level_check == 69) && (b_battle == 1) && (c_path_02 > 1)
16	IDTransform	(level_check == 69) && (b_battle == 2) && (c_path_02 > 1)
16	IDTransform	(level_check == 70) && (b_battle == 1) && (c_path_02 > 1)
16	IDTransform	(level_check == 70) && (b_battle == 2) && (c_path_02 > 1)
16	IDTransform	(level_check == 71) && (b_battle == 1) && (c_path_02 > 1)
16	IDTransform	(level_check == 71) && (b_battle == 2) && (c_path_02 > 1)
16	IDTransform	(level_check == 72) && (b_battle == 1) && (c_path_02 > 1)
16	IDTransform	(level_check == 72) && (b_battle == 2) && (c_path_02 > 1)
16	IDTransform	(level_check == 73) && (b_battle == 1) && (c_path_02 > 1)
16	IDTransform	(level_check == 73) && (b_battle == 2) && (c_path_02 > 1)
16	IDTransform	(level_check == 74) && (b_battle == 1) && (c_path_02 > 1)
16	IDTransform	(level_check == 74) && (b_battle == 2) && (c_path_02 > 1)
16	IDTransform	(level_check == 75) && (b_battle == 1) && (c_path_02 > 1)
16	IDTransform	(level_check == 75) && (b_battle == 2) && (c_path_02 > 1)
16	IDEternity_War	(people_expand_con >= 2) && (96_bottom == 1)
16	IDEternity_War	(people_expand_con >= 2) && (96_top == 1)
16	ab1	D_BuildupLevel <= 7
16	ab1	L_BuildupLevel <= 7
16	idldf5b_td	Wave_Z1 == 1
16	df6	[SAVE]df6_v01 == 2
16	df6	[SAVE]df6_v02 == 2
16	df6	[SAVE]df6_v03 == 2
16	df6	[SAVE]df6_v04 == 2
16	ab1	[SAVE]v13==1
16	ab1	[SAVE]v14==1
16	ab1	[SAVE]v15==1
16	ab1	[SAVE]v16==1
16	iddc1_dreadgion	dreadgion_ship == 1
16	iddc1_dreadgion	dreadgion_ship_die_01 == 1
16	iddc1_dreadgion	dreadgion_ship_die_02 == 1
16	iddc1_dreadgion	dreadgion_ship_die_03 == 1
16	iddc1_dreadgion	dreadgion_ship_die_04 == 1
16	iddc1_dreadgion	dreadgion_weapon_a_atk > 1
16	iddc1_dreadgion	dreadgion_weapon_a_atk > 2
16	iddc1_dreadgion	dreadgion_weapon_a_atk > 3
16	iddc1_dreadgion	dreadgion_weapon_a_wave > 5
16	iddc1_dreadgion	dreadgion_weapon_a_wave > 8
16	iddc1_dreadgion	dreadgion_weapon_b_atk > 1
16	iddc1_dreadgion	dreadgion_weapon_b_atk > 3
16	iddc1_dreadgion	dreadgion_weapon_b_wave > 5
16	iddc1_dreadgion	dreadgion_weapon_b_wave > 8
16	IDEternity_03	heal > 2
16	iddc1_dreadgion	sub_buff_reset ==1
16	iddc1_dreadgion	turret_wave >2
15	IDEternity_01	(Spawn_Set == 1) || (Spawn_Set == 3) || (Spawn_Set == 5) || (Spawn_Set == 9)
15	IDEternity_01	(Spawn_Set == 4) || (Spawn_Set == 9) || (Spawn_Set == 10)
15	IDEternity_01	(Spawn_Set == 5) || (Spawn_Set == 6) || (Spawn_Set == 9) || (Spawn_Set == 10)
15	IDEternity_01	(Spawn_Set == 7) || (Spawn_Set == 8) || (Spawn_Set == 10)
15	GAb1_01	(v05 == 1) && (GAb1_PvPStatus == 1)
15	GAb1_02	(v05 == 10) && (GAb1_PvPStatus == 1)
15	GAb1_03	(v05 == 11) && (GAb1_PvPStatus == 1)
15	GAb1_03	(v05 == 12) && (GAb1_PvPStatus == 1)
15	GAb1_03	(v05 == 13) && (GAb1_PvPStatus == 1)
15	GAb1_03	(v05 == 14) && (GAb1_PvPStatus == 1)
15	GAb1_03	(v05 == 15) && (GAb1_PvPStatus == 1)
15	GAb1_04	(v05 == 16) && (GAb1_PvPStatus == 1)
15	GAb1_04	(v05 == 17) && (GAb1_PvPStatus == 1)
15	GAb1_04	(v05 == 18) && (GAb1_PvPStatus == 1)
15	GAb1_04	(v05 == 19) && (GAb1_PvPStatus == 1)
15	GAb1_01	(v05 == 2) && (GAb1_PvPStatus == 1)
15	GAb1_04	(v05 == 20) && (GAb1_PvPStatus == 1)
15	GAb1_01	(v05 == 3) && (GAb1_PvPStatus == 1)
15	GAb1_01	(v05 == 4) && (GAb1_PvPStatus == 1)
15	GAb1_01	(v05 == 5) && (GAb1_PvPStatus == 1)
15	GAb1_02	(v05 == 6) && (GAb1_PvPStatus == 1)
15	GAb1_02	(v05 == 7) && (GAb1_PvPStatus == 1)
15	GAb1_02	(v05 == 8) && (GAb1_PvPStatus == 1)
15	GAb1_02	(v05 == 9) && (GAb1_PvPStatus == 1)
15	GAb1_01	(v06 == 1) && (GAb1_PvPStatus == 1)
15	GAb1_02	(v06 == 10) && (GAb1_PvPStatus == 1)
15	GAb1_03	(v06 == 11) && (GAb1_PvPStatus == 1)
15	GAb1_03	(v06 == 12) && (GAb1_PvPStatus == 1)
15	GAb1_03	(v06 == 13) && (GAb1_PvPStatus == 1)
15	GAb1_03	(v06 == 14) && (GAb1_PvPStatus == 1)
15	GAb1_03	(v06 == 15) && (GAb1_PvPStatus == 1)
15	GAb1_04	(v06 == 16) && (GAb1_PvPStatus == 1)
15	GAb1_04	(v06 == 17) && (GAb1_PvPStatus == 1)
15	GAb1_04	(v06 == 18) && (GAb1_PvPStatus == 1)
15	GAb1_04	(v06 == 19) && (GAb1_PvPStatus == 1)
15	GAb1_01	(v06 == 2) && (GAb1_PvPStatus == 1)
15	GAb1_04	(v06 == 20) && (GAb1_PvPStatus == 1)
15	GAb1_01	(v06 == 3) && (GAb1_PvPStatus == 1)
15	GAb1_01	(v06 == 4) && (GAb1_PvPStatus == 1)
15	GAb1_01	(v06 == 5) && (GAb1_PvPStatus == 1)
15	GAb1_02	(v06 == 6) && (GAb1_PvPStatus == 1)
15	GAb1_02	(v06 == 7) && (GAb1_PvPStatus == 1)
15	GAb1_02	(v06 == 8) && (GAb1_PvPStatus == 1)
15	GAb1_02	(v06 == 9) && (GAb1_PvPStatus == 1)
15	GAb1_01	(v07 == 1) && (GAb1_PvPStatus == 1)
15	GAb1_02	(v07 == 10) && (GAb1_PvPStatus == 1)
15	GAb1_03	(v07 == 11) && (GAb1_PvPStatus == 1)
15	GAb1_03	(v07 == 12) && (GAb1_PvPStatus == 1)
15	GAb1_03	(v07 == 13) && (GAb1_PvPStatus == 1)
15	GAb1_03	(v07 == 14) && (GAb1_PvPStatus == 1)
15	GAb1_03	(v07 == 15) && (GAb1_PvPStatus == 1)
15	GAb1_04	(v07 == 16) && (GAb1_PvPStatus == 1)
15	GAb1_04	(v07 == 17) && (GAb1_PvPStatus == 1)
15	GAb1_04	(v07 == 18) && (GAb1_PvPStatus == 1)
15	GAb1_04	(v07 == 19) && (GAb1_PvPStatus == 1)
15	GAb1_01	(v07 == 2) && (GAb1_PvPStatus == 1)
15	GAb1_04	(v07 == 20) && (GAb1_PvPStatus == 1)
15	GAb1_01	(v07 == 3) && (GAb1_PvPStatus == 1)
15	GAb1_01	(v07 == 4) && (GAb1_PvPStatus == 1)
15	GAb1_01	(v07 == 5) && (GAb1_PvPStatus == 1)
15	GAb1_02	(v07 == 6) && (GAb1_PvPStatus == 1)
15	GAb1_02	(v07 == 7) && (GAb1_PvPStatus == 1)
15	GAb1_02	(v07 == 8) && (GAb1_PvPStatus == 1)
15	GAb1_02	(v07 == 9) && (GAb1_PvPStatus == 1)
15	GAb1_01	(v08 == 1) && (GAb1_PvPStatus == 1)
15	GAb1_02	(v08 == 10) && (GAb1_PvPStatus == 1)
15	GAb1_03	(v08 == 11) && (GAb1_PvPStatus == 1)
15	GAb1_03	(v08 == 12) && (GAb1_PvPStatus == 1)
15	GAb1_03	(v08 == 13) && (GAb1_PvPStatus == 1)
15	GAb1_03	(v08 == 14) && (GAb1_PvPStatus == 1)
15	GAb1_03	(v08 == 15) && (GAb1_PvPStatus == 1)
15	GAb1_04	(v08 == 16) && (GAb1_PvPStatus == 1)
15	GAb1_04	(v08 == 17) && (GAb1_PvPStatus == 1)
15	GAb1_04	(v08 == 18) && (GAb1_PvPStatus == 1)
15	GAb1_04	(v08 == 19) && (GAb1_PvPStatus == 1)
15	GAb1_01	(v08 == 2) && (GAb1_PvPStatus == 1)
15	GAb1_04	(v08 == 20) && (GAb1_PvPStatus == 1)
15	GAb1_01	(v08 == 3) && (GAb1_PvPStatus == 1)
15	GAb1_01	(v08 == 4) && (GAb1_PvPStatus == 1)
15	GAb1_01	(v08 == 5) && (GAb1_PvPStatus == 1)
15	GAb1_02	(v08 == 6) && (GAb1_PvPStatus == 1)
15	GAb1_02	(v08 == 7) && (GAb1_PvPStatus == 1)
15	GAb1_02	(v08 == 8) && (GAb1_PvPStatus == 1)
15	GAb1_02	(v08 == 9) && (GAb1_PvPStatus == 1)
15	GAb1_01	(v09 == 1) && (GAb1_PvPStatus == 1)
15	GAb1_02	(v09 == 10) && (GAb1_PvPStatus == 1)
15	GAb1_03	(v09 == 11) && (GAb1_PvPStatus == 1)
15	GAb1_03	(v09 == 12) && (GAb1_PvPStatus == 1)
15	GAb1_03	(v09 == 13) && (GAb1_PvPStatus == 1)
15	GAb1_03	(v09 == 14) && (GAb1_PvPStatus == 1)
15	GAb1_03	(v09 == 15) && (GAb1_PvPStatus == 1)
15	GAb1_04	(v09 == 16) && (GAb1_PvPStatus == 1)
15	GAb1_04	(v09 == 17) && (GAb1_PvPStatus == 1)
15	GAb1_04	(v09 == 18) && (GAb1_PvPStatus == 1)
15	GAb1_04	(v09 == 19) && (GAb1_PvPStatus == 1)
15	GAb1_01	(v09 == 2) && (GAb1_PvPStatus == 1)
15	GAb1_04	(v09 == 20) && (GAb1_PvPStatus == 1)
15	GAb1_01	(v09 == 3) && (GAb1_PvPStatus == 1)
15	GAb1_01	(v09 == 4) && (GAb1_PvPStatus == 1)
15	GAb1_01	(v09 == 5) && (GAb1_PvPStatus == 1)
15	GAb1_02	(v09 == 6) && (GAb1_PvPStatus == 1)
15	GAb1_02	(v09 == 7) && (GAb1_PvPStatus == 1)
15	GAb1_02	(v09 == 8) && (GAb1_PvPStatus == 1)
15	GAb1_02	(v09 == 9) && (GAb1_PvPStatus == 1)
15	GAb1_01	(v10 == 1) && (GAb1_PvPStatus == 1)
15	GAb1_02	(v10 == 10) && (GAb1_PvPStatus == 1)
15	GAb1_03	(v10 == 11) && (GAb1_PvPStatus == 1)
15	GAb1_03	(v10 == 12) && (GAb1_PvPStatus == 1)
15	GAb1_03	(v10 == 13) && (GAb1_PvPStatus == 1)
15	GAb1_03	(v10 == 14) && (GAb1_PvPStatus == 1)
15	GAb1_03	(v10 == 15) && (GAb1_PvPStatus == 1)
15	GAb1_04	(v10 == 16) && (GAb1_PvPStatus == 1)
15	GAb1_04	(v10 == 17) && (GAb1_PvPStatus == 1)
15	GAb1_04	(v10 == 18) && (GAb1_PvPStatus == 1)
15	GAb1_04	(v10 == 19) && (GAb1_PvPStatus == 1)
15	GAb1_01	(v10 == 2) && (GAb1_PvPStatus == 1)
15	GAb1_04	(v10 == 20) && (GAb1_PvPStatus == 1)
15	GAb1_01	(v10 == 3) && (GAb1_PvPStatus == 1)
15	GAb1_01	(v10 == 4) && (GAb1_PvPStatus == 1)
15	GAb1_01	(v10 == 5) && (GAb1_PvPStatus == 1)
15	GAb1_02	(v10 == 6) && (GAb1_PvPStatus == 1)
15	GAb1_02	(v10 == 7) && (GAb1_PvPStatus == 1)
15	GAb1_02	(v10 == 8) && (GAb1_PvPStatus == 1)
15	GAb1_02	(v10 == 9) && (GAb1_PvPStatus == 1)
15	GAb1_01	(v11 == 1) && (GAb1_PvPStatus == 1)
15	GAb1_02	(v11 == 10) && (GAb1_PvPStatus == 1)
15	GAb1_03	(v11 == 11) && (GAb1_PvPStatus == 1)
15	GAb1_03	(v11 == 12) && (GAb1_PvPStatus == 1)
15	GAb1_03	(v11 == 13) && (GAb1_PvPStatus == 1)
15	GAb1_03	(v11 == 14) && (GAb1_PvPStatus == 1)
15	GAb1_03	(v11 == 15) && (GAb1_PvPStatus == 1)
15	GAb1_04	(v11 == 16) && (GAb1_PvPStatus == 1)
15	GAb1_04	(v11 == 17) && (GAb1_PvPStatus == 1)
15	GAb1_04	(v11 == 18) && (GAb1_PvPStatus == 1)
15	GAb1_04	(v11 == 19) && (GAb1_PvPStatus == 1)
15	GAb1_01	(v11 == 2) && (GAb1_PvPStatus == 1)
15	GAb1_04	(v11 == 20) && (GAb1_PvPStatus == 1)
15	GAb1_01	(v11 == 3) && (GAb1_PvPStatus == 1)
15	GAb1_01	(v11 == 4) && (GAb1_PvPStatus == 1)
15	GAb1_01	(v11 == 5) && (GAb1_PvPStatus == 1)
15	GAb1_02	(v11 == 6) && (GAb1_PvPStatus == 1)
15	GAb1_02	(v11 == 7) && (GAb1_PvPStatus == 1)
15	GAb1_02	(v11 == 8) && (GAb1_PvPStatus == 1)
15	GAb1_02	(v11 == 9) && (GAb1_PvPStatus == 1)
15	GAb1_01	(v12 == 1) && (GAb1_PvPStatus == 1)
15	GAb1_02	(v12 == 10) && (GAb1_PvPStatus == 1)
15	GAb1_03	(v12 == 11) && (GAb1_PvPStatus == 1)
15	GAb1_03	(v12 == 12) && (GAb1_PvPStatus == 1)
15	GAb1_03	(v12 == 13) && (GAb1_PvPStatus == 1)
15	GAb1_03	(v12 == 14) && (GAb1_PvPStatus == 1)
15	GAb1_03	(v12 == 15) && (GAb1_PvPStatus == 1)
15	GAb1_04	(v12 == 16) && (GAb1_PvPStatus == 1)
15	GAb1_04	(v12 == 17) && (GAb1_PvPStatus == 1)
15	GAb1_04	(v12 == 18) && (GAb1_PvPStatus == 1)
15	GAb1_04	(v12 == 19) && (GAb1_PvPStatus == 1)
15	GAb1_01	(v12 == 2) && (GAb1_PvPStatus == 1)
15	GAb1_04	(v12 == 20) && (GAb1_PvPStatus == 1)
15	GAb1_01	(v12 == 3) && (GAb1_PvPStatus == 1)
15	GAb1_01	(v12 == 4) && (GAb1_PvPStatus == 1)
15	GAb1_01	(v12 == 5) && (GAb1_PvPStatus == 1)
15	GAb1_02	(v12 == 6) && (GAb1_PvPStatus == 1)
15	GAb1_02	(v12 == 7) && (GAb1_PvPStatus == 1)
15	GAb1_02	(v12 == 8) && (GAb1_PvPStatus == 1)
15	GAb1_02	(v12 == 9) && (GAb1_PvPStatus == 1)
15	lf3	LF3_2_Village==3
15	iddramata_01	Phage2 >= 2
15	IDEternity_01	Race == 1
15	IDEternity_01	Race == 2
15	IDF6_LF1	con_AllArea_fire_road == 1
15	df6	df6_event_df_fail == 1
15	IDEternity_03	rock1_3 >= 4
15	idf5_td_war	v08_BOMB_01 == 1
14	idldf5b_td	(Race == 2) && (Wave_Z1 <= 4)
14	IDAb1_Ere	(boss_brother == 1) && (1round_end == 1)
14	IDAb1_Ere	(boss_brother == 4) && (1round_end == 1)
14	LDF4_Advance	(v13==2)
14	LDF4_Advance	(v13==3)
14	df3	DF3_2_Village==2
14	ab1	D_BuildupLevel <= 3
14	lf4	DirectPortalDest_52>=1
14	housing_df_personal	HDFP_ID_TOWN_A_1_LV==4
14	housing_df_personal	HDFP_ID_TOWN_A_2_LV==4
14	housing_df_personal	HDFP_ID_TOWN_A_3_LV==4
14	housing_df_personal	HDFP_ID_TOWN_A_LV==4
14	housing_df_personal	HDFP_ID_TOWN_B_1_LV==4
14	housing_df_personal	HDFP_ID_TOWN_B_2_LV==4
14	housing_df_personal	HDFP_ID_TOWN_B_3_LV==4
14	housing_df_personal	HDFP_ID_TOWN_B_4_LV==4
14	housing_df_personal	HDFP_ID_TOWN_B_5_LV==4
14	housing_df_personal	HDFP_ID_TOWN_B_6_LV==4
14	housing_df_personal	HDFP_ID_TOWN_B_7_LV==4
14	housing_df_personal	HDFP_ID_TOWN_B_8_LV==4
14	housing_df_personal	HDFP_ID_TOWN_B_LV==4
14	housing_df_personal	HDFP_ID_TOWN_C_10_LV==4
14	housing_df_personal	HDFP_ID_TOWN_C_11_LV==4
14	housing_df_personal	HDFP_ID_TOWN_C_1_LV==4
14	housing_df_personal	HDFP_ID_TOWN_C_2_LV==4
14	housing_df_personal	HDFP_ID_TOWN_C_3_LV==4
14	housing_df_personal	HDFP_ID_TOWN_C_4_LV==4
14	housing_df_personal	HDFP_ID_TOWN_C_5_LV==4
14	housing_df_personal	HDFP_ID_TOWN_C_6_LV==4
14	housing_df_personal	HDFP_ID_TOWN_C_7_LV==4
14	housing_df_personal	HDFP_ID_TOWN_C_8_LV==4
14	housing_df_personal	HDFP_ID_TOWN_C_9_LV==4
14	housing_df_personal	HDFP_ID_TOWN_C_LV==4
14	housing_lf_personal	HLFP_ID_TOWN_A_1_LV==4
14	housing_lf_personal	HLFP_ID_TOWN_A_2_LV==4
14	housing_lf_personal	HLFP_ID_TOWN_A_3_LV==4
14	housing_lf_personal	HLFP_ID_TOWN_A_LV==4
14	housing_lf_personal	HLFP_ID_TOWN_B_1_LV==4
14	housing_lf_personal	HLFP_ID_TOWN_B_2_LV==4
14	housing_lf_personal	HLFP_ID_TOWN_B_3_LV==4
14	housing_lf_personal	HLFP_ID_TOWN_B_4_LV==4
14	housing_lf_personal	HLFP_ID_TOWN_B_5_LV==4
14	housing_lf_personal	HLFP_ID_TOWN_B_6_LV==4
14	housing_lf_personal	HLFP_ID_TOWN_B_7_LV==4
14	housing_lf_personal	HLFP_ID_TOWN_B_8_LV==4
14	housing_lf_personal	HLFP_ID_TOWN_B_LV==4
14	housing_lf_personal	HLFP_ID_TOWN_C_10_LV==4
14	housing_lf_personal	HLFP_ID_TOWN_C_11_LV==4
14	housing_lf_personal	HLFP_ID_TOWN_C_1_LV==4
14	housing_lf_personal	HLFP_ID_TOWN_C_2_LV==4
14	housing_lf_personal	HLFP_ID_TOWN_C_3_LV==4
14	housing_lf_personal	HLFP_ID_TOWN_C_4_LV==4
14	housing_lf_personal	HLFP_ID_TOWN_C_5_LV==4
14	housing_lf_personal	HLFP_ID_TOWN_C_6_LV==4
14	housing_lf_personal	HLFP_ID_TOWN_C_7_LV==4
14	housing_lf_personal	HLFP_ID_TOWN_C_8_LV==4
14	housing_lf_personal	HLFP_ID_TOWN_C_9_LV==4
14	housing_lf_personal	HLFP_ID_TOWN_C_LV==4
14	df1	InterServer_Cond == 1
14	DF4_M	InterServer_Cond==0
14	lf3	LF3_1_Village==3
14	ab1	L_BuildupLevel <= 3
14	IDLDF5_Under_03	RACE == 1
14	IDLDF5_Under_03	RACE == 2
14	IDLuna_siege	RANDOM_BOMB_01>=1
14	IDLuna_siege	RANDOM_BOMB_02>=1
14	IDLuna_siege	RANDOM_BOMB_03>=1
14	IDLDF4Re_01	cSet_1_1_10 == 1
14	IDLDF4Re_01	cSet_1_1_11 == 1
14	IDLDF4Re_01	cSet_1_1_12 == 1
14	IDLDF4Re_01	cSet_1_1_4 == 1
14	IDLDF4Re_01	cSet_1_1_5 == 1
14	IDLDF4Re_01	cSet_1_1_6 == 1
14	IDInfinity	floor_13 >= 1
14	idldf5re_solo	game == 1
14	ldf5_fortress	gb02_2 == 1
14	ldf5_fortress	gb03_2 == 1
13	ab1	(InterServer_Cond == 0) && (SpecialServer_Cond == 0) && (D_BuildupLevel >= 3)
13	ab1	(InterServer_Cond == 0) && (SpecialServer_Cond == 0) && (L_BuildupLevel >= 3)
13	IDDF2_Dflame_Event	(STAGE2_WAVE >= 20) && (STAGE2_END == 0)
13	IDEternity_01	(Spawn_Set == 1) || (Spawn_Set == 2) || (Spawn_Set == 4) || (Spawn_Set == 6) || (Spawn_Set == 8) || (Spawn_Set == 9) || (Spawn_Set == 11) || (Spawn_Set == 12)
13	IDEternity_01	(Spawn_Set == 1) || (Spawn_Set == 9) || (Spawn_Set == 11)
13	IDEternity_01	(Spawn_Set == 2) || (Spawn_Set == 3) || (Spawn_Set == 6)
13	IDEternity_01	(Spawn_Set == 2) || (Spawn_Set == 4) || (Spawn_Set == 6) || (Spawn_Set == 8) || (Spawn_Set == 10) || (Spawn_Set == 12)
13	IDEternity_01	(Spawn_Set == 3) || (Spawn_Set == 5) || (Spawn_Set == 7)
13	idarena	Condition_S3_L >= 25
13	idarena	Condition_S4 >= 18
13	df3	DF3_1_Village==2
13	ab1	D_BuildupLevel <= 4
13	lf2	LF2_1_Village==3
13	lf2	LF2_2_Village==3
13	ab1	L_BuildupLevel <= 4
13	iddramata_01	Phage4 >= 5
13	DF4_M	[SAVE]df4_v01 == 2
13	DF4_M	[SAVE]df4_v01 == 3
13	DF4_M	[SAVE]df4_v02 == 2
13	DF4_M	[SAVE]df4_v02 == 3
13	DF4_M	[SAVE]df4_v03 == 2
13	DF4_M	[SAVE]df4_v03 == 3
13	DF4_M	[SAVE]df4_v04 == 2
13	DF4_M	[SAVE]df4_v04 == 3
13	DF4_M	[SAVE]df4_v05 == 2
13	DF4_M	[SAVE]df4_v05 == 3
13	DF4_M	[SAVE]df4_v06 == 2
13	DF4_M	[SAVE]df4_v06 == 3
13	DF4_M	[SAVE]df4_v07 == 2
13	DF4_M	[SAVE]df4_v07 == 3
13	df6	df6_event_end == 1
13	LDF4_Advance	village_dr_bm == 1
13	LDF4_Advance	village_dr_km == 1
13	LDF4_Advance	village_dr_km == 2
13	LDF4_Advance	village_dr_km == 3
12	IDEternity_03	((waveend > 45) && (waveend < 59))
12	IDEternity_03	((waveend > 57) && (waveend < 70))
12	IDSweep_02	(1STAGE_START>=19) && (SpecialServer_Cond == 0)
12	IDSweep_02	(1STAGE_START>=19) && (SpecialServer_Cond == 1)
12	IDSweep_02	(1STAGE_START>=23) && (SpecialServer_Cond == 0)
12	IDSweep_02	(1STAGE_START>=23) && (SpecialServer_Cond == 1)
12	ldf5a	(5011_Mercenary01==1) && (5011==2)
12	ldf5a	(5011_Mercenary01==1) && (5011==3)
12	idstation	(IDStation_Score <= 11) && (IDStation_Score >= 4)
12	idstation	(IDStation_Score <= 11) && (IDStation_Score >= 5)
12	IDSeal_Q	(RACE == 1) && (SCENE == 6)
12	IDSeal_Q	(RACE == 2) && (SCENE == 6)
12	IDDF2_Dflame_Event	(STAGE1_END == 1) && (STAGE2_END == 0)
12	IDDF2_Dflame_Event	(STAGE1_WAVE >= 11) && (STAGE1_END == 0)
12	IDDF2_Dflame_Event	(STAGE3_WAVE >= 14) && (BOSSROOM_START == 0)
12	IDDF2_Dflame_Event	(STAGE3_WAVE >= 2) && (BOSSROOM_START == 0)
12	IDDF2_Dflame_Event	(STAGE3_WAVE >= 20) && (BOSSROOM_START == 0)
12	IDDF2_Dflame_Event	(STAGE3_WAVE >= 26) && (BOSSROOM_START == 0)
12	IDDF2_Dflame_Event	(STAGE3_WAVE >= 8) && (BOSSROOM_START == 0)
12	IDEvent_def	(Wave_1_Start == 1) && (SpecialServer_Cond == 0)
12	IDEvent_def	(Wave_1_Start == 1) && (SpecialServer_Cond == 1)
12	IDEvent_def	(Wave_3 >= 15) && (SpecialServer_Cond == 0)
12	IDEvent_def	(Wave_3 >= 15) && (SpecialServer_Cond == 1)
12	IDAb1_Ere	(equip_attack == 1) && (equip_defend == 1)
12	IDAb1_Ere	(equip_attack == 1) && (equip_defend == 2)
12	IDAb1_Ere	(equip_attack == 2) && (equip_defend == 1)
12	IDAb1_Ere	(equip_attack == 2) && (equip_defend == 2)
12	df6	(f6_event_b == 1) && (f6_event_kill >= 22) && (f6_event_kill <= 25)
12	df6	(f6_event_b2 == 1) && (f6_event_kill >= 22) && (f6_event_kill <= 25)
12	df6	(f6_event_c == 1) && (f6_event_kill >= 22) && (f6_event_kill <= 25)
12	df6	(f6_event_d == 1) && (f6_event_kill >= 22) && (f6_event_kill <= 25)
12	df6	(f6_event_e == 1) && (f6_event_kill >= 22) && (f6_event_kill <= 25)
12	df6	(f6_event_f == 1) && (f6_event_kill >= 22) && (f6_event_kill <= 25)
12	df6	(f6_event_f2 == 1) && (f6_event_kill >= 22) && (f6_event_kill <= 25)
12	df6	(f6_event_g == 1) && (f6_event_kill >= 22) && (f6_event_kill <= 25)
12	df6	(f6_event_h == 1) && (f6_event_kill >= 22) && (f6_event_kill <= 25)
12	df6	(f6_event_i == 1) && (f6_event_kill >= 22) && (f6_event_kill <= 25)
12	IDTransform	(level_check == 66) && (a_battle == 1) && (a_path_02 > 1)
12	IDTransform	(level_check == 66) && (a_battle == 2) && (a_path_02 > 1)
12	IDTransform	(level_check == 66) && (a_room == 1)
12	IDTransform	(level_check == 66) && (a_room == 2)
12	IDTransform	(level_check == 66) && (a_room == 3)
12	IDTransform	(level_check == 66) && (a_room == 4)
12	IDTransform	(level_check == 66) && (b_room == 1)
12	IDTransform	(level_check == 66) && (b_room == 2)
12	IDTransform	(level_check == 66) && (b_room == 3)
12	IDTransform	(level_check == 66) && (b_room == 4)
12	IDTransform	(level_check == 66) && (c_room == 1)
12	IDTransform	(level_check == 66) && (c_room == 2)
12	IDTransform	(level_check == 66) && (c_room == 3)
12	IDTransform	(level_check == 66) && (c_room == 4)
12	IDTransform	(level_check == 66) && (c_room == 5)
12	IDTransform	(level_check == 66) && (c_room == 6)
12	IDTransform	(level_check == 66) && (c_room == 7)
12	IDTransform	(level_check == 66) && (c_room == 8)
12	IDTransform	(level_check == 67) && (a_battle == 1) && (a_path_02 > 1)
12	IDTransform	(level_check == 67) && (a_battle == 2) && (a_path_02 > 1)
12	IDTransform	(level_check == 67) && (a_room == 1)
12	IDTransform	(level_check == 67) && (a_room == 2)
12	IDTransform	(level_check == 67) && (a_room == 3)
12	IDTransform	(level_check == 67) && (a_room == 4)
12	IDTransform	(level_check == 67) && (b_room == 1)
12	IDTransform	(level_check == 67) && (b_room == 2)
12	IDTransform	(level_check == 67) && (b_room == 3)
12	IDTransform	(level_check == 67) && (b_room == 4)
12	IDTransform	(level_check == 67) && (c_room == 1)
12	IDTransform	(level_check == 67) && (c_room == 2)
12	IDTransform	(level_check == 67) && (c_room == 3)
12	IDTransform	(level_check == 67) && (c_room == 4)
12	IDTransform	(level_check == 67) && (c_room == 5)
12	IDTransform	(level_check == 67) && (c_room == 6)
12	IDTransform	(level_check == 67) && (c_room == 7)
12	IDTransform	(level_check == 67) && (c_room == 8)
12	IDTransform	(level_check == 68) && (a_battle == 1) && (a_path_02 > 1)
12	IDTransform	(level_check == 68) && (a_battle == 2) && (a_path_02 > 1)
12	IDTransform	(level_check == 68) && (a_room == 1)
12	IDTransform	(level_check == 68) && (a_room == 2)
12	IDTransform	(level_check == 68) && (a_room == 3)
12	IDTransform	(level_check == 68) && (a_room == 4)
12	IDTransform	(level_check == 68) && (b_room == 1)
12	IDTransform	(level_check == 68) && (b_room == 2)
12	IDTransform	(level_check == 68) && (b_room == 3)
12	IDTransform	(level_check == 68) && (b_room == 4)
12	IDTransform	(level_check == 68) && (c_room == 1)
12	IDTransform	(level_check == 68) && (c_room == 2)
12	IDTransform	(level_check == 68) && (c_room == 3)
12	IDTransform	(level_check == 68) && (c_room == 4)
12	IDTransform	(level_check == 68) && (c_room == 5)
12	IDTransform	(level_check == 68) && (c_room == 6)
12	IDTransform	(level_check == 68) && (c_room == 7)
12	IDTransform	(level_check == 68) && (c_room == 8)
12	IDTransform	(level_check == 69) && (a_battle == 1) && (a_path_02 > 1)
12	IDTransform	(level_check == 69) && (a_battle == 2) && (a_path_02 > 1)
12	IDTransform	(level_check == 69) && (a_room == 1)
12	IDTransform	(level_check == 69) && (a_room == 2)
12	IDTransform	(level_check == 69) && (a_room == 3)
12	IDTransform	(level_check == 69) && (a_room == 4)
12	IDTransform	(level_check == 69) && (b_room == 1)
12	IDTransform	(level_check == 69) && (b_room == 2)
12	IDTransform	(level_check == 69) && (b_room == 3)
12	IDTransform	(level_check == 69) && (b_room == 4)
12	IDTransform	(level_check == 69) && (c_room == 1)
12	IDTransform	(level_check == 69) && (c_room == 2)
12	IDTransform	(level_check == 69) && (c_room == 3)
12	IDTransform	(level_check == 69) && (c_room == 4)
12	IDTransform	(level_check == 69) && (c_room == 5)
12	IDTransform	(level_check == 69) && (c_room == 6)
12	IDTransform	(level_check == 69) && (c_room == 7)
12	IDTransform	(level_check == 69) && (c_room == 8)
12	IDTransform	(level_check == 70) && (a_battle == 1) && (a_path_02 > 1)
12	IDTransform	(level_check == 70) && (a_battle == 2) && (a_path_02 > 1)
12	IDTransform	(level_check == 70) && (a_room == 1)
12	IDTransform	(level_check == 70) && (a_room == 2)
12	IDTransform	(level_check == 70) && (a_room == 3)
12	IDTransform	(level_check == 70) && (a_room == 4)
12	IDTransform	(level_check == 70) && (b_room == 1)
12	IDTransform	(level_check == 70) && (b_room == 2)
12	IDTransform	(level_check == 70) && (b_room == 3)
12	IDTransform	(level_check == 70) && (b_room == 4)
12	IDTransform	(level_check == 70) && (c_room == 1)
12	IDTransform	(level_check == 70) && (c_room == 2)
12	IDTransform	(level_check == 70) && (c_room == 3)
12	IDTransform	(level_check == 70) && (c_room == 4)
12	IDTransform	(level_check == 70) && (c_room == 5)
12	IDTransform	(level_check == 70) && (c_room == 6)
12	IDTransform	(level_check == 70) && (c_room == 7)
12	IDTransform	(level_check == 70) && (c_room == 8)
12	IDTransform	(level_check == 71) && (a_battle == 1) && (a_path_02 > 1)
12	IDTransform	(level_check == 71) && (a_battle == 2) && (a_path_02 > 1)
12	IDTransform	(level_check == 71) && (a_room == 1)
12	IDTransform	(level_check == 71) && (a_room == 2)
12	IDTransform	(level_check == 71) && (a_room == 3)
12	IDTransform	(level_check == 71) && (a_room == 4)
12	IDTransform	(level_check == 71) && (b_room == 1)
12	IDTransform	(level_check == 71) && (b_room == 2)
12	IDTransform	(level_check == 71) && (b_room == 3)
12	IDTransform	(level_check == 71) && (b_room == 4)
12	IDTransform	(level_check == 71) && (c_room == 1)
12	IDTransform	(level_check == 71) && (c_room == 2)
12	IDTransform	(level_check == 71) && (c_room == 3)
12	IDTransform	(level_check == 71) && (c_room == 4)
12	IDTransform	(level_check == 71) && (c_room == 5)
12	IDTransform	(level_check == 71) && (c_room == 6)
12	IDTransform	(level_check == 71) && (c_room == 7)
12	IDTransform	(level_check == 71) && (c_room == 8)
12	IDTransform	(level_check == 72) && (a_battle == 1) && (a_path_02 > 1)
12	IDTransform	(level_check == 72) && (a_battle == 2) && (a_path_02 > 1)
12	IDTransform	(level_check == 72) && (a_room == 1)
12	IDTransform	(level_check == 72) && (a_room == 2)
12	IDTransform	(level_check == 72) && (a_room == 3)
12	IDTransform	(level_check == 72) && (a_room == 4)
12	IDTransform	(level_check == 72) && (b_room == 1)
12	IDTransform	(level_check == 72) && (b_room == 2)
12	IDTransform	(level_check == 72) && (b_room == 3)
12	IDTransform	(level_check == 72) && (b_room == 4)
12	IDTransform	(level_check == 72) && (c_room == 1)
12	IDTransform	(level_check == 72) && (c_room == 2)
12	IDTransform	(level_check == 72) && (c_room == 3)
12	IDTransform	(level_check == 72) && (c_room == 4)
12	IDTransform	(level_check == 72) && (c_room == 5)
12	IDTransform	(level_check == 72) && (c_room == 6)
12	IDTransform	(level_check == 72) && (c_room == 7)
12	IDTransform	(level_check == 72) && (c_room == 8)
12	IDTransform	(level_check == 73) && (a_battle == 1) && (a_path_02 > 1)
12	IDTransform	(level_check == 73) && (a_battle == 2) && (a_path_02 > 1)
12	IDTransform	(level_check == 73) && (a_room == 1)
12	IDTransform	(level_check == 73) && (a_room == 2)
12	IDTransform	(level_check == 73) && (a_room == 3)
12	IDTransform	(level_check == 73) && (a_room == 4)
12	IDTransform	(level_check == 73) && (b_room == 1)
12	IDTransform	(level_check == 73) && (b_room == 2)
12	IDTransform	(level_check == 73) && (b_room == 3)
12	IDTransform	(level_check == 73) && (b_room == 4)
12	IDTransform	(level_check == 73) && (c_room == 1)
12	IDTransform	(level_check == 73) && (c_room == 2)
12	IDTransform	(level_check == 73) && (c_room == 3)
12	IDTransform	(level_check == 73) && (c_room == 4)
12	IDTransform	(level_check == 73) && (c_room == 5)
12	IDTransform	(level_check == 73) && (c_room == 6)
12	IDTransform	(level_check == 73) && (c_room == 7)
12	IDTransform	(level_check == 73) && (c_room == 8)
12	IDTransform	(level_check == 74) && (a_battle == 1) && (a_path_02 > 1)
12	IDTransform	(level_check == 74) && (a_battle == 2) && (a_path_02 > 1)
12	IDTransform	(level_check == 74) && (a_room == 1)
12	IDTransform	(level_check == 74) && (a_room == 2)
12	IDTransform	(level_check == 74) && (a_room == 3)
12	IDTransform	(level_check == 74) && (a_room == 4)
12	IDTransform	(level_check == 74) && (b_room == 1)
12	IDTransform	(level_check == 74) && (b_room == 2)
12	IDTransform	(level_check == 74) && (b_room == 3)
12	IDTransform	(level_check == 74) && (b_room == 4)
12	IDTransform	(level_check == 74) && (c_room == 1)
12	IDTransform	(level_check == 74) && (c_room == 2)
12	IDTransform	(level_check == 74) && (c_room == 3)
12	IDTransform	(level_check == 74) && (c_room == 4)
12	IDTransform	(level_check == 74) && (c_room == 5)
12	IDTransform	(level_check == 74) && (c_room == 6)
12	IDTransform	(level_check == 74) && (c_room == 7)
12	IDTransform	(level_check == 74) && (c_room == 8)
12	IDTransform	(level_check == 75) && (a_battle == 1) && (a_path_02 > 1)
12	IDTransform	(level_check == 75) && (a_battle == 2) && (a_path_02 > 1)
12	IDTransform	(level_check == 75) && (a_room == 1)
12	IDTransform	(level_check == 75) && (a_room == 2)
12	IDTransform	(level_check == 75) && (a_room == 3)
12	IDTransform	(level_check == 75) && (a_room == 4)
12	IDTransform	(level_check == 75) && (b_room == 1)
12	IDTransform	(level_check == 75) && (b_room == 2)
12	IDTransform	(level_check == 75) && (b_room == 3)
12	IDTransform	(level_check == 75) && (b_room == 4)
12	IDTransform	(level_check == 75) && (c_room == 1)
12	IDTransform	(level_check == 75) && (c_room == 2)
12	IDTransform	(level_check == 75) && (c_room == 3)
12	IDTransform	(level_check == 75) && (c_room == 4)
12	IDTransform	(level_check == 75) && (c_room == 5)
12	IDTransform	(level_check == 75) && (c_room == 6)
12	IDTransform	(level_check == 75) && (c_room == 7)
12	IDTransform	(level_check == 75) && (c_room == 8)
12	IDEternity_War	(people_expand_con >= 2) && (96_bottom == 2)
12	IDEternity_War	(people_expand_con >= 2) && (96_bottom == 3)
12	IDEternity_War	(people_expand_con >= 2) && (96_top == 2)
12	IDEternity_War	(people_expand_con >= 2) && (96_top == 3)
12	iddc1_dreadgion	(set_energy_a > 96) && (set_energy_b > 96)
12	iddc1_dreadgion	(set_energy_c > 96) && (set_energy_d > 96)
12	LDF4_Advance	(v04== 2) && (va_l > 0)
12	LDF4_Advance	(v04== 3) && (va_d > 0)
12	LDF4_Advance	(v13==2) && (li_killer_v13 > 5)
12	LDF4_Advance	(v13==3) && (da_killer_v13 > 5)
12	IDSweep	1STAGE_START>=19
12	IDSweep	1STAGE_START>=23
12	IDSweep	3STAGE_START>=1
12	IDDreadgion_04	Dark_A_On >= 1
12	IDDreadgion_04	Dark_B_On >= 1
12	df6	F6_Depart_Spawn == 1
12	IDDreadgion_04	Light_A_On >= 1
12	IDDreadgion_04	Light_B_On >= 1
12	IDSeal_Q	MOB1 == 1
12	idabre_core	NmdA_BoxSpawn == 1
12	iddramata_01	Phage4 >= 3
12	iddramata_01	Phage4 >= 4
12	idldf5b_td	Wave_Z1 == 2
12	DF4_M	[SAVE]df4_v01 == 1
12	DF4_M	[SAVE]df4_v02 == 1
12	DF4_M	[SAVE]df4_v03 == 1
12	DF4_M	[SAVE]df4_v04 == 1
12	DF4_M	[SAVE]df4_v05 == 1
12	DF4_M	[SAVE]df4_v06 == 1
12	DF4_M	[SAVE]df4_v07 == 1
12	IDF6_Adma	boss_summon == 1
12	test_mrt_idzone	condition == 2
12	df6	da_invasion_02 == 1
12	df6	da_invasion_04 == 1
12	iddc1_dreadgion	dreadgion_event == 1
12	iddc1_dreadgion	dreadgion_invasion == 1
12	iddc1_dreadgion	dreadgion_invasion_boss_die == 1
12	iddc1_dreadgion	dreadgion_invasion_turret_01 == 1
12	iddc1_dreadgion	dreadgion_invasion_turret_02 == 1
12	iddc1_dreadgion	dreadgion_weapon_a_wave > 1
12	iddc1_dreadgion	dreadgion_weapon_a_wave > 10
12	iddc1_dreadgion	dreadgion_weapon_a_wave > 2
12	iddc1_dreadgion	dreadgion_weapon_a_wave > 4
12	iddc1_dreadgion	dreadgion_weapon_a_wave > 7
12	iddc1_dreadgion	dreadgion_weapon_b_wave > 1
12	iddc1_dreadgion	dreadgion_weapon_b_wave > 10
12	iddc1_dreadgion	dreadgion_weapon_b_wave > 2
12	iddc1_dreadgion	dreadgion_weapon_b_wave > 4
12	iddc1_dreadgion	dreadgion_weapon_b_wave > 7
12	ab1	finalarti == 1
12	ab1	finalarti == 4
12	IDInfinity	floor_03 >= 1
12	IDInfinity	floor_11 >= 1
12	IDInfinity	floor_22 >= 1
12	IDInfinity	floor_35 >= 1
12	IDInfinity	floor_37 >= 1
12	iddc1_dreadgion	mainmodule == 1
12	iddc1_dreadgion	mainmodule == 2
12	iddc1_dreadgion	mainmodule == 3
12	iddc1_dreadgion	mainmodule == 4
12	iddc1_dreadgion	mainmodule == 5
12	iddc1_dreadgion	mainmodule == 6
12	idtm_arenaP_01	partytournament_start == 1
12	IDEternity_03	rock1_2 >= 5
12	IDEternity_03	rock1_3 >= 3
12	iddc1_dreadgion	set_energy_a > 24
12	iddc1_dreadgion	set_energy_b > 24
12	iddc1_dreadgion	set_energy_c > 24
12	iddc1_dreadgion	set_energy_d > 24
12	iddc1_dreadgion	set_ice_a == 1
12	iddc1_dreadgion	set_ice_b == 1
12	idstation	tower_die >= 1
12	idstation	tower_die >= 2
12	idstation	tower_die >= 3
12	idstation	tower_die >= 4
12	iddc1_dreadgion	turret_01_energy == 2
12	iddc1_dreadgion	turret_01_energy_a == 2
12	iddc1_dreadgion	turret_energy == 2
12	iddc1_dreadgion	turret_energy_a == 2
12	iddc1_dreadgion	turret_wave > 2
12	idf5_td_war	v09 == 1
12	LDF4_Advance	village_dr_gm == 1
12	idyun	weapon == 1
12	idyun	weapon == 2
11	df3	(DirectPortalDest_19 == 1)&&(SpecialServer_Cond == 0)
11	ab1	(InterServer_Cond == 0) && (SpecialServer_Cond == 0) && (Ab1_Artifact_02_D == 1)
11	ab1	(InterServer_Cond == 0) && (SpecialServer_Cond == 0) && (Ab1_Artifact_02_L == 1)
11	IDSeal_Q	(RACE == 1) && (SCENE > 16)
11	IDSeal_Q	(RACE == 2) && (SCENE > 16)
11	IDLuna_def	(TIMEATTACK_PLAY_START>=1)&&(IDLUNA_DEF_PHASE_3<=450)
11	IDEternity_02	(ideternity_02_da == 1) && (ideternity_02_save_04 == 2)
11	IDEternity_02	(ideternity_02_li == 1) && (ideternity_02_save_04 == 2)
11	idarena	Condition_S10 >= 1
11	idarena	Condition_S10 >= 11
11	idarena_solo	Condition_S2A>=5
11	idarena_solo	Condition_S2B>=4
11	ab1	D_BuildupLevel <= 5
11	df6	F6_Raid_Start_01 == 1
11	housing_df_personal	HDFP_ID_TOWN_A_1_LV==5
11	housing_df_personal	HDFP_ID_TOWN_A_2_LV==5
11	housing_df_personal	HDFP_ID_TOWN_A_3_LV==5
11	housing_df_personal	HDFP_ID_TOWN_A_LV==5
11	housing_df_personal	HDFP_ID_TOWN_B_1_LV==5
11	housing_df_personal	HDFP_ID_TOWN_B_2_LV==5
11	housing_df_personal	HDFP_ID_TOWN_B_3_LV==5
11	housing_df_personal	HDFP_ID_TOWN_B_4_LV==5
11	housing_df_personal	HDFP_ID_TOWN_B_5_LV==5
11	housing_df_personal	HDFP_ID_TOWN_B_6_LV==5
11	housing_df_personal	HDFP_ID_TOWN_B_7_LV==5
11	housing_df_personal	HDFP_ID_TOWN_B_8_LV==5
11	housing_df_personal	HDFP_ID_TOWN_B_LV==5
11	housing_df_personal	HDFP_ID_TOWN_C_10_LV==5
11	housing_df_personal	HDFP_ID_TOWN_C_11_LV==5
11	housing_df_personal	HDFP_ID_TOWN_C_1_LV==5
11	housing_df_personal	HDFP_ID_TOWN_C_2_LV==5
11	housing_df_personal	HDFP_ID_TOWN_C_3_LV==5
11	housing_df_personal	HDFP_ID_TOWN_C_4_LV==5
11	housing_df_personal	HDFP_ID_TOWN_C_5_LV==5
11	housing_df_personal	HDFP_ID_TOWN_C_6_LV==5
11	housing_df_personal	HDFP_ID_TOWN_C_7_LV==5
11	housing_df_personal	HDFP_ID_TOWN_C_8_LV==5
11	housing_df_personal	HDFP_ID_TOWN_C_9_LV==5
11	housing_df_personal	HDFP_ID_TOWN_C_LV==5
11	housing_lf_personal	HLFP_ID_TOWN_A_1_LV==5
11	housing_lf_personal	HLFP_ID_TOWN_A_2_LV==5
11	housing_lf_personal	HLFP_ID_TOWN_A_3_LV==5
11	housing_lf_personal	HLFP_ID_TOWN_A_LV==5
11	housing_lf_personal	HLFP_ID_TOWN_B_1_LV==5
11	housing_lf_personal	HLFP_ID_TOWN_B_2_LV==5
11	housing_lf_personal	HLFP_ID_TOWN_B_3_LV==5
11	housing_lf_personal	HLFP_ID_TOWN_B_4_LV==5
11	housing_lf_personal	HLFP_ID_TOWN_B_5_LV==5
11	housing_lf_personal	HLFP_ID_TOWN_B_6_LV==5
11	housing_lf_personal	HLFP_ID_TOWN_B_7_LV==5
11	housing_lf_personal	HLFP_ID_TOWN_B_8_LV==5
11	housing_lf_personal	HLFP_ID_TOWN_B_LV==5
11	housing_lf_personal	HLFP_ID_TOWN_C_10_LV==5
11	housing_lf_personal	HLFP_ID_TOWN_C_11_LV==5
11	housing_lf_personal	HLFP_ID_TOWN_C_1_LV==5
11	housing_lf_personal	HLFP_ID_TOWN_C_2_LV==5
11	housing_lf_personal	HLFP_ID_TOWN_C_3_LV==5
11	housing_lf_personal	HLFP_ID_TOWN_C_4_LV==5
11	housing_lf_personal	HLFP_ID_TOWN_C_5_LV==5
11	housing_lf_personal	HLFP_ID_TOWN_C_6_LV==5
11	housing_lf_personal	HLFP_ID_TOWN_C_7_LV==5
11	housing_lf_personal	HLFP_ID_TOWN_C_8_LV==5
11	housing_lf_personal	HLFP_ID_TOWN_C_9_LV==5
11	housing_lf_personal	HLFP_ID_TOWN_C_LV==5
11	IDSweep	IDSweep_Reward == 1
11	lf3	LF3_2_Village==2
11	ab1	L_BuildupLevel <= 5
11	iddramata_01	Phage3 >= 2
11	IDLuna_def	TIMEATTACK_PLAY_START==1
11	ab1	WORLDRAID_05 == 1
11	idldf5b_td	Wave_Z1 == 5
11	IDAb1_Heroes_D	boss_die == 1
11	idldf5_under_02	cSetRaceDark == 1
11	idldf5_under_02	cSetRaceLight == 1
11	IDLDF4Re_01	cSet_1_1_1 == 1
11	IDLDF4Re_01	cSet_1_1_2 == 1
11	df6	da_invasion_01 == 1
11	df6	da_invasion_03 == 1
11	IDEternity_02	ideternity_02_strong_d == 2
11	IDEternity_03	rock1_3 >= 2
11	idf5_td_war	v06 == 2
11	idf5_td_war	v06 == 3
10	IDSeal_Q	((RACE == 1) && (SCENE > 10)) && ((RACE == 1) && (SCENE < 15))
10	IDSeal_Q	((RACE == 1) && (SCENE > 14)) && ((RACE == 1) && (SCENE < 17))
10	IDSeal_Q	((RACE == 2) && (SCENE > 10)) && ((RACE == 2) && (SCENE < 15))
10	IDSeal_Q	((RACE == 2) && (SCENE > 14)) && ((RACE == 2) && (SCENE < 17))
10	ldf5b	(6021_Mercenary02==1) && (6021==2)
10	ldf5b	(6021_Mercenary02==1) && (6021==3)
10	IDDF2_Dflame_Event	(BOSSROOM_N2 == 1) && (BOSSROOM_WAVE >= 60)
10	iddf2flying_event01	(Condition_S3==172)
10	IDDF2_Dflame_Event	(STAGE2_END == 1) && (BOSSROOM_START == 0)
10	IDEvent_def	(Wave_2 >= 13) && (SpecialServer_Cond == 0)
10	IDEvent_def	(Wave_2 >= 13) && (SpecialServer_Cond == 1)
10	IDF6_LF1	(con_A01 == 1) || (con_D01 == 1)
10	IDF6_LF1	(con_B01 == 1) || (con_C01 == 1)
10	IDAb1_Ere	(da_play == 1) && (4f_hole_01 == 1)
10	df6	(f6_event_b == 1) && (f6_event_kill >= 12) && (f6_event_kill <= 15)
10	df6	(f6_event_b2 == 1) && (f6_event_kill >= 12) && (f6_event_kill <= 15)
10	df6	(f6_event_c == 1) && (f6_event_kill >= 12) && (f6_event_kill <= 15)
10	df6	(f6_event_d == 1) && (f6_event_kill >= 12) && (f6_event_kill <= 15)
10	df6	(f6_event_e == 1) && (f6_event_kill >= 12) && (f6_event_kill <= 15)
10	df6	(f6_event_f == 1) && (f6_event_kill >= 12) && (f6_event_kill <= 15)
10	df6	(f6_event_f2 == 1) && (f6_event_kill >= 12) && (f6_event_kill <= 15)
10	df6	(f6_event_g == 1) && (f6_event_kill >= 12) && (f6_event_kill <= 15)
10	df6	(f6_event_h == 1) && (f6_event_kill >= 12) && (f6_event_kill <= 15)
10	df6	(f6_event_i == 1) && (f6_event_kill >= 12) && (f6_event_kill <= 15)
10	IDTransform	(level_check == 66) && (a_battle == 1) && (b_path_01 == 2)
10	IDTransform	(level_check == 66) && (a_battle == 1) && (b_path_02 == 2)
10	IDTransform	(level_check == 66) && (a_battle == 2) && (b_path_01 == 2)
10	IDTransform	(level_check == 66) && (a_battle == 2) && (b_path_02 == 2)
10	IDTransform	(level_check == 66) && (b_room == 5)
10	IDTransform	(level_check == 66) && (b_room == 6)
10	IDTransform	(level_check == 66) && (b_room == 7)
10	IDTransform	(level_check == 66) && (b_room == 8)
10	IDTransform	(level_check == 66) && (save > 1)
10	IDTransform	(level_check == 67) && (a_battle == 1) && (b_path_01 == 2)
10	IDTransform	(level_check == 67) && (a_battle == 1) && (b_path_02 == 2)
10	IDTransform	(level_check == 67) && (a_battle == 2) && (b_path_01 == 2)
10	IDTransform	(level_check == 67) && (a_battle == 2) && (b_path_02 == 2)
10	IDTransform	(level_check == 67) && (b_room == 5)
10	IDTransform	(level_check == 67) && (b_room == 6)
10	IDTransform	(level_check == 67) && (b_room == 7)
10	IDTransform	(level_check == 67) && (b_room == 8)
10	IDTransform	(level_check == 67) && (save > 1)
10	IDTransform	(level_check == 68) && (a_battle == 1) && (b_path_01 == 2)
10	IDTransform	(level_check == 68) && (a_battle == 1) && (b_path_02 == 2)
10	IDTransform	(level_check == 68) && (a_battle == 2) && (b_path_01 == 2)
10	IDTransform	(level_check == 68) && (a_battle == 2) && (b_path_02 == 2)
10	IDTransform	(level_check == 68) && (b_room == 5)
10	IDTransform	(level_check == 68) && (b_room == 6)
10	IDTransform	(level_check == 68) && (b_room == 7)
10	IDTransform	(level_check == 68) && (b_room == 8)
10	IDTransform	(level_check == 68) && (save > 1)
10	IDTransform	(level_check == 69) && (a_battle == 1) && (b_path_01 == 2)
10	IDTransform	(level_check == 69) && (a_battle == 1) && (b_path_02 == 2)
10	IDTransform	(level_check == 69) && (a_battle == 2) && (b_path_01 == 2)
10	IDTransform	(level_check == 69) && (a_battle == 2) && (b_path_02 == 2)
10	IDTransform	(level_check == 69) && (b_room == 5)
10	IDTransform	(level_check == 69) && (b_room == 6)
10	IDTransform	(level_check == 69) && (b_room == 7)
10	IDTransform	(level_check == 69) && (b_room == 8)
10	IDTransform	(level_check == 69) && (save > 1)
10	IDTransform	(level_check == 70) && (a_battle == 1) && (b_path_01 == 2)
10	IDTransform	(level_check == 70) && (a_battle == 1) && (b_path_02 == 2)
10	IDTransform	(level_check == 70) && (a_battle == 2) && (b_path_01 == 2)
10	IDTransform	(level_check == 70) && (a_battle == 2) && (b_path_02 == 2)
10	IDTransform	(level_check == 70) && (b_room == 5)
10	IDTransform	(level_check == 70) && (b_room == 6)
10	IDTransform	(level_check == 70) && (b_room == 7)
10	IDTransform	(level_check == 70) && (b_room == 8)
10	IDTransform	(level_check == 70) && (save > 1)
10	IDTransform	(level_check == 71) && (a_battle == 1) && (b_path_01 == 2)
10	IDTransform	(level_check == 71) && (a_battle == 1) && (b_path_02 == 2)
10	IDTransform	(level_check == 71) && (a_battle == 2) && (b_path_01 == 2)
10	IDTransform	(level_check == 71) && (a_battle == 2) && (b_path_02 == 2)
10	IDTransform	(level_check == 71) && (b_room == 5)
10	IDTransform	(level_check == 71) && (b_room == 6)
10	IDTransform	(level_check == 71) && (b_room == 7)
10	IDTransform	(level_check == 71) && (b_room == 8)
10	IDTransform	(level_check == 71) && (save > 1)
10	IDTransform	(level_check == 72) && (a_battle == 1) && (b_path_01 == 2)
10	IDTransform	(level_check == 72) && (a_battle == 1) && (b_path_02 == 2)
10	IDTransform	(level_check == 72) && (a_battle == 2) && (b_path_01 == 2)
10	IDTransform	(level_check == 72) && (a_battle == 2) && (b_path_02 == 2)
10	IDTransform	(level_check == 72) && (b_room == 5)
10	IDTransform	(level_check == 72) && (b_room == 6)
10	IDTransform	(level_check == 72) && (b_room == 7)
10	IDTransform	(level_check == 72) && (b_room == 8)
10	IDTransform	(level_check == 72) && (save > 1)
10	IDTransform	(level_check == 73) && (a_battle == 1) && (b_path_01 == 2)
10	IDTransform	(level_check == 73) && (a_battle == 1) && (b_path_02 == 2)
10	IDTransform	(level_check == 73) && (a_battle == 2) && (b_path_01 == 2)
10	IDTransform	(level_check == 73) && (a_battle == 2) && (b_path_02 == 2)
10	IDTransform	(level_check == 73) && (b_room == 5)
10	IDTransform	(level_check == 73) && (b_room == 6)
10	IDTransform	(level_check == 73) && (b_room == 7)
10	IDTransform	(level_check == 73) && (b_room == 8)
10	IDTransform	(level_check == 73) && (save > 1)
10	IDTransform	(level_check == 74) && (a_battle == 1) && (b_path_01 == 2)
10	IDTransform	(level_check == 74) && (a_battle == 1) && (b_path_02 == 2)
10	IDTransform	(level_check == 74) && (a_battle == 2) && (b_path_01 == 2)
10	IDTransform	(level_check == 74) && (a_battle == 2) && (b_path_02 == 2)
10	IDTransform	(level_check == 74) && (b_room == 5)
10	IDTransform	(level_check == 74) && (b_room == 6)
10	IDTransform	(level_check == 74) && (b_room == 7)
10	IDTransform	(level_check == 74) && (b_room == 8)
10	IDTransform	(level_check == 74) && (save > 1)
10	IDTransform	(level_check == 75) && (a_battle == 1) && (b_path_01 == 2)
10	IDTransform	(level_check == 75) && (a_battle == 1) && (b_path_02 == 2)
10	IDTransform	(level_check == 75) && (a_battle == 2) && (b_path_01 == 2)
10	IDTransform	(level_check == 75) && (a_battle == 2) && (b_path_02 == 2)
10	IDTransform	(level_check == 75) && (b_room == 5)
10	IDTransform	(level_check == 75) && (b_room == 6)
10	IDTransform	(level_check == 75) && (b_room == 7)
10	IDTransform	(level_check == 75) && (b_room == 8)
10	IDTransform	(level_check == 75) && (save > 1)
10	IDAb1_Ere	(li_play == 1) && (4f_hole_01 == 1)
10	LDF4_Advance	(v12== 2) && (vc_l > 0)
10	LDF4_Advance	(v12== 3) && (vc_d > 0)
10	df3	DF3_2_Village==1
10	df3	DF3_2_Village==3
10	ab1	D_BuildupLevel <= 2
10	lf3	DirectPortalDest_26 == 0
10	lf3	DirectPortalDest_26 == 1
10	df4	DirectPortalDest_47>=1
10	idvritra_base	GATECONTROL_B2 <= 1
10	IDLDF5_Under_03	H_WAVE_04_02 == 1
10	IDLuna_def	IDLUNA_DEF_PHASE_1_3==1
10	IDLuna_def	IDLUNA_DEF_PHASE_1_5==1
10	IDLuna_def	IDLUNA_DEF_PHASE_1_7==1
10	IDLuna_def	IDLUNA_DEF_PHASE_2_3==1
10	IDLuna_def	IDLUNA_DEF_PHASE_2_5==1
10	IDLuna_def	IDLUNA_DEF_PHASE_2_7==1
10	IDLuna_def	IDLUNA_DEF_PHASE_3_6==1
10	IDLuna_def	IDLUNA_DEF_PHASE_3_7==1
10	lf3	LF3_1_Village==2
10	lf3	LF3_2_Village==1
10	ab1	L_BuildupLevel <= 2
10	idabre_core	NmdB_BoxSpawn == 1
10	idabre_core	NmdDE_BoxSpawn == 1
10	idabre_core	NmdDH_BoxSpawn == 1
10	idf5_td_war	START_01 == 1
10	idf5_td_war	START_01 == 2
10	IDEternity_01	Sub_Boss_Die == 2
10	idldf5b_td	Wave_Z1_S4_01 == 1
10	idldf5b_td	Wave_Z1_S4_02 == 1
10	idldf5b_td	Wave_Z1_S4_03 == 1
10	idldf5b_td	Wave_Z1_S4_04 == 1
10	idldf5b_td	Wave_Z1_S4_05 == 1
10	IDEternity_01	artifact_reset == 1
10	test_mrt_idzone	condition_5 == 2
10	idf4re_drana	condition_type == 2
10	IDInfinity	elemental == 1
10	IDInfinity	elemental == 2
10	IDInfinity	elemental == 3
10	IDInfinity	elemental == 4
10	IDInfinity	floor_05 >= 1
10	IDInfinity	floor_09 >= 1
10	IDInfinity	floor_15 >= 1
10	IDInfinity	floor_18 >= 1
10	IDInfinity	floor_19 >= 1
10	IDInfinity	floor_21 >= 1
10	IDInfinity	floor_25 >= 1
10	IDInfinity	floor_27 >= 1
10	IDInfinity	floor_29 >= 1
10	IDInfinity	floor_33 >= 1
10	IDEternity_02	ideternity_02_strong_d == 1
10	iddc1_dreadgion	set_sub_key_D == 1
10	IDEvent_Solo	tog_spawn_mob == 2
10	idstation	tower_die >= 5
10	idf5_td_war	v03 == 1
10	idf5_td_war	v03 == 2
10	idf5_td_war	v03 == 3
10	GAb1_01	v04ctrl == 21
10	idf5_td_war	v09 == 2
10	idf5_td_war	v09 == 3
10	idf5_td_war	v10 == 1
9	IDEternity_03	((waveend > 13) && (waveend < 24))
9	IDEternity_03	((waveend > 22) && (waveend < 33))
9	IDLDF5_Under_01_War	(BaseDark == 4) && (Battle_2 >= 1)
9	IDLDF5_Under_01_War	(BaseDark == 4) && (Battle_3 >= 1)
9	IDLDF5_Under_01_War	(BaseLight == 4) && (Battle_2 >= 1)
9	IDLDF5_Under_01_War	(BaseLight == 4) && (Battle_3 >= 1)
9	lf2	(DirectPortalDest_12>=1)&&(SpecialServer_Cond == 0)
9	lf2	(DirectPortalDest_14>=1)&&(SpecialServer_Cond == 0)
9	IDF6_Dragon	(IDF6_Dragon_Start == 2) && (NO_EXP == 1)
9	IDF6_Dragon	(IDF6_Dragon_Start == 2) && (NO_EXP == 2)
9	IDEternity_01	(Secret_Room_Choice == 1)
9	IDEternity_01	(Secret_Room_Choice == 2)
9	IDEternity_01	(Secret_Room_Choice == 3)
9	IDEternity_01	(Secret_Room_Choice == 4)
9	IDEternity_01	(Secret_Room_Choice == 5)
9	IDEternity_01	(Secret_Room_Choice == 6)
9	IDEternity_01	(Secret_Room_Choice == 7)
9	IDEternity_01	(Secret_Room_Choice == 8)
9	df3	(SpecialServer_Cond == 1) && (DF3_RVR_Control == 3) && (DefBossAStatus == 1)
9	df3	(SpecialServer_Cond == 1) && (DF3_RVR_Control == 3) && (DefBossBStatus == 1)
9	df3	(SpecialServer_Cond == 1) && (DF3_RVR_Control == 3) && (DefBossCStatus == 1)
9	LDF4_Advance	(v04== 2) && (va_l > 1)
9	LDF4_Advance	(v04== 2) && (va_l > 2)
9	LDF4_Advance	(v04== 3) && (va_d > 1)
9	LDF4_Advance	(v04== 3) && (va_d > 2)
9	LDF4_Advance	(v12== 2) && (vc_l > 2)
9	LDF4_Advance	(v12== 3) && (vc_d > 2)
9	df3	DF3_1_Village==1
9	df3	DF3_1_Village==3
9	DF4_M	DirectPortalDest_45>=1
9	DF4_M	DirectPortalDest_46>=1
9	DF4_M	DirectPortalDest_48>=1
9	idelim	IDElim_1F_StartRush == 1
9	IDLuna_def	IDLUNA_DEF_PHASE_4>=1
9	idtiamat_1	KAHRUN_SPAWN == 4
9	lf2	LF2_1_Village==1
9	lf2	LF2_1_Village==2
9	lf2	LF2_2_Village==1
9	lf2	LF2_2_Village==2
9	lf3	LF3_1_Village==1
9	idldf5_under_rune	SpawnSum_1 == 1
9	idldf5_under_rune	SpawnSum_2 == 1
9	idldf5_under_rune	SpawnSum_3 == 1
9	idldf5_under_rune	SpawnSum_4 == 1
9	IDRaksha_solo	Wave_A_01_Clear >= 23
9	df6	df6_instance == 1
9	df6	df6_instance == 2
9	df6	df6_instance == 3
9	df6	df6_instance == 4
9	df6	df6_instance == 5
9	IDEternity_02	ideternity_02_strong_c == 2
9	IDEternity_03	semibossend == 1
9	idf5_td_war	v04 == 1
9	idf5_td_war	v07 == 2
9	idf5_td_war	v07 == 3
9	idf5_td_war	v07_BOMB_01 == 1
9	idf5_td_war	v07_BOMB_02 == 1
9	LDF4_Advance	village_da_es == 2
9	LDF4_Advance	village_da_is == 2
9	LDF4_Advance	village_da_km == 2
9	LDF4_Advance	village_li_js == 3
9	LDF4_Advance	village_li_km == 3
8	IDSeal_Q	((RACE == 1) && (SCENE > 1)) && ((RACE == 1) && (SCENE < 6))
8	IDSeal_Q	((RACE == 2) && (SCENE > 1)) && ((RACE == 2) && (SCENE < 6))
8	IDInfinity	((floor_31 == 1) || (floor_31 == 2))
8	IDSweep_02	(1STAGE_START>=11) && (SpecialServer_Cond == 0)
8	IDSweep_02	(1STAGE_START>=11) && (SpecialServer_Cond == 1)
8	IDSweep_02	(1STAGE_START>=15) && (SpecialServer_Cond == 0)
8	IDSweep_02	(1STAGE_START>=15) && (SpecialServer_Cond == 1)
8	IDSweep	(4STAGE_PHASE>=139)&&(4STAGE_ELITE>=3)
8	IDSweep	(4STAGE_PHASE>=99)&&(4STAGE_ELITE>=2)
8	ldf5a	(5011_Mercenary03==1) && (5011==2)
8	ldf5a	(5011_Mercenary03==1) && (5011==3)
8	IDDF2_Dflame_Event	(BOSSROOM_N3 == 1) && (BOSSROOM_WAVE >= 100)
8	IDDF2_Dflame_Event	(BOSSROOM_START == 1) && (BOSSROOM_WAVE >= 20)
8	IDSeal	(PLAY_LEVEL == 2) && (DEFENCE_WAVE == 2) && (RACE == 1)
8	IDSeal	(PLAY_LEVEL == 2) && (DEFENCE_WAVE == 2) && (RACE == 2)
8	IDSeal	(PLAY_LEVEL == 3) && (DEFENCE_WAVE == 2) && (RACE == 1)
8	IDSeal	(PLAY_LEVEL == 3) && (DEFENCE_WAVE == 2) && (RACE == 2)
8	IDDF2_Dflame_Event	(STAGE1_WAVE >= 1) && (STAGE1_END == 0)
8	IDDF2_Dflame_Event	(STAGE1_WAVE >= 5) && (STAGE1_END == 0)
8	IDDF2_Dflame_Event	(STAGE2_WAVE >= 10) && (STAGE2_END == 0)
8	IDDF2_Dflame_Event	(STAGE2_WAVE >= 14) && (STAGE2_END == 0)
8	IDDF2_Dflame_Event	(STAGE2_WAVE >= 18) && (STAGE2_END == 0)
8	IDDF2_Dflame_Event	(STAGE2_WAVE >= 6) && (STAGE2_END == 0)
8	IDEternity_01	(Secret_Room_Choice == 9)
8	IDEvent_def	(Wave_2 >= 18) && (SpecialServer_Cond == 0)
8	df6	(event_start == 1) && (f6_event_kill >= 4)
8	df6	(f6_event_b == 1) && (f6_event_kill >= 4) && (f6_event_kill <= 7)
8	df6	(f6_event_b2 == 1) && (f6_event_kill >= 4) && (f6_event_kill <= 7)
8	df6	(f6_event_c == 1) && (f6_event_kill >= 4) && (f6_event_kill <= 7)
8	df6	(f6_event_d == 1) && (f6_event_kill >= 4) && (f6_event_kill <= 7)
8	df6	(f6_event_e == 1) && (f6_event_kill >= 4) && (f6_event_kill <= 7)
8	df6	(f6_event_f == 1) && (f6_event_kill >= 4) && (f6_event_kill <= 7)
8	df6	(f6_event_f2 == 1) && (f6_event_kill >= 4) && (f6_event_kill <= 7)
8	df6	(f6_event_g == 1) && (f6_event_kill >= 4) && (f6_event_kill <= 7)
8	df6	(f6_event_h == 1) && (f6_event_kill >= 4) && (f6_event_kill <= 7)
8	df6	(f6_event_i == 1) && (f6_event_kill >= 4) && (f6_event_kill <= 7)
8	idf4re_drana	(idf4re_windbox_1 == 1) && (SpecialServer_Cond == 0)
8	IDTransform	(level_check == 66) && (a_battle == 1)
8	IDTransform	(level_check == 66) && (a_battle == 1) && (c_path_01 > 1)
8	IDTransform	(level_check == 66) && (a_battle == 2)
8	IDTransform	(level_check == 66) && (a_battle == 2) && (c_path_01 > 1)
8	IDTransform	(level_check == 66) && (a_room == 5)
8	IDTransform	(level_check == 66) && (a_room == 6)
8	IDTransform	(level_check == 66) && (a_room == 7)
8	IDTransform	(level_check == 66) && (a_room == 8)
8	IDTransform	(level_check == 66) && (b_battle == 1) && (c_path_01 > 1)
8	IDTransform	(level_check == 66) && (b_battle == 2) && (c_path_01 > 1)
8	IDTransform	(level_check == 67) && (a_battle == 1)
8	IDTransform	(level_check == 67) && (a_battle == 1) && (c_path_01 > 1)
8	IDTransform	(level_check == 67) && (a_battle == 2)
8	IDTransform	(level_check == 67) && (a_battle == 2) && (c_path_01 > 1)
8	IDTransform	(level_check == 67) && (a_room == 5)
8	IDTransform	(level_check == 67) && (a_room == 6)
8	IDTransform	(level_check == 67) && (a_room == 7)
8	IDTransform	(level_check == 67) && (a_room == 8)
8	IDTransform	(level_check == 67) && (b_battle == 1) && (c_path_01 > 1)
8	IDTransform	(level_check == 67) && (b_battle == 2) && (c_path_01 > 1)
8	IDTransform	(level_check == 68) && (a_battle == 1)
8	IDTransform	(level_check == 68) && (a_battle == 1) && (c_path_01 > 1)
8	IDTransform	(level_check == 68) && (a_battle == 2)
8	IDTransform	(level_check == 68) && (a_battle == 2) && (c_path_01 > 1)
8	IDTransform	(level_check == 68) && (a_room == 5)
8	IDTransform	(level_check == 68) && (a_room == 6)
8	IDTransform	(level_check == 68) && (a_room == 7)
8	IDTransform	(level_check == 68) && (a_room == 8)
8	IDTransform	(level_check == 68) && (b_battle == 1) && (c_path_01 > 1)
8	IDTransform	(level_check == 68) && (b_battle == 2) && (c_path_01 > 1)
8	IDTransform	(level_check == 69) && (a_battle == 1)
8	IDTransform	(level_check == 69) && (a_battle == 1) && (c_path_01 > 1)
8	IDTransform	(level_check == 69) && (a_battle == 2)
8	IDTransform	(level_check == 69) && (a_battle == 2) && (c_path_01 > 1)
8	IDTransform	(level_check == 69) && (a_room == 5)
8	IDTransform	(level_check == 69) && (a_room == 6)
8	IDTransform	(level_check == 69) && (a_room == 7)
8	IDTransform	(level_check == 69) && (a_room == 8)
8	IDTransform	(level_check == 69) && (b_battle == 1) && (c_path_01 > 1)
8	IDTransform	(level_check == 69) && (b_battle == 2) && (c_path_01 > 1)
8	IDTransform	(level_check == 70) && (a_battle == 1)
8	IDTransform	(level_check == 70) && (a_battle == 1) && (c_path_01 > 1)
8	IDTransform	(level_check == 70) && (a_battle == 2)
8	IDTransform	(level_check == 70) && (a_battle == 2) && (c_path_01 > 1)
8	IDTransform	(level_check == 70) && (a_room == 5)
8	IDTransform	(level_check == 70) && (a_room == 6)
8	IDTransform	(level_check == 70) && (a_room == 7)
8	IDTransform	(level_check == 70) && (a_room == 8)
8	IDTransform	(level_check == 70) && (b_battle == 1) && (c_path_01 > 1)
8	IDTransform	(level_check == 70) && (b_battle == 2) && (c_path_01 > 1)
8	IDTransform	(level_check == 71) && (a_battle == 1)
8	IDTransform	(level_check == 71) && (a_battle == 1) && (c_path_01 > 1)
8	IDTransform	(level_check == 71) && (a_battle == 2)
8	IDTransform	(level_check == 71) && (a_battle == 2) && (c_path_01 > 1)
8	IDTransform	(level_check == 71) && (a_room == 5)
8	IDTransform	(level_check == 71) && (a_room == 6)
8	IDTransform	(level_check == 71) && (a_room == 7)
8	IDTransform	(level_check == 71) && (a_room == 8)
8	IDTransform	(level_check == 71) && (b_battle == 1) && (c_path_01 > 1)
8	IDTransform	(level_check == 71) && (b_battle == 2) && (c_path_01 > 1)
8	IDTransform	(level_check == 72) && (a_battle == 1)
8	IDTransform	(level_check == 72) && (a_battle == 1) && (c_path_01 > 1)
8	IDTransform	(level_check == 72) && (a_battle == 2)
8	IDTransform	(level_check == 72) && (a_battle == 2) && (c_path_01 > 1)
8	IDTransform	(level_check == 72) && (a_room == 5)
8	IDTransform	(level_check == 72) && (a_room == 6)
8	IDTransform	(level_check == 72) && (a_room == 7)
8	IDTransform	(level_check == 72) && (a_room == 8)
8	IDTransform	(level_check == 72) && (b_battle == 1) && (c_path_01 > 1)
8	IDTransform	(level_check == 72) && (b_battle == 2) && (c_path_01 > 1)
8	IDTransform	(level_check == 73) && (a_battle == 1)
8	IDTransform	(level_check == 73) && (a_battle == 1) && (c_path_01 > 1)
8	IDTransform	(level_check == 73) && (a_battle == 2)
8	IDTransform	(level_check == 73) && (a_battle == 2) && (c_path_01 > 1)
8	IDTransform	(level_check == 73) && (a_room == 5)
8	IDTransform	(level_check == 73) && (a_room == 6)
8	IDTransform	(level_check == 73) && (a_room == 7)
8	IDTransform	(level_check == 73) && (a_room == 8)
8	IDTransform	(level_check == 73) && (b_battle == 1) && (c_path_01 > 1)
8	IDTransform	(level_check == 73) && (b_battle == 2) && (c_path_01 > 1)
8	IDTransform	(level_check == 74) && (a_battle == 1)
8	IDTransform	(level_check == 74) && (a_battle == 1) && (c_path_01 > 1)
8	IDTransform	(level_check == 74) && (a_battle == 2)
8	IDTransform	(level_check == 74) && (a_battle == 2) && (c_path_01 > 1)
8	IDTransform	(level_check == 74) && (a_room == 5)
8	IDTransform	(level_check == 74) && (a_room == 6)
8	IDTransform	(level_check == 74) && (a_room == 7)
8	IDTransform	(level_check == 74) && (a_room == 8)
8	IDTransform	(level_check == 74) && (b_battle == 1) && (c_path_01 > 1)
8	IDTransform	(level_check == 74) && (b_battle == 2) && (c_path_01 > 1)
8	IDTransform	(level_check == 75) && (a_battle == 1)
8	IDTransform	(level_check == 75) && (a_battle == 1) && (c_path_01 > 1)
8	IDTransform	(level_check == 75) && (a_battle == 2)
8	IDTransform	(level_check == 75) && (a_battle == 2) && (c_path_01 > 1)
8	IDTransform	(level_check == 75) && (a_room == 5)
8	IDTransform	(level_check == 75) && (a_room == 6)
8	IDTransform	(level_check == 75) && (a_room == 7)
8	IDTransform	(level_check == 75) && (a_room == 8)
8	IDTransform	(level_check == 75) && (b_battle == 1) && (c_path_01 > 1)
8	IDTransform	(level_check == 75) && (b_battle == 2) && (c_path_01 > 1)
8	IDEternity_War	(people_expand_con >= 3) && (op_set == 1)
8	IDEternity_War	(people_expand_con >= 3) && (op_set == 2)
8	LDF4_Advance	(v03== 2) && (va_l > 0)
8	LDF4_Advance	(v03== 3) && (va_d > 0)
8	LDF4_Advance	(v05== 2) && (vb_l > 0)
8	LDF4_Advance	(v05== 3) && (vb_d > 0)
8	LDF4_Advance	(v06== 2) && (vb_l > 0)
8	LDF4_Advance	(v06== 3) && (vb_d > 0)
8	LDF4_Advance	(v07== 2) && (vb_l > 0)
8	LDF4_Advance	(v07== 3) && (vb_d > 0)
8	LDF4_Advance	(v09== 2) && (vc_l > 0)
8	LDF4_Advance	(v09== 3) && (vc_d > 0)
8	LDF4_Advance	(v10== 2) && (vd_l > 0)
8	LDF4_Advance	(v10== 3) && (vd_d > 0)
8	LDF4_Advance	(v11== 2) && (vd_l > 0)
8	LDF4_Advance	(v11== 2) && (vd_l > 1)
8	LDF4_Advance	(v11== 3) && (vd_d > 0)
8	LDF4_Advance	(v11== 3) && (vd_d > 1)
8	LDF4_Advance	(v12== 2) && (vc_l > 1)
8	LDF4_Advance	(v12== 3) && (vc_d > 1)
8	LDF4_Advance	(v13==2) && (li_killer_v13 > 9)
8	LDF4_Advance	(v13==3) && (da_killer_v13 > 9)
8	IDSweep	1STAGE_START>=11
8	idyun	Ariana4 == 1
8	IDLDF5_Under_01_War	AttackDark_01 >= 1
8	IDLDF5_Under_01_War	AttackDark_04 >= 1
8	IDLDF5_Under_01_War	Attack_01 >= 1
8	IDLDF5_Under_01_War	Attack_04 >= 1
8	idasteria_iu_party	Condition_S1<1
8	idarena_solo	Condition_S3>=2
8	idarena	Condition_S5_D == 8
8	ab1	Crotan_Nmd_Da_1 >= 1
8	ab1	Crotan_Nmd_Da_2 >= 1
8	ab1	Crotan_Nmd_Da_3 >= 1
8	ab1	Crotan_Nmd_Da_4 >= 1
8	ab1	Crotan_Nmd_Da_5 >= 1
8	ab1	Crotan_Nmd_Da_6 >= 1
8	ab1	Crotan_Nmd_Li_1 >= 1
8	ab1	Crotan_Nmd_Li_4 >= 1
8	ab1	Crotan_Nmd_Li_5 >= 1
8	ab1	Crotan_Nmd_Li_6 >= 1
8	idyun	DISPEL_ARIANA == 1
8	ab1	D_BuildupLevel <= 6
8	ab1	D_BuildupLevel >= 1
8	lf3	DirectPortalDest_27 == 1
8	ab1	Dkisas_Tak_Da_1 >= 1
8	ab1	Dkisas_Tak_Da_3 >= 1
8	ab1	Dkisas_Tak_Da_4 >= 1
8	ab1	Dkisas_Tak_Li_1 >= 1
8	ab1	Dkisas_Tak_Li_2 >= 1
8	ab1	Dkisas_Tak_Li_3 >= 1
8	ab1	Dkisas_Tak_Li_4 >= 1
8	idvritra_base	GATECONTROL_B5 <= 1
8	housing_df_personal	HDFP_ID_TOWN_A_1_LV==3
8	housing_df_personal	HDFP_ID_TOWN_A_2_LV==3
8	housing_df_personal	HDFP_ID_TOWN_A_3_LV==3
8	housing_df_personal	HDFP_ID_TOWN_A_LV==3
8	housing_df_personal	HDFP_ID_TOWN_B_1_LV==3
8	housing_df_personal	HDFP_ID_TOWN_B_2_LV==3
8	housing_df_personal	HDFP_ID_TOWN_B_3_LV==3
8	housing_df_personal	HDFP_ID_TOWN_B_4_LV==3
8	housing_df_personal	HDFP_ID_TOWN_B_5_LV==3
8	housing_df_personal	HDFP_ID_TOWN_B_6_LV==3
8	housing_df_personal	HDFP_ID_TOWN_B_7_LV==3
8	housing_df_personal	HDFP_ID_TOWN_B_8_LV==3
8	housing_df_personal	HDFP_ID_TOWN_B_LV==3
8	housing_df_personal	HDFP_ID_TOWN_C_10_LV==3
8	housing_df_personal	HDFP_ID_TOWN_C_11_LV==3
8	housing_df_personal	HDFP_ID_TOWN_C_1_LV==3
8	housing_df_personal	HDFP_ID_TOWN_C_2_LV==3
8	housing_df_personal	HDFP_ID_TOWN_C_3_LV==3
8	housing_df_personal	HDFP_ID_TOWN_C_4_LV==3
8	housing_df_personal	HDFP_ID_TOWN_C_5_LV==3
8	housing_df_personal	HDFP_ID_TOWN_C_6_LV==3
8	housing_df_personal	HDFP_ID_TOWN_C_7_LV==3
8	housing_df_personal	HDFP_ID_TOWN_C_8_LV==3
8	housing_df_personal	HDFP_ID_TOWN_C_9_LV==3
8	housing_df_personal	HDFP_ID_TOWN_C_LV==3
8	housing_lf_personal	HLFP_ID_TOWN_A_1_LV==3
8	housing_lf_personal	HLFP_ID_TOWN_A_2_LV==3
8	housing_lf_personal	HLFP_ID_TOWN_A_3_LV==3
8	housing_lf_personal	HLFP_ID_TOWN_A_LV==3
8	housing_lf_personal	HLFP_ID_TOWN_B_1_LV==3
8	housing_lf_personal	HLFP_ID_TOWN_B_2_LV==3
8	housing_lf_personal	HLFP_ID_TOWN_B_3_LV==3
8	housing_lf_personal	HLFP_ID_TOWN_B_4_LV==3
8	housing_lf_personal	HLFP_ID_TOWN_B_5_LV==3
8	housing_lf_personal	HLFP_ID_TOWN_B_6_LV==3
8	housing_lf_personal	HLFP_ID_TOWN_B_7_LV==3
8	housing_lf_personal	HLFP_ID_TOWN_B_8_LV==3
8	housing_lf_personal	HLFP_ID_TOWN_B_LV==3
8	housing_lf_personal	HLFP_ID_TOWN_C_10_LV==3
8	housing_lf_personal	HLFP_ID_TOWN_C_11_LV==3
8	housing_lf_personal	HLFP_ID_TOWN_C_1_LV==3
8	housing_lf_personal	HLFP_ID_TOWN_C_2_LV==3
8	housing_lf_personal	HLFP_ID_TOWN_C_3_LV==3
8	housing_lf_personal	HLFP_ID_TOWN_C_4_LV==3
8	housing_lf_personal	HLFP_ID_TOWN_C_5_LV==3
8	housing_lf_personal	HLFP_ID_TOWN_C_6_LV==3
8	housing_lf_personal	HLFP_ID_TOWN_C_7_LV==3
8	housing_lf_personal	HLFP_ID_TOWN_C_8_LV==3
8	housing_lf_personal	HLFP_ID_TOWN_C_9_LV==3
8	housing_lf_personal	HLFP_ID_TOWN_C_LV==3
8	IDLDF5_Under_03	H_WAVE_04_03 == 1
8	ab1	L_BuildupLevel <= 6
8	ab1	L_BuildupLevel >= 1
8	IDSeal_Q	MOB3 == 1
8	GAb1_Sub	PORTAL_KILLER_BOSS == 1
8	GAb1_Sub	PORTAL_KILLER_TIMER == 1
8	ab1	Ramiren_Nmd_Da_1 >= 1
8	ab1	Ramiren_Nmd_Da_2 >= 1
8	ab1	Ramiren_Nmd_Da_3 >= 1
8	ab1	Ramiren_Nmd_Da_4 >= 1
8	ab1	Ramiren_Nmd_Da_5 >= 1
8	ab1	Ramiren_Nmd_Da_6 >= 1
8	ab1	Ramiren_Nmd_Li_1 >= 1
8	ab1	Ramiren_Nmd_Li_2 >= 1
8	ab1	Ramiren_Nmd_Li_3 >= 1
8	ab1	Ramiren_Nmd_Li_4 >= 1
8	ab1	Ramiren_Nmd_Li_5 >= 1
8	ab1	Ramiren_Nmd_Li_6 >= 1
8	ldf5a	WORLDRAID_06 == 2
8	IDRaksha_solo	Wave_A_01_Clear >= 10
8	idldf5b_td	Wave_Z1_S3_01 == 1
8	idldf5b_td	Wave_Z1_S3_02 == 1
8	idldf5b_td	Wave_Z1_S3_03 == 1
8	idldf5b_td	Wave_Z1_S3_04 == 1
8	idldf5b_td	Wave_Z1_S5_01 == 1
8	idldf5b_td	Wave_Z1_S5_02 == 1
8	idldf5b_td	Wave_Z2_S2_01 == 1
8	idldf5b_td	Wave_Z2_S3_01 == 1
8	idldf5b_td	Wave_Z2_S3_02 == 1
8	IDAb1_Heroes_D	boss_wave == 1
8	idldf5_under_02	cBox == 1
8	idldf5b_td	castle_gate_02_Bomb == 2
8	idldf5b_td	castle_gate_03_Bomb == 1
8	IDAb1_Heroes_D	defend_wave == 4
8	IDAb1_Ere	drakan == 1
8	iddc1_dreadgion	dreadgion_invasion_boss == 1
8	iddc1_dreadgion	dreadgion_invasion_turret_01 == 2
8	iddc1_dreadgion	dreadgion_invasion_turret_02 == 2
8	iddc1_dreadgion	dreadgion_weapon == 1
8	iddc1_dreadgion	dreadgion_weapon_a_start == 1
8	iddc1_dreadgion	dreadgion_weapon_b_start == 1
8	IDInfinity	floor_01 >= 1
8	IDInfinity	floor_23 >= 1
8	IDInfinity	floor_32 == 1
8	IDEternity_02	ideternity_02_strong_c == 1
8	IDEvent_Solo	idevent_solo_rush == 1
8	IDAb1_Ere	main_destroy_start == 2
8	idldf5_under_01	mboss_spawn == 1
8	idldf5_under_01	mboss_spawn == 2
8	idldf5_under_01	mboss_spawn == 3
8	idldf5_under_01	mboss_spawn == 4
8	IDEternity_02	named_die_01 == 2
8	IDEternity_War	people_expand_con >= 1
8	IDEternity_03	rock1_4 >= 5
8	iddc1_dreadgion	set_energy_a > 72
8	iddc1_dreadgion	set_energy_b > 72
8	iddc1_dreadgion	set_energy_c > 72
8	iddc1_dreadgion	set_energy_d > 72
8	iddc1_dreadgion	set_ice_a == 2
8	iddc1_dreadgion	set_ice_a == 3
8	iddc1_dreadgion	set_ice_a == 4
8	iddc1_dreadgion	set_ice_b == 2
8	iddc1_dreadgion	set_ice_b == 3
8	iddc1_dreadgion	set_ice_b == 4
8	iddc1_dreadgion	submodule_a_01 == 1
8	iddc1_dreadgion	submodule_a_02 == 1
8	iddc1_dreadgion	submodule_a_03 == 1
8	iddc1_dreadgion	submodule_b_01 == 1
8	iddc1_dreadgion	submodule_b_02 == 1
8	iddc1_dreadgion	submodule_b_03 == 1
8	IDEvent_Solo	tog_spawn_mob == 1
8	idf5_td_war	v04 == 2
8	idf5_td_war	v04 == 3
8	idf5_td_war	v10 == 2
8	idf5_td_war	v10 == 3
8	LDF4_Advance	village_da_es == 3
8	LDF4_Advance	village_da_gs == 2
8	LDF4_Advance	village_da_is == 3
8	LDF4_Advance	village_da_km == 3
8	LDF4_Advance	village_li_bs == 3
8	LDF4_Advance	village_li_ds == 3
8	LDF4_Advance	village_li_js == 2
8	LDF4_Advance	village_li_km == 2
8	IDInfinity	zone == 1
7	IDEternity_03	((waveend > 31) && (waveend < 40))
7	IDEternity_03	((waveend > 38) && (waveend < 47))
7	IDSweep_02	(4STAGE_PHASE>=139) && (4STAGE_ELITE>=3) && (SpecialServer_Cond == 0)
7	IDSweep_02	(4STAGE_PHASE>=139) && (4STAGE_ELITE>=3) && (SpecialServer_Cond == 1)
7	IDSweep_02	(4STAGE_PHASE>=99) && (4STAGE_ELITE>=2) && (SpecialServer_Cond == 0)
7	IDSweep_02	(4STAGE_PHASE>=99) && (4STAGE_ELITE>=2) && (SpecialServer_Cond == 1)
7	ldf5b	(6011_Mercenary01==1) && (6011==2)
7	ldf5b	(6011_Mercenary01==1) && (6011==3)
7	IDEternity_01	(Boss_Set == 1) && (Boss_Class == 1)
7	IDEternity_01	(Boss_Set == 1) && (Boss_Class == 2)
7	IDEternity_01	(Boss_Set == 1) && (Boss_Class == 3)
7	IDEternity_01	(Boss_Set == 1) && (Boss_Class == 4)
7	IDEternity_01	(Boss_Set == 1) && (Boss_Class == 5)
7	IDEternity_01	(Boss_Set == 1) && (Boss_Class == 6)
7	IDEternity_01	(Boss_Set == 2) && (Boss_Class == 1)
7	IDEternity_01	(Boss_Set == 2) && (Boss_Class == 2)
7	IDEternity_01	(Boss_Set == 2) && (Boss_Class == 3)
7	IDEternity_01	(Boss_Set == 2) && (Boss_Class == 4)
7	IDEternity_01	(Boss_Set == 2) && (Boss_Class == 5)
7	IDEternity_01	(Boss_Set == 2) && (Boss_Class == 6)
7	IDEternity_01	(Boss_Set == 3) && (Boss_Class == 1)
7	IDEternity_01	(Boss_Set == 3) && (Boss_Class == 2)
7	IDEternity_01	(Boss_Set == 3) && (Boss_Class == 3)
7	IDEternity_01	(Boss_Set == 3) && (Boss_Class == 4)
7	IDEternity_01	(Boss_Set == 3) && (Boss_Class == 5)
7	IDEternity_01	(Boss_Set == 3) && (Boss_Class == 6)
7	df3	(DirectPortalDest_20 == 1)&&(SpecialServer_Cond == 0)
7	df3	(DirectPortalDest_21 == 1)&&(SpecialServer_Cond == 0)
7	df3	(DirectPortalDest_22 == 1)&&(SpecialServer_Cond == 0)
7	df3	(DirectPortalDest_23 == 1)&&(SpecialServer_Cond == 0)
7	df3	(DirectPortalDest_24 == 1)&&(SpecialServer_Cond == 0)
7	df3	(DirectPortalDest_25 == 1)&&(SpecialServer_Cond == 0)
7	arena_d_lobby	(GAB1_DARK_MATCHMAKER_IN_PVP == 1) && (SpecialServer_Cond == 0)
7	arena_l_lobby	(GAB1_LIGHT_MATCHMAKER_IN_PVP == 1) && (SpecialServer_Cond == 0)
7	IDEvent_def	(Wave_2_Start == 1) && (SpecialServer_Cond == 0)
7	IDEvent_def	(Wave_2_Start == 1) && (SpecialServer_Cond == 1)
7	IDAb1_Ere	(boss_brother == 2) && (1round_end == 1)
7	LDF4_Advance	(da_killer_v01 == 9) || (da_killer_v01 == 11)
7	LDF4_Advance	(da_killer_v04 == 9) || (da_killer_v04 == 11)
7	LDF4_Advance	(da_killer_v06 == 9) || (da_killer_v06 == 11)
7	LDF4_Advance	(da_killer_v10 == 9) || (da_killer_v10 == 11)
7	LDF4_Advance	(da_killer_v12 == 9) || (da_killer_v12 == 11)
7	LDF4_Advance	(da_killer_v13 == 9) || (da_killer_v13 == 11)
7	LDF4_Advance	(li_killer_v01 == 9) || (li_killer_v01 == 11)
7	LDF4_Advance	(li_killer_v04 == 9) || (li_killer_v04 == 11)
7	LDF4_Advance	(li_killer_v06 == 9) || (li_killer_v06 == 11)
7	LDF4_Advance	(li_killer_v10 == 9) || (li_killer_v10 == 11)
7	LDF4_Advance	(li_killer_v12 == 9) || (li_killer_v12 == 11)
7	LDF4_Advance	(li_killer_v13 == 9) || (li_killer_v13 == 11)
7	LDF4_Advance	(v01== 2) && (vd_l > 1)
7	LDF4_Advance	(v01== 2) && (vd_l > 2)
7	LDF4_Advance	(v01== 3) && (vd_d > 1)
7	LDF4_Advance	(v01== 3) && (vd_d > 2)
7	LDF4_Advance	(v02== 2) && (va_l > 2)
7	LDF4_Advance	(v02== 3) && (va_d > 2)
7	LDF4_Advance	(v05== 2) && (vb_l > 1)
7	LDF4_Advance	(v05== 2) && (vb_l > 2)
7	LDF4_Advance	(v05== 3) && (vb_d > 1)
7	LDF4_Advance	(v05== 3) && (vb_d > 2)
7	LDF4_Advance	(v06== 2) && (vb_l > 1)
7	LDF4_Advance	(v06== 2) && (vb_l > 2)
7	LDF4_Advance	(v06== 3) && (vb_d > 1)
7	LDF4_Advance	(v06== 3) && (vb_d > 2)
7	LDF4_Advance	(v07== 2) && (vb_l > 1)
7	LDF4_Advance	(v07== 2) && (vb_l > 2)
7	LDF4_Advance	(v07== 3) && (vb_d > 1)
7	LDF4_Advance	(v07== 3) && (vb_d > 2)
7	LDF4_Advance	(v09== 2) && (vc_l > 2)
7	LDF4_Advance	(v09== 3) && (vc_d > 2)
7	LDF4_Advance	(v13==2) && (li_killer_v13 > 3)
7	LDF4_Advance	(v13==3) && (da_killer_v13 > 3)
7	IDSweep	1STAGE_START>=15
7	IDAb1_Ere	1f_abuse == 1
7	IDLDF5_Under_01_War	AttackDark_03 >= 1
7	IDLDF5_Under_01_War	Attack_03 >= 1
7	idarena	Condition_S3_L >= 37
7	idarena	Condition_S4 >= 1
7	idarena	Condition_S4 >= 6
7	ab1	Crotan_Nmd_Li_2 >= 1
7	ab1	Crotan_Nmd_Li_3 >= 1
7	IDLDF5_Fortress_War	Da_Open == 4
7	ldf4b	DarkOwnedTower >= 2
7	lf3	DirectPortalDest_28 == 1
7	lf3	DirectPortalDest_29 == 1
7	lf3	DirectPortalDest_30 == 1
7	lf3	DirectPortalDest_31 == 1
7	lf3	DirectPortalDest_32 == 1
7	ab1	Dkisas_Tak_Da_2 >= 1
7	idvritra_base	GATECONTROL_B3 <= 1
7	housing_df_personal	HDFP_ID_TOWN_A_1_LV==2
7	housing_df_personal	HDFP_ID_TOWN_A_2_LV==2
7	housing_df_personal	HDFP_ID_TOWN_A_3_LV==2
7	housing_df_personal	HDFP_ID_TOWN_A_LV==2
7	housing_df_personal	HDFP_ID_TOWN_B_1_LV==2
7	housing_df_personal	HDFP_ID_TOWN_B_2_LV==2
7	housing_df_personal	HDFP_ID_TOWN_B_3_LV==2
7	housing_df_personal	HDFP_ID_TOWN_B_4_LV==2
7	housing_df_personal	HDFP_ID_TOWN_B_5_LV==2
7	housing_df_personal	HDFP_ID_TOWN_B_6_LV==2
7	housing_df_personal	HDFP_ID_TOWN_B_7_LV==2
7	housing_df_personal	HDFP_ID_TOWN_B_8_LV==2
7	housing_df_personal	HDFP_ID_TOWN_B_LV==2
7	housing_df_personal	HDFP_ID_TOWN_C_10_LV==2
7	housing_df_personal	HDFP_ID_TOWN_C_11_LV==2
7	housing_df_personal	HDFP_ID_TOWN_C_1_LV==2
7	housing_df_personal	HDFP_ID_TOWN_C_2_LV==2
7	housing_df_personal	HDFP_ID_TOWN_C_3_LV==2
7	housing_df_personal	HDFP_ID_TOWN_C_4_LV==2
7	housing_df_personal	HDFP_ID_TOWN_C_5_LV==2
7	housing_df_personal	HDFP_ID_TOWN_C_6_LV==2
7	housing_df_personal	HDFP_ID_TOWN_C_7_LV==2
7	housing_df_personal	HDFP_ID_TOWN_C_8_LV==2
7	housing_df_personal	HDFP_ID_TOWN_C_9_LV==2
7	housing_df_personal	HDFP_ID_TOWN_C_LV==2
7	housing_lf_personal	HLFP_ID_TOWN_A_1_LV==2
7	housing_lf_personal	HLFP_ID_TOWN_A_2_LV==2
7	housing_lf_personal	HLFP_ID_TOWN_A_3_LV==2
7	housing_lf_personal	HLFP_ID_TOWN_A_LV==2
7	housing_lf_personal	HLFP_ID_TOWN_B_1_LV==2
7	housing_lf_personal	HLFP_ID_TOWN_B_2_LV==2
7	housing_lf_personal	HLFP_ID_TOWN_B_3_LV==2
7	housing_lf_personal	HLFP_ID_TOWN_B_4_LV==2
7	housing_lf_personal	HLFP_ID_TOWN_B_5_LV==2
7	housing_lf_personal	HLFP_ID_TOWN_B_6_LV==2
7	housing_lf_personal	HLFP_ID_TOWN_B_7_LV==2
7	housing_lf_personal	HLFP_ID_TOWN_B_8_LV==2
7	housing_lf_personal	HLFP_ID_TOWN_B_LV==2
7	housing_lf_personal	HLFP_ID_TOWN_C_10_LV==2
7	housing_lf_personal	HLFP_ID_TOWN_C_11_LV==2
7	housing_lf_personal	HLFP_ID_TOWN_C_1_LV==2
7	housing_lf_personal	HLFP_ID_TOWN_C_2_LV==2
7	housing_lf_personal	HLFP_ID_TOWN_C_3_LV==2
7	housing_lf_personal	HLFP_ID_TOWN_C_4_LV==2
7	housing_lf_personal	HLFP_ID_TOWN_C_5_LV==2
7	housing_lf_personal	HLFP_ID_TOWN_C_6_LV==2
7	housing_lf_personal	HLFP_ID_TOWN_C_7_LV==2
7	housing_lf_personal	HLFP_ID_TOWN_C_8_LV==2
7	housing_lf_personal	HLFP_ID_TOWN_C_9_LV==2
7	housing_lf_personal	HLFP_ID_TOWN_C_LV==2
7	IDLDF5_Fortress_War	Li_Open == 4
7	ldf4b	LightOwnedTower >= 2
7	idtiamat_1	MURUGAN_SPAWN == 1
7	idtiamat_1	MURUGAN_SPAWN == 2
7	IDLDF4Re_01_L	cSet_1_1_3 == 1
7	IDF6_LF1	con_HelpStart_D == 1
7	IDF6_LF1	con_HelpStart_L == 1
7	LDF4_Advance	da_killer_v01 == 1
7	LDF4_Advance	da_killer_v01 == 3
7	LDF4_Advance	da_killer_v01 == 5
7	LDF4_Advance	da_killer_v01 == 7
7	LDF4_Advance	da_killer_v04 == 1
7	LDF4_Advance	da_killer_v04 == 3
7	LDF4_Advance	da_killer_v04 == 5
7	LDF4_Advance	da_killer_v04 == 7
7	LDF4_Advance	da_killer_v06 == 1
7	LDF4_Advance	da_killer_v06 == 3
7	LDF4_Advance	da_killer_v06 == 5
7	LDF4_Advance	da_killer_v06 == 7
7	LDF4_Advance	da_killer_v10 == 1
7	LDF4_Advance	da_killer_v10 == 3
7	LDF4_Advance	da_killer_v10 == 5
7	LDF4_Advance	da_killer_v10 == 7
7	LDF4_Advance	da_killer_v12 == 1
7	LDF4_Advance	da_killer_v12 == 3
7	LDF4_Advance	da_killer_v12 == 5
7	LDF4_Advance	da_killer_v12 == 7
7	LDF4_Advance	da_killer_v13 == 1
7	LDF4_Advance	da_killer_v13 == 3
7	LDF4_Advance	da_killer_v13 == 5
7	LDF4_Advance	da_killer_v13 == 7
7	IDAbRe_Core_03	drakan_run == 1
7	IDEternity_02	ideternity_02_fly < 4
7	IDEternity_02	ideternity_02_nepilim == 1
7	IDEternity_02	ideternity_02_nepilim == 2
7	IDEternity_02	ideternity_02_strong_b == 2
7	LDF4_Advance	li_killer_v01 == 1
7	LDF4_Advance	li_killer_v01 == 3
7	LDF4_Advance	li_killer_v01 == 5
7	LDF4_Advance	li_killer_v01 == 7
7	LDF4_Advance	li_killer_v04 == 1
7	LDF4_Advance	li_killer_v04 == 3
7	LDF4_Advance	li_killer_v04 == 5
7	LDF4_Advance	li_killer_v04 == 7
7	LDF4_Advance	li_killer_v06 == 1
7	LDF4_Advance	li_killer_v06 == 3
7	LDF4_Advance	li_killer_v06 == 5
7	LDF4_Advance	li_killer_v06 == 7
7	LDF4_Advance	li_killer_v10 == 1
7	LDF4_Advance	li_killer_v10 == 3
7	LDF4_Advance	li_killer_v10 == 5
7	LDF4_Advance	li_killer_v10 == 7
7	LDF4_Advance	li_killer_v12 == 1
7	LDF4_Advance	li_killer_v12 == 3
7	LDF4_Advance	li_killer_v12 == 5
7	LDF4_Advance	li_killer_v12 == 7
7	LDF4_Advance	li_killer_v13 == 1
7	LDF4_Advance	li_killer_v13 == 3
7	LDF4_Advance	li_killer_v13 == 5
7	LDF4_Advance	li_killer_v13 == 7
7	iddf3_dragon	master_mode == 1
7	IDEternity_03	rock1_1 >= 4
7	IDEternity_03	rock1_2 >= 1
7	IDEternity_03	rock1_2 >= 4
7	IDEternity_03	rock1_3 >= 5
7	idf5_td_war	v05 == 2
7	idf5_td_war	v05 == 3
7	idf5_td_war	v06 == 1
7	LDF4_Advance	village_da_gs == 3
7	LDF4_Advance	village_li_bs == 2
7	LDF4_Advance	village_li_ds == 2
7	IDEternity_03	worldraid_on == 1
6	IDTransform	( level_check == 66 ) && ( TIMEATTACK_PLAY_START == 1 )
6	IDTransform	( level_check == 67 ) && ( TIMEATTACK_PLAY_START == 1 )
6	IDTransform	( level_check == 68 ) && ( TIMEATTACK_PLAY_START == 1 )
6	IDTransform	( level_check == 69 ) && ( TIMEATTACK_PLAY_START == 1 )
6	IDTransform	( level_check == 70 ) && ( TIMEATTACK_PLAY_START == 1 )
6	IDTransform	( level_check == 71 ) && ( TIMEATTACK_PLAY_START == 1 )
6	IDTransform	( level_check == 72 ) && ( TIMEATTACK_PLAY_START == 1 )
6	IDTransform	( level_check == 73 ) && ( TIMEATTACK_PLAY_START == 1 )
6	IDTransform	( level_check == 74 ) && ( TIMEATTACK_PLAY_START == 1 )
6	IDTransform	( level_check == 75 ) && ( TIMEATTACK_PLAY_START == 1 )
6	df6	( li_invasion_01 == 1 ) && ( df6_bonus_2nd_01 != 1 ) && ( df6_bonus_3rd_01 != 1 )
6	df6	( li_invasion_02 == 1 ) && ( df6_bonus_2nd_02 != 1 ) && ( df6_bonus_3rd_02 != 1 )
6	df6	( li_invasion_03 == 1 ) && ( df6_bonus_2nd_03 != 1 ) && ( df6_bonus_3rd_03 != 1 )
6	df6	( li_invasion_04 == 1 ) && ( df6_bonus_2nd_04 != 1 ) && ( df6_bonus_3rd_04 != 1 )
6	IDEternity_03	((waveend > 1) && (waveend < 9))
6	IDEternity_03	((waveend > 7) && (waveend < 15))
6	IDSweep	(4STAGE_PHASE>=182)&&(4STAGE_ELITE>=4)
6	IDSweep	(4STAGE_PHASE>=66)&&(4STAGE_ELITE>=1)
6	ldf5b	(6021_Mercenary01==1) && (6021==2)
6	ldf5b	(6021_Mercenary01==1) && (6021==3)
6	lf2	(DirectPortalDest_16>=1)&&(SpecialServer_Cond == 0)
6	lf2	(DirectPortalDest_18>=1)&&(SpecialServer_Cond == 0)
6	ab1	(Dkisas_Tak_Da_2 == -1) && (Dkisas_Tak_Li_2 == -1)
6	housing_df_personal	(HDFP_ID_TOWN_A_1_LV==5)&&(HDFP_ID_TOWN_A_1_LV_TICK<432)
6	housing_df_personal	(HDFP_ID_TOWN_A_2_LV==5)&&(HDFP_ID_TOWN_A_2_LV_TICK<432)
6	housing_df_personal	(HDFP_ID_TOWN_A_3_LV==5)&&(HDFP_ID_TOWN_A_3_LV_TICK<432)
6	housing_df_personal	(HDFP_ID_TOWN_A_LV==5)&&(HDFP_ID_TOWN_A_LV_TICK<432)
6	housing_df_personal	(HDFP_ID_TOWN_B_1_LV==5)&&(HDFP_ID_TOWN_B_1_LV_TICK<432)
6	housing_df_personal	(HDFP_ID_TOWN_B_2_LV==5)&&(HDFP_ID_TOWN_B_2_LV_TICK<432)
6	housing_df_personal	(HDFP_ID_TOWN_B_3_LV==5)&&(HDFP_ID_TOWN_B_3_LV_TICK<432)
6	housing_df_personal	(HDFP_ID_TOWN_B_4_LV==5)&&(HDFP_ID_TOWN_B_4_LV_TICK<432)
6	housing_df_personal	(HDFP_ID_TOWN_B_5_LV==5)&&(HDFP_ID_TOWN_B_5_LV_TICK<432)
6	housing_df_personal	(HDFP_ID_TOWN_B_6_LV==5)&&(HDFP_ID_TOWN_B_6_LV_TICK<432)
6	housing_df_personal	(HDFP_ID_TOWN_B_7_LV==5)&&(HDFP_ID_TOWN_B_7_LV_TICK<432)
6	housing_df_personal	(HDFP_ID_TOWN_B_8_LV==5)&&(HDFP_ID_TOWN_B_8_LV_TICK<432)
6	housing_df_personal	(HDFP_ID_TOWN_B_LV==5)&&(HDFP_ID_TOWN_B_LV_TICK<432)
6	housing_df_personal	(HDFP_ID_TOWN_C_10_LV==5)&&(HDFP_ID_TOWN_C_10_LV_TICK<432)
6	housing_df_personal	(HDFP_ID_TOWN_C_11_LV==5)&&(HDFP_ID_TOWN_C_11_LV_TICK<432)
6	housing_df_personal	(HDFP_ID_TOWN_C_1_LV==5)&&(HDFP_ID_TOWN_C_1_LV_TICK<432)
6	housing_df_personal	(HDFP_ID_TOWN_C_2_LV==5)&&(HDFP_ID_TOWN_C_2_LV_TICK<432)
6	housing_df_personal	(HDFP_ID_TOWN_C_3_LV==5)&&(HDFP_ID_TOWN_C_3_LV_TICK<432)
6	housing_df_personal	(HDFP_ID_TOWN_C_4_LV==5)&&(HDFP_ID_TOWN_C_4_LV_TICK<432)
6	housing_df_personal	(HDFP_ID_TOWN_C_5_LV==5)&&(HDFP_ID_TOWN_C_5_LV_TICK<432)
6	housing_df_personal	(HDFP_ID_TOWN_C_6_LV==5)&&(HDFP_ID_TOWN_C_6_LV_TICK<432)
6	housing_df_personal	(HDFP_ID_TOWN_C_7_LV==5)&&(HDFP_ID_TOWN_C_7_LV_TICK<432)
6	housing_df_personal	(HDFP_ID_TOWN_C_8_LV==5)&&(HDFP_ID_TOWN_C_8_LV_TICK<432)
6	housing_df_personal	(HDFP_ID_TOWN_C_9_LV==5)&&(HDFP_ID_TOWN_C_9_LV_TICK<432)
6	housing_df_personal	(HDFP_ID_TOWN_C_LV==5)&&(HDFP_ID_TOWN_C_LV_TICK<432)
6	housing_lf_personal	(HLFP_ID_TOWN_A_1_LV==5)&&(HLFP_ID_TOWN_A_1_LV_TICK<432)
6	housing_lf_personal	(HLFP_ID_TOWN_A_2_LV==5)&&(HLFP_ID_TOWN_A_2_LV_TICK<432)
6	housing_lf_personal	(HLFP_ID_TOWN_A_3_LV==5)&&(HLFP_ID_TOWN_A_3_LV_TICK<432)
6	housing_lf_personal	(HLFP_ID_TOWN_A_LV==5)&&(HLFP_ID_TOWN_A_LV_TICK<432)
6	housing_lf_personal	(HLFP_ID_TOWN_B_1_LV==5)&&(HLFP_ID_TOWN_B_1_LV_TICK<432)
6	housing_lf_personal	(HLFP_ID_TOWN_B_2_LV==5)&&(HLFP_ID_TOWN_B_2_LV_TICK<432)
6	housing_lf_personal	(HLFP_ID_TOWN_B_3_LV==5)&&(HLFP_ID_TOWN_B_3_LV_TICK<432)
6	housing_lf_personal	(HLFP_ID_TOWN_B_4_LV==5)&&(HLFP_ID_TOWN_B_4_LV_TICK<432)
6	housing_lf_personal	(HLFP_ID_TOWN_B_5_LV==5)&&(HLFP_ID_TOWN_B_5_LV_TICK<432)
6	housing_lf_personal	(HLFP_ID_TOWN_B_6_LV==5)&&(HLFP_ID_TOWN_B_6_LV_TICK<432)
6	housing_lf_personal	(HLFP_ID_TOWN_B_7_LV==5)&&(HLFP_ID_TOWN_B_7_LV_TICK<432)
6	housing_lf_personal	(HLFP_ID_TOWN_B_8_LV==5)&&(HLFP_ID_TOWN_B_8_LV_TICK<432)
6	housing_lf_personal	(HLFP_ID_TOWN_B_LV==5)&&(HLFP_ID_TOWN_B_LV_TICK<432)
6	housing_lf_personal	(HLFP_ID_TOWN_C_10_LV==5)&&(HLFP_ID_TOWN_C_10_LV_TICK<432)
6	housing_lf_personal	(HLFP_ID_TOWN_C_11_LV==5)&&(HLFP_ID_TOWN_C_11_LV_TICK<432)
6	housing_lf_personal	(HLFP_ID_TOWN_C_1_LV==5)&&(HLFP_ID_TOWN_C_1_LV_TICK<432)
6	housing_lf_personal	(HLFP_ID_TOWN_C_2_LV==5)&&(HLFP_ID_TOWN_C_2_LV_TICK<432)
6	housing_lf_personal	(HLFP_ID_TOWN_C_3_LV==5)&&(HLFP_ID_TOWN_C_3_LV_TICK<432)
6	housing_lf_personal	(HLFP_ID_TOWN_C_4_LV==5)&&(HLFP_ID_TOWN_C_4_LV_TICK<432)
6	housing_lf_personal	(HLFP_ID_TOWN_C_5_LV==5)&&(HLFP_ID_TOWN_C_5_LV_TICK<432)
6	housing_lf_personal	(HLFP_ID_TOWN_C_6_LV==5)&&(HLFP_ID_TOWN_C_6_LV_TICK<432)
6	housing_lf_personal	(HLFP_ID_TOWN_C_7_LV==5)&&(HLFP_ID_TOWN_C_7_LV_TICK<432)
6	housing_lf_personal	(HLFP_ID_TOWN_C_8_LV==5)&&(HLFP_ID_TOWN_C_8_LV_TICK<432)
6	housing_lf_personal	(HLFP_ID_TOWN_C_9_LV==5)&&(HLFP_ID_TOWN_C_9_LV_TICK<432)
6	housing_lf_personal	(HLFP_ID_TOWN_C_LV==5)&&(HLFP_ID_TOWN_C_LV_TICK<432)
6	idstation	(IDStation_Score <= 11) && (IDStation_Score >= 10)
6	ab1	(InterServer_Cond == 0) && (SpecialServer_Cond == 0) && (D_BuildupLevel >= 7)
6	ab1	(InterServer_Cond == 0) && (SpecialServer_Cond == 0) && (L_BuildupLevel >= 7)
6	ldf5_fortress	(MistOn_Dragon == 1) && (7012 == 1)
6	ldf5_fortress	(MistOn_Dragon == 1) && (7013 == 1)
6	ldf5_fortress	(MistOn_Dragon == 1) && (7014 == 1)
6	IDSeal	(PLAY_LEVEL == 3) && (SUB_WAVE == 10)
6	IDSeal	(PLAY_LEVEL == 3) && (SUB_WAVE == 9)
6	IDSeal_Q	(RACE == 1) && (SCENE == 10) && (GUARDRUN ==2)
6	IDSeal_Q	(RACE == 1) && (SCENE == 8) && (GUARDRUN ==2)
6	IDSeal_Q	(RACE == 1) && (SCENE == 9) && (GUARDRUN ==2)
6	IDSeal_Q	(RACE == 2) && (SCENE == 10) && (GUARDRUN ==2)
6	IDSeal_Q	(RACE == 2) && (SCENE == 8) && (GUARDRUN ==2)
6	IDSeal_Q	(RACE == 2) && (SCENE == 9) && (GUARDRUN ==2)
6	IDSeal	(SCENE == 1) && (RACE == 1)
6	IDSeal	(SCENE == 1) && (RACE == 2)
6	IDSeal	(SCENE == 3) && (RACE == 1)
6	IDSeal	(SCENE == 3) && (RACE == 2)
6	idlf1	(SpecialServer_Cond == 0) && (NAGABOSS_KILL == 1)
6	idlf1	(SpecialServer_Cond == 1) && (NAGABOSS_KILL == 1)
6	IDSeal	(TWIN_P < 10) && (TWIN_M <10)
6	IDEvent_def	(Wave_2 >= 18) && (SpecialServer_Cond == 1)
6	IDEvent_def	(Wave_2 >= 5) && (SpecialServer_Cond == 0)
6	IDEvent_def	(Wave_2 >= 5) && (SpecialServer_Cond == 1)
6	LDF4_Advance	(da_killer_v03 == 9) || (da_killer_v03 == 11)
6	LDF4_Advance	(da_killer_v05 == 9) || (da_killer_v05 == 11)
6	LDF4_Advance	(da_killer_v07 == 9) || (da_killer_v07 == 11)
6	LDF4_Advance	(da_killer_v09 == 9) || (da_killer_v09 == 11)
6	LDF4_Advance	(da_killer_v11 == 9) || (da_killer_v11 == 11)
6	IDAb1_Ere	(da_play == 1) && (statdown == 6)
6	IDAbRe_Core_03	(doll_set == 1) && (doll_stone_set == 1)
6	IDAbRe_Core_03	(doll_set == 1) && (doll_stone_set == 2)
6	IDAbRe_Core_03	(doll_set == 1) && (doll_stone_set == 3)
6	IDAbRe_Core_03	(doll_set == 2) && (doll_stone_set == 1)
6	IDAbRe_Core_03	(doll_set == 2) && (doll_stone_set == 2)
6	IDAbRe_Core_03	(doll_set == 2) && (doll_stone_set == 3)
6	IDAbRe_Core_03	(doll_set == 3) && (doll_stone_set == 1)
6	IDAbRe_Core_03	(doll_set == 3) && (doll_stone_set == 2)
6	IDAbRe_Core_03	(doll_set == 3) && (doll_stone_set == 3)
6	IDAbRe_Core_03	(doll_set == 4) && (doll_stone_set == 1)
6	IDAbRe_Core_03	(doll_set == 4) && (doll_stone_set == 2)
6	IDAbRe_Core_03	(doll_set == 4) && (doll_stone_set == 3)
6	IDAbRe_Core_03	(doll_set == 5) && (doll_stone_set == 1)
6	IDAbRe_Core_03	(doll_set == 5) && (doll_stone_set == 2)
6	IDAbRe_Core_03	(doll_set == 5) && (doll_stone_set == 3)
6	IDAbRe_Core_03	(doll_set == 6) && (doll_stone_set == 1)
6	IDAbRe_Core_03	(doll_set == 6) && (doll_stone_set == 2)
6	IDAbRe_Core_03	(doll_set == 6) && (doll_stone_set == 3)
6	df6	(event_start == 1) && (f6_event_kill >= 10)
6	LDF4_Advance	(li_killer_v03 == 9) || (li_killer_v03 == 11)
6	LDF4_Advance	(li_killer_v05 == 9) || (li_killer_v05 == 11)
6	LDF4_Advance	(li_killer_v07 == 9) || (li_killer_v07 == 11)
6	LDF4_Advance	(li_killer_v09 == 9) || (li_killer_v09 == 11)
6	LDF4_Advance	(li_killer_v11 == 9) || (li_killer_v11 == 11)
6	IDAb1_Ere	(li_play == 1) && (statdown == 6)
6	iddc1_dreadgion	(submodule_a_01 == 2) && (submodule_a_02 == 2) && (submodule_a_03 == 2)
6	ldf5_fortress	(v01 == 1) && (MistOn_Dragon == 1)
6	ldf5_fortress	(v01 == 2) && (MistOn_Dragon == 1)
6	ldf5_fortress	(v01 == 3) && (MistOn_Dragon == 1)
6	ldf5_fortress	(v02 == 1) && (MistOn_Dragon == 1)
6	ldf5_fortress	(v02 == 2) && (MistOn_Dragon == 1)
6	ldf5_fortress	(v02 == 3) && (MistOn_Dragon == 1)
6	LDF4_Advance	(v02== 2) && (va_l > 0)
6	LDF4_Advance	(v02== 2) && (va_l > 1)
6	LDF4_Advance	(v02== 3) && (va_d > 0)
6	LDF4_Advance	(v02== 3) && (va_d > 1)
6	LDF4_Advance	(v03== 2) && (va_l > 1)
6	LDF4_Advance	(v03== 2) && (va_l > 2)
6	LDF4_Advance	(v03== 3) && (va_d > 1)
6	LDF4_Advance	(v03== 3) && (va_d > 2)
6	LDF4_Advance	(v08== 2) && (vc_l > 0)
6	LDF4_Advance	(v08== 2) && (vc_l > 1)
6	LDF4_Advance	(v08== 2) && (vc_l > 2)
6	LDF4_Advance	(v08== 3) && (vc_d > 0)
6	LDF4_Advance	(v08== 3) && (vc_d > 1)
6	LDF4_Advance	(v08== 3) && (vc_d > 2)
6	LDF4_Advance	(v09== 2) && (vc_l > 1)
6	LDF4_Advance	(v09== 3) && (vc_d > 1)
6	LDF4_Advance	(v10== 2) && (vd_l > 1)
6	LDF4_Advance	(v10== 2) && (vd_l > 2)
6	LDF4_Advance	(v10== 3) && (vd_d > 1)
6	LDF4_Advance	(v10== 3) && (vd_d > 2)
6	LDF4_Advance	(v11== 2) && (vd_l > 2)
6	LDF4_Advance	(v11== 3) && (vd_d > 2)
6	IDLDF5_Under_01_War	AttackDark_02 >= 1
6	IDLDF5_Under_01_War	Attack_02 >= 1
6	idf5_td_war	BOMB_S_01_01 == 1
6	idf5_td_war	BOMB_S_01_02 == 1
6	idf5_td_war	BOMB_S_02_01 == 1
6	idf5_td_war	BOMB_S_02_02 == 1
6	idarena	BONUS_S1_D == 1
6	idarena	BONUS_S1_L == 1
6	idarena	Condition_S2_D >= 9
6	idarena	Condition_S2_L >= 9
6	idarena_solo	Condition_S3>=1
6	idarena_solo	Condition_S3A>=1
6	idarena_solo	Condition_S3B>=1
6	idarena	Condition_S4 >= 12
6	idarena	Condition_S5_D >= 1
6	idarena	Condition_S5_L >= 1
6	idarena	Condition_S5_L >= 12
6	idarena	Condition_S5_L >= 6
6	idarena	Condition_S6 >= 5
6	ab1	D_BuildupLevel == 1
6	IDLDF5_Fortress_War	Da_Open == 3
6	housing_df_personal	HDFP_ID_TOWN_A_1_LV==1
6	housing_df_personal	HDFP_ID_TOWN_A_2_LV==1
6	housing_df_personal	HDFP_ID_TOWN_A_3_LV==1
6	housing_df_personal	HDFP_ID_TOWN_A_LV==1
6	housing_df_personal	HDFP_ID_TOWN_B_1_LV==1
6	housing_df_personal	HDFP_ID_TOWN_B_2_LV==1
6	housing_df_personal	HDFP_ID_TOWN_B_3_LV==1
6	housing_df_personal	HDFP_ID_TOWN_B_4_LV==1
6	housing_df_personal	HDFP_ID_TOWN_B_5_LV==1
6	housing_df_personal	HDFP_ID_TOWN_B_6_LV==1
6	housing_df_personal	HDFP_ID_TOWN_B_7_LV==1
6	housing_df_personal	HDFP_ID_TOWN_B_8_LV==1
6	housing_df_personal	HDFP_ID_TOWN_B_LV==1
6	housing_df_personal	HDFP_ID_TOWN_C_10_LV==1
6	housing_df_personal	HDFP_ID_TOWN_C_11_LV==1
6	housing_df_personal	HDFP_ID_TOWN_C_1_LV==1
6	housing_df_personal	HDFP_ID_TOWN_C_2_LV==1
6	housing_df_personal	HDFP_ID_TOWN_C_3_LV==1
6	housing_df_personal	HDFP_ID_TOWN_C_4_LV==1
6	housing_df_personal	HDFP_ID_TOWN_C_5_LV==1
6	housing_df_personal	HDFP_ID_TOWN_C_6_LV==1
6	housing_df_personal	HDFP_ID_TOWN_C_7_LV==1
6	housing_df_personal	HDFP_ID_TOWN_C_8_LV==1
6	housing_df_personal	HDFP_ID_TOWN_C_9_LV==1
6	housing_df_personal	HDFP_ID_TOWN_C_LV==1
6	housing_lf_personal	HLFP_ID_TOWN_A_1_LV==1
6	housing_lf_personal	HLFP_ID_TOWN_A_2_LV==1
6	housing_lf_personal	HLFP_ID_TOWN_A_3_LV==1
6	housing_lf_personal	HLFP_ID_TOWN_A_LV==1
6	housing_lf_personal	HLFP_ID_TOWN_B_1_LV==1
6	housing_lf_personal	HLFP_ID_TOWN_B_2_LV==1
6	housing_lf_personal	HLFP_ID_TOWN_B_3_LV==1
6	housing_lf_personal	HLFP_ID_TOWN_B_4_LV==1
6	housing_lf_personal	HLFP_ID_TOWN_B_5_LV==1
6	housing_lf_personal	HLFP_ID_TOWN_B_6_LV==1
6	housing_lf_personal	HLFP_ID_TOWN_B_7_LV==1
6	housing_lf_personal	HLFP_ID_TOWN_B_8_LV==1
6	housing_lf_personal	HLFP_ID_TOWN_B_LV==1
6	housing_lf_personal	HLFP_ID_TOWN_C_10_LV==1
6	housing_lf_personal	HLFP_ID_TOWN_C_11_LV==1
6	housing_lf_personal	HLFP_ID_TOWN_C_1_LV==1
6	housing_lf_personal	HLFP_ID_TOWN_C_2_LV==1
6	housing_lf_personal	HLFP_ID_TOWN_C_3_LV==1
6	housing_lf_personal	HLFP_ID_TOWN_C_4_LV==1
6	housing_lf_personal	HLFP_ID_TOWN_C_5_LV==1
6	housing_lf_personal	HLFP_ID_TOWN_C_6_LV==1
6	housing_lf_personal	HLFP_ID_TOWN_C_7_LV==1
6	housing_lf_personal	HLFP_ID_TOWN_C_8_LV==1
6	housing_lf_personal	HLFP_ID_TOWN_C_9_LV==1
6	housing_lf_personal	HLFP_ID_TOWN_C_LV==1
6	IDLDF5_Under_03	H_WAVE_01_01 == 1
6	IDLDF5_Under_03	H_WAVE_01_02 == 1
6	IDLDF5_Under_03	H_WAVE_02_01 == 1
6	IDLDF5_Under_03	H_WAVE_02_02 == 1
6	IDLDF5_Under_03	H_WAVE_03_01 == 1
6	IDLDF5_Under_03	H_WAVE_03_02 == 1
6	IDLDF5_Under_03	H_WAVE_04_01 == 1
6	IDLuna_def	IDLUNA_DEF_PHASE_1_2==1
6	IDLuna_def	IDLUNA_DEF_PHASE_1_6==1
6	IDLuna_def	IDLUNA_DEF_PHASE_2_2==1
6	IDLuna_def	IDLUNA_DEF_PHASE_2_6==1
6	IDLuna_def	IDLUNA_DEF_PHASE_3_4==1
6	lf4	LF4_Dramata_Shield == 1
6	ab1	L_BuildupLevel == 1
6	IDLDF5_Fortress_War	Li_Open == 3
6	GAb1_Sub	NPC_TANK_A == 1
6	GAb1_Sub	NPC_TANK_A == 2
6	GAb1_Sub	NPC_TANK_A == 3
6	GAb1_Sub	NPC_TANK_A == 4
6	GAb1_Sub	NPC_TANK_A == 5
6	GAb1_Sub	NPC_TANK_B == 1
6	GAb1_Sub	NPC_TANK_B == 2
6	GAb1_Sub	NPC_TANK_B == 3
6	GAb1_Sub	NPC_TANK_B == 4
6	GAb1_Sub	NPC_TANK_B == 5
6	GAb1_Sub	NPC_TANK_C == 1
6	GAb1_Sub	NPC_TANK_C == 2
6	GAb1_Sub	NPC_TANK_C == 3
6	GAb1_Sub	NPC_TANK_C == 4
6	GAb1_Sub	NPC_TANK_C == 5
6	GAb1_Sub	NPC_TANK_D == 1
6	GAb1_Sub	NPC_TANK_D == 2
6	GAb1_Sub	NPC_TANK_D == 3
6	GAb1_Sub	NPC_TANK_D == 4
6	GAb1_Sub	NPC_TANK_D == 5
6	IDSeal	PORTALBREATH == 5
6	IDLuna_siege	Rolling_Golem_01==1
6	IDLuna_siege	Rolling_Golem_01==2
6	IDLuna_siege	Rolling_Golem_01==3
6	IDLuna_siege	Rolling_Golem_01==4
6	IDLuna_siege	Rolling_Golem_02==1
6	IDLuna_siege	Rolling_Golem_02==2
6	IDLuna_siege	Rolling_Golem_02==3
6	IDLuna_siege	Rolling_Golem_02==4
6	IDLuna_siege	Rolling_Golem_03==1
6	IDLuna_siege	Rolling_Golem_03==2
6	IDLuna_siege	Rolling_Golem_03==3
6	IDLuna_siege	Rolling_Golem_03==4
6	idf5_td_war	START_02 == 1
6	idf5_td_war	START_02 == 2
6	ldf5a	WORLDRAID_07 == 2
6	IDRaksha_solo	Wave_A_01_Clear >= 5
6	LDF4_Advance	da_killer_v03 == 1
6	LDF4_Advance	da_killer_v03 == 3
6	LDF4_Advance	da_killer_v03 == 5
6	LDF4_Advance	da_killer_v03 == 7
6	LDF4_Advance	da_killer_v05 == 1
6	LDF4_Advance	da_killer_v05 == 3
6	LDF4_Advance	da_killer_v05 == 5
6	LDF4_Advance	da_killer_v05 == 7
6	LDF4_Advance	da_killer_v07 == 1
6	LDF4_Advance	da_killer_v07 == 3
6	LDF4_Advance	da_killer_v07 == 5
6	LDF4_Advance	da_killer_v07 == 7
6	LDF4_Advance	da_killer_v09 == 1
6	LDF4_Advance	da_killer_v09 == 3
6	LDF4_Advance	da_killer_v09 == 5
6	LDF4_Advance	da_killer_v09 == 7
6	LDF4_Advance	da_killer_v11 == 1
6	LDF4_Advance	da_killer_v11 == 3
6	LDF4_Advance	da_killer_v11 == 5
6	LDF4_Advance	da_killer_v11 == 7
6	IDAb1_Heroes_D	defend_wave == 3
6	df6	df6_bonus_2nd_01 == 1
6	df6	df6_bonus_2nd_02 == 1
6	df6	df6_bonus_2nd_03 == 1
6	df6	df6_bonus_2nd_04 == 1
6	iddc1_dreadgion	dreadgion_defense_01 > 6
6	IDInfinity	floor_10 >= 1
6	IDInfinity	floor_16 >= 1
6	IDInfinity	floor_20 >= 1
6	IDInfinity	floor_24 >= 1
6	IDInfinity	floor_26 == 1
6	IDInfinity	floor_28 >= 1
6	IDInfinity	floor_30 >= 1
6	IDInfinity	floor_34_artifact == 1
6	IDInfinity	floor_38 >= 1
6	IDInfinity	floor_39 >= 1
6	IDEternity_02	ideternity_02_strong_a == 2
6	IDEternity_02	ideternity_02_strong_b == 1
6	IDAb1_Ere	labor_friend_go == 1
6	LDF4_Advance	li_killer_v03 == 1
6	LDF4_Advance	li_killer_v03 == 3
6	LDF4_Advance	li_killer_v03 == 5
6	LDF4_Advance	li_killer_v03 == 7
6	LDF4_Advance	li_killer_v05 == 1
6	LDF4_Advance	li_killer_v05 == 3
6	LDF4_Advance	li_killer_v05 == 5
6	LDF4_Advance	li_killer_v05 == 7
6	LDF4_Advance	li_killer_v07 == 1
6	LDF4_Advance	li_killer_v07 == 3
6	LDF4_Advance	li_killer_v07 == 5
6	LDF4_Advance	li_killer_v07 == 7
6	LDF4_Advance	li_killer_v09 == 1
6	LDF4_Advance	li_killer_v09 == 3
6	LDF4_Advance	li_killer_v09 == 5
6	LDF4_Advance	li_killer_v09 == 7
6	LDF4_Advance	li_killer_v11 == 1
6	LDF4_Advance	li_killer_v11 == 3
6	LDF4_Advance	li_killer_v11 == 5
6	LDF4_Advance	li_killer_v11 == 7
6	idyun	rasta_spawn == 1
6	IDEternity_03	rock1_1 >= 1
6	IDEternity_03	rock1_1 >= 3
6	IDEternity_03	rock1_2 >= 3
6	IDEternity_03	rock1_4 >= 1
6	idlc1_dreadgion	set_sub_key_L == 1
6	ldf5_fortress	v01ctrl==3
6	ldf5_fortress	v02ctrl==2
6	idf5_td_war	v07 == 1
6	idf5_td_war	v08 == 1
6	idf5_td_war	v08 == 2
6	idf5_td_war	v08 == 3
5	IDEternity_03	((race == 1) && (semibossend == 1))
5	IDEternity_03	((race == 2) && (semibossend == 1))
5	ab1	(1141_rewardcon_d_set == 1) && (1131_mistoff == 1) && (1132_mistoff == 1) && (1141_mistoff == 1)
5	ab1	(1141_rewardcon_l_set == 1) && (1131_mistoff == 1) && (1132_mistoff == 1) && (1141_mistoff == 1)
5	IDSweep_02	(4STAGE_PHASE>=182) && (4STAGE_ELITE>=4) && (SpecialServer_Cond == 0)
5	IDSweep_02	(4STAGE_PHASE>=182) && (4STAGE_ELITE>=4) && (SpecialServer_Cond == 1)
5	IDSweep_02	(4STAGE_PHASE>=66) && (4STAGE_ELITE>=1) && (SpecialServer_Cond == 0)
5	IDSweep_02	(4STAGE_PHASE>=66) && (4STAGE_ELITE>=1) && (SpecialServer_Cond == 1)
5	ldf5b	(6011_Mercenary02==1) && (6011==2)
5	ldf5b	(6011_Mercenary02==1) && (6011==3)
5	ldf5b	(6011_Mercenary03==1) && (6011==2)
5	ldf5b	(6011_Mercenary03==1) && (6011==3)
5	lf2	(DirectPortalDest_13>=1)&&(SpecialServer_Cond == 0)
5	ab1	(InterServer_Cond == 0) && (SpecialServer_Cond == 0) && (Ab1_Artifact_01_D == 1)
5	ab1	(InterServer_Cond == 0) && (SpecialServer_Cond == 0) && (Ab1_Artifact_01_L == 1)
5	ab1	(InterServer_Cond == 0) && (SpecialServer_Cond == 0) && (Ab1_Artifact_03_D == 1)
5	ab1	(InterServer_Cond == 0) && (SpecialServer_Cond == 0) && (Ab1_Artifact_03_L == 1)
5	ab1	(InterServer_Cond == 0) && (SpecialServer_Cond == 0) && (Ab1_Artifact_04_D == 1)
5	ab1	(InterServer_Cond == 0) && (SpecialServer_Cond == 0) && (Ab1_Artifact_04_L == 1)
5	ab1	(InterServer_Cond == 0) && (SpecialServer_Cond == 0) && ([SAVE]v08==2)
5	ab1	(InterServer_Cond == 0) && (SpecialServer_Cond == 0) && ([SAVE]v08==3)
5	ab1	(InterServer_Cond == 0) && (SpecialServer_Cond == 0) && ([SAVE]v11==2)
5	ab1	(InterServer_Cond == 0) && (SpecialServer_Cond == 0) && ([SAVE]v11==3)
5	IDLDF5_Fortress_Re	(Light_KillArea_A >=1) || (Dark_KillArea_A >=1)
5	IDLDF5_Fortress_Re	(Light_KillArea_B >=1) || (Dark_KillArea_B >=1)
5	ldf5_fortress	(MistOn_Dragon == 1) && (door01 == 1)
5	IDSeal_Q	(RACE == 1) && (SCENE == 1 )
5	IDSeal_Q	(RACE == 1) && (SCENE == 10)
5	IDSeal_Q	(RACE == 1) && (SCENE == 8)
5	IDSeal_Q	(RACE == 1) && (SCENE == 9)
5	IDSeal_Q	(RACE == 2) && (SCENE == 1 )
5	IDSeal_Q	(RACE == 2) && (SCENE == 10)
5	IDSeal_Q	(RACE == 2) && (SCENE == 8)
5	IDSeal_Q	(RACE == 2) && (SCENE == 9)
5	IDSeal	(SCENE == 26) && (RACE ==1)
5	IDSeal	(SCENE == 26) && (RACE ==2)
5	IDF6_Dragon	(Wave_Control_02 > 3) && (NO_EXP == 1)
5	IDF6_Dragon	(Wave_Control_02 > 3) && (NO_EXP == 2)
5	IDF6_Dragon	(Wave_Control_03 > 3) && (NO_EXP == 1)
5	IDF6_Dragon	(Wave_Control_03 > 3) && (NO_EXP == 2)
5	IDF6_LF1	(con_A01 == 1) || (con_B01 == 1)
5	IDF6_LF1	(con_C01 == 1) || (con_D01 == 1)
5	LDF4_Advance	(da_killer_v02 == 9) || (da_killer_v02 == 11)
5	LDF4_Advance	(da_killer_v08 == 9) || (da_killer_v08 == 11)
5	LDF4_Advance	(li_killer_v02 == 9) || (li_killer_v02 == 11)
5	LDF4_Advance	(li_killer_v08 == 9) || (li_killer_v08 == 11)
5	IDEternity_War	(people_expand_con >= 3) && (96_bottom == 1)
5	IDAbRe_Core_03	(resurrect_time == 1) && (resurrect_set == 1)
5	IDAbRe_Core_03	(resurrect_time == 1) && (resurrect_set == 10)
5	IDAbRe_Core_03	(resurrect_time == 1) && (resurrect_set == 11)
5	IDAbRe_Core_03	(resurrect_time == 1) && (resurrect_set == 12)
5	IDAbRe_Core_03	(resurrect_time == 1) && (resurrect_set == 13)
5	IDAbRe_Core_03	(resurrect_time == 1) && (resurrect_set == 2)
5	IDAbRe_Core_03	(resurrect_time == 1) && (resurrect_set == 3)
5	IDAbRe_Core_03	(resurrect_time == 1) && (resurrect_set == 4)
5	IDAbRe_Core_03	(resurrect_time == 1) && (resurrect_set == 5)
5	IDAbRe_Core_03	(resurrect_time == 1) && (resurrect_set == 6)
5	IDAbRe_Core_03	(resurrect_time == 1) && (resurrect_set == 7)
5	IDAbRe_Core_03	(resurrect_time == 1) && (resurrect_set == 8)
5	IDAbRe_Core_03	(resurrect_time == 1) && (resurrect_set == 9)
5	IDAb1_Ere	1f_abuse == 3
5	IDSweep	4STAGE_PHASE>=33
5	ldf5_fortress	7011_rewardcon_d_set == 1
5	ldf5_fortress	7011_rewardcon_l_set == 1
5	idarena_solo	Condition_S2A>=1
5	idarena	Condition_S2_D >= 1
5	idarena	Condition_S2_D >= 4
5	idarena	Condition_S2_L >= 1
5	idarena	Condition_S2_L >= 4
5	idarena	Condition_S3_L >= 43
5	idarena_solo	Condition_S4A>=1
5	idarena_solo	Condition_S4B>=1
5	idarena	Condition_S6 >= 1
5	idarena	Condition_S6 >= 10
5	IDLDF5_Fortress_War	Da_Open == 2
5	idf4re_drana	IDF4Re_Dra_01_Boss_Kill == 1
5	IDLegion	IDLegion_Out == 1
5	IDLDF5_Fortress_War	Li_Open == 2
5	IDSeal	RANDOM_ROOM_01 == 1
5	idarena_pvp01	S3_BOX >= 1
5	IDEternity_Q	SCENE >= 11
5	ldf5a	WORLDRAID_04 == 2
5	IDRaksha_solo	Wave_A_01_Clear >= 18
5	IDRaksha_solo	Wave_A_01_Start >= 1
5	IDRaksha_solo	Wave_B_01_Start >= 1
5	IDRaksha_solo	Wave_B_02_Start >= 1
5	IDRaksha_solo	Wave_B_03_Start >= 1
5	IDRaksha_solo	Wave_B_04_Start >= 1
5	IDRaksha_solo	Wave_B_05_Start >= 1
5	IDRaksha_solo	Wave_B_06_Start >= 1
5	idldf5b_td	Wave_Z1 == 4
5	IDElemental_2_E	boss == 1
5	IDElemental_2_E	boss == 2
5	IDF6_Adma	boss_summon == 2
5	IDF6_LF1	con_Anu_start == 1
5	idf4re_drana	condition_type2 == 1
5	idldf5re_solo	crystal ==1
5	LDF4_Advance	da_killer_v02 == 1
5	LDF4_Advance	da_killer_v02 == 3
5	LDF4_Advance	da_killer_v02 == 5
5	LDF4_Advance	da_killer_v02 == 7
5	LDF4_Advance	da_killer_v08 == 1
5	LDF4_Advance	da_killer_v08 == 3
5	LDF4_Advance	da_killer_v08 == 5
5	LDF4_Advance	da_killer_v08 == 7
5	IDEternity_02	ideternity_02_strong_a == 1
5	LDF4_Advance	li_killer_v02 == 1
5	LDF4_Advance	li_killer_v02 == 3
5	LDF4_Advance	li_killer_v02 == 5
5	LDF4_Advance	li_killer_v02 == 7
5	LDF4_Advance	li_killer_v08 == 1
5	LDF4_Advance	li_killer_v08 == 3
5	LDF4_Advance	li_killer_v08 == 5
5	LDF4_Advance	li_killer_v08 == 7
5	idabre_up3_crotan	racecheck == 1
5	idabre_up3_crotan	racecheck == 2
5	IDAbRe_Core_03	resurrect_statue == 1
5	IDEternity_03	rock1_2 >= 2
5	ldf5a	v01ctrl==1
5	ldf5a	v01ctrl==2
5	GAb1_01	v02ctrl == 21
5	ldf5a	v02ctrl==1
5	ldf5a	v02ctrl==3
5	ldf5a	v03ctrl==1
5	ldf5a	v03ctrl==2
5	ldf5a	v03ctrl==3
5	ldf5a	v04ctrl==1
5	ldf5a	v04ctrl==2
5	ldf5a	v04ctrl==3
5	idf5_td_war	v05 == 1
5	ldf5a	v05ctrl==1
5	ldf5a	v05ctrl==2
5	ldf5a	v05ctrl==3
5	ldf5a	v06ctrl==1
5	ldf5a	v06ctrl==2
5	ldf5a	v06ctrl==3
5	ldf5a	v08ctrl==1
5	ldf5a	v08ctrl==2
5	ldf5a	v08ctrl==3
5	ldf5a	v09ctrl==1
5	ldf5a	v09ctrl==2
5	ldf5a	v09ctrl==3
5	LDF4_Advance	village_dr_js == 2
5	LDF4_Advance	village_dr_js == 3
5	IDEternity_03	zone4close == 1
4	ab1	((in_helper == 1) && (indoor_a == 1))
4	ab1	((in_helper == 1) && (indoor_b == 1))
4	ab1	((out_helper == 1) && (outdoor_a == 1))
4	ab1	((out_helper == 1) && (outdoor_b == 1))
4	ab1	(1131_rewardcon_d_set == 1) && (1131_mistoff == 1) && (1132_mistoff == 1) && (1141_mistoff == 1)
4	ab1	(1131_rewardcon_l_set == 1) && (1131_mistoff == 1) && (1132_mistoff == 1) && (1141_mistoff == 1
4	ab1	(1132_rewardcon_d_set == 1) && (1131_mistoff == 1) && (1132_mistoff == 1) && (1141_mistoff == 1)
4	ab1	(1132_rewardcon_l_set == 1) && (1131_mistoff == 1) &&(1132_mistoff == 1) && (1141_mistoff == 1)
4	IDSweep_02	(1STAGE_START>=3) && (SpecialServer_Cond == 0)
4	IDSweep_02	(1STAGE_START>=3) && (SpecialServer_Cond == 1)
4	IDSweep_02	(1STAGE_START>=7) && (SpecialServer_Cond == 0)
4	IDSweep_02	(1STAGE_START>=7) && (SpecialServer_Cond == 1)
4	ldf5a	(5011_Mercenary02==1) && (5011==2)
4	ldf5a	(5011_Mercenary02==1) && (5011==3)
4	ldf5b	(6021_Mercenary03==1) && (6021==2)
4	ldf5b	(6021_Mercenary03==1) && (6021==3)
4	idasteria_iu_party	(Condition_S1>=0)&&(Condition_S1<2)
4	idasteria_iu_party	(Condition_S3>=2)&&(Condition_S1<2)
4	idasteria_iu_party	(Condition_S3>=3)&&(Condition_S1<2)
4	ab1	(InterServer_Cond == 0) && (SpecialServer_Cond == 0) && (D_BuildupLevel >= 2)
4	ab1	(InterServer_Cond == 0) && (SpecialServer_Cond == 0) && (D_BuildupLevel >= 4)
4	ab1	(InterServer_Cond == 0) && (SpecialServer_Cond == 0) && (D_BuildupLevel >= 5)
4	ab1	(InterServer_Cond == 0) && (SpecialServer_Cond == 0) && (L_BuildupLevel >= 2)
4	ab1	(InterServer_Cond == 0) && (SpecialServer_Cond == 0) && (L_BuildupLevel >= 4)
4	ab1	(InterServer_Cond == 0) && (SpecialServer_Cond == 0) && (L_BuildupLevel >= 5)
4	ab1	(InterServer_Cond == 0) && (SpecialServer_Cond == 0) && ([SAVE]v01==2)
4	ab1	(InterServer_Cond == 0) && (SpecialServer_Cond == 0) && ([SAVE]v01==3)
4	ab1	(InterServer_Cond == 0) && (SpecialServer_Cond == 0) && ([SAVE]v02==2)
4	ab1	(InterServer_Cond == 0) && (SpecialServer_Cond == 0) && ([SAVE]v02==3)
4	ab1	(InterServer_Cond == 0) && (SpecialServer_Cond == 0) && ([SAVE]v03==2)
4	ab1	(InterServer_Cond == 0) && (SpecialServer_Cond == 0) && ([SAVE]v03==3)
4	ab1	(InterServer_Cond == 0) && (SpecialServer_Cond == 0) && ([SAVE]v04==2)
4	ab1	(InterServer_Cond == 0) && (SpecialServer_Cond == 0) && ([SAVE]v04==3)
4	ab1	(InterServer_Cond == 0) && (SpecialServer_Cond == 0) && ([SAVE]v05==2)
4	ab1	(InterServer_Cond == 0) && (SpecialServer_Cond == 0) && ([SAVE]v05==3)
4	ab1	(InterServer_Cond == 0) && (SpecialServer_Cond == 0) && ([SAVE]v06==2)
4	ab1	(InterServer_Cond == 0) && (SpecialServer_Cond == 0) && ([SAVE]v06==3)
4	ab1	(InterServer_Cond == 0) && (SpecialServer_Cond == 0) && ([SAVE]v07==2)
4	ab1	(InterServer_Cond == 0) && (SpecialServer_Cond == 0) && ([SAVE]v07==3)
4	ab1	(InterServer_Cond == 0) && (SpecialServer_Cond == 0) && ([SAVE]v09==2)
4	ab1	(InterServer_Cond == 0) && (SpecialServer_Cond == 0) && ([SAVE]v09==3)
4	ab1	(InterServer_Cond == 0) && (SpecialServer_Cond == 0) && ([SAVE]v10==2)
4	ab1	(InterServer_Cond == 0) && (SpecialServer_Cond == 0) && ([SAVE]v10==3)
4	ab1	(InterServer_Cond == 0) && (SpecialServer_Cond == 0) && ([SAVE]v12==2)
4	ab1	(InterServer_Cond == 0) && (SpecialServer_Cond == 0) && ([SAVE]v12==3)
4	IDSeal	(PLAY_LEVEL == 1) && (IMMORTAL == 10) && (RACE == 1)
4	IDSeal	(PLAY_LEVEL == 1) && (IMMORTAL == 10) && (RACE == 2)
4	IDSeal	(PLAY_LEVEL == 2) && (IMMORTAL == 10) && (RACE == 1)
4	IDSeal	(PLAY_LEVEL == 2) && (IMMORTAL == 10) && (RACE == 2)
4	IDSeal	(PLAY_LEVEL == 2) && (SUB_WAVE == 5)
4	IDSeal	(PLAY_LEVEL == 2) && (SUB_WAVE == 6)
4	IDSeal	(PLAY_LEVEL == 3) && (IMMORTAL == 10) && (RACE == 1)
4	IDSeal	(PLAY_LEVEL == 3) && (IMMORTAL == 10) && (RACE == 2)
4	IDSeal	(PLAY_LEVEL == 3) && (SUB_WAVE == 5)
4	IDSeal	(PLAY_LEVEL == 3) && (SUB_WAVE == 6)
4	IDSeal	(PLAY_LEVEL == 3) && (SUB_WAVE == 7)
4	IDSeal	(PLAY_LEVEL == 3) && (SUB_WAVE == 8)
4	IDSeal_Q	(RACE == 1) && (QUEST == 4)
4	IDSeal_Q	(RACE == 1) && (SCENE == 4)
4	IDSeal_Q	(RACE == 2) && (QUEST == 4)
4	IDSeal_Q	(RACE == 2) && (SCENE == 4)
4	IDSeal	(SCENE == 27) && (RACE ==1)
4	IDSeal	(SCENE == 27) && (RACE ==2)
4	IDSeal	(SCENE == 28) && (RACE ==1)
4	IDSeal	(SCENE == 28) && (RACE ==2)
4	IDDF2_Dflame_Event	(STAGE1_WAVE >= 3) && (STAGE1_END == 0)
4	IDDF2_Dflame_Event	(STAGE1_WAVE >= 7) && (STAGE1_END == 0)
4	GAb1_01	(Tur13 == 21) && (GAb1_PvPStatus == 1)
4	GAb1_01	(Tur14 == 21) && (GAb1_PvPStatus == 1)
4	GAb1_01	(Tur15 == 21) && (GAb1_PvPStatus == 1)
4	GAb1_01	(Tur16 == 21) && (GAb1_PvPStatus == 1)
4	GAb1_01	(Tur17 == 21) && (GAb1_PvPStatus == 1)
4	GAb1_01	(Tur18 == 21) && (GAb1_PvPStatus == 1)
4	GAb1_01	(Tur19 == 21) && (GAb1_PvPStatus == 1)
4	GAb1_01	(Tur20 == 21) && (GAb1_PvPStatus == 1)
4	GAb1_01	(Tur21 == 21) && (GAb1_PvPStatus == 1)
4	GAb1_01	(Tur22 == 21) && (GAb1_PvPStatus == 1)
4	GAb1_01	(Tur23 == 21) && (GAb1_PvPStatus == 1)
4	GAb1_01	(Tur24 == 21) && (GAb1_PvPStatus == 1)
4	GAb1_01	(Tur25 == 21) && (GAb1_PvPStatus == 1)
4	GAb1_01	(Tur26 == 21) && (GAb1_PvPStatus == 1)
4	GAb1_01	(Tur27 == 21) && (GAb1_PvPStatus == 1)
4	GAb1_01	(Tur28 == 21) && (GAb1_PvPStatus == 1)
4	GAb1_01	(Tur29 == 21) && (GAb1_PvPStatus == 1)
4	GAb1_01	(Tur30 == 21) && (GAb1_PvPStatus == 1)
4	GAb1_01	(Tur31 == 21) && (GAb1_PvPStatus == 1)
4	GAb1_01	(Tur32 == 21) && (GAb1_PvPStatus == 1)
4	GAb1_01	(Tur33 == 21) && (GAb1_PvPStatus == 1)
4	GAb1_01	(Tur34 == 21) && (GAb1_PvPStatus == 1)
4	GAb1_01	(Tur35 == 21) && (GAb1_PvPStatus == 1)
4	GAb1_01	(Tur36 == 21) && (GAb1_PvPStatus == 1)
4	IDSeal	(VRITRA_TIMER_2 == 10) && (WAVE_BONUS == 1) && (RACE ==1)
4	IDSeal	(VRITRA_TIMER_2 == 10) && (WAVE_BONUS == 1) && (RACE ==2)
4	IDSeal	(VRITRA_TIMER_2 == 10) && (WAVE_BONUS == 2) && (RACE ==1)
4	IDSeal	(VRITRA_TIMER_2 == 10) && (WAVE_BONUS == 2) && (RACE ==2)
4	IDSeal	(VRITRA_TIMER_2 == 10) && (WAVE_BONUS == 3) && (RACE ==1)
4	IDSeal	(VRITRA_TIMER_2 == 10) && (WAVE_BONUS == 3) && (RACE ==2)
4	IDSeal	(VRITRA_TIMER_2 == 10) && (WAVE_BONUS == 4) && (RACE ==1)
4	IDSeal	(VRITRA_TIMER_2 == 10) && (WAVE_BONUS == 4) && (RACE ==2)
4	ab1	(WORLDRAID_01 == 1) && (SpecialServer_Cond == 0)
4	ab1	(WORLDRAID_01 == 1) && (SpecialServer_Cond == 1)
4	LDF4_Advance	(WORLDRAID_01 == 1) || (WORLDRAID_02 == 1) || (WORLDRAID_03 == 1) || (WORLDRAID_04 == 1)
4	IDEvent_def	(Wave_2 >= 3) && (SpecialServer_Cond == 0)
4	IDEvent_def	(Wave_2 >= 3) && (SpecialServer_Cond == 1)
4	IDF6_Dragon	(Wave_Control_01 > 1) && (NO_EXP == 1)
4	IDF6_Dragon	(Wave_Control_01 > 1) && (NO_EXP == 2)
4	IDF6_Dragon	(Wave_Control_01 > 3) && (NO_EXP == 1)
4	IDF6_Dragon	(Wave_Control_01 > 3) && (NO_EXP == 2)
4	IDF6_Dragon	(Wave_Control_01 > 4) && (NO_EXP == 1)
4	IDF6_Dragon	(Wave_Control_01 > 4) && (NO_EXP == 2)
4	IDF6_Dragon	(Wave_Control_02 > 1) && (NO_EXP == 1)
4	IDF6_Dragon	(Wave_Control_02 > 1) && (NO_EXP == 2)
4	IDF6_Dragon	(Wave_Control_02 > 4) && (NO_EXP == 1)
4	IDF6_Dragon	(Wave_Control_02 > 4) && (NO_EXP == 2)
4	IDF6_Dragon	(Wave_Control_03 > 1) && (NO_EXP == 1)
4	IDF6_Dragon	(Wave_Control_03 > 1) && (NO_EXP == 2)
4	IDF6_Dragon	(Wave_Control_03 > 4) && (NO_EXP == 1)
4	IDF6_Dragon	(Wave_Control_03 > 4) && (NO_EXP == 2)
4	idldf5_under_02	(cSetGameStart == 1)&&(chkBOSS==1)
4	iddc1_dreadgion	(defense_on_01 == 1) && (time == 1) && (main_raid_die_01 == 1 )
4	iddc1_dreadgion	(defense_on_01 == 1) && (time == 2) && (main_raid_die_01 == 1 )
4	iddc1_dreadgion	(defense_on_01 == 1) && (time == 3) && (main_raid_die_01 == 1 )
4	iddc1_dreadgion	(defense_on_01 == 2) && (time == 2)
4	iddc1_dreadgion	(defense_on_01 == 2) && (time == 3)
4	iddc1_dreadgion	(defense_on_02 == 1) && (time == 1) && (main_raid_die_02 == 1)
4	iddc1_dreadgion	(defense_on_02 == 1) && (time == 2) && (main_raid_die_02 == 1)
4	iddc1_dreadgion	(defense_on_02 == 1) && (time == 3) && (main_raid_die_02 == 1)
4	iddc1_dreadgion	(defense_on_02 == 2) && (time == 2)
4	iddc1_dreadgion	(defense_on_02 == 2) && (time == 3)
4	iddc1_dreadgion	(defense_on_03 == 1) && (time == 1) && (main_raid_die_03 == 1)
4	iddc1_dreadgion	(defense_on_03 == 1) && (time == 2) && (main_raid_die_03 == 1)
4	iddc1_dreadgion	(defense_on_03 == 1) && (time == 3) && (main_raid_die_03 == 1)
4	iddc1_dreadgion	(defense_on_03 == 2) && (time == 2)
4	iddc1_dreadgion	(defense_on_03 == 2) && (time == 3)
4	iddc1_dreadgion	(dreadgion_raid_respawn_01 == 1) && (raid_spawn_check < 10)
4	iddc1_dreadgion	(dreadgion_raid_respawn_02 == 1) && (raid_spawn_check < 10)
4	iddc1_dreadgion	(dreadgion_raid_respawn_03 == 1) && (raid_spawn_check < 10)
4	iddc1_dreadgion	(dreadgion_raid_respawn_04 == 1) && (raid_spawn_check < 10)
4	iddc1_dreadgion	(dreadgion_raid_respawn_05 == 1) && (raid_spawn_check < 10)
4	iddc1_dreadgion	(dreadgion_ship_die_01 == 2) && (dreadgion_ship_die_02 == 2) && (dreadgion_ship_die_03 == 2) && (dreadgion_ship_die_04 == 2)
4	idlf1	(master_boss == 1) && (dark == 1)
4	IDEternity_War	(people_expand_con == 1) && (op_set == 1)
4	IDEternity_War	(people_expand_con == 1) && (op_set == 2)
4	iddc1_dreadgion	(set_energy_a > 0) && (set_energy_b > 0)
4	iddc1_dreadgion	(set_energy_a > 24) && (set_energy_b > 24)
4	iddc1_dreadgion	(set_energy_a_time >= 221) || (set_ice_a == 1)
4	iddc1_dreadgion	(set_energy_b_time >= 221) || (set_ice_b == 1)
4	iddc1_dreadgion	(set_energy_c == 97) && (set_energy_d == 97)
4	iddc1_dreadgion	(set_energy_c > 0) && (set_energy_d > 0)
4	iddc1_dreadgion	(set_energy_c > 24) && (set_energy_d > 24)
4	iddc1_dreadgion	(submodule_b_01 == 2) && (submodule_b_02 == 2) && (submodule_b_03 == 2)
4	iddc1_dreadgion	(turret_01_energy == 1) && (turret_07 == 1)
4	iddc1_dreadgion	(turret_01_energy == 1) && (turret_08 == 1)
4	iddc1_dreadgion	(turret_01_energy == 1) && (turret_09 == 1)
4	iddc1_dreadgion	(turret_01_energy_a == 1 ) && (turret_10 == 1)
4	iddc1_dreadgion	(turret_01_energy_a == 1 ) && (turret_11 == 1)
4	iddc1_dreadgion	(turret_01_energy_a == 1 ) && (turret_12 == 1)
4	iddc1_dreadgion	(turret_energy == 1) && (turret_01 == 1)
4	iddc1_dreadgion	(turret_energy == 1) && (turret_02 == 1)
4	iddc1_dreadgion	(turret_energy == 1) && (turret_03 == 1)
4	iddc1_dreadgion	(turret_energy_a == 1 ) && (turret_04 == 1)
4	iddc1_dreadgion	(turret_energy_a == 1 ) && (turret_05 == 1)
4	iddc1_dreadgion	(turret_energy_a == 1 ) && (turret_06 == 1)
4	GAb1_01	(v01 == 22) && (GAb1_PvPStatus == 1)
4	LDF4_Advance	(v01== 2) && (vd_l > 0)
4	LDF4_Advance	(v01== 3) && (vd_d > 0)
4	GAb1_01	(v02 == 22) && (GAb1_PvPStatus == 1)
4	GAb1_01	(v03 == 22) && (GAb1_PvPStatus == 1)
4	GAb1_01	(v04 == 22) && (GAb1_PvPStatus == 1)
4	GAb1_01	(v05 == 22) && (GAb1_PvPStatus == 3)
4	GAb1_01	(v06 == 22) && (GAb1_PvPStatus == 3)
4	GAb1_01	(v07 == 22) && (GAb1_PvPStatus == 3)
4	GAb1_01	(v08 == 22) && (GAb1_PvPStatus == 3)
4	GAb1_01	(v09 == 22) && (GAb1_PvPStatus == 3)
4	GAb1_01	(v10 == 22) && (GAb1_PvPStatus == 3)
4	GAb1_01	(v11 == 22) && (GAb1_PvPStatus == 3)
4	GAb1_01	(v12 == 22) && (GAb1_PvPStatus == 3)
4	LDF4_Advance	(v13==2) && (li_killer_v13 > 7)
4	LDF4_Advance	(v13==3) && (da_killer_v13 > 7)
4	LDF4_Advance	(va_d > 0) && (da_killer_v02 > 3)
4	LDF4_Advance	(va_d > 0) && (da_killer_v02 > 7)
4	LDF4_Advance	(va_d > 0) && (da_killer_v03 > 3)
4	LDF4_Advance	(va_d > 0) && (da_killer_v03 > 7)
4	LDF4_Advance	(va_d > 0) && (da_killer_v04 > 3)
4	LDF4_Advance	(va_d > 0) && (da_killer_v04 > 7)
4	LDF4_Advance	(va_l > 0) && (li_killer_v02 > 3)
4	LDF4_Advance	(va_l > 0) && (li_killer_v02 > 7)
4	LDF4_Advance	(va_l > 0) && (li_killer_v03 > 3)
4	LDF4_Advance	(va_l > 0) && (li_killer_v03 > 7)
4	LDF4_Advance	(va_l > 0) && (li_killer_v04 > 3)
4	LDF4_Advance	(va_l > 0) && (li_killer_v04 > 7)
4	LDF4_Advance	(vb_d > 0) && (da_killer_v05 > 3)
4	LDF4_Advance	(vb_d > 0) && (da_killer_v05 > 7)
4	LDF4_Advance	(vb_d > 0) && (da_killer_v06 > 3)
4	LDF4_Advance	(vb_d > 0) && (da_killer_v06 > 7)
4	LDF4_Advance	(vb_d > 0) && (da_killer_v07 > 3)
4	LDF4_Advance	(vb_d > 0) && (da_killer_v07 > 7)
4	LDF4_Advance	(vb_l > 0) && (li_killer_v05 > 3)
4	LDF4_Advance	(vb_l > 0) && (li_killer_v05 > 7)
4	LDF4_Advance	(vb_l > 0) && (li_killer_v06 > 3)
4	LDF4_Advance	(vb_l > 0) && (li_killer_v06 > 7)
4	LDF4_Advance	(vb_l > 0) && (li_killer_v07 > 3)
4	LDF4_Advance	(vb_l > 0) && (li_killer_v07 > 7)
4	LDF4_Advance	(vc_d > 0) && (da_killer_v08 > 3)
4	LDF4_Advance	(vc_d > 0) && (da_killer_v08 > 7)
4	LDF4_Advance	(vc_d > 0) && (da_killer_v09 > 3)
4	LDF4_Advance	(vc_d > 0) && (da_killer_v09 > 7)
4	LDF4_Advance	(vc_l > 0) && (li_killer_v08 > 3)
4	LDF4_Advance	(vc_l > 0) && (li_killer_v08 > 7)
4	LDF4_Advance	(vc_l > 0) && (li_killer_v09 > 3)
4	LDF4_Advance	(vc_l > 0) && (li_killer_v09 > 7)
4	LDF4_Advance	(vd_d > 0) && (da_killer_v01 > 3)
4	LDF4_Advance	(vd_d > 0) && (da_killer_v01 > 7)
4	LDF4_Advance	(vd_d > 0) && (da_killer_v01 > 9)
4	LDF4_Advance	(vd_l > 0) && (li_killer_v01 > 3)
4	LDF4_Advance	(vd_l > 0) && (li_killer_v01 > 7)
4	LDF4_Advance	(vd_l > 0) && (li_killer_v01 > 9)
4	IDSweep	1STAGE_START>=3
4	IDSweep	1STAGE_START>=7
4	IDLuna_siege	ALARM_SPAWN==1
4	GAb1_01	ArtiCoreRe_01 == 1
4	GAb1_01	ArtiCoreRe_02 == 1
4	GAb1_01	ArtiCoreRe_03 == 1
4	GAb1_01	ArtiCoreRe_04 == 1
4	GAb1_01	ArtiCoreRe_05 == 1
4	GAb1_01	ArtiCoreRe_06 == 1
4	GAb1_01	ArtiCoreRe_07 == 1
4	GAb1_01	ArtiCoreRe_08 == 1
4	IDLDF5_Under_03	BOSS == 10
4	GAb1_Sub	BOSS_GUARDIAN == 1
4	idarena_solo	Condition_S1_D>=1
4	idarena_solo	Condition_S1_L>=1
4	DF4_M	DF4_Dramata_Shield == 1
4	IDLDF5_Fortress_War	Da_BT_Open == 1
4	IDLDF5_Fortress_War	Da_BT_Open == 2
4	IDLDF5_Fortress_War	Da_BT_Open == 3
4	IDLDF5_Fortress_War	Da_BT_Open == 4
4	IDLDF5_Fortress_War	Da_Open == 1
4	lf3	DirectPortalDest_32 == 0
4	idtiamat_1	GARNON_SPAWN == 2
4	idvritra_base	GATECONTROL_B4 <= 1
4	IDLDF5_Under_03	H_WAVE_01_03 == 1
4	IDLDF5_Under_03	H_WAVE_02_03 == 1
4	IDLDF5_Under_03	H_WAVE_03_03 == 1
4	IDLuna_def	IDLUNA_DEF_PHASE_1_4==1
4	IDLuna_def	IDLUNA_DEF_PHASE_2_4==1
4	IDLDF5_Fortress_War	Li_BT_Open == 1
4	IDLDF5_Fortress_War	Li_BT_Open == 2
4	IDLDF5_Fortress_War	Li_BT_Open == 3
4	IDLDF5_Fortress_War	Li_BT_Open == 4
4	IDLDF5_Fortress_War	Li_Open == 1
4	IDSeal	ORITSA_SUMMON == 1
4	IDSeal	ORITSA_SUMMON == 2
4	IDSeal	ORITSA_SUMMON == 3
4	IDSeal	ORITSA_SUMMON == 4
4	IDSeal	ORITSA_SUMMON == 5
4	IDSeal	ORITSA_SUMMON == 6
4	IDSeal	ORITSA_SUMMON == 7
4	IDSeal	ORITSA_SUMMON == 8
4	idabgated2	Q_IdSpawn_On == 1
4	IDSeal	RANDOM_ROOM_02 == 1
4	IDSeal	RANDOM_ROOM_03 == 1
4	GAb1_01	Rebirth == 2
4	IDEternity_Q	SCENE >= 9
4	idarena	STAGE == 4
4	idarena	STAGE == 5
4	idarena	STAGE == 6
4	idarena	STAGE == 7
4	idarena	STAGE == 8
4	idarena	STAGE == 9
4	IDDF2_Dflame_Event	STAGE1_END == 0
4	IDDF2_Dflame_Event	STAGE2_END == 0
4	iddc1_dreadgion	STAGE_01_RANK == 1
4	iddc1_dreadgion	STAGE_01_RANK == 2
4	iddc1_dreadgion	STAGE_01_RANK == 3
4	iddc1_dreadgion	STAGE_01_RANK == 4
4	iddc1_dreadgion	STAGE_01_RANK == 5
4	iddc1_dreadgion	STAGE_01_RANK == 6
4	idtiamat_2	SURUKANAFALLING == 1
4	idab1_dreadgion	Surkana_8 >= 5
4	GAb1_01	Tur13 == 23
4	GAb1_01	Tur14 == 23
4	GAb1_01	Tur15 == 23
4	GAb1_01	Tur16 == 23
4	GAb1_01	Tur17 == 23
4	GAb1_01	Tur18 == 23
4	GAb1_01	Tur19 == 23
4	GAb1_01	Tur20 == 23
4	GAb1_01	Tur21 == 23
4	GAb1_01	Tur22 == 23
4	GAb1_01	Tur23 == 23
4	GAb1_01	Tur24 == 23
4	GAb1_01	Tur25 == 23
4	GAb1_01	Tur26 == 23
4	GAb1_01	Tur27 == 23
4	GAb1_01	Tur28 == 23
4	GAb1_01	Tur29 == 23
4	GAb1_01	Tur30 == 23
4	GAb1_01	Tur31 == 23
4	GAb1_01	Tur32 == 23
4	GAb1_01	Tur33 == 23
4	GAb1_01	Tur34 == 23
4	GAb1_01	Tur35 == 23
4	GAb1_01	Tur36 == 23
4	ldf5a	WORLDRAID_05 == 2
4	LDF4_Advance	WorldRaid_underpass_0034 == 1
4	IDF6_Adma	boss_summon_check == 4
4	idldf5_under_01	bridge_on == 2
4	idruneweapon	cSetCharge==1
4	idldf5_under_02	cSetGameStart == 1
4	idruneweapon	cSetIdMutantA==1
4	idruneweapon	cSetIdMutantB==1
4	test_mrt_idzone	condition_4 == 2
4	IDAb1_Heroes_D	defend_wave == 2
4	iddc1_dreadgion	defense_on_01 == 2
4	iddc1_dreadgion	defense_on_02 == 2
4	iddc1_dreadgion	defense_on_03 == 2
4	df6	df6_e_mission == 1
4	df6	df6_e_mission == 2
4	df6	df6_timespace_ctrl == 1
4	iddc1_dreadgion	dreadgion_defense_01 == 1
4	iddc1_dreadgion	dreadgion_defense_02 == 1
4	iddc1_dreadgion	dreadgion_defense_02 > 6
4	iddc1_dreadgion	dreadgion_defense_04 == 1
4	iddc1_dreadgion	dreadgion_defense_04 > 6
4	iddc1_dreadgion	dreadgion_end_01 == 3
4	iddc1_dreadgion	dreadgion_end_02 == 2
4	iddc1_dreadgion	dreadgion_main_raid_01 < 3
4	iddc1_dreadgion	dreadgion_main_raid_02 < 3
4	iddc1_dreadgion	dreadgion_main_raid_03 < 3
4	iddc1_dreadgion	dreadgion_raid_01 == 2
4	iddc1_dreadgion	dreadgion_raid_02 == 2
4	iddc1_dreadgion	dreadgion_raid_03 == 2
4	iddc1_dreadgion	dreadgion_raid_04 == 2
4	iddc1_dreadgion	dreadgion_raid_05 == 2
4	iddc1_dreadgion	dreadgion_weapon_a_atk > 4
4	iddc1_dreadgion	dreadgion_weapon_a_start == 2
4	iddc1_dreadgion	dreadgion_weapon_b_atk > 4
4	iddc1_dreadgion	dreadgion_weapon_b_start == 2
4	IDAb1_Ere	equip_drakan == 1
4	IDAb1_Ere	equip_drakan == 2
4	df6	f6_Car_FOBJ == 1
4	iddc1_dreadgion	flag_a == 1
4	iddc1_dreadgion	flag_b == 1
4	iddc1_dreadgion	flag_c == 1
4	IDInfinity	floor_06 >= 1
4	IDInfinity	floor_31 >= 1
4	IDEternity_02	ideternity_02_boxd_03 == 3
4	IDEternity_02	ideternity_02_boxl_03 == 3
4	IDElemental_2_E	key_monster == 1
4	IDElemental_2_E	key_monster == 2
4	IDElemental_2_E	key_monster == 3
4	IDElemental_2_E	key_monster == 4
4	IDElemental_2_E	key_monster == 5
4	IDElemental_2_E	key_monster == 6
4	LDF4_Advance	killer_da_es == 3
4	LDF4_Advance	killer_da_gs ==3
4	LDF4_Advance	killer_da_is == 3
4	LDF4_Advance	killer_da_js == 3
4	LDF4_Advance	killer_da_km == 3
4	LDF4_Advance	killer_dr_gm == 1
4	LDF4_Advance	killer_dr_hs == 1
4	LDF4_Advance	killer_dr_js == 1
4	LDF4_Advance	killer_dr_km == 1
4	LDF4_Advance	killer_li_bs == 2
4	LDF4_Advance	killer_li_ds == 2
4	LDF4_Advance	killer_li_js == 2
4	LDF4_Advance	killer_li_km ==2
4	lf4	ldf4_sp_craid_on == 1
4	lf4	ldf4_sp_craid_on == 2
4	IDAb1_Ere	main_destroy_start == 1
4	idlf1	master_boss == 1
4	idyun	named == 2
4	IDEternity_02	named_03 == 1
4	IDEternity_02	named_03_mid == 2
4	IDAb1_Ere	prison2 == 1
4	IDAb1_Ere	prison3 == 1
4	idldf5_under_01	ra_as_spawn == 5
4	idldf5_under_01	ra_pr_spawn == 5
4	idldf5_under_01	ra_run_ok == 1
4	idldf5_under_01	ra_wi_spawn == 5
4	IDEternity_03	rock1_1 >= 5
4	IDEternity_03	rock1_3 >= 1
4	IDEternity_03	rock1_4 >= 2
4	IDEternity_03	rock1_4 >= 3
4	IDEternity_03	rock1_4 >= 4
4	IDTransform	save < 1
4	IDTransform	save == 1
4	IDTransform	save == 2
4	IDTransform	save == 3
4	iddc1_dreadgion	set_energy_a > 48
4	iddc1_dreadgion	set_energy_a > 96
4	iddc1_dreadgion	set_energy_a_time >= 221
4	iddc1_dreadgion	set_energy_b > 48
4	iddc1_dreadgion	set_energy_b > 96
4	iddc1_dreadgion	set_energy_b_time >= 221
4	iddc1_dreadgion	set_energy_c > 48
4	iddc1_dreadgion	set_energy_c > 96
4	iddc1_dreadgion	set_energy_d > 48
4	iddc1_dreadgion	set_energy_d > 96
4	iddc1_dreadgion	set_ice_a == 5
4	iddc1_dreadgion	set_ice_b == 5
4	iddc1_dreadgion	strong_raid_die == 2
4	iddc1_dreadgion	sub_box_10 == 2
4	iddc1_dreadgion	sub_box_10 > 0
4	iddc1_dreadgion	sub_box_8 == 2
4	iddc1_dreadgion	sub_box_8 > 0
4	iddc1_dreadgion	sub_box_9 == 1
4	iddc1_dreadgion	sub_box_9 == 2
4	iddc1_dreadgion	sub_buff == 5
4	iddc1_dreadgion	sub_buff > 1
4	iddc1_dreadgion	submodule_a_01 == 2
4	iddc1_dreadgion	submodule_a_02 == 2
4	iddc1_dreadgion	submodule_a_03 == 2
4	iddc1_dreadgion	submodule_b_01 == 2
4	iddc1_dreadgion	submodule_b_02 == 2
4	iddc1_dreadgion	submodule_b_03 == 2
4	IDLegion	t2_fobj_on == 1
4	IDLegion	t2_fobj_on == 2
4	IDLegion	t2_fobj_on == 3
4	IDLegion	t2_fobj_on == 4
4	idlf1	talk_04 == 1
4	iddc1_dreadgion	turret_01_energy == 1
4	iddc1_dreadgion	turret_01_energy_a == 1
4	iddc1_dreadgion	turret_energy == 1
4	iddc1_dreadgion	turret_energy_a == 1
4	idldf5_under_01	under_01_out == 2
4	GAb1_01	v05 == 23
4	GAb1_01	v06 == 23
4	GAb1_01	v07 == 23
4	GAb1_01	v08 == 23
4	GAb1_01	v09 == 23
4	GAb1_01	v10 == 23
4	GAb1_01	v11 == 23
4	GAb1_01	v12 == 23
4	LDF4_Advance	village_dr_hs == 2
4	LDF4_Advance	village_dr_hs == 3
4	IDAb1_Ere	witch_on == 1
4	IDEternity_03	zone2close == 1
3	df2a	( WORLDRAID_01 == 1 ) && ( SpecialServer_Cond == 0 )
3	df2a	( WORLDRAID_01 == 1 ) && ( SpecialServer_Cond == 1 )
3	df2a	( WORLDRAID_02 == 1 ) && ( SpecialServer_Cond == 0 )
3	df2a	( WORLDRAID_02 == 1 ) && ( SpecialServer_Cond == 1 )
3	df2a	( WORLDRAID_03 == 1 ) && ( SpecialServer_Cond == 0 )
3	df2a	( WORLDRAID_03 == 1 ) && ( SpecialServer_Cond == 1 )
3	ab1	((1011_on == 1 )&&([SAVE]link_weapon_da == 1))
3	ab1	((1011_on == 1 )&&([SAVE]link_weapon_li == 1))
3	ab1	((1221_reward_named_D==1) && (AB1_Named_On >= 5) && (link_weapon_a == 1))
3	ab1	((1221_reward_named_L==1) && (AB1_Named_On >= 5) && (link_weapon_a == 1))
3	ab1	((1231_reward_named_D==1) && (AB1_Named_On >= 5) && (link_weapon_b == 1))
3	ab1	((1231_reward_named_L==1) && (AB1_Named_On >= 5) && (link_weapon_b == 1))
3	ab1	((1241_reward_named_D==1) && (AB1_Named_On >= 5) && (link_weapon_c == 1))
3	ab1	((1241_reward_named_L==1) && (AB1_Named_On >= 5) && (link_weapon_c == 1))
3	IDEternity_03	((race == 1)&&(bossend == 1))
3	IDEternity_03	((race == 1)&&(semibossend == 1))
3	IDEternity_03	((race == 2)&&(bossend == 1))
3	IDEternity_03	((race == 2)&&(semibossend == 1))
3	IDEternity_03	((zone2close == 1) && (twin == 1))
3	IDSweep_02	(2STAGE_ING>=1) && (SpecialServer_Cond == 0)
3	IDSweep_02	(2STAGE_ING>=1) && (SpecialServer_Cond == 1)
3	IDSweep_02	(2STAGE_ING>=2) && (SpecialServer_Cond == 0)
3	IDSweep_02	(2STAGE_ING>=2) && (SpecialServer_Cond == 1)
3	IDSweep_02	(2STAGE_ING>=3) && (SpecialServer_Cond == 0)
3	IDSweep_02	(2STAGE_ING>=3) && (SpecialServer_Cond == 1)
3	IDSweep_02	(4STAGE_PHASE>=33) && (SpecialServer_Cond == 0)
3	IDSweep_02	(4STAGE_PHASE>=33) && (SpecialServer_Cond == 1)
3	iddf2flying_event01	(Condition_S2>=1)
3	df6	(DF6_Instance_Mon == 1) || (DF6_Instance_Wed == 1) || (DF6_Instance_Fri == 1)
3	df6	(DF6_Instance_Tue == 1) || (DF6_Instance_Thu == 1) || (DF6_Instance_Sat == 1)
3	lf2	(DirectPortalDest_17 == 1)&&(SpecialServer_Cond == 0)
3	lf2	(DirectPortalDest_17>=1)&&(SpecialServer_Cond == 0)
3	IDSeal	(PLAY_LEVEL == 3) && (DEFENCE_WAVE == 8)
3	IDSeal	(SCENE == 11) && (RACE == 1)
3	IDSeal	(SCENE == 11) && (RACE == 2)
3	IDSeal	(SCENE == 12) && (RACE == 1)
3	IDSeal	(SCENE == 12) && (RACE == 2)
3	IDSeal	(SCENE == 22) && (RACE ==1)
3	IDSeal	(SCENE == 22) && (RACE ==2)
3	IDSeal	(SCENE == 4) && (RACE == 1)
3	IDSeal	(SCENE == 4) && (RACE == 2)
3	idabre_low_divine	(SpecialServer_Cond == 0) && (DARKIN == 1)
3	idabre_low_divine	(SpecialServer_Cond == 0) && (LIGHTIN == 1)
3	idabre_low_divine	(SpecialServer_Cond == 1) && (DARKIN == 1)
3	df3	(SpecialServer_Cond == 1) && (DF3_RVR_Control == 3) && (RVR_Progress == 4)
3	idabre_low_divine	(SpecialServer_Cond == 1) && (LIGHTIN == 1)
3	IDSeal	(TWIN_P == 3) && (TWIN_M == 3) && (LEVEL_CHECK_1 == 1)
3	df1a	(WORLDRAID_02 == 1) && (SpecialServer_Cond == 0)
3	df1a	(WORLDRAID_02 == 1) && (SpecialServer_Cond == 1)
3	df1a	(WORLDRAID_03 == 1) && (SpecialServer_Cond == 0)
3	df1a	(WORLDRAID_03 == 1) && (SpecialServer_Cond == 1)
3	IDEvent_def	(Wave_1 >= 5) && (SpecialServer_Cond == 0)
3	IDEvent_def	(Wave_1 >= 5) && (SpecialServer_Cond == 1)
3	IDEvent_def	(Wave_3_R >= 15) && (SpecialServer_Cond == 0)
3	IDEvent_def	(Wave_3_R >= 15) && (SpecialServer_Cond == 1)
3	IDF6_Dragon	(Wave_Control_01 > 2) && (NO_EXP == 1)
3	IDF6_Dragon	(Wave_Control_01 > 2) && (NO_EXP == 2)
3	IDF6_Dragon	(Wave_Control_02 > 2) && (NO_EXP == 1)
3	IDF6_Dragon	(Wave_Control_02 > 2) && (NO_EXP == 2)
3	IDF6_Dragon	(Wave_Control_03 > 2) && (NO_EXP == 1)
3	IDF6_Dragon	(Wave_Control_03 > 2) && (NO_EXP == 2)
3	df6	(event_start == 1) && (event_sub_boss == 1)
3	LDF4_Advance	(godelite == 1) || (godelite == 2)
3	idlf1	(master_boss == 1) && (light == 1)
3	IDEternity_War	(op_set == 1) && (tel_b3 == 2)
3	IDEternity_War	(op_set == 1) && (tel_b3 == 3)
3	IDEternity_War	(op_set == 1) && (tel_e == 2)
3	IDEternity_War	(op_set == 1) && (tel_e == 3)
3	IDEternity_War	(op_set == 1) && (tel_g == 2)
3	IDEternity_War	(op_set == 1) && (tel_g == 3)
3	IDEternity_War	(op_set == 1) && (tel_i == 2)
3	IDEternity_War	(op_set == 1) && (tel_i == 3)
3	IDEternity_War	(op_set == 2) && (tel_b3 == 2)
3	IDEternity_War	(op_set == 2) && (tel_b3 == 3)
3	IDEternity_War	(op_set == 2) && (tel_e == 2)
3	IDEternity_War	(op_set == 2) && (tel_e == 3)
3	IDEternity_War	(op_set == 2) && (tel_g == 2)
3	IDEternity_War	(op_set == 2) && (tel_g == 3)
3	IDEternity_War	(op_set == 2) && (tel_i == 2)
3	IDEternity_War	(op_set == 2) && (tel_i == 3)
3	IDEternity_War	(people_expand_con >= 3) && (96_bottom == 2)
3	IDEternity_War	(people_expand_con >= 3) && (96_bottom == 3)
3	IDEternity_War	(people_expand_con >= 3) && (96_top == 2)
3	IDEternity_War	(people_expand_con >= 3) && (96_top == 3)
3	LDF4_Advance	(va_d > 0) && (da_killer_v02 > 5)
3	LDF4_Advance	(va_l > 0) && (li_killer_v02 > 5)
3	LDF4_Advance	(vc_d > 0) && (da_killer_v12 > 3)
3	LDF4_Advance	(vc_d > 0) && (da_killer_v12 > 5)
3	LDF4_Advance	(vc_d > 0) && (da_killer_v12 > 7)
3	LDF4_Advance	(vc_d > 0) && (da_killer_v12 > 9)
3	LDF4_Advance	(vc_l > 0) && (li_killer_v12 > 3)
3	LDF4_Advance	(vc_l > 0) && (li_killer_v12 > 5)
3	LDF4_Advance	(vc_l > 0) && (li_killer_v12 > 7)
3	LDF4_Advance	(vc_l > 0) && (li_killer_v12 > 9)
3	LDF4_Advance	(vd_d > 0) && (da_killer_v10 > 3)
3	LDF4_Advance	(vd_d > 0) && (da_killer_v10 > 5)
3	LDF4_Advance	(vd_d > 0) && (da_killer_v10 > 7)
3	LDF4_Advance	(vd_d > 0) && (da_killer_v10 > 9)
3	LDF4_Advance	(vd_d > 0) && (da_killer_v11 > 3)
3	LDF4_Advance	(vd_d > 0) && (da_killer_v11 > 5)
3	LDF4_Advance	(vd_d > 0) && (da_killer_v11 > 7)
3	LDF4_Advance	(vd_d > 0) && (da_killer_v11 > 9)
3	LDF4_Advance	(vd_l > 0) && (li_killer_v10 > 3)
3	LDF4_Advance	(vd_l > 0) && (li_killer_v10 > 5)
3	LDF4_Advance	(vd_l > 0) && (li_killer_v10 > 7)
3	LDF4_Advance	(vd_l > 0) && (li_killer_v10 > 9)
3	LDF4_Advance	(vd_l > 0) && (li_killer_v11 > 3)
3	LDF4_Advance	(vd_l > 0) && (li_killer_v11 > 5)
3	LDF4_Advance	(vd_l > 0) && (li_killer_v11 > 7)
3	LDF4_Advance	(vd_l > 0) && (li_killer_v11 > 9)
3	IDLDF5_Under_02_War	02_Round_On == 1
3	IDLDF5_Under_02_War	03_Round_On == 1
3	IDLDF5_Under_02_War	04_Round_On == 1
3	IDLDF5_Under_02_War	05_Round_On == 1
3	IDEternity_War	24_bottom == 2
3	IDEternity_War	24_bottom == 3
3	IDEternity_War	24_middle == 2
3	IDEternity_War	24_middle == 3
3	IDEternity_War	24_top == 2
3	IDEternity_War	24_top == 3
3	IDSweep	2STAGE_ING>=1
3	IDSweep	2STAGE_ING>=2
3	IDSweep	2STAGE_ING>=3
3	ldf5_fortress	7011off == 1
3	tiamat_down	Agent_Sum_Spawn == 1
3	idldf5_under_rune	BossSpawn >= 1
3	idarena	Condition_S1_D >= 1
3	idarena	Condition_S1_L >= 1
3	idarena_solo	Condition_S2B>=1
3	idarena	Condition_S3_L >= 47
3	iddf2flying_event01	Condition_S4>=140
3	idarena	Condition_S7_D >= 1
3	idarena	Condition_S7_L >= 1
3	idarena	Condition_S8 >= 1
3	idarena	Condition_S9 >= 3
3	IDF6_Adma	End_Boss_Die == 1
3	idf4re_drana	IDF4Re_Dra_05_Boss_Kill >= 1
3	IDF6_Dragon	IDF6_Dragon_Start == 2
3	idtiamat_1	KAHRUN_SPAWN == 2
3	idtiamat_1	KAHRUN_SPAWN == 3
3	IDLDF4Re_01	PC_Checkda == 1
3	IDLDF4Re_01	PC_Checkli == 1
3	idldf5_under_rune	RealBoss_Spawn >= 1
3	idarena_glory	S4_BOX >= 1
3	idarena_glory	S4_BOX >= 2
3	idarena_glory	S6_BOX >= 1
3	idarena_glory	S6_BOX >= 2
3	IDEternity_Q	SCENE < 5
3	IDEternity_Q	SCENE >= 5
3	idarena_solo	STAGE6_OVER>=1
3	idldf5b_td	SpawnPointGrouptest7 == 1
3	idldf5_under_rune	WongiokOn == 1
3	idldf5_under_rune	WongiokOn_2 == 1
3	idldf5_under_rune	WongiokOn_3 == 1
3	GAb1_Sub	WorldRaid_underpass_0025 == 1
3	GAb1_Sub	WorldRaid_underpass_0026 == 1
3	IDAbRe_Core_03	boss_die == 2
3	IDEternity_03	bosspotal == 1
3	IDEternity_03	bosspotal == 3
3	IDEternity_03	bosspotal == 5
3	idldf5_under_rune	cSetIdPortal == 1
3	IDLDF4Re_01	cSet_1_1_22 == 1
3	IDF6_LF1	con_A01 == 1
3	IDF6_LF1	con_B01 == 1
3	IDF6_LF1	con_alarm01_40 ==1
3	IDF6_LF1	con_alarm03_40 ==1
3	IDEvent_Solo	con_bakaki_die == 1
3	IDF6_LF1	con_bari01_40 ==1
3	IDF6_LF1	con_bari03_40 ==1
3	IDF6_LF1	con_bari04_40 ==1
3	IDF6_LF1	con_exp == 1
3	idf4re_drana	condition_type == 1
3	IDEternity_03	crack == 2
3	df6	df6_event_start_b == 1
3	df6	df6_event_start_b2 == 1
3	df6	df6_event_start_c == 1
3	df6	df6_event_start_d == 1
3	df6	df6_event_start_e == 1
3	df6	df6_event_start_f == 1
3	df6	df6_event_start_f2 == 1
3	df6	df6_event_start_g == 1
3	df6	df6_event_start_h == 1
3	df6	df6_event_start_i == 1
3	df6	df6_event_tel == 1
3	df6	df6_mission_ctrl_01 == 1
3	df6	df6_mission_ctrl_02 == 1
3	IDAbRe_Core_03	doll_set == 1
3	IDAbRe_Core_03	doll_set == 2
3	IDAbRe_Core_03	doll_set == 3
3	IDAbRe_Core_03	doll_set == 4
3	IDAbRe_Core_03	doll_set == 5
3	IDAbRe_Core_03	doll_set == 6
3	idldf5re_solo	game == 3
3	idarena_solo	hidden_D==1
3	idarena_solo	hidden_D>=1
3	idarena_solo	hidden_L==1
3	idarena_solo	hidden_L>=1
3	IDEternity_02	ideternity_02_boxd_03 == 1
3	IDEternity_02	ideternity_02_boxd_03 == 2
3	IDEternity_02	ideternity_02_boxd_03 == 4
3	IDEternity_02	ideternity_02_boxl_03 == 1
3	IDEternity_02	ideternity_02_boxl_03 == 2
3	IDEternity_02	ideternity_02_boxl_03 == 4
3	IDEternity_02	ideternity_02_fly == 3
3	idldf5_under_rune	imitation_Spawn_2 >= 1
3	idldf5_under_rune	imitation_Spawn_3 >= 1
3	idldf5_under_rune	imitation_Spawn_On >= 1
3	LDF4_Advance	killer_dr_ds == 1
3	LDF4_Advance	killer_dr_gs == 1
3	lf4	ldf4_sp_craid_msg == 3
3	lf4	ldf4_sp_craid_msg == 4
3	DF4_M	ldf4_sp_craid_start == 1
3	IDEternity_02	named_03_mid < 2
3	IDEternity_02	named_03_mid == 1
3	IDAb1_Ere	prison7 == 1
3	IDEternity_03	rock1_1 >= 2
3	idarena_team01	s1_lever == 1
3	idlf1	talk_01 == 1
3	idlf1	talk_02 == 1
3	idlf1	talk_03 == 1
3	LDF4_Advance	village_dr_cs == 2
3	LDF4_Advance	village_dr_cs == 3
3	LDF4_Advance	village_dr_ds == 2
3	LDF4_Advance	village_dr_ds == 3
3	LDF4_Advance	village_dr_es == 2
3	LDF4_Advance	village_dr_es == 3
3	LDF4_Advance	village_dr_gs == 2
3	LDF4_Advance	village_dr_gs == 3
3	LDF4_Advance	village_dr_is == 2
3	LDF4_Advance	village_dr_is == 3
2	IDTransform	( IDTransform_F_Reward != 1 ) &&( IDTransform_D_Reward != 1 ) &&( IDTransform_C_Reward != 1 ) &&( IDTransform_B_Reward != 1 ) &&( IDTransform_A_Reward != 1 ) &&( IDTransform_S_Reward != 1 )
2	IDTransform	( IDTransform_F_Reward == 1 ) || ( IDTransform_D_Reward == 1 ) || ( IDTransform_C_Reward == 1 ) || ( IDTransform_B_Reward == 1 ) || ( IDTransform_A_Reward == 1 ) || ( IDTransform_S_Reward == 1 )
2	IDTransform	( a_room < 10 ) && (shadow_kill < 3)
2	IDTransform	( a_room == 10 ) || ( b_room == 10 ) || ( c_room == 10 )
2	IDTransform	( a_room > 4 ) && ( a_room < 9 )
2	IDTransform	( b_room < 10 ) && (shadow_kill < 4)
2	IDTransform	( b_room > 4 ) && ( b_room < 9 )
2	IDTransform	( boss == 1 ) || ( boss == 4 )
2	IDTransform	( c_room < 10 ) && (shadow_kill < 5)
2	IDTransform	( c_room > 4 ) && ( c_room < 9 )
2	IDTransform	( level_check == 66 ) && ( IDTransform_F_Reward != 1 ) &&( IDTransform_D_Reward != 1 ) &&( IDTransform_C_Reward != 1 ) &&( IDTransform_B_Reward != 1 ) &&( IDTransform_A_Reward != 1 ) &&( IDTransform_S_Reward != 1 ) && (a_pig == 1)
2	IDTransform	( level_check == 66 ) && ( IDTransform_F_Reward != 1 ) &&( IDTransform_D_Reward != 1 ) &&( IDTransform_C_Reward != 1 ) &&( IDTransform_B_Reward != 1 ) &&( IDTransform_A_Reward != 1 ) &&( IDTransform_S_Reward != 1 ) && (a_pig == 2)
2	IDTransform	( level_check == 66 ) && ( IDTransform_F_Reward != 1 ) &&( IDTransform_D_Reward != 1 ) &&( IDTransform_C_Reward != 1 ) &&( IDTransform_B_Reward != 1 ) &&( IDTransform_A_Reward != 1 ) &&( IDTransform_S_Reward != 1 ) && (a_pig == 3)
2	IDTransform	( level_check == 66 ) && ( IDTransform_F_Reward != 1 ) &&( IDTransform_D_Reward != 1 ) &&( IDTransform_C_Reward != 1 ) &&( IDTransform_B_Reward != 1 ) &&( IDTransform_A_Reward != 1 ) &&( IDTransform_S_Reward != 1 ) && (a_pig == 4)
2	IDTransform	( level_check == 66 ) && ( IDTransform_F_Reward != 1 ) &&( IDTransform_D_Reward != 1 ) &&( IDTransform_C_Reward != 1 ) &&( IDTransform_B_Reward != 1 ) &&( IDTransform_A_Reward != 1 ) &&( IDTransform_S_Reward != 1 ) && (b_pig == 1)
2	IDTransform	( level_check == 66 ) && ( IDTransform_F_Reward != 1 ) &&( IDTransform_D_Reward != 1 ) &&( IDTransform_C_Reward != 1 ) &&( IDTransform_B_Reward != 1 ) &&( IDTransform_A_Reward != 1 ) &&( IDTransform_S_Reward != 1 ) && (b_pig == 2)
2	IDTransform	( level_check == 66 ) && ( IDTransform_F_Reward != 1 ) &&( IDTransform_D_Reward != 1 ) &&( IDTransform_C_Reward != 1 ) &&( IDTransform_B_Reward != 1 ) &&( IDTransform_A_Reward != 1 ) &&( IDTransform_S_Reward != 1 ) && (b_pig == 3)
2	IDTransform	( level_check == 66 ) && ( IDTransform_F_Reward != 1 ) &&( IDTransform_D_Reward != 1 ) &&( IDTransform_C_Reward != 1 ) &&( IDTransform_B_Reward != 1 ) &&( IDTransform_A_Reward != 1 ) &&( IDTransform_S_Reward != 1 ) && (b_pig == 4)
2	IDTransform	( level_check == 66 ) && ( IDTransform_F_Reward != 1 ) &&( IDTransform_D_Reward != 1 ) &&( IDTransform_C_Reward != 1 ) &&( IDTransform_B_Reward != 1 ) &&( IDTransform_A_Reward != 1 ) &&( IDTransform_S_Reward != 1 ) && (c_pig == 1)
2	IDTransform	( level_check == 66 ) && ( IDTransform_F_Reward != 1 ) &&( IDTransform_D_Reward != 1 ) &&( IDTransform_C_Reward != 1 ) &&( IDTransform_B_Reward != 1 ) &&( IDTransform_A_Reward != 1 ) &&( IDTransform_S_Reward != 1 ) && (c_pig == 2)
2	IDTransform	( level_check == 66 ) && ( IDTransform_F_Reward != 1 ) &&( IDTransform_D_Reward != 1 ) &&( IDTransform_C_Reward != 1 ) &&( IDTransform_B_Reward != 1 ) &&( IDTransform_A_Reward != 1 ) &&( IDTransform_S_Reward != 1 ) && (c_pig == 3)
2	IDTransform	( level_check == 66 ) && ( IDTransform_F_Reward != 1 ) &&( IDTransform_D_Reward != 1 ) &&( IDTransform_C_Reward != 1 ) &&( IDTransform_B_Reward != 1 ) &&( IDTransform_A_Reward != 1 ) &&( IDTransform_S_Reward != 1 ) && (c_pig == 4)
2	IDTransform	( level_check == 67 ) &&( IDTransform_F_Reward != 1 ) &&( IDTransform_D_Reward != 1 ) &&( IDTransform_C_Reward != 1 ) &&( IDTransform_B_Reward != 1 ) &&( IDTransform_A_Reward != 1 ) &&( IDTransform_S_Reward != 1 ) && (a_pig == 1)
2	IDTransform	( level_check == 67 ) &&( IDTransform_F_Reward != 1 ) &&( IDTransform_D_Reward != 1 ) &&( IDTransform_C_Reward != 1 ) &&( IDTransform_B_Reward != 1 ) &&( IDTransform_A_Reward != 1 ) &&( IDTransform_S_Reward != 1 ) && (a_pig == 2)
2	IDTransform	( level_check == 67 ) &&( IDTransform_F_Reward != 1 ) &&( IDTransform_D_Reward != 1 ) &&( IDTransform_C_Reward != 1 ) &&( IDTransform_B_Reward != 1 ) &&( IDTransform_A_Reward != 1 ) &&( IDTransform_S_Reward != 1 ) && (a_pig == 3)
2	IDTransform	( level_check == 67 ) &&( IDTransform_F_Reward != 1 ) &&( IDTransform_D_Reward != 1 ) &&( IDTransform_C_Reward != 1 ) &&( IDTransform_B_Reward != 1 ) &&( IDTransform_A_Reward != 1 ) &&( IDTransform_S_Reward != 1 ) && (a_pig == 4)
2	IDTransform	( level_check == 67 ) &&( IDTransform_F_Reward != 1 ) &&( IDTransform_D_Reward != 1 ) &&( IDTransform_C_Reward != 1 ) &&( IDTransform_B_Reward != 1 ) &&( IDTransform_A_Reward != 1 ) &&( IDTransform_S_Reward != 1 ) && (b_pig == 1)
2	IDTransform	( level_check == 67 ) &&( IDTransform_F_Reward != 1 ) &&( IDTransform_D_Reward != 1 ) &&( IDTransform_C_Reward != 1 ) &&( IDTransform_B_Reward != 1 ) &&( IDTransform_A_Reward != 1 ) &&( IDTransform_S_Reward != 1 ) && (b_pig == 2)
2	IDTransform	( level_check == 67 ) &&( IDTransform_F_Reward != 1 ) &&( IDTransform_D_Reward != 1 ) &&( IDTransform_C_Reward != 1 ) &&( IDTransform_B_Reward != 1 ) &&( IDTransform_A_Reward != 1 ) &&( IDTransform_S_Reward != 1 ) && (b_pig == 3)
2	IDTransform	( level_check == 67 ) &&( IDTransform_F_Reward != 1 ) &&( IDTransform_D_Reward != 1 ) &&( IDTransform_C_Reward != 1 ) &&( IDTransform_B_Reward != 1 ) &&( IDTransform_A_Reward != 1 ) &&( IDTransform_S_Reward != 1 ) && (b_pig == 4)
2	IDTransform	( level_check == 67 ) &&( IDTransform_F_Reward != 1 ) &&( IDTransform_D_Reward != 1 ) &&( IDTransform_C_Reward != 1 ) &&( IDTransform_B_Reward != 1 ) &&( IDTransform_A_Reward != 1 ) &&( IDTransform_S_Reward != 1 ) && (c_pig == 1)
2	IDTransform	( level_check == 67 ) &&( IDTransform_F_Reward != 1 ) &&( IDTransform_D_Reward != 1 ) &&( IDTransform_C_Reward != 1 ) &&( IDTransform_B_Reward != 1 ) &&( IDTransform_A_Reward != 1 ) &&( IDTransform_S_Reward != 1 ) && (c_pig == 2)
2	IDTransform	( level_check == 67 ) &&( IDTransform_F_Reward != 1 ) &&( IDTransform_D_Reward != 1 ) &&( IDTransform_C_Reward != 1 ) &&( IDTransform_B_Reward != 1 ) &&( IDTransform_A_Reward != 1 ) &&( IDTransform_S_Reward != 1 ) && (c_pig == 3)
2	IDTransform	( level_check == 67 ) &&( IDTransform_F_Reward != 1 ) &&( IDTransform_D_Reward != 1 ) &&( IDTransform_C_Reward != 1 ) &&( IDTransform_B_Reward != 1 ) &&( IDTransform_A_Reward != 1 ) &&( IDTransform_S_Reward != 1 ) && (c_pig == 4)
2	IDTransform	( level_check == 68 ) &&( IDTransform_F_Reward != 1 ) &&( IDTransform_D_Reward != 1 ) &&( IDTransform_C_Reward != 1 ) &&( IDTransform_B_Reward != 1 ) &&( IDTransform_A_Reward != 1 ) &&( IDTransform_S_Reward != 1 ) && (a_pig == 1)
2	IDTransform	( level_check == 68 ) &&( IDTransform_F_Reward != 1 ) &&( IDTransform_D_Reward != 1 ) &&( IDTransform_C_Reward != 1 ) &&( IDTransform_B_Reward != 1 ) &&( IDTransform_A_Reward != 1 ) &&( IDTransform_S_Reward != 1 ) && (a_pig == 2)
2	IDTransform	( level_check == 68 ) &&( IDTransform_F_Reward != 1 ) &&( IDTransform_D_Reward != 1 ) &&( IDTransform_C_Reward != 1 ) &&( IDTransform_B_Reward != 1 ) &&( IDTransform_A_Reward != 1 ) &&( IDTransform_S_Reward != 1 ) && (a_pig == 3)
2	IDTransform	( level_check == 68 ) &&( IDTransform_F_Reward != 1 ) &&( IDTransform_D_Reward != 1 ) &&( IDTransform_C_Reward != 1 ) &&( IDTransform_B_Reward != 1 ) &&( IDTransform_A_Reward != 1 ) &&( IDTransform_S_Reward != 1 ) && (a_pig == 4)
2	IDTransform	( level_check == 68 ) &&( IDTransform_F_Reward != 1 ) &&( IDTransform_D_Reward != 1 ) &&( IDTransform_C_Reward != 1 ) &&( IDTransform_B_Reward != 1 ) &&( IDTransform_A_Reward != 1 ) &&( IDTransform_S_Reward != 1 ) && (b_pig == 1)
2	IDTransform	( level_check == 68 ) &&( IDTransform_F_Reward != 1 ) &&( IDTransform_D_Reward != 1 ) &&( IDTransform_C_Reward != 1 ) &&( IDTransform_B_Reward != 1 ) &&( IDTransform_A_Reward != 1 ) &&( IDTransform_S_Reward != 1 ) && (b_pig == 2)
2	IDTransform	( level_check == 68 ) &&( IDTransform_F_Reward != 1 ) &&( IDTransform_D_Reward != 1 ) &&( IDTransform_C_Reward != 1 ) &&( IDTransform_B_Reward != 1 ) &&( IDTransform_A_Reward != 1 ) &&( IDTransform_S_Reward != 1 ) && (b_pig == 3)
2	IDTransform	( level_check == 68 ) &&( IDTransform_F_Reward != 1 ) &&( IDTransform_D_Reward != 1 ) &&( IDTransform_C_Reward != 1 ) &&( IDTransform_B_Reward != 1 ) &&( IDTransform_A_Reward != 1 ) &&( IDTransform_S_Reward != 1 ) && (b_pig == 4)
2	IDTransform	( level_check == 68 ) &&( IDTransform_F_Reward != 1 ) &&( IDTransform_D_Reward != 1 ) &&( IDTransform_C_Reward != 1 ) &&( IDTransform_B_Reward != 1 ) &&( IDTransform_A_Reward != 1 ) &&( IDTransform_S_Reward != 1 ) && (c_pig == 1)
2	IDTransform	( level_check == 68 ) &&( IDTransform_F_Reward != 1 ) &&( IDTransform_D_Reward != 1 ) &&( IDTransform_C_Reward != 1 ) &&( IDTransform_B_Reward != 1 ) &&( IDTransform_A_Reward != 1 ) &&( IDTransform_S_Reward != 1 ) && (c_pig == 2)
2	IDTransform	( level_check == 68 ) &&( IDTransform_F_Reward != 1 ) &&( IDTransform_D_Reward != 1 ) &&( IDTransform_C_Reward != 1 ) &&( IDTransform_B_Reward != 1 ) &&( IDTransform_A_Reward != 1 ) &&( IDTransform_S_Reward != 1 ) && (c_pig == 3)
2	IDTransform	( level_check == 68 ) &&( IDTransform_F_Reward != 1 ) &&( IDTransform_D_Reward != 1 ) &&( IDTransform_C_Reward != 1 ) &&( IDTransform_B_Reward != 1 ) &&( IDTransform_A_Reward != 1 ) &&( IDTransform_S_Reward != 1 ) && (c_pig == 4)
2	IDTransform	( level_check == 69 ) &&( IDTransform_F_Reward != 1 ) &&( IDTransform_D_Reward != 1 ) &&( IDTransform_C_Reward != 1 ) &&( IDTransform_B_Reward != 1 ) &&( IDTransform_A_Reward != 1 ) &&( IDTransform_S_Reward != 1 ) && (a_pig == 1)
2	IDTransform	( level_check == 69 ) &&( IDTransform_F_Reward != 1 ) &&( IDTransform_D_Reward != 1 ) &&( IDTransform_C_Reward != 1 ) &&( IDTransform_B_Reward != 1 ) &&( IDTransform_A_Reward != 1 ) &&( IDTransform_S_Reward != 1 ) && (a_pig == 2)
2	IDTransform	( level_check == 69 ) &&( IDTransform_F_Reward != 1 ) &&( IDTransform_D_Reward != 1 ) &&( IDTransform_C_Reward != 1 ) &&( IDTransform_B_Reward != 1 ) &&( IDTransform_A_Reward != 1 ) &&( IDTransform_S_Reward != 1 ) && (a_pig == 3)
2	IDTransform	( level_check == 69 ) &&( IDTransform_F_Reward != 1 ) &&( IDTransform_D_Reward != 1 ) &&( IDTransform_C_Reward != 1 ) &&( IDTransform_B_Reward != 1 ) &&( IDTransform_A_Reward != 1 ) &&( IDTransform_S_Reward != 1 ) && (a_pig == 4)
2	IDTransform	( level_check == 69 ) &&( IDTransform_F_Reward != 1 ) &&( IDTransform_D_Reward != 1 ) &&( IDTransform_C_Reward != 1 ) &&( IDTransform_B_Reward != 1 ) &&( IDTransform_A_Reward != 1 ) &&( IDTransform_S_Reward != 1 ) && (b_pig == 1)
2	IDTransform	( level_check == 69 ) &&( IDTransform_F_Reward != 1 ) &&( IDTransform_D_Reward != 1 ) &&( IDTransform_C_Reward != 1 ) &&( IDTransform_B_Reward != 1 ) &&( IDTransform_A_Reward != 1 ) &&( IDTransform_S_Reward != 1 ) && (b_pig == 2)
2	IDTransform	( level_check == 69 ) &&( IDTransform_F_Reward != 1 ) &&( IDTransform_D_Reward != 1 ) &&( IDTransform_C_Reward != 1 ) &&( IDTransform_B_Reward != 1 ) &&( IDTransform_A_Reward != 1 ) &&( IDTransform_S_Reward != 1 ) && (b_pig == 3)
2	IDTransform	( level_check == 69 ) &&( IDTransform_F_Reward != 1 ) &&( IDTransform_D_Reward != 1 ) &&( IDTransform_C_Reward != 1 ) &&( IDTransform_B_Reward != 1 ) &&( IDTransform_A_Reward != 1 ) &&( IDTransform_S_Reward != 1 ) && (b_pig == 4)
2	IDTransform	( level_check == 69 ) &&( IDTransform_F_Reward != 1 ) &&( IDTransform_D_Reward != 1 ) &&( IDTransform_C_Reward != 1 ) &&( IDTransform_B_Reward != 1 ) &&( IDTransform_A_Reward != 1 ) &&( IDTransform_S_Reward != 1 ) && (c_pig == 1)
2	IDTransform	( level_check == 69 ) &&( IDTransform_F_Reward != 1 ) &&( IDTransform_D_Reward != 1 ) &&( IDTransform_C_Reward != 1 ) &&( IDTransform_B_Reward != 1 ) &&( IDTransform_A_Reward != 1 ) &&( IDTransform_S_Reward != 1 ) && (c_pig == 2)
2	IDTransform	( level_check == 69 ) &&( IDTransform_F_Reward != 1 ) &&( IDTransform_D_Reward != 1 ) &&( IDTransform_C_Reward != 1 ) &&( IDTransform_B_Reward != 1 ) &&( IDTransform_A_Reward != 1 ) &&( IDTransform_S_Reward != 1 ) && (c_pig == 3)
2	IDTransform	( level_check == 69 ) &&( IDTransform_F_Reward != 1 ) &&( IDTransform_D_Reward != 1 ) &&( IDTransform_C_Reward != 1 ) &&( IDTransform_B_Reward != 1 ) &&( IDTransform_A_Reward != 1 ) &&( IDTransform_S_Reward != 1 ) && (c_pig == 4)
2	IDTransform	( level_check == 70 ) &&( IDTransform_F_Reward != 1 ) &&( IDTransform_D_Reward != 1 ) &&( IDTransform_C_Reward != 1 ) &&( IDTransform_B_Reward != 1 ) &&( IDTransform_A_Reward != 1 ) &&( IDTransform_S_Reward != 1 ) && (a_pig == 1)
2	IDTransform	( level_check == 70 ) &&( IDTransform_F_Reward != 1 ) &&( IDTransform_D_Reward != 1 ) &&( IDTransform_C_Reward != 1 ) &&( IDTransform_B_Reward != 1 ) &&( IDTransform_A_Reward != 1 ) &&( IDTransform_S_Reward != 1 ) && (a_pig == 2)
2	IDTransform	( level_check == 70 ) &&( IDTransform_F_Reward != 1 ) &&( IDTransform_D_Reward != 1 ) &&( IDTransform_C_Reward != 1 ) &&( IDTransform_B_Reward != 1 ) &&( IDTransform_A_Reward != 1 ) &&( IDTransform_S_Reward != 1 ) && (a_pig == 3)
2	IDTransform	( level_check == 70 ) &&( IDTransform_F_Reward != 1 ) &&( IDTransform_D_Reward != 1 ) &&( IDTransform_C_Reward != 1 ) &&( IDTransform_B_Reward != 1 ) &&( IDTransform_A_Reward != 1 ) &&( IDTransform_S_Reward != 1 ) && (a_pig == 4)
2	IDTransform	( level_check == 70 ) &&( IDTransform_F_Reward != 1 ) &&( IDTransform_D_Reward != 1 ) &&( IDTransform_C_Reward != 1 ) &&( IDTransform_B_Reward != 1 ) &&( IDTransform_A_Reward != 1 ) &&( IDTransform_S_Reward != 1 ) && (b_pig == 1)
2	IDTransform	( level_check == 70 ) &&( IDTransform_F_Reward != 1 ) &&( IDTransform_D_Reward != 1 ) &&( IDTransform_C_Reward != 1 ) &&( IDTransform_B_Reward != 1 ) &&( IDTransform_A_Reward != 1 ) &&( IDTransform_S_Reward != 1 ) && (b_pig == 2)
2	IDTransform	( level_check == 70 ) &&( IDTransform_F_Reward != 1 ) &&( IDTransform_D_Reward != 1 ) &&( IDTransform_C_Reward != 1 ) &&( IDTransform_B_Reward != 1 ) &&( IDTransform_A_Reward != 1 ) &&( IDTransform_S_Reward != 1 ) && (b_pig == 3)
2	IDTransform	( level_check == 70 ) &&( IDTransform_F_Reward != 1 ) &&( IDTransform_D_Reward != 1 ) &&( IDTransform_C_Reward != 1 ) &&( IDTransform_B_Reward != 1 ) &&( IDTransform_A_Reward != 1 ) &&( IDTransform_S_Reward != 1 ) && (b_pig == 4)
2	IDTransform	( level_check == 70 ) &&( IDTransform_F_Reward != 1 ) &&( IDTransform_D_Reward != 1 ) &&( IDTransform_C_Reward != 1 ) &&( IDTransform_B_Reward != 1 ) &&( IDTransform_A_Reward != 1 ) &&( IDTransform_S_Reward != 1 ) && (c_pig == 1)
2	IDTransform	( level_check == 70 ) &&( IDTransform_F_Reward != 1 ) &&( IDTransform_D_Reward != 1 ) &&( IDTransform_C_Reward != 1 ) &&( IDTransform_B_Reward != 1 ) &&( IDTransform_A_Reward != 1 ) &&( IDTransform_S_Reward != 1 ) && (c_pig == 2)
2	IDTransform	( level_check == 70 ) &&( IDTransform_F_Reward != 1 ) &&( IDTransform_D_Reward != 1 ) &&( IDTransform_C_Reward != 1 ) &&( IDTransform_B_Reward != 1 ) &&( IDTransform_A_Reward != 1 ) &&( IDTransform_S_Reward != 1 ) && (c_pig == 3)
2	IDTransform	( level_check == 70 ) &&( IDTransform_F_Reward != 1 ) &&( IDTransform_D_Reward != 1 ) &&( IDTransform_C_Reward != 1 ) &&( IDTransform_B_Reward != 1 ) &&( IDTransform_A_Reward != 1 ) &&( IDTransform_S_Reward != 1 ) && (c_pig == 4)
2	IDTransform	( level_check == 71 ) &&( IDTransform_F_Reward != 1 ) &&( IDTransform_D_Reward != 1 ) &&( IDTransform_C_Reward != 1 ) &&( IDTransform_B_Reward != 1 ) &&( IDTransform_A_Reward != 1 ) &&( IDTransform_S_Reward != 1 ) && (a_pig == 1)
2	IDTransform	( level_check == 71 ) &&( IDTransform_F_Reward != 1 ) &&( IDTransform_D_Reward != 1 ) &&( IDTransform_C_Reward != 1 ) &&( IDTransform_B_Reward != 1 ) &&( IDTransform_A_Reward != 1 ) &&( IDTransform_S_Reward != 1 ) && (a_pig == 2)
2	IDTransform	( level_check == 71 ) &&( IDTransform_F_Reward != 1 ) &&( IDTransform_D_Reward != 1 ) &&( IDTransform_C_Reward != 1 ) &&( IDTransform_B_Reward != 1 ) &&( IDTransform_A_Reward != 1 ) &&( IDTransform_S_Reward != 1 ) && (a_pig == 3)
2	IDTransform	( level_check == 71 ) &&( IDTransform_F_Reward != 1 ) &&( IDTransform_D_Reward != 1 ) &&( IDTransform_C_Reward != 1 ) &&( IDTransform_B_Reward != 1 ) &&( IDTransform_A_Reward != 1 ) &&( IDTransform_S_Reward != 1 ) && (a_pig == 4)
2	IDTransform	( level_check == 71 ) &&( IDTransform_F_Reward != 1 ) &&( IDTransform_D_Reward != 1 ) &&( IDTransform_C_Reward != 1 ) &&( IDTransform_B_Reward != 1 ) &&( IDTransform_A_Reward != 1 ) &&( IDTransform_S_Reward != 1 ) && (b_pig == 1)
2	IDTransform	( level_check == 71 ) &&( IDTransform_F_Reward != 1 ) &&( IDTransform_D_Reward != 1 ) &&( IDTransform_C_Reward != 1 ) &&( IDTransform_B_Reward != 1 ) &&( IDTransform_A_Reward != 1 ) &&( IDTransform_S_Reward != 1 ) && (b_pig == 2)
2	IDTransform	( level_check == 71 ) &&( IDTransform_F_Reward != 1 ) &&( IDTransform_D_Reward != 1 ) &&( IDTransform_C_Reward != 1 ) &&( IDTransform_B_Reward != 1 ) &&( IDTransform_A_Reward != 1 ) &&( IDTransform_S_Reward != 1 ) && (b_pig == 3)
2	IDTransform	( level_check == 71 ) &&( IDTransform_F_Reward != 1 ) &&( IDTransform_D_Reward != 1 ) &&( IDTransform_C_Reward != 1 ) &&( IDTransform_B_Reward != 1 ) &&( IDTransform_A_Reward != 1 ) &&( IDTransform_S_Reward != 1 ) && (b_pig == 4)
2	IDTransform	( level_check == 71 ) &&( IDTransform_F_Reward != 1 ) &&( IDTransform_D_Reward != 1 ) &&( IDTransform_C_Reward != 1 ) &&( IDTransform_B_Reward != 1 ) &&( IDTransform_A_Reward != 1 ) &&( IDTransform_S_Reward != 1 ) && (c_pig == 1)
2	IDTransform	( level_check == 71 ) &&( IDTransform_F_Reward != 1 ) &&( IDTransform_D_Reward != 1 ) &&( IDTransform_C_Reward != 1 ) &&( IDTransform_B_Reward != 1 ) &&( IDTransform_A_Reward != 1 ) &&( IDTransform_S_Reward != 1 ) && (c_pig == 2)
2	IDTransform	( level_check == 71 ) &&( IDTransform_F_Reward != 1 ) &&( IDTransform_D_Reward != 1 ) &&( IDTransform_C_Reward != 1 ) &&( IDTransform_B_Reward != 1 ) &&( IDTransform_A_Reward != 1 ) &&( IDTransform_S_Reward != 1 ) && (c_pig == 3)
2	IDTransform	( level_check == 71 ) &&( IDTransform_F_Reward != 1 ) &&( IDTransform_D_Reward != 1 ) &&( IDTransform_C_Reward != 1 ) &&( IDTransform_B_Reward != 1 ) &&( IDTransform_A_Reward != 1 ) &&( IDTransform_S_Reward != 1 ) && (c_pig == 4)
2	IDTransform	( level_check == 72 ) &&( IDTransform_F_Reward != 1 ) &&( IDTransform_D_Reward != 1 ) &&( IDTransform_C_Reward != 1 ) &&( IDTransform_B_Reward != 1 ) &&( IDTransform_A_Reward != 1 ) &&( IDTransform_S_Reward != 1 ) && (a_pig == 1)
2	IDTransform	( level_check == 72 ) &&( IDTransform_F_Reward != 1 ) &&( IDTransform_D_Reward != 1 ) &&( IDTransform_C_Reward != 1 ) &&( IDTransform_B_Reward != 1 ) &&( IDTransform_A_Reward != 1 ) &&( IDTransform_S_Reward != 1 ) && (a_pig == 2)
2	IDTransform	( level_check == 72 ) &&( IDTransform_F_Reward != 1 ) &&( IDTransform_D_Reward != 1 ) &&( IDTransform_C_Reward != 1 ) &&( IDTransform_B_Reward != 1 ) &&( IDTransform_A_Reward != 1 ) &&( IDTransform_S_Reward != 1 ) && (a_pig == 3)
2	IDTransform	( level_check == 72 ) &&( IDTransform_F_Reward != 1 ) &&( IDTransform_D_Reward != 1 ) &&( IDTransform_C_Reward != 1 ) &&( IDTransform_B_Reward != 1 ) &&( IDTransform_A_Reward != 1 ) &&( IDTransform_S_Reward != 1 ) && (a_pig == 4)
2	IDTransform	( level_check == 72 ) &&( IDTransform_F_Reward != 1 ) &&( IDTransform_D_Reward != 1 ) &&( IDTransform_C_Reward != 1 ) &&( IDTransform_B_Reward != 1 ) &&( IDTransform_A_Reward != 1 ) &&( IDTransform_S_Reward != 1 ) && (b_pig == 1)
2	IDTransform	( level_check == 72 ) &&( IDTransform_F_Reward != 1 ) &&( IDTransform_D_Reward != 1 ) &&( IDTransform_C_Reward != 1 ) &&( IDTransform_B_Reward != 1 ) &&( IDTransform_A_Reward != 1 ) &&( IDTransform_S_Reward != 1 ) && (b_pig == 2)
2	IDTransform	( level_check == 72 ) &&( IDTransform_F_Reward != 1 ) &&( IDTransform_D_Reward != 1 ) &&( IDTransform_C_Reward != 1 ) &&( IDTransform_B_Reward != 1 ) &&( IDTransform_A_Reward != 1 ) &&( IDTransform_S_Reward != 1 ) && (b_pig == 3)
2	IDTransform	( level_check == 72 ) &&( IDTransform_F_Reward != 1 ) &&( IDTransform_D_Reward != 1 ) &&( IDTransform_C_Reward != 1 ) &&( IDTransform_B_Reward != 1 ) &&( IDTransform_A_Reward != 1 ) &&( IDTransform_S_Reward != 1 ) && (b_pig == 4)
2	IDTransform	( level_check == 72 ) &&( IDTransform_F_Reward != 1 ) &&( IDTransform_D_Reward != 1 ) &&( IDTransform_C_Reward != 1 ) &&( IDTransform_B_Reward != 1 ) &&( IDTransform_A_Reward != 1 ) &&( IDTransform_S_Reward != 1 ) && (c_pig == 1)
2	IDTransform	( level_check == 72 ) &&( IDTransform_F_Reward != 1 ) &&( IDTransform_D_Reward != 1 ) &&( IDTransform_C_Reward != 1 ) &&( IDTransform_B_Reward != 1 ) &&( IDTransform_A_Reward != 1 ) &&( IDTransform_S_Reward != 1 ) && (c_pig == 2)
2	IDTransform	( level_check == 72 ) &&( IDTransform_F_Reward != 1 ) &&( IDTransform_D_Reward != 1 ) &&( IDTransform_C_Reward != 1 ) &&( IDTransform_B_Reward != 1 ) &&( IDTransform_A_Reward != 1 ) &&( IDTransform_S_Reward != 1 ) && (c_pig == 3)
2	IDTransform	( level_check == 72 ) &&( IDTransform_F_Reward != 1 ) &&( IDTransform_D_Reward != 1 ) &&( IDTransform_C_Reward != 1 ) &&( IDTransform_B_Reward != 1 ) &&( IDTransform_A_Reward != 1 ) &&( IDTransform_S_Reward != 1 ) && (c_pig == 4)
2	IDTransform	( level_check == 73 ) &&( IDTransform_F_Reward != 1 ) &&( IDTransform_D_Reward != 1 ) &&( IDTransform_C_Reward != 1 ) &&( IDTransform_B_Reward != 1 ) &&( IDTransform_A_Reward != 1 ) &&( IDTransform_S_Reward != 1 ) && (a_pig == 1)
2	IDTransform	( level_check == 73 ) &&( IDTransform_F_Reward != 1 ) &&( IDTransform_D_Reward != 1 ) &&( IDTransform_C_Reward != 1 ) &&( IDTransform_B_Reward != 1 ) &&( IDTransform_A_Reward != 1 ) &&( IDTransform_S_Reward != 1 ) && (a_pig == 2)
2	IDTransform	( level_check == 73 ) &&( IDTransform_F_Reward != 1 ) &&( IDTransform_D_Reward != 1 ) &&( IDTransform_C_Reward != 1 ) &&( IDTransform_B_Reward != 1 ) &&( IDTransform_A_Reward != 1 ) &&( IDTransform_S_Reward != 1 ) && (a_pig == 3)
2	IDTransform	( level_check == 73 ) &&( IDTransform_F_Reward != 1 ) &&( IDTransform_D_Reward != 1 ) &&( IDTransform_C_Reward != 1 ) &&( IDTransform_B_Reward != 1 ) &&( IDTransform_A_Reward != 1 ) &&( IDTransform_S_Reward != 1 ) && (a_pig == 4)
2	IDTransform	( level_check == 73 ) &&( IDTransform_F_Reward != 1 ) &&( IDTransform_D_Reward != 1 ) &&( IDTransform_C_Reward != 1 ) &&( IDTransform_B_Reward != 1 ) &&( IDTransform_A_Reward != 1 ) &&( IDTransform_S_Reward != 1 ) && (b_pig == 1)
2	IDTransform	( level_check == 73 ) &&( IDTransform_F_Reward != 1 ) &&( IDTransform_D_Reward != 1 ) &&( IDTransform_C_Reward != 1 ) &&( IDTransform_B_Reward != 1 ) &&( IDTransform_A_Reward != 1 ) &&( IDTransform_S_Reward != 1 ) && (b_pig == 2)
2	IDTransform	( level_check == 73 ) &&( IDTransform_F_Reward != 1 ) &&( IDTransform_D_Reward != 1 ) &&( IDTransform_C_Reward != 1 ) &&( IDTransform_B_Reward != 1 ) &&( IDTransform_A_Reward != 1 ) &&( IDTransform_S_Reward != 1 ) && (b_pig == 3)
2	IDTransform	( level_check == 73 ) &&( IDTransform_F_Reward != 1 ) &&( IDTransform_D_Reward != 1 ) &&( IDTransform_C_Reward != 1 ) &&( IDTransform_B_Reward != 1 ) &&( IDTransform_A_Reward != 1 ) &&( IDTransform_S_Reward != 1 ) && (b_pig == 4)
2	IDTransform	( level_check == 73 ) &&( IDTransform_F_Reward != 1 ) &&( IDTransform_D_Reward != 1 ) &&( IDTransform_C_Reward != 1 ) &&( IDTransform_B_Reward != 1 ) &&( IDTransform_A_Reward != 1 ) &&( IDTransform_S_Reward != 1 ) && (c_pig == 1)
2	IDTransform	( level_check == 73 ) &&( IDTransform_F_Reward != 1 ) &&( IDTransform_D_Reward != 1 ) &&( IDTransform_C_Reward != 1 ) &&( IDTransform_B_Reward != 1 ) &&( IDTransform_A_Reward != 1 ) &&( IDTransform_S_Reward != 1 ) && (c_pig == 2)
2	IDTransform	( level_check == 73 ) &&( IDTransform_F_Reward != 1 ) &&( IDTransform_D_Reward != 1 ) &&( IDTransform_C_Reward != 1 ) &&( IDTransform_B_Reward != 1 ) &&( IDTransform_A_Reward != 1 ) &&( IDTransform_S_Reward != 1 ) && (c_pig == 3)
2	IDTransform	( level_check == 73 ) &&( IDTransform_F_Reward != 1 ) &&( IDTransform_D_Reward != 1 ) &&( IDTransform_C_Reward != 1 ) &&( IDTransform_B_Reward != 1 ) &&( IDTransform_A_Reward != 1 ) &&( IDTransform_S_Reward != 1 ) && (c_pig == 4)
2	IDTransform	( level_check == 74 ) &&( IDTransform_F_Reward != 1 ) &&( IDTransform_D_Reward != 1 ) &&( IDTransform_C_Reward != 1 ) &&( IDTransform_B_Reward != 1 ) &&( IDTransform_A_Reward != 1 ) &&( IDTransform_S_Reward != 1 ) && (a_pig == 1)
2	IDTransform	( level_check == 74 ) &&( IDTransform_F_Reward != 1 ) &&( IDTransform_D_Reward != 1 ) &&( IDTransform_C_Reward != 1 ) &&( IDTransform_B_Reward != 1 ) &&( IDTransform_A_Reward != 1 ) &&( IDTransform_S_Reward != 1 ) && (a_pig == 2)
2	IDTransform	( level_check == 74 ) &&( IDTransform_F_Reward != 1 ) &&( IDTransform_D_Reward != 1 ) &&( IDTransform_C_Reward != 1 ) &&( IDTransform_B_Reward != 1 ) &&( IDTransform_A_Reward != 1 ) &&( IDTransform_S_Reward != 1 ) && (a_pig == 3)
2	IDTransform	( level_check == 74 ) &&( IDTransform_F_Reward != 1 ) &&( IDTransform_D_Reward != 1 ) &&( IDTransform_C_Reward != 1 ) &&( IDTransform_B_Reward != 1 ) &&( IDTransform_A_Reward != 1 ) &&( IDTransform_S_Reward != 1 ) && (a_pig == 4)
2	IDTransform	( level_check == 74 ) &&( IDTransform_F_Reward != 1 ) &&( IDTransform_D_Reward != 1 ) &&( IDTransform_C_Reward != 1 ) &&( IDTransform_B_Reward != 1 ) &&( IDTransform_A_Reward != 1 ) &&( IDTransform_S_Reward != 1 ) && (b_pig == 1)
2	IDTransform	( level_check == 74 ) &&( IDTransform_F_Reward != 1 ) &&( IDTransform_D_Reward != 1 ) &&( IDTransform_C_Reward != 1 ) &&( IDTransform_B_Reward != 1 ) &&( IDTransform_A_Reward != 1 ) &&( IDTransform_S_Reward != 1 ) && (b_pig == 2)
2	IDTransform	( level_check == 74 ) &&( IDTransform_F_Reward != 1 ) &&( IDTransform_D_Reward != 1 ) &&( IDTransform_C_Reward != 1 ) &&( IDTransform_B_Reward != 1 ) &&( IDTransform_A_Reward != 1 ) &&( IDTransform_S_Reward != 1 ) && (b_pig == 3)
2	IDTransform	( level_check == 74 ) &&( IDTransform_F_Reward != 1 ) &&( IDTransform_D_Reward != 1 ) &&( IDTransform_C_Reward != 1 ) &&( IDTransform_B_Reward != 1 ) &&( IDTransform_A_Reward != 1 ) &&( IDTransform_S_Reward != 1 ) && (b_pig == 4)
2	IDTransform	( level_check == 74 ) &&( IDTransform_F_Reward != 1 ) &&( IDTransform_D_Reward != 1 ) &&( IDTransform_C_Reward != 1 ) &&( IDTransform_B_Reward != 1 ) &&( IDTransform_A_Reward != 1 ) &&( IDTransform_S_Reward != 1 ) && (c_pig == 1)
2	IDTransform	( level_check == 74 ) &&( IDTransform_F_Reward != 1 ) &&( IDTransform_D_Reward != 1 ) &&( IDTransform_C_Reward != 1 ) &&( IDTransform_B_Reward != 1 ) &&( IDTransform_A_Reward != 1 ) &&( IDTransform_S_Reward != 1 ) && (c_pig == 2)
2	IDTransform	( level_check == 74 ) &&( IDTransform_F_Reward != 1 ) &&( IDTransform_D_Reward != 1 ) &&( IDTransform_C_Reward != 1 ) &&( IDTransform_B_Reward != 1 ) &&( IDTransform_A_Reward != 1 ) &&( IDTransform_S_Reward != 1 ) && (c_pig == 3)
2	IDTransform	( level_check == 74 ) &&( IDTransform_F_Reward != 1 ) &&( IDTransform_D_Reward != 1 ) &&( IDTransform_C_Reward != 1 ) &&( IDTransform_B_Reward != 1 ) &&( IDTransform_A_Reward != 1 ) &&( IDTransform_S_Reward != 1 ) && (c_pig == 4)
2	IDTransform	( level_check == 75 ) &&( IDTransform_F_Reward != 1 ) &&( IDTransform_D_Reward != 1 ) &&( IDTransform_C_Reward != 1 ) &&( IDTransform_B_Reward != 1 ) &&( IDTransform_A_Reward != 1 ) &&( IDTransform_S_Reward != 1 ) && (a_pig == 1)
2	IDTransform	( level_check == 75 ) &&( IDTransform_F_Reward != 1 ) &&( IDTransform_D_Reward != 1 ) &&( IDTransform_C_Reward != 1 ) &&( IDTransform_B_Reward != 1 ) &&( IDTransform_A_Reward != 1 ) &&( IDTransform_S_Reward != 1 ) && (a_pig == 2)
2	IDTransform	( level_check == 75 ) &&( IDTransform_F_Reward != 1 ) &&( IDTransform_D_Reward != 1 ) &&( IDTransform_C_Reward != 1 ) &&( IDTransform_B_Reward != 1 ) &&( IDTransform_A_Reward != 1 ) &&( IDTransform_S_Reward != 1 ) && (a_pig == 3)
2	IDTransform	( level_check == 75 ) &&( IDTransform_F_Reward != 1 ) &&( IDTransform_D_Reward != 1 ) &&( IDTransform_C_Reward != 1 ) &&( IDTransform_B_Reward != 1 ) &&( IDTransform_A_Reward != 1 ) &&( IDTransform_S_Reward != 1 ) && (a_pig == 4)
2	IDTransform	( level_check == 75 ) &&( IDTransform_F_Reward != 1 ) &&( IDTransform_D_Reward != 1 ) &&( IDTransform_C_Reward != 1 ) &&( IDTransform_B_Reward != 1 ) &&( IDTransform_A_Reward != 1 ) &&( IDTransform_S_Reward != 1 ) && (b_pig == 1)
2	IDTransform	( level_check == 75 ) &&( IDTransform_F_Reward != 1 ) &&( IDTransform_D_Reward != 1 ) &&( IDTransform_C_Reward != 1 ) &&( IDTransform_B_Reward != 1 ) &&( IDTransform_A_Reward != 1 ) &&( IDTransform_S_Reward != 1 ) && (b_pig == 2)
2	IDTransform	( level_check == 75 ) &&( IDTransform_F_Reward != 1 ) &&( IDTransform_D_Reward != 1 ) &&( IDTransform_C_Reward != 1 ) &&( IDTransform_B_Reward != 1 ) &&( IDTransform_A_Reward != 1 ) &&( IDTransform_S_Reward != 1 ) && (b_pig == 3)
2	IDTransform	( level_check == 75 ) &&( IDTransform_F_Reward != 1 ) &&( IDTransform_D_Reward != 1 ) &&( IDTransform_C_Reward != 1 ) &&( IDTransform_B_Reward != 1 ) &&( IDTransform_A_Reward != 1 ) &&( IDTransform_S_Reward != 1 ) && (b_pig == 4)
2	IDTransform	( level_check == 75 ) &&( IDTransform_F_Reward != 1 ) &&( IDTransform_D_Reward != 1 ) &&( IDTransform_C_Reward != 1 ) &&( IDTransform_B_Reward != 1 ) &&( IDTransform_A_Reward != 1 ) &&( IDTransform_S_Reward != 1 ) && (c_pig == 1)
2	IDTransform	( level_check == 75 ) &&( IDTransform_F_Reward != 1 ) &&( IDTransform_D_Reward != 1 ) &&( IDTransform_C_Reward != 1 ) &&( IDTransform_B_Reward != 1 ) &&( IDTransform_A_Reward != 1 ) &&( IDTransform_S_Reward != 1 ) && (c_pig == 2)
2	IDTransform	( level_check == 75 ) &&( IDTransform_F_Reward != 1 ) &&( IDTransform_D_Reward != 1 ) &&( IDTransform_C_Reward != 1 ) &&( IDTransform_B_Reward != 1 ) &&( IDTransform_A_Reward != 1 ) &&( IDTransform_S_Reward != 1 ) && (c_pig == 3)
2	IDTransform	( level_check == 75 ) &&( IDTransform_F_Reward != 1 ) &&( IDTransform_D_Reward != 1 ) &&( IDTransform_C_Reward != 1 ) &&( IDTransform_B_Reward != 1 ) &&( IDTransform_A_Reward != 1 ) &&( IDTransform_S_Reward != 1 ) && (c_pig == 4)
2	ab1	((1011_on == 1 )&&([SAVE]link_weapon_da == 2))
2	ab1	((1011_on == 1 )&&([SAVE]link_weapon_li == 2))
2	idstation	((IDStation_Score <= 15) && (IDStation_Score >= 11) && (SpecialServer_Cond == 0))
2	idstation	((IDStation_Score <= 15) && (IDStation_Score >= 11) && (SpecialServer_Cond == 1))
2	IDEternity_01	((Road_Set == 1) || (Road_Set == 2) || (Road_Set == 3) || (Road_Set == 4) || (Road_Set == 5)) && (3rd_Boss_Room == 1)
2	IDEternity_01	((Road_Set == 7) || (Road_Set == 8) || (Road_Set == 9) || (Road_Set == 10) || (Road_Set == 11) || (Road_Set == 12)) && (1st_Boss_Room == 1)
2	IDEternity_03	((event == 1) && (race ==1))
2	IDEternity_03	((event == 1) && (race ==2))
2	IDEternity_03	((event == 2) && (race ==1))
2	IDEternity_03	((event == 2) && (race ==2))
2	IDEternity_03	((event >= 3) && (race ==1))
2	IDEternity_03	((event >= 3) && (race ==2))
2	IDEternity_02	((ideternity_02_da_03 > 14) && (ideternity_02_da_03 < 20)) && (ideternity_02_da == 1)
2	IDEternity_02	((ideternity_02_li_03 > 14) && (ideternity_02_li_03 < 20)) && (ideternity_02_li == 1)
2	IDEternity_03	((race == 1) && (boss_02 == 1))
2	IDEternity_03	((race == 2) && (boss_02 == 1))
2	idyun	(Ariana4 == 1)&&(named == 2)
2	IDDF2_Dflame_Event	(BOSSROOM_N3 == 1) && (BOSSROOM_WAVE >= 110)
2	IDDF2_Dflame_Event	(BOSSROOM_N4 == 1) && (BOSSROOM_WAVE >= 180)
2	IDLDF5_Under_01_War	(BaseDark == 2) && (BaseLight == 2) && (Battle_2 >= 1)
2	IDLDF5_Under_01_War	(BaseDark == 2) && (BaseLight == 2) && (Battle_3 >= 1)
2	IDLDF5_Under_01_War	(BaseDark == 3) && (BaseLight == 1) && (Battle_3 >= 1)
2	IDLDF5_Under_01_War	(BaseLight == 3) && (BaseDark == 1) && (Battle_2 >= 1)
2	IDLDF5_Under_01_War	(BaseLight == 3) && (BaseDark == 1) && (Battle_3 >= 1)
2	idabre_up_asteria	(DARKIN == 1) && (SpecialServer_Cond == 0)
2	idabre_up_asteria	(DARKIN == 1) && (SpecialServer_Cond == 1)
2	IDLDF5_Fortress_War	(Da_Open == 3) && (Light_A_On == 1)
2	IDLDF5_Fortress_War	(Da_Open == 3) && (Light_B_On == 1)
2	GAb1_Sub	(DirectPortalDest_69 == 1) || ((DirectPortalDest_70 == 1) || (DirectPortalDest_71 == 1) || (DirectPortalDest_72 == 1)
2	ab1	(FieldNamed_Ab1_Tue_23 == 1) || (FieldNamed_Ab1_Sat_23 == 1)
2	idstation	(IDStation_Score >= 1)
2	idstation	(IDStation_Score >= 1) && (IDStation_Score < 1)
2	idstation	(IDStation_Score >= 1) && (IDStation_Score < 50)
2	idstation	(IDStation_Score >= 10)
2	idstation	(IDStation_Score >= 4)
2	idstation	(IDStation_Score >= 50)
2	idstation	(IDStation_Score >= 6)
2	ab1	(InterServer_Cond == 0) && (SpecialServer_Cond == 0) && (D_BuildupLevel >= 1)
2	ab1	(InterServer_Cond == 0) && (SpecialServer_Cond == 0) && (L_BuildupLevel >= 1)
2	idabre_up_asteria	(LIGHTIN == 1) && (SpecialServer_Cond == 0)
2	idabre_up_asteria	(LIGHTIN == 1) && (SpecialServer_Cond == 1)
2	IDLDF5_Fortress_War	(Li_Open == 3) && (Dark_A_On == 1)
2	IDLDF5_Fortress_War	(Li_Open == 3) && (Dark_B_On == 1)
2	IDLDF5_Fortress_War	(Li_Open == 5) && (Da_Open == 5)
2	IDLDF4Re_01	(PC_Checkda == 1) && (Boss_Die == 1)
2	IDLDF4Re_01	(PC_Checkli == 1) && (Boss_Die == 1)
2	IDSeal	(PLAY_LEVEL == 2) && (DEFENCE_WAVE == 1) && (RACE == 1)
2	IDSeal	(PLAY_LEVEL == 2) && (DEFENCE_WAVE == 1) && (RACE == 2)
2	IDSeal	(PLAY_LEVEL == 2) && (DEFENCE_WAVE == 4)
2	IDSeal	(PLAY_LEVEL == 2) && (DEFENCE_WAVE == 5)
2	IDSeal	(PLAY_LEVEL == 2) && (DEFENCE_WAVE == 6)
2	IDSeal	(PLAY_LEVEL == 2) && (SUB_WAVE == 1)
2	IDSeal	(PLAY_LEVEL == 2) && (SUB_WAVE == 2)
2	IDSeal	(PLAY_LEVEL == 2) && (SUB_WAVE == 3)
2	IDSeal	(PLAY_LEVEL == 2) && (SUB_WAVE == 4)
2	IDSeal	(PLAY_LEVEL == 3) && (DEFENCE_WAVE == 1) && (RACE == 1)
2	IDSeal	(PLAY_LEVEL == 3) && (DEFENCE_WAVE == 1) && (RACE == 2)
2	IDSeal	(PLAY_LEVEL == 3) && (DEFENCE_WAVE == 4)
2	IDSeal	(PLAY_LEVEL == 3) && (DEFENCE_WAVE == 5)
2	IDSeal	(PLAY_LEVEL == 3) && (DEFENCE_WAVE == 6)
2	IDSeal	(PLAY_LEVEL == 3) && (DEFENCE_WAVE == 7)
2	IDSeal	(PLAY_LEVEL == 3) && (SUB_WAVE == 1)
2	IDSeal	(PLAY_LEVEL == 3) && (SUB_WAVE == 2)
2	IDSeal	(PLAY_LEVEL == 3) && (SUB_WAVE == 3)
2	IDSeal	(PLAY_LEVEL == 3) && (SUB_WAVE == 4)
2	IDSeal	(PLAY_LEVEL ==2) && (SCENE == 8) && (RACE ==1)
2	IDSeal	(PLAY_LEVEL ==2) && (SCENE == 8) && (RACE ==2)
2	IDSeal	(PLAY_LEVEL ==3) && (SCENE == 8) && (RACE ==1)
2	IDSeal	(PLAY_LEVEL ==3) && (SCENE == 8) && (RACE ==2)
2	IDSeal_Q	(RACE == 1) && (SCENE == 13)
2	IDSeal_Q	(RACE == 2) && (SCENE == 13)
2	IDSeal	(SCENE == 29) && (RACE ==1)
2	IDSeal	(SCENE == 29) && (RACE ==2)
2	IDSeal	(SCENE == 6) && (RACE ==1)
2	IDSeal	(SCENE == 6) && (RACE ==2)
2	IDSeal	(SCENE == 7) && (RACE ==1)
2	IDSeal	(SCENE == 7) && (RACE ==2)
2	df3	(SpecialServer_Cond == 1) && (DF3_RVR_Control == 3) && (DefBossAStatus == 3)
2	df3	(SpecialServer_Cond == 1) && (DF3_RVR_Control == 3) && (DefBossBStatus == 3)
2	df3	(SpecialServer_Cond == 1) && (DF3_RVR_Control == 3) && (DefBossCStatus == 3)
2	df3	(SpecialServer_Cond == 1) && (DefBossAStatus == 2)
2	idcatacombs	(SpecialServer_Cond == 1) && (con_rebirth_check == 1)
2	IDEvent_def	(Wave_1_Start == 2) && (SpecialServer_Cond == 0)
2	IDEvent_def	(Wave_1_Start == 2) && (SpecialServer_Cond == 1)
2	IDEvent_def	(Wave_2 >= 25) && (SpecialServer_Cond == 0)
2	IDEvent_def	(Wave_2 >= 25) && (SpecialServer_Cond == 1)
2	IDTransform	(a_room > 4) && ( a_room < 10 ) && (shadow_kill < 3)
2	IDTransform	(a_room > 4) && (shadow_kill == 3)
2	IDEternity_01	(artifact_a == 1) && (artifact_b == 1) && (artifact_c == 1) && (artifact_d == 1)
2	IDTransform	(b_room > 4) && ( b_room < 10 ) && (shadow_kill < 4)
2	IDTransform	(b_room > 4) && (shadow_kill == 4)
2	IDTransform	(c_room > 4) && ( c_room < 10 ) && (shadow_kill < 5)
2	IDTransform	(c_room > 4) && (shadow_kill == 5)
2	IDAb1_Ere	(da_play == 1) && (4f_hole_find == 1)
2	IDAb1_Ere	(da_play == 1) && (4f_hole_find == 2)
2	IDAb1_Ere	(da_play == 1) && (4f_hole_find == 3)
2	IDAb1_Ere	(da_play == 1) && (4f_hole_find == 4)
2	IDAb1_Ere	(da_play == 1) && (4f_hole_find == 5)
2	IDAb1_Ere	(da_play == 1) && (boss_e_kill == 1)
2	IDAb1_Ere	(da_play == 1) && (boss_h_kill == 1)
2	IDAb1_Ere	(da_play == 1) && (boss_n_kill == 1)
2	IDAb1_Ere	(da_play == 1) && (sos == 1)
2	IDAb1_Ere	(da_play == 1) && (statdown == 5)
2	idcatacombs	(debufflich >= 1) && (SpecialServer_Cond == 0)
2	idcatacombs	(debufflich >= 1) && (SpecialServer_Cond == 1)
2	idcatacombs	(debufflich >= 12) && (SpecialServer_Cond == 0)
2	idcatacombs	(debufflich >= 12) && (SpecialServer_Cond == 1)
2	idcatacombs	(debufflich >= 24) && (SpecialServer_Cond == 0)
2	idcatacombs	(debufflich >= 24) && (SpecialServer_Cond == 1)
2	idcatacombs	(debufflich >= 36) && (SpecialServer_Cond == 0)
2	idcatacombs	(debufflich >= 36) && (SpecialServer_Cond == 1)
2	IDEternity_02	(ideternity_02_da == 1) && (named_die_03 == 2)
2	IDEternity_02	(ideternity_02_da_03 == 11) && (ideternity_02_da == 1)
2	IDEternity_02	(ideternity_02_da_03 == 20) && (ideternity_02_da == 1)
2	IDEternity_02	(ideternity_02_da_03 == 8) && (ideternity_02_da == 1)
2	IDEternity_02	(ideternity_02_li == 1) && (named_die_03 == 2)
2	IDEternity_02	(ideternity_02_li_03 == 11) && (ideternity_02_li == 1)
2	IDEternity_02	(ideternity_02_li_03 == 20) && (ideternity_02_li == 1)
2	IDEternity_02	(ideternity_02_li_03 == 8) && (ideternity_02_li == 1)
2	ab1	(ksg == 1) && (SpecialServer_Cond == 1)
2	ab1	(ksg == 2) && (SpecialServer_Cond == 1)
2	IDTransform	(level_check == 66) && (a_path_02 == 1)
2	IDTransform	(level_check == 66) && (b_path_01 == 1)
2	IDTransform	(level_check == 66) && (b_path_01 == 3)
2	IDTransform	(level_check == 66) && (b_path_02 == 1)
2	IDTransform	(level_check == 66) && (b_path_02 == 3)
2	IDTransform	(level_check == 66) && (boss == 2)
2	IDTransform	(level_check == 66) && (c_riseup == 1)
2	IDTransform	(level_check == 67) && (a_path_02 == 1)
2	IDTransform	(level_check == 67) && (b_path_01 == 1)
2	IDTransform	(level_check == 67) && (b_path_01 == 3)
2	IDTransform	(level_check == 67) && (b_path_02 == 1)
2	IDTransform	(level_check == 67) && (b_path_02 == 3)
2	IDTransform	(level_check == 67) && (boss == 2)
2	IDTransform	(level_check == 67) && (c_riseup == 1)
2	IDTransform	(level_check == 68) && (a_path_02 == 1)
2	IDTransform	(level_check == 68) && (b_path_01 == 1)
2	IDTransform	(level_check == 68) && (b_path_01 == 3)
2	IDTransform	(level_check == 68) && (b_path_02 == 1)
2	IDTransform	(level_check == 68) && (b_path_02 == 3)
2	IDTransform	(level_check == 68) && (boss == 2)
2	IDTransform	(level_check == 68) && (c_riseup == 1)
2	IDTransform	(level_check == 69) && (a_path_02 == 1)
2	IDTransform	(level_check == 69) && (b_path_01 == 1)
2	IDTransform	(level_check == 69) && (b_path_01 == 3)
2	IDTransform	(level_check == 69) && (b_path_02 == 1)
2	IDTransform	(level_check == 69) && (b_path_02 == 3)
2	IDTransform	(level_check == 69) && (boss == 2)
2	IDTransform	(level_check == 69) && (c_riseup == 1)
2	IDTransform	(level_check == 70) && (a_path_02 == 1)
2	IDTransform	(level_check == 70) && (b_path_01 == 1)
2	IDTransform	(level_check == 70) && (b_path_01 == 3)
2	IDTransform	(level_check == 70) && (b_path_02 == 1)
2	IDTransform	(level_check == 70) && (b_path_02 == 3)
2	IDTransform	(level_check == 70) && (boss == 2)
2	IDTransform	(level_check == 70) && (c_riseup == 1)
2	IDTransform	(level_check == 71) && (a_path_02 == 1)
2	IDTransform	(level_check == 71) && (b_path_01 == 1)
2	IDTransform	(level_check == 71) && (b_path_01 == 3)
2	IDTransform	(level_check == 71) && (b_path_02 == 1)
2	IDTransform	(level_check == 71) && (b_path_02 == 3)
2	IDTransform	(level_check == 71) && (boss == 2)
2	IDTransform	(level_check == 71) && (c_riseup == 1)
2	IDTransform	(level_check == 72) && (a_path_02 == 1)
2	IDTransform	(level_check == 72) && (b_path_01 == 1)
2	IDTransform	(level_check == 72) && (b_path_01 == 3)
2	IDTransform	(level_check == 72) && (b_path_02 == 1)
2	IDTransform	(level_check == 72) && (b_path_02 == 3)
2	IDTransform	(level_check == 72) && (boss == 2)
2	IDTransform	(level_check == 72) && (c_riseup == 1)
2	IDTransform	(level_check == 73) && (a_path_02 == 1)
2	IDTransform	(level_check == 73) && (b_path_01 == 1)
2	IDTransform	(level_check == 73) && (b_path_01 == 3)
2	IDTransform	(level_check == 73) && (b_path_02 == 1)
2	IDTransform	(level_check == 73) && (b_path_02 == 3)
2	IDTransform	(level_check == 73) && (boss == 2)
2	IDTransform	(level_check == 73) && (c_riseup == 1)
2	IDTransform	(level_check == 74) && (a_path_02 == 1)
2	IDTransform	(level_check == 74) && (b_path_01 == 1)
2	IDTransform	(level_check == 74) && (b_path_01 == 3)
2	IDTransform	(level_check == 74) && (b_path_02 == 1)
2	IDTransform	(level_check == 74) && (b_path_02 == 3)
2	IDTransform	(level_check == 74) && (boss == 2)
2	IDTransform	(level_check == 74) && (c_riseup == 1)
2	IDTransform	(level_check == 75) && (a_path_02 == 1)
2	IDTransform	(level_check == 75) && (b_path_01 == 1)
2	IDTransform	(level_check == 75) && (b_path_01 == 3)
2	IDTransform	(level_check == 75) && (b_path_02 == 1)
2	IDTransform	(level_check == 75) && (b_path_02 == 3)
2	IDTransform	(level_check == 75) && (boss == 2)
2	IDTransform	(level_check == 75) && (c_riseup == 1)
2	IDAb1_Ere	(li_play == 1) && (4f_hole_find == 1)
2	IDAb1_Ere	(li_play == 1) && (4f_hole_find == 2)
2	IDAb1_Ere	(li_play == 1) && (4f_hole_find == 3)
2	IDAb1_Ere	(li_play == 1) && (4f_hole_find == 4)
2	IDAb1_Ere	(li_play == 1) && (4f_hole_find == 5)
2	IDAb1_Ere	(li_play == 1) && (boss_e_kill == 1)
2	IDAb1_Ere	(li_play == 1) && (boss_h_kill == 1)
2	IDAb1_Ere	(li_play == 1) && (boss_n_kill == 1)
2	IDAb1_Ere	(li_play == 1) && (sos == 1)
2	IDAb1_Ere	(li_play == 1) && (statdown == 5)
2	IDEternity_War	(people_expand_con == 0) && (op_set == 1)
2	IDEternity_War	(people_expand_con == 0) && (op_set == 2)
2	idf5_td_war	(v05 == 2) && (START_01 == 1)
2	idf5_td_war	(v05 == 2) && (START_02 == 1)
2	idf5_td_war	(v05 == 3) && (START_01 == 2)
2	idf5_td_war	(v05 == 3) && (START_02 == 2)
2	idf5_td_war	(v08 == 2) && (START_01 == 1)
2	idf5_td_war	(v08 == 2) && (START_02 == 1)
2	idf5_td_war	(v08 == 3) && (START_01 == 2)
2	idf5_td_war	(v08 == 3) && (START_02 == 2)
2	LDF4_Advance	(v13==2) && (li_killer_v13 > 1)
2	LDF4_Advance	(v13==3) && (da_killer_v13 > 1)
2	LDF4_Advance	(va_d > 0) && (da_killer_v02 > 9)
2	LDF4_Advance	(va_d > 0) && (da_killer_v03 > 5)
2	LDF4_Advance	(va_d > 0) && (da_killer_v03 > 9)
2	LDF4_Advance	(va_d > 0) && (da_killer_v04 > 5)
2	LDF4_Advance	(va_d > 0) && (da_killer_v04 > 9)
2	LDF4_Advance	(va_l > 0) && (li_killer_v02 > 9)
2	LDF4_Advance	(va_l > 0) && (li_killer_v03 > 5)
2	LDF4_Advance	(va_l > 0) && (li_killer_v03 > 9)
2	LDF4_Advance	(va_l > 0) && (li_killer_v04 > 5)
2	LDF4_Advance	(va_l > 0) && (li_killer_v04 > 9)
2	LDF4_Advance	(vb_d > 0) && (da_killer_v05 > 5)
2	LDF4_Advance	(vb_d > 0) && (da_killer_v05 > 9)
2	LDF4_Advance	(vb_d > 0) && (da_killer_v06 > 5)
2	LDF4_Advance	(vb_d > 0) && (da_killer_v06 > 9)
2	LDF4_Advance	(vb_d > 0) && (da_killer_v07 > 5)
2	LDF4_Advance	(vb_d > 0) && (da_killer_v07 > 9)
2	LDF4_Advance	(vb_l > 0) && (li_killer_v05 > 5)
2	LDF4_Advance	(vb_l > 0) && (li_killer_v05 > 9)
2	LDF4_Advance	(vb_l > 0) && (li_killer_v06 > 5)
2	LDF4_Advance	(vb_l > 0) && (li_killer_v06 > 9)
2	LDF4_Advance	(vb_l > 0) && (li_killer_v07 > 5)
2	LDF4_Advance	(vb_l > 0) && (li_killer_v07 > 9)
2	LDF4_Advance	(vc_d > 0) && (da_killer_v08 > 5)
2	LDF4_Advance	(vc_d > 0) && (da_killer_v08 > 9)
2	LDF4_Advance	(vc_d > 0) && (da_killer_v09 > 4)
2	LDF4_Advance	(vc_d > 0) && (da_killer_v09 > 5)
2	LDF4_Advance	(vc_l > 0) && (li_killer_v08 > 5)
2	LDF4_Advance	(vc_l > 0) && (li_killer_v08 > 9)
2	LDF4_Advance	(vc_l > 0) && (li_killer_v09 > 4)
2	LDF4_Advance	(vc_l > 0) && (li_killer_v09 > 5)
2	LDF4_Advance	(vd_d > 0) && (da_killer_v01 > 5)
2	LDF4_Advance	(vd_l > 0) && (li_killer_v01 > 5)
2	IDLDF5_Under_02_War	01_Round_On == 1
2	IDSweep	1STAGE_2START>=2
2	IDSweep	1STAGE_END>=1
2	IDAb1_Heroes_D	1st_door == 1
2	IDAb1_Heroes_D	2nd_door == 2
2	IDAb1_Heroes_D	3rd_door == 3
2	IDAb1_Heroes_D	4th_door == 4
2	lf4	A5_WINDBOX_ON == 1
2	IDLuna_siege	ALLSTAGE_END==1
2	idabre_core	ArtifactCore_Die == 3
2	idabre_core	Artifact_Dark_Spawn == 1
2	idabre_core	Artifact_Despawn == 1
2	idabre_core	Artifact_Light_Spawn == 1
2	lf4	B2_WINDBOX_ON == 1
2	lf4	B3_WINDBOX_ON == 1
2	lf4	B8_WINDBOX_ON == 1
2	idarena	BONUS_S6_L >= 1
2	IDSeal_Q	BOSSROOM == 2
2	IDSeal	BOSS_ROOM == 1
2	IDLDF5_Under_01_War	BaseTakeDark_1_1 >= 1
2	IDLDF5_Under_01_War	BaseTakeDark_1_2 >= 1
2	IDLDF5_Under_01_War	BaseTakeDark_1_3 >= 1
2	IDLDF5_Under_01_War	BaseTakeDark_1_4 >= 1
2	IDLDF5_Under_01_War	BaseTakeLight_1_1 >= 1
2	IDLDF5_Under_01_War	BaseTakeLight_1_2 >= 1
2	IDLDF5_Under_01_War	BaseTakeLight_1_3 >= 1
2	IDLDF5_Under_01_War	BaseTakeLight_1_4 >= 1
2	IDLDF5_Under_01_War	Battle_2 == 1
2	IDLDF5_Under_01_War	Battle_3 == 1
2	IDLDF4Re_01	Boss_cond == 0
2	IDLDF4Re_01	Boss_cond == 1
2	IDLDF4Re_01	Boss_cond == 2
2	IDLDF4Re_01	Boss_cond == 3
2	lf4	C5_WINDBOX_ON == 1
2	IDLDF5_Under_03	CANNON_01 == 1
2	IDLDF5_Under_03	CANNON_02 == 1
2	IDLDF5_Under_03	CANNON_03 == 1
2	IDLDF5_Under_03	CANNON_04 == 1
2	housing_lf_personal	CHALLENGE_504
2	housing_lf_personal	CHALLENGE_506
2	housing_lf_personal	CHALLENGE_508
2	housing_lf_personal	CHALLENGE_510
2	housing_lf_personal	CHALLENGE_512
2	housing_lf_personal	CHALLENGE_514
2	housing_lf_personal	CHALLENGE_516
2	housing_lf_personal	CHALLENGE_518
2	housing_lf_personal	CHALLENGE_520
2	housing_lf_personal	CHALLENGE_522
2	housing_lf_personal	CHALLENGE_524
2	housing_lf_personal	CHALLENGE_526
2	housing_lf_personal	CHALLENGE_528
2	housing_lf_personal	CHALLENGE_530
2	housing_lf_personal	CHALLENGE_532
2	housing_lf_personal	CHALLENGE_534
2	housing_lf_personal	CHALLENGE_536
2	housing_lf_personal	CHALLENGE_538
2	housing_lf_personal	CHALLENGE_540
2	housing_lf_personal	CHALLENGE_542
2	housing_lf_personal	CHALLENGE_544
2	housing_lf_personal	CHALLENGE_546
2	housing_lf_personal	CHALLENGE_548
2	housing_lf_personal	CHALLENGE_550
2	housing_lf_personal	CHALLENGE_552
2	housing_df_personal	CHALLENGE_604
2	housing_df_personal	CHALLENGE_606
2	housing_df_personal	CHALLENGE_608
2	housing_df_personal	CHALLENGE_610
2	housing_df_personal	CHALLENGE_612
2	housing_df_personal	CHALLENGE_614
2	housing_df_personal	CHALLENGE_616
2	housing_df_personal	CHALLENGE_618
2	housing_df_personal	CHALLENGE_620
2	housing_df_personal	CHALLENGE_622
2	housing_df_personal	CHALLENGE_624
2	housing_df_personal	CHALLENGE_626
2	housing_df_personal	CHALLENGE_628
2	housing_df_personal	CHALLENGE_630
2	housing_df_personal	CHALLENGE_632
2	housing_df_personal	CHALLENGE_634
2	housing_df_personal	CHALLENGE_636
2	housing_df_personal	CHALLENGE_638
2	housing_df_personal	CHALLENGE_640
2	housing_df_personal	CHALLENGE_642
2	housing_df_personal	CHALLENGE_644
2	housing_df_personal	CHALLENGE_646
2	housing_df_personal	CHALLENGE_648
2	housing_df_personal	CHALLENGE_650
2	housing_df_personal	CHALLENGE_652
2	idarena	Condition_S10 >= 21
2	idarena	Condition_S10 >= 22
2	idasteria_iu_party	Condition_S1==2
2	idarena	Condition_S1_D >= 3
2	idarena	Condition_S1_D >= 4
2	idarena	Condition_S1_D >= 5
2	idarena	Condition_S1_D >= 6
2	idarena_solo	Condition_S1_D>=3
2	idarena_solo	Condition_S1_D>=6
2	idarena	Condition_S1_L >= 3
2	idarena	Condition_S1_L >= 4
2	idarena	Condition_S1_L >= 5
2	idarena	Condition_S1_L >= 6
2	idarena_solo	Condition_S1_L>=3
2	idarena_solo	Condition_S1_L>=6
2	idarena_solo	Condition_S2A>=4
2	idarena_solo	Condition_S2B>=3
2	idarena	Condition_S2_D >= 14
2	idarena	Condition_S2_D >= 8
2	idarena	Condition_S2_L >= 14
2	idarena	Condition_S2_L >= 8
2	idarena	Condition_S4 >= 17
2	idarena	Condition_S4 >= 30
2	iddf2flying_event01	Condition_S4>=1
2	idarena_solo	Condition_S4A>=5
2	idarena_solo	Condition_S4A>=6
2	idarena_solo	Condition_S4B>=5
2	idarena_solo	Condition_S4B>=6
2	idarena	Condition_S5_D == 7
2	idarena	Condition_S5_D == 9
2	idarena	Condition_S5_D >= 6
2	idarena	Condition_S5_D >= 7
2	idarena	Condition_S5_D >= 8
2	idarena	Condition_S5_D >= 9
2	idarena_solo	Condition_S5_D>=1
2	idarena_solo	Condition_S5_D>=2
2	idarena	Condition_S5_L >= 11
2	idarena	Condition_S5_L >= 17
2	idarena_solo	Condition_S5_L>=1
2	idarena_solo	Condition_S5_L>=2
2	idarena_solo	Condition_S6>=1
2	idarena	Condition_S7_D >= 2
2	idarena	Condition_S7_D >= 3
2	idarena	Condition_S7_D >= 4
2	idarena	Condition_S7_D >= 5
2	idarena	Condition_S7_L >= 2
2	idarena	Condition_S7_L >= 3
2	idarena	Condition_S7_L >= 4
2	idarena	Condition_S7_L >= 5
2	idarena	Condition_S8 >= 2
2	idarena	Condition_S8 >= 3
2	idarena	Condition_S8 >= 4
2	idarena	Condition_S8 >= 5
2	idarena	Condition_S9 >= 1
2	idarena	Condition_S9 >= 2
2	idarena	Condition_S9 >= 5
2	idarena	Condition_S9 >= 6
2	idasteria_iu_party	Condition_TALK==1
2	idasteria_iu_party	Condition_TALK==2
2	IDSeal	DARKSUN == 1
2	IDSeal	DARKSUN == 2
2	df2	DF2_1_Village==2
2	df6	DF6_QuestNPC_Spawn == 1
2	iddreadgion_03	DSWITCH_1_DESTROYED == 1
2	iddreadgion_03	DSWITCH_2_DESTROYED == 1
2	IDLDF5_Fortress_Re	Dark_KillArea_A >=1
2	IDLDF5_Fortress_Re	Dark_KillArea_B >=1
2	df3	DirectPortalDest_20 == 0
2	df3	DirectPortalDest_22 == 0
2	df3	DirectPortalDest_24 == 0
2	lf3	DirectPortalDest_29 == 0
2	lf3	DirectPortalDest_30 == 0
2	IDLDF5_Under_01_War	Drakan == 1
2	IDLDF5_Under_01_War	Drakan == 2
2	idf4re_drana	Drana_3rd_Boss_gate == 1
2	IDLuna_def	EXP_SPAWN_01==1
2	IDLuna_def	EXP_SPAWN_02==1
2	IDLuna_def	EXP_SPAWN_03==1
2	IDLuna_def	EXP_SPAWN_04==1
2	IDLuna_def	EXP_SPAWN_05==1
2	IDLuna_def	EXP_SPAWN_06==1
2	IDLuna_def	EXP_SPAWN_07==1
2	ldf5_fortress	GH_Shield_Off01 == 2
2	idab1_dreadgion	IDAB1_Dreadgion_TELEPORT_17MINUTESLATER == 1
2	iddf3_dragon	IDDF3_Dragon_Fx1 == 1
2	iddf3_dragon	IDDF3_Dragon_Fx2 == 1
2	iddf3_dragon	IDDF3_Dragon_Fx3 == 1
2	iddf3_dragon	IDDF3_dragon_t_boss == 4
2	iddf3_dragon	IDDF3_dragon_t_waveend == 3
2	IDElemental_2_E	IDElemental_2_E_EXIT == 1
2	idelim	IDElim_2F_Rescue == 1
2	idf4re_drana	IDF4Re_Dra_01_On_See == 1
2	idf4re_drana	IDF4Re_Dra_03_Boss_Kill >= 1
2	IDF6_OP	IDF6_RACE_D ==1
2	IDF6_OP	IDF6_RACE_L ==1
2	idtiamat_2	IDTIAMAT_TELEPORT_T2 == 1
2	IDTransform	IDTransform_A_Reward == 1
2	IDTransform	IDTransform_B_Reward == 1
2	IDTransform	IDTransform_C_Reward == 1
2	IDTransform	IDTransform_D_Reward == 1
2	IDTransform	IDTransform_F_Reward == 1
2	IDTransform	IDTransform_S_Reward == 1
2	idyun	InvisibleWall2 == 1
2	idtiamat_2	KAISINEL_AVATAR_SPAWN == 1
2	idtiamat_2	KAISINEL_AVATAR_SPAWN == 2
2	idtiamat_2	KAISINEL_SPAWN == 1
2	idtiamat_2	KALYNDI_SPAWN == 1
2	idyun	Kuhara_Die == 1
2	idabre_core	LightDark_Spawn == 1
2	IDLDF5_Fortress_Re	Light_KillArea_A >=1
2	IDLDF5_Fortress_Re	Light_KillArea_B >=1
2	idtiamat_2	MARCHUTAN_AVATAR_SPAWN == 1
2	idtiamat_2	MARCHUTAN_AVATAR_SPAWN == 2
2	idtiamat_2	MARCHUTAN_SPAWN == 1
2	iddreadgion_03	NAMED_KILLED_D == 1
2	iddreadgion_03	NAMED_KILLED_L == 1
2	iddreadgion_03	Namedkilled >= 8
2	idabre_core	NmdD_Spawn == 1
2	idabre_core	NmdD_Spawn_Hard == 1
2	idabgated2	Q_IdSpawn_On == 2
2	idtiamat_2	RELIC_SPAWN == 1
2	IDLDF5_Under_03_H	RESOURCE == 1
2	idldf5b_td	Race == 2(Race == 2) && (Wave_Z1 <= 4)
2	IDEternity_01	Road_Setting == 1
2	idarena_pvp01	S1_BOX >= 1
2	idarena_pvp01	S1_BOX >= 2
2	idarena_pvp01	S2_BOX >= 1
2	idarena_pvp01	S2_BOX >= 2
2	idarena_pvp01	S3_BOX >= 2
2	IDEternity_Q	SCENE < 7
2	IDEternity_Q	SCENE >= 2
2	IDEternity_Q	SCENE >= 7
2	idldf5b_td	SIGNAL_TOWER == 1
2	idldf5b_td	SIGNAL_TOWER == 2
2	idarena	STAGE3_OVER >= 2
2	idarena_solo	STAGE4_OVER>=1
2	idarena_solo	STAGE4_START>=1
2	IDSeal	SUB_WAVE == 1
2	IDSeal	SUB_WAVE == 5
2	IDSeal	SUB_WAVE == 9
2	idtiamat_2	SURUKANAFALLING == 2
2	idab1_dreadgion	SWITCH_1_DESTROYED == 1
2	idab1_dreadgion	SWITCH_2_DESTROYED == 1
2	idldf5b_td	SpawnPointGrouptest4 == 1
2	idldf5b_td	SpawnPointGrouptest5 == 1
2	idldf5b_td	SpawnPointGrouptest6 == 1
2	idldf5b_td	SpawnPointGrouptest8 == 1
2	idtiamat_2	TELEPORT_FUTUREIN1 == 1
2	idtiamat_2	TELEPORT_FUTUREIN2 == 1
2	idtiamat_2	TELEPORT_FUTUREIN3 == 1
2	idtiamat_2	TELEPORT_FUTUREIN4 == 1
2	idtiamat_2	TIAMATSHEILD_SPAWN == 1
2	idtiamat_2	TIAMAT_GROUND_SPAWN == 1
2	idtiamat_2	TIAMAT_SPAWN == 1
2	idtiamat_2	TIAMAT_SPAWN == 2
2	idtiamat_2	TIAMAT_SPAWN == 3
2	idtiamat_2	TIAMAT_TREASUREBOX == 1
2	Test_TagMatch	TIMEATTACK == 1
2	IDLuna_def	TIMEATTACK_PLAY_START>=1
2	iddreadgion_03	TSWITCH_1_DESTROYED == 1
2	iddreadgion_03	TSWITCH_2_DESTROYED == 1
2	dc1	TestServer_Cond == 1
2	IDSeal	VRITRA_SUM_01 == 2
2	lf4	WORLDRAID_01 == 0
2	ldf5a	WORLDRAID_02 == 0
2	IDEvent_def	Wave_1_Start == 1
2	IDRaksha_solo	Wave_C_Clear >= 28
2	idldf5b_td	Wave_Z2_S2 == 1
2	idldf5b_td	Wave_Z2_S3 == 1
2	LDF4_Advance	WorldRaid_underpass_0032 == 1
2	LDF4_Advance	WorldRaid_underpass_0033 == 1
2	LDF4_Advance	WorldRaid_underpass_0035 == 1
2	LDF4_Advance	WorldRaid_underpass_0036 == 1
2	LDF4_Advance	WorldRaid_underpass_0037 == 1
2	ldf5b	WorldRaid_underpass_100 == 1
2	ldf5b	WorldRaid_underpass_102 == 1
2	ldf5b	WorldRaid_underpass_104 == 1
2	ldf5b	WorldRaid_underpass_105 == 1
2	ldf5b	WorldRaid_underpass_106 == 1
2	ldf5b	WorldRaid_underpass_107 == 1
2	ldf5b	WorldRaid_underpass_108 == 1
2	ldf5b	WorldRaid_underpass_109 == 1
2	ldf5b	WorldRaid_underpass_110 == 1
2	ldf5b	WorldRaid_underpass_111 == 1
2	ldf5b	WorldRaid_underpass_300 == 1
2	ldf5b	WorldRaid_underpass_301 == 1
2	ldf5b	WorldRaid_underpass_302 == 1
2	ldf5b	WorldRaid_underpass_303 == 1
2	ldf5b	WorldRaid_underpass_304 == 1
2	ldf5b	WorldRaid_underpass_305 == 1
2	LDF4_Advance	WorldRaid_underpass_308 == 1
2	LDF4_Advance	WorldRaid_underpass_309 == 1
2	LDF4_Advance	WorldRaid_underpass_310 == 1
2	LDF4_Advance	WorldRaid_underpass_311 == 1
2	LDF4_Advance	WorldRaid_underpass_312 == 1
2	LDF4_Advance	WorldRaid_underpass_313 == 1
2	LDF4_Advance	WorldRaid_underpass_314 == 1
2	LDF4_Advance	WorldRaid_underpass_315 == 1
2	LDF4_Advance	WorldRaid_underpass_316 == 1
2	LDF4_Advance	WorldRaid_underpass_317 == 1
2	IDTransform	a_path_01 > 1
2	iddf2a_adma	adma_t_boss == 1
2	iddf2a_adma	adma_t_boss == 2
2	idlf1	avanq_die == 1
2	IDTransform	boss > 2
2	IDAb1_Ere	boss_e_kill == 1
2	IDAb1_Ere	boss_h_kill == 1
2	IDAb1_Heroes_D	boss_magic == 1
2	IDAb1_Heroes_D	boss_magic == 2
2	IDAb1_Heroes_D	boss_magic == 3
2	IDAb1_Heroes_D	boss_magic == 4
2	IDAb1_Heroes_D	boss_magic == 5
2	IDAb1_Heroes_D	boss_magic == 6
2	IDAb1_Ere	boss_n_kill == 1
2	IDAb1_Heroes_D	boss_piece_on == 5
2	IDAb1_Heroes_D	boss_spawn == 1
2	IDEternity_03	bossend == 1
2	IDEternity_03	bosspotal == 2
2	IDEternity_03	bosspotal == 4
2	IDEternity_03	bosspotal == 6
2	idldf5_under_02	cFireCannonA == 1
2	idldf5_under_02	cSetPortal == 3
2	idruneweapon	cSetVritra10==1
2	idruneweapon	cSetVritra2==1
2	idruneweapon	cSetVritra4==1
2	idruneweapon	cSetVritra6==1
2	idldf5_under_02	cWindBoxP == 1
2	IDTransform	c_path_01 > 1
2	IDEvent_Solo	chase_on == 10
2	IDEvent_Solo	chase_on == 12
2	IDEvent_Solo	chase_on == 6
2	IDEvent_Solo	chase_on == 8
2	idldf5_under_02	chkBOSS == 1
2	idldf5_under_02	chkBOSS == 2
2	idldf5_under_02	chkSN == 2
2	IDF6_LF1	con_C01 == 1
2	IDF6_LF1	con_D01 == 1
2	IDF6_LF1	con_alarm01_80 ==1
2	IDF6_LF1	con_alarm02_50 ==1
2	IDF6_LF1	con_alarm03_80 ==1
2	IDF6_LF1	con_bari01_80 ==1
2	IDF6_LF1	con_bari02_50 ==1
2	IDF6_LF1	con_bari03_80 ==1
2	IDF6_LF1	con_bari04_80 ==1
2	IDF6_LF1	con_barri_wall02 == 1
2	IDF6_LF1	con_barri_wall03 == 1
2	IDF6_LF1	con_barri_wall05 == 1
2	IDF6_LF1	con_barri_wall06 == 1
2	IDF6_LF1	con_barri_wall08 == 1
2	IDF6_LF1	con_barri_wall10 == 1
2	IDF6_LF1	con_start_D_01 == 1
2	IDF6_LF1	con_start_L_01 == 1
2	IDAb1_Heroes_D	defend == 1
2	IDAb1_Heroes_D	defend == 2
2	IDAb1_Heroes_D	defend == 3
2	IDAb1_Heroes_D	defend == 4
2	IDAb1_Heroes_D	defend_wave == 1
2	df6	df6_bonus_3rd_01 == 1
2	df6	df6_bonus_3rd_02 == 1
2	df6	df6_bonus_3rd_03 == 1
2	df6	df6_bonus_3rd_04 == 1
2	df6	df6_event_tel_b == 1
2	df6	df6_event_tel_b2 == 1
2	df6	df6_event_tel_c == 1
2	df6	df6_event_tel_d == 1
2	df6	df6_event_tel_e == 1
2	df6	df6_event_tel_f == 1
2	df6	df6_event_tel_f2 == 1
2	df6	df6_event_tel_g == 1
2	df6	df6_event_tel_h == 1
2	df6	df6_event_tel_i == 1
2	IDAbRe_Core_03	doll_time == 2
2	IDAbRe_Core_03	doll_time == 3
2	idstation	door_01 == 5
2	idstation	door_02 < 7
2	IDTransform	door_open == 1
2	idyun	dooropen == 2
2	IDAb1_Ere	equip == 1
2	IDF6_Q	f6_mission_spawn == 1
2	IDF6_Q	f6_mission_spawn == 2
2	ab1	finalarti == 2
2	ab1	finalarti == 3
2	ab1	finalarti == 5
2	ab1	finalarti == 6
2	ab1	finalarti == 7
2	IDInfinity	floor_02 == 1
2	IDInfinity	floor_04 >= 1
2	IDInfinity	floor_12 >= 1
2	IDInfinity	floor_14 >= 1
2	IDInfinity	floor_17 >= 1
2	IDInfinity	floor_26 >= 1
2	IDInfinity	floor_32 >= 1
2	IDInfinity	floor_34 >= 1
2	IDInfinity	floor_34_explosion >= 5
2	IDInfinity	floor_36 >= 1
2	IDInfinity	floor_40 == 1
2	idldf5re_solo	game==2
2	IDEternity_03	heartdown == 1
2	IDLegion	hidden_on == 1
2	IDLegion	hidden_on == 2
2	IDLegion	hidden_on == 3
2	IDLegion	hidden_on == 4
2	IDEternity_02	ideternity_02_d_button == 2
2	IDEternity_02	ideternity_02_fly == 2
2	IDEternity_02	ideternity_02_fly == 4
2	IDEternity_02	ideternity_02_save_01 == 2
2	IDEternity_02	ideternity_02_save_02 == 2
2	IDEternity_02	ideternity_02_save_03 == 2
2	IDEternity_02	ideternity_02_save_04 == 2
2	IDEternity_02	ideternity_02_teleport_01 == 1
2	IDLuna_def	idluna_def_barricade_01>=1
2	IDLuna_def	idluna_def_barricade_02>=1
2	IDLuna_def	idluna_def_barricade_03>=1
2	IDRaksha_solo	idraksha_clear == 1
2	IDRaksha_solo	idraksha_nmd_despawn == 1
2	DF4_M	ldf4_sp_craid_msg == 1
2	DF4_M	ldf4_sp_craid_msg == 2
2	DF4_M	ldf4_sp_craid_on == 3
2	DF4_M	ldf4_sp_craid_on == 4
2	IDAb1_Ere	main_destroy == 4
2	idldf5_under_01	mboss_die == 3
2	idyun	named == 1
2	idyun	named == 1 && named == 2
2	IDEternity_02	named_03 == 2
2	IDEternity_02	named_die_01 == 1
2	IDEternity_War	people_expand_con >= 2
2	IDEternity_War	people_expand_con >= 3
2	IDEternity_02	polymorph_end == 2
2	test_basic_mj	potal == 1
2	IDAb1_Ere	prison1 == 1
2	IDAb1_Ere	prison4 == 1
2	IDAb1_Ere	prison5 == 1
2	idldf5_under_01	ra_as_run == 1
2	idldf5_under_01	ra_as_run == 2
2	idldf5_under_01	ra_as_run == 3
2	idldf5_under_01	ra_as_run == 4
2	idldf5_under_01	ra_as_run == 5
2	idldf5_under_01	ra_as_spawn == 1
2	idldf5_under_01	ra_as_spawn == 2
2	idldf5_under_01	ra_as_spawn == 3
2	idldf5_under_01	ra_as_spawn == 4
2	idldf5_under_01	ra_pr_run == 1
2	idldf5_under_01	ra_pr_run == 2
2	idldf5_under_01	ra_pr_run == 3
2	idldf5_under_01	ra_pr_run == 4
2	idldf5_under_01	ra_pr_run == 5
2	idldf5_under_01	ra_pr_spawn == 1
2	idldf5_under_01	ra_pr_spawn == 2
2	idldf5_under_01	ra_pr_spawn == 3
2	idldf5_under_01	ra_pr_spawn == 4
2	idldf5_under_01	ra_wi_run == 1
2	idldf5_under_01	ra_wi_run == 2
2	idldf5_under_01	ra_wi_run == 3
2	idldf5_under_01	ra_wi_run == 4
2	idldf5_under_01	ra_wi_run == 5
2	idldf5_under_01	ra_wi_spawn == 1
2	idldf5_under_01	ra_wi_spawn == 2
2	idldf5_under_01	ra_wi_spawn == 3
2	idldf5_under_01	ra_wi_spawn == 4
2	IDAbRe_Core_03	resurrect_statue == 2
2	IDAbRe_Core_03	resurrect_time == 1
2	IDAbRe_Core_03	resurrect_time == 2
2	IDTransform	save < 2
2	IDTransform	save < 3
2	IDEternity_03	sbdoor == 1
2	iddc1_dreadgion	set_sub_key_D == 2
2	idlc1_dreadgion	set_sub_key_L == 2
2	test_basic_mj	set_trap >= 2
2	test_basic_mj	set_trap >= 3
2	test_basic_mj	set_trap >= 4
2	test_basic_mj	set_trap >= 5
2	idlf1	svanq_die == 1
2	IDEternity_03	teleporter == 1
2	IDEternity_03	teleporter == 10
2	IDEternity_03	teleporter == 2
2	IDEternity_03	teleporter == 3
2	IDEternity_03	teleporter == 4
2	IDEvent_Solo	time_attack_spawn01 == 1
2	IDEvent_Solo	time_attack_spawn02 == 1
2	IDEvent_Solo	time_attack_spawn03 == 1
2	IDEvent_Solo	time_attack_spawn04 == 1
2	ab1	tower_a == 1
2	ab1	tower_a == 2
2	ab1	tower_a == 3
2	ab1	tower_b == 1
2	ab1	tower_b == 2
2	ab1	tower_b == 3
2	ab1	tower_c == 1
2	ab1	tower_c == 2
2	ab1	tower_c == 3
2	ab1	tower_d == 1
2	ab1	tower_d == 2
2	ab1	tower_d == 3
2	idstation	tower_die == 3
2	ab1	tower_e == 1
2	ab1	tower_e == 2
2	ab1	tower_e == 3
2	GAb1_01	v02 == 11
2	GAb1_01	v02 == 16
2	GAb1_01	v02 == 21
2	GAb1_01	v02 == 6
2	ldf5a	v07ctrl==1
2	ldf5a	v07ctrl==2
2	ldf5a	v07ctrl==3
2	ldf5b	v10ctrl==1
2	ldf5b	v10ctrl==2
2	ldf5b	v10ctrl==3
2	ldf5b	v11ctrl==1
2	ldf5b	v11ctrl==2
2	ldf5b	v11ctrl==3
2	ldf5b	v12ctrl==1
2	ldf5b	v12ctrl==2
2	ldf5b	v12ctrl==3
2	ldf5b	v13ctrl==1
2	ldf5b	v13ctrl==2
2	ldf5b	v13ctrl==3
2	ldf5b	v14ctrl==1
2	ldf5b	v14ctrl==2
2	ldf5b	v14ctrl==3
2	ldf5b	v15ctrl==1
2	ldf5b	v15ctrl==2
2	ldf5b	v15ctrl==3
2	ldf5b	v16ctrl==1
2	ldf5b	v16ctrl==2
2	ldf5b	v16ctrl==3
2	ldf5b	v17ctrl==1
2	ldf5b	v17ctrl==2
2	ldf5b	v17ctrl==3
2	ldf5b	v18ctrl==1
2	ldf5b	v18ctrl==2
2	ldf5b	v18ctrl==3
2	ldf5b	v19ctrl==1
2	ldf5b	v19ctrl==2
2	ldf5b	v19ctrl==3
2	LDF4_Advance	village_da_js == 2
2	LDF4_Advance	village_dr_js == 1
2	IDEternity_03	waveend == 70
1	dc1	( SpecialServer_Cond == 0 ) && ( DC1_FOBJ_FrozenPot_Q20530 == 1 )
1	lc1	( SpecialServer_Cond == 0 ) && ( LC1_FOBJ_FrozenPot_Q10530 == 1 )
1	IDEvent_def	( Wave_1_Start == 1 ) && ( SpecialServer_Cond == 0 )
1	IDEvent_def	( Wave_1_Start == 1 ) && ( SpecialServer_Cond == 1 )
1	df2a	( WorldRaid_DF2a_SP_04 == 1 ) || ( WorldRaid_DF2a_SP_08 == 1 ) || ( WorldRaid_DF2a_SP_12 == 1 ) || ( WorldRaid_DF2a_SP_16 == 1 )
1	df2a	( WorldRaid_DF2a_SP_20 == 1 ) || ( WorldRaid_DF2a_SP_24 == 1 ) || ( WorldRaid_DF2a_SP_28 == 1 )
1	df3	( WorldRaid_DF3_SP_02 == 1 ) || ( WorldRaid_DF3_SP_06 == 1 ) || ( WorldRaid_DF3_SP_10 == 1 ) || ( WorldRaid_DF3_SP_14 == 1 )
1	df3	( WorldRaid_DF3_SP_18 == 1 ) || ( WorldRaid_DF3_SP_22 == 1 ) || ( WorldRaid_DF3_SP_26 == 1 )
1	df2a	( WorldRaid_Df2a_04 == 1 ) || ( WorldRaid_Df2a_08 == 1 ) || ( WorldRaid_Df2a_12 == 1 ) || ( WorldRaid_Df2a_16 == 1 )
1	df2a	( WorldRaid_Df2a_20 == 1 ) || ( WorldRaid_Df2a_24 == 1 ) || ( WorldRaid_Df2a_28 == 1 )
1	df3	( WorldRaid_Df3_02 == 1 ) || ( WorldRaid_Df3_06 == 1 ) || ( WorldRaid_Df3_10 == 1 ) || ( WorldRaid_Df3_14 == 1 )
1	df3	( WorldRaid_Df3_18 == 1 ) || ( WorldRaid_Df3_22 == 1 ) || ( WorldRaid_Df3_26 == 1 )
1	lf2a	( WorldRaid_LF2a_SP_04 == 1 ) || ( WorldRaid_LF2a_SP_08 == 1 ) || ( WorldRaid_LF2a_SP_12 == 1 ) || ( WorldRaid_LF2a_SP_16 == 1 )
1	lf2a	( WorldRaid_LF2a_SP_20 == 1 ) || ( WorldRaid_LF2a_SP_24 == 1 ) || ( WorldRaid_LF2a_SP_28 == 1 )
1	lf2a	( WorldRaid_Lf2a_04 == 1 ) || ( WorldRaid_Lf2a_08 == 1 ) || ( WorldRaid_Lf2a_12 == 1 ) || ( WorldRaid_Lf2a_16 == 1 )
1	lf2a	( WorldRaid_Lf2a_20 == 1 ) || ( WorldRaid_Lf2a_24 == 1 ) || ( WorldRaid_Lf2a_28 == 1 )
1	ab1	(((1011_on == 1) && (arti_a == 1)) || ((1011_on == 1) && (arti_a == 2)))
1	ab1	(((1011_on == 1) && (arti_a == 1)) || ((1011_on == 1) && (arti_a == 3)))
1	ab1	(((1011_on == 1) && (arti_b == 1)) || ((1011_on == 1) && (arti_b == 2)))
1	ab1	(((1011_on == 1) && (arti_b == 1)) || ((1011_on == 1) && (arti_b == 3)))
1	ab1	(((1011_on == 1) && (arti_c == 1)) || ((1011_on == 1) && (arti_c == 2)))
1	ab1	(((1011_on == 1) && (arti_c == 1)) || ((1011_on == 1) && (arti_c == 3)))
1	ab1	(((1011_on == 1) && (arti_d == 1)) || ((1011_on == 1) && (arti_d == 2)))
1	ab1	(((1011_on == 1) && (arti_d == 1)) || ((1011_on == 1) && (arti_d == 3)))
1	ab1	(((1011_on == 1) && (arti_e == 1)) || ((1011_on == 1) && (arti_e == 2)))
1	ab1	(((1011_on == 1) && (arti_e == 1)) || ((1011_on == 1) && (arti_e == 3)))
1	IDInfinity	(((door == 1) && (Condition_Infinity_PRE_SEASON_Floor == 1)) || ((door == 1) && (Condition_Infinity_THIS_SEASON_Floor == 1)))
1	IDInfinity	(((door == 1) && (Condition_Infinity_PRE_SEASON_Floor == 10)) || ((door == 1) && (Condition_Infinity_THIS_SEASON_Floor == 10)) )
1	IDInfinity	(((door == 1) && (Condition_Infinity_PRE_SEASON_Floor == 11)) || ((door == 1) && (Condition_Infinity_THIS_SEASON_Floor == 11)))
1	IDInfinity	(((door == 1) && (Condition_Infinity_PRE_SEASON_Floor == 12)) || ((door == 1) && (Condition_Infinity_THIS_SEASON_Floor == 12)) )
1	IDInfinity	(((door == 1) && (Condition_Infinity_PRE_SEASON_Floor == 13)) || ((door == 1) && (Condition_Infinity_THIS_SEASON_Floor == 13)))
1	IDInfinity	(((door == 1) && (Condition_Infinity_PRE_SEASON_Floor == 14)) || ((door == 1) && (Condition_Infinity_THIS_SEASON_Floor == 14)) )
1	IDInfinity	(((door == 1) && (Condition_Infinity_PRE_SEASON_Floor == 15)) || ((door == 1) && (Condition_Infinity_THIS_SEASON_Floor == 15)))
1	IDInfinity	(((door == 1) && (Condition_Infinity_PRE_SEASON_Floor == 16)) || ((door == 1) && (Condition_Infinity_THIS_SEASON_Floor == 16)) )
1	IDInfinity	(((door == 1) && (Condition_Infinity_PRE_SEASON_Floor == 17)) || ((door == 1) && (Condition_Infinity_THIS_SEASON_Floor == 17)))
1	IDInfinity	(((door == 1) && (Condition_Infinity_PRE_SEASON_Floor == 18)) || ((door == 1) && (Condition_Infinity_THIS_SEASON_Floor == 18)) )
1	IDInfinity	(((door == 1) && (Condition_Infinity_PRE_SEASON_Floor == 19)) || ((door == 1) && (Condition_Infinity_THIS_SEASON_Floor == 19)))
1	IDInfinity	(((door == 1) && (Condition_Infinity_PRE_SEASON_Floor == 2)) || ((door == 1) && (Condition_Infinity_THIS_SEASON_Floor == 2)) )
1	IDInfinity	(((door == 1) && (Condition_Infinity_PRE_SEASON_Floor == 20)) || ((door == 1) && (Condition_Infinity_THIS_SEASON_Floor == 20)) )
1	IDInfinity	(((door == 1) && (Condition_Infinity_PRE_SEASON_Floor == 21)) || ((door == 1) && (Condition_Infinity_THIS_SEASON_Floor == 21)))
1	IDInfinity	(((door == 1) && (Condition_Infinity_PRE_SEASON_Floor == 22)) || ((door == 1) && (Condition_Infinity_THIS_SEASON_Floor == 22)) )
1	IDInfinity	(((door == 1) && (Condition_Infinity_PRE_SEASON_Floor == 23)) || ((door == 1) && (Condition_Infinity_THIS_SEASON_Floor == 23)))
1	IDInfinity	(((door == 1) && (Condition_Infinity_PRE_SEASON_Floor == 24)) || ((door == 1) && (Condition_Infinity_THIS_SEASON_Floor == 24)) )
1	IDInfinity	(((door == 1) && (Condition_Infinity_PRE_SEASON_Floor == 25)) || ((door == 1) && (Condition_Infinity_THIS_SEASON_Floor == 25)))
1	IDInfinity	(((door == 1) && (Condition_Infinity_PRE_SEASON_Floor == 26)) || ((door == 1) && (Condition_Infinity_THIS_SEASON_Floor == 26)) )
1	IDInfinity	(((door == 1) && (Condition_Infinity_PRE_SEASON_Floor == 27)) || ((door == 1) && (Condition_Infinity_THIS_SEASON_Floor == 27)))
1	IDInfinity	(((door == 1) && (Condition_Infinity_PRE_SEASON_Floor == 28)) || ((door == 1) && (Condition_Infinity_THIS_SEASON_Floor == 28)) )
1	IDInfinity	(((door == 1) && (Condition_Infinity_PRE_SEASON_Floor == 29)) || ((door == 1) && (Condition_Infinity_THIS_SEASON_Floor == 29)))
1	IDInfinity	(((door == 1) && (Condition_Infinity_PRE_SEASON_Floor == 3)) || ((door == 1) && (Condition_Infinity_THIS_SEASON_Floor == 3)))
1	IDInfinity	(((door == 1) && (Condition_Infinity_PRE_SEASON_Floor == 30)) || ((door == 1) && (Condition_Infinity_THIS_SEASON_Floor == 30)) )
1	IDInfinity	(((door == 1) && (Condition_Infinity_PRE_SEASON_Floor == 31)) || ((door == 1) && (Condition_Infinity_THIS_SEASON_Floor == 31)))
1	IDInfinity	(((door == 1) && (Condition_Infinity_PRE_SEASON_Floor == 32)) || ((door == 1) && (Condition_Infinity_THIS_SEASON_Floor == 32)) )
1	IDInfinity	(((door == 1) && (Condition_Infinity_PRE_SEASON_Floor == 33)) || ((door == 1) && (Condition_Infinity_THIS_SEASON_Floor == 33)))
1	IDInfinity	(((door == 1) && (Condition_Infinity_PRE_SEASON_Floor == 34)) || ((door == 1) && (Condition_Infinity_THIS_SEASON_Floor == 34)) )
1	IDInfinity	(((door == 1) && (Condition_Infinity_PRE_SEASON_Floor == 35)) || ((door == 1) && (Condition_Infinity_THIS_SEASON_Floor == 35)))
1	IDInfinity	(((door == 1) && (Condition_Infinity_PRE_SEASON_Floor == 36)) || ((door == 1) && (Condition_Infinity_THIS_SEASON_Floor == 36)) )
1	IDInfinity	(((door == 1) && (Condition_Infinity_PRE_SEASON_Floor == 37)) || ((door == 1) && (Condition_Infinity_THIS_SEASON_Floor == 37)))
1	IDInfinity	(((door == 1) && (Condition_Infinity_PRE_SEASON_Floor == 38)) || ((door == 1) && (Condition_Infinity_THIS_SEASON_Floor == 38)) )
1	IDInfinity	(((door == 1) && (Condition_Infinity_PRE_SEASON_Floor == 39)) || ((door == 1) && (Condition_Infinity_THIS_SEASON_Floor == 39)))
1	IDInfinity	(((door == 1) && (Condition_Infinity_PRE_SEASON_Floor == 4)) || ((door == 1) && (Condition_Infinity_THIS_SEASON_Floor == 4)) )
1	IDInfinity	(((door == 1) && (Condition_Infinity_PRE_SEASON_Floor == 40)) || ((door == 1) && (Condition_Infinity_THIS_SEASON_Floor == 40)) )
1	IDInfinity	(((door == 1) && (Condition_Infinity_PRE_SEASON_Floor == 5)) || ((door == 1) && (Condition_Infinity_THIS_SEASON_Floor == 5)))
1	IDInfinity	(((door == 1) && (Condition_Infinity_PRE_SEASON_Floor == 6)) || ((door == 1) && (Condition_Infinity_THIS_SEASON_Floor == 6)) )
1	IDInfinity	(((door == 1) && (Condition_Infinity_PRE_SEASON_Floor == 7)) || ((door == 1) && (Condition_Infinity_THIS_SEASON_Floor == 7)))
1	IDInfinity	(((door == 1) && (Condition_Infinity_PRE_SEASON_Floor == 8)) || ((door == 1) && (Condition_Infinity_THIS_SEASON_Floor == 8)) )
1	IDInfinity	(((door == 1) && (Condition_Infinity_PRE_SEASON_Floor == 9)) || ((door == 1) && (Condition_Infinity_THIS_SEASON_Floor == 9)))
1	IDInfinity	(((race == 1) && (Condition_Infinity_PRE_SEASON_Floor == 1)) || ((race == 1) && (Condition_Infinity_THIS_SEASON_Floor == 1)) || ((race == 2) && (Condition_Infinity_PRE_SEASON_Floor == 1)) || ((race == 2) && (Condition_Infinity_THIS_SEASON_Floor == 1)))
1	IDInfinity	(((race == 1) && (Condition_Infinity_PRE_SEASON_Floor == 10)) || ((race == 1) && (Condition_Infinity_THIS_SEASON_Floor == 10)) || ((race == 2) && (Condition_Infinity_PRE_SEASON_Floor == 10)) || ((race == 2) && (Condition_Infinity_THIS_SEASON_Floor == 10)))
1	IDInfinity	(((race == 1) && (Condition_Infinity_PRE_SEASON_Floor == 11)) || ((race == 1) && (Condition_Infinity_THIS_SEASON_Floor == 11)) || ((race == 2) && (Condition_Infinity_PRE_SEASON_Floor == 11)) || ((race == 2) && (Condition_Infinity_THIS_SEASON_Floor == 11)))
1	IDInfinity	(((race == 1) && (Condition_Infinity_PRE_SEASON_Floor == 12)) || ((race == 1) && (Condition_Infinity_THIS_SEASON_Floor == 12)) || ((race == 2) && (Condition_Infinity_PRE_SEASON_Floor == 12)) || ((race == 2) && (Condition_Infinity_THIS_SEASON_Floor == 12)))
1	IDInfinity	(((race == 1) && (Condition_Infinity_PRE_SEASON_Floor == 13)) || ((race == 1) && (Condition_Infinity_THIS_SEASON_Floor == 13)) || ((race == 2) && (Condition_Infinity_PRE_SEASON_Floor == 13)) || ((race == 2) && (Condition_Infinity_THIS_SEASON_Floor == 13)))
1	IDInfinity	(((race == 1) && (Condition_Infinity_PRE_SEASON_Floor == 14)) || ((race == 1) && (Condition_Infinity_THIS_SEASON_Floor == 14)) || ((race == 2) && (Condition_Infinity_PRE_SEASON_Floor == 14)) || ((race == 2) && (Condition_Infinity_THIS_SEASON_Floor == 14)))
1	IDInfinity	(((race == 1) && (Condition_Infinity_PRE_SEASON_Floor == 15)) || ((race == 1) && (Condition_Infinity_THIS_SEASON_Floor == 15)) || ((race == 2) && (Condition_Infinity_PRE_SEASON_Floor == 15)) || ((race == 2) && (Condition_Infinity_THIS_SEASON_Floor == 15)))
1	IDInfinity	(((race == 1) && (Condition_Infinity_PRE_SEASON_Floor == 16)) || ((race == 1) && (Condition_Infinity_THIS_SEASON_Floor == 16)) || ((race == 2) && (Condition_Infinity_PRE_SEASON_Floor == 16)) || ((race == 2) && (Condition_Infinity_THIS_SEASON_Floor == 16)))
1	IDInfinity	(((race == 1) && (Condition_Infinity_PRE_SEASON_Floor == 17)) || ((race == 1) && (Condition_Infinity_THIS_SEASON_Floor == 17)) || ((race == 2) && (Condition_Infinity_PRE_SEASON_Floor == 17)) || ((race == 2) && (Condition_Infinity_THIS_SEASON_Floor == 17)))
1	IDInfinity	(((race == 1) && (Condition_Infinity_PRE_SEASON_Floor == 18)) || ((race == 1) && (Condition_Infinity_THIS_SEASON_Floor == 18)) || ((race == 2) && (Condition_Infinity_PRE_SEASON_Floor == 18)) || ((race == 2) && (Condition_Infinity_THIS_SEASON_Floor == 18)))
1	IDInfinity	(((race == 1) && (Condition_Infinity_PRE_SEASON_Floor == 19)) || ((race == 1) && (Condition_Infinity_THIS_SEASON_Floor == 19)) || ((race == 2) && (Condition_Infinity_PRE_SEASON_Floor == 19)) || ((race == 2) && (Condition_Infinity_THIS_SEASON_Floor == 19)))
1	IDInfinity	(((race == 1) && (Condition_Infinity_PRE_SEASON_Floor == 2)) || ((race == 1) && (Condition_Infinity_THIS_SEASON_Floor == 2)) || ((race == 2) && (Condition_Infinity_PRE_SEASON_Floor == 2)) || ((race == 2) && (Condition_Infinity_THIS_SEASON_Floor == 2)))
1	IDInfinity	(((race == 1) && (Condition_Infinity_PRE_SEASON_Floor == 20)) || ((race == 1) && (Condition_Infinity_THIS_SEASON_Floor == 20)) || ((race == 2) && (Condition_Infinity_PRE_SEASON_Floor == 20)) || ((race == 2) && (Condition_Infinity_THIS_SEASON_Floor == 20)))
1	IDInfinity	(((race == 1) && (Condition_Infinity_PRE_SEASON_Floor == 21)) || ((race == 1) && (Condition_Infinity_THIS_SEASON_Floor == 21)) || ((race == 2) && (Condition_Infinity_PRE_SEASON_Floor == 21)) || ((race == 2) && (Condition_Infinity_THIS_SEASON_Floor == 21)))
1	IDInfinity	(((race == 1) && (Condition_Infinity_PRE_SEASON_Floor == 22)) || ((race == 1) && (Condition_Infinity_THIS_SEASON_Floor == 22)) || ((race == 2) && (Condition_Infinity_PRE_SEASON_Floor == 22)) || ((race == 2) && (Condition_Infinity_THIS_SEASON_Floor == 22)))
1	IDInfinity	(((race == 1) && (Condition_Infinity_PRE_SEASON_Floor == 23)) || ((race == 1) && (Condition_Infinity_THIS_SEASON_Floor == 23)) || ((race == 2) && (Condition_Infinity_PRE_SEASON_Floor == 23)) || ((race == 2) && (Condition_Infinity_THIS_SEASON_Floor == 23)))
1	IDInfinity	(((race == 1) && (Condition_Infinity_PRE_SEASON_Floor == 24)) || ((race == 1) && (Condition_Infinity_THIS_SEASON_Floor == 24)) || ((race == 2) && (Condition_Infinity_PRE_SEASON_Floor == 24)) || ((race == 2) && (Condition_Infinity_THIS_SEASON_Floor == 24)))
1	IDInfinity	(((race == 1) && (Condition_Infinity_PRE_SEASON_Floor == 25)) || ((race == 1) && (Condition_Infinity_THIS_SEASON_Floor == 25)) || ((race == 2) && (Condition_Infinity_PRE_SEASON_Floor == 25)) || ((race == 2) && (Condition_Infinity_THIS_SEASON_Floor == 25)))
1	IDInfinity	(((race == 1) && (Condition_Infinity_PRE_SEASON_Floor == 26)) || ((race == 1) && (Condition_Infinity_THIS_SEASON_Floor == 26)) || ((race == 2) && (Condition_Infinity_PRE_SEASON_Floor == 26)) || ((race == 2) && (Condition_Infinity_THIS_SEASON_Floor == 26)))
1	IDInfinity	(((race == 1) && (Condition_Infinity_PRE_SEASON_Floor == 27)) || ((race == 1) && (Condition_Infinity_THIS_SEASON_Floor == 27)) || ((race == 2) && (Condition_Infinity_PRE_SEASON_Floor == 27)) || ((race == 2) && (Condition_Infinity_THIS_SEASON_Floor == 27)))
1	IDInfinity	(((race == 1) && (Condition_Infinity_PRE_SEASON_Floor == 28)) || ((race == 1) && (Condition_Infinity_THIS_SEASON_Floor == 28)) || ((race == 2) && (Condition_Infinity_PRE_SEASON_Floor == 28)) || ((race == 2) && (Condition_Infinity_THIS_SEASON_Floor == 28)))
1	IDInfinity	(((race == 1) && (Condition_Infinity_PRE_SEASON_Floor == 29)) || ((race == 1) && (Condition_Infinity_THIS_SEASON_Floor == 29)) || ((race == 2) && (Condition_Infinity_PRE_SEASON_Floor == 29)) || ((race == 2) && (Condition_Infinity_THIS_SEASON_Floor == 29)))
1	IDInfinity	(((race == 1) && (Condition_Infinity_PRE_SEASON_Floor == 3)) || ((race == 1) && (Condition_Infinity_THIS_SEASON_Floor == 3)) || ((race == 2) && (Condition_Infinity_PRE_SEASON_Floor == 3)) || ((race == 2) && (Condition_Infinity_THIS_SEASON_Floor == 3)))
1	IDInfinity	(((race == 1) && (Condition_Infinity_PRE_SEASON_Floor == 30)) || ((race == 1) && (Condition_Infinity_THIS_SEASON_Floor == 30)) || ((race == 2) && (Condition_Infinity_PRE_SEASON_Floor == 30)) || ((race == 2) && (Condition_Infinity_THIS_SEASON_Floor == 30)))
1	IDInfinity	(((race == 1) && (Condition_Infinity_PRE_SEASON_Floor == 31)) || ((race == 1) && (Condition_Infinity_THIS_SEASON_Floor == 31)) || ((race == 2) && (Condition_Infinity_PRE_SEASON_Floor == 31)) || ((race == 2) && (Condition_Infinity_THIS_SEASON_Floor == 31)))
1	IDInfinity	(((race == 1) && (Condition_Infinity_PRE_SEASON_Floor == 32)) || ((race == 1) && (Condition_Infinity_THIS_SEASON_Floor == 32)) || ((race == 2) && (Condition_Infinity_PRE_SEASON_Floor == 32)) || ((race == 2) && (Condition_Infinity_THIS_SEASON_Floor == 32)))
1	IDInfinity	(((race == 1) && (Condition_Infinity_PRE_SEASON_Floor == 33)) || ((race == 1) && (Condition_Infinity_THIS_SEASON_Floor == 33)) || ((race == 2) && (Condition_Infinity_PRE_SEASON_Floor == 33)) || ((race == 2) && (Condition_Infinity_THIS_SEASON_Floor == 33)))
1	IDInfinity	(((race == 1) && (Condition_Infinity_PRE_SEASON_Floor == 34)) || ((race == 1) && (Condition_Infinity_THIS_SEASON_Floor == 34)) || ((race == 2) && (Condition_Infinity_PRE_SEASON_Floor == 34)) || ((race == 2) && (Condition_Infinity_THIS_SEASON_Floor == 34)))
1	IDInfinity	(((race == 1) && (Condition_Infinity_PRE_SEASON_Floor == 35)) || ((race == 1) && (Condition_Infinity_THIS_SEASON_Floor == 35)) || ((race == 2) && (Condition_Infinity_PRE_SEASON_Floor == 35)) || ((race == 2) && (Condition_Infinity_THIS_SEASON_Floor == 35)))
1	IDInfinity	(((race == 1) && (Condition_Infinity_PRE_SEASON_Floor == 36)) || ((race == 1) && (Condition_Infinity_THIS_SEASON_Floor == 36)) || ((race == 2) && (Condition_Infinity_PRE_SEASON_Floor == 36)) || ((race == 2) && (Condition_Infinity_THIS_SEASON_Floor == 36)))
1	IDInfinity	(((race == 1) && (Condition_Infinity_PRE_SEASON_Floor == 37)) || ((race == 1) && (Condition_Infinity_THIS_SEASON_Floor == 37)) || ((race == 2) && (Condition_Infinity_PRE_SEASON_Floor == 37)) || ((race == 2) && (Condition_Infinity_THIS_SEASON_Floor == 37)))
1	IDInfinity	(((race == 1) && (Condition_Infinity_PRE_SEASON_Floor == 38)) || ((race == 1) && (Condition_Infinity_THIS_SEASON_Floor == 38)) || ((race == 2) && (Condition_Infinity_PRE_SEASON_Floor == 38)) || ((race == 2) && (Condition_Infinity_THIS_SEASON_Floor == 38)))
1	IDInfinity	(((race == 1) && (Condition_Infinity_PRE_SEASON_Floor == 39)) || ((race == 1) && (Condition_Infinity_THIS_SEASON_Floor == 39)) || ((race == 2) && (Condition_Infinity_PRE_SEASON_Floor == 39)) || ((race == 2) && (Condition_Infinity_THIS_SEASON_Floor == 39)))
1	IDInfinity	(((race == 1) && (Condition_Infinity_PRE_SEASON_Floor == 4)) || ((race == 1) && (Condition_Infinity_THIS_SEASON_Floor == 4)) || ((race == 2) && (Condition_Infinity_PRE_SEASON_Floor == 4)) || ((race == 2) && (Condition_Infinity_THIS_SEASON_Floor == 4)))
1	IDInfinity	(((race == 1) && (Condition_Infinity_PRE_SEASON_Floor == 40)) || ((race == 1) && (Condition_Infinity_THIS_SEASON_Floor == 40)) || ((race == 2) && (Condition_Infinity_PRE_SEASON_Floor == 40)) || ((race == 2) && (Condition_Infinity_THIS_SEASON_Floor == 40)))
1	IDInfinity	(((race == 1) && (Condition_Infinity_PRE_SEASON_Floor == 5)) || ((race == 1) && (Condition_Infinity_THIS_SEASON_Floor == 5)) || ((race == 2) && (Condition_Infinity_PRE_SEASON_Floor == 5)) || ((race == 2) && (Condition_Infinity_THIS_SEASON_Floor == 5)))
1	IDInfinity	(((race == 1) && (Condition_Infinity_PRE_SEASON_Floor == 6)) || ((race == 1) && (Condition_Infinity_THIS_SEASON_Floor == 6)) || ((race == 2) && (Condition_Infinity_PRE_SEASON_Floor == 6)) || ((race == 2) && (Condition_Infinity_THIS_SEASON_Floor == 6)))
1	IDInfinity	(((race == 1) && (Condition_Infinity_PRE_SEASON_Floor == 7)) || ((race == 1) && (Condition_Infinity_THIS_SEASON_Floor == 7)) || ((race == 2) && (Condition_Infinity_PRE_SEASON_Floor == 7)) || ((race == 2) && (Condition_Infinity_THIS_SEASON_Floor == 7)))
1	IDInfinity	(((race == 1) && (Condition_Infinity_PRE_SEASON_Floor == 8)) || ((race == 1) && (Condition_Infinity_THIS_SEASON_Floor == 8)) || ((race == 2) && (Condition_Infinity_PRE_SEASON_Floor == 8)) || ((race == 2) && (Condition_Infinity_THIS_SEASON_Floor == 8)))
1	IDInfinity	(((race == 1) && (Condition_Infinity_PRE_SEASON_Floor == 9)) || ((race == 1) && (Condition_Infinity_THIS_SEASON_Floor == 9)) || ((race == 2) && (Condition_Infinity_PRE_SEASON_Floor == 9)) || ((race == 2) && (Condition_Infinity_THIS_SEASON_Floor == 9)))
1	ab1	((1011_on == 1 )&&( link_low_weapon_da >= 2))
1	ab1	((1011_on == 1 )&&( link_low_weapon_da >= 3))
1	ab1	((1011_on == 1 )&&( link_low_weapon_da >= 4))
1	ab1	((1011_on == 1 )&&( link_low_weapon_li >= 2))
1	ab1	((1011_on == 1 )&&( link_low_weapon_li >= 3))
1	ab1	((1011_on == 1 )&&( link_low_weapon_li >= 4))
1	ab1	((1011_on == 1 )&&([SAVE]link_weapon_da == 3))
1	ab1	((1011_on == 1 )&&([SAVE]link_weapon_da >= 2))
1	ab1	((1011_on == 1 )&&([SAVE]link_weapon_da >= 3))
1	ab1	((1011_on == 1 )&&([SAVE]link_weapon_da >= 4))
1	ab1	((1011_on == 1 )&&([SAVE]link_weapon_li == 3))
1	ab1	((1011_on == 1 )&&([SAVE]link_weapon_li >= 2))
1	ab1	((1011_on == 1 )&&([SAVE]link_weapon_li >= 3))
1	ab1	((1011_on == 1 )&&([SAVE]link_weapon_li >= 4))
1	ab1	((1011_on == 1) && (arti_a == 2))
1	ab1	((1011_on == 1) && (arti_a == 3))
1	ab1	((1011_on == 1) && (arti_b == 3))
1	ab1	((1011_on == 1) && (arti_c == 2))
1	ab1	((1011_on == 1) && (arti_c == 3))
1	ab1	((1011_on == 1) && (arti_d == 2))
1	ab1	((1011_on == 1) && (arti_d == 3))
1	ab1	((1011_on == 1) && (arti_e == 2))
1	ab1	((1011_on == 1) && (arti_e == 3))
1	ab1	((1011_on == 1) && (link_weapon_da == 1))
1	ab1	((1011_on == 1) && (link_weapon_da == 2))
1	ab1	((1011_on == 1) && (link_weapon_da == 3))
1	ab1	((1011_on == 1) && (link_weapon_li == 1))
1	ab1	((1011_on == 1) && (link_weapon_li == 2))
1	ab1	((1011_on == 1) && (link_weapon_li == 3))
1	ab1	((1221_reward_named_D == 1 )&&( link_weapon_a == 1))
1	ab1	((1221_reward_named_L == 1 )&&( link_weapon_a == 1))
1	ab1	((1231_reward_named_D == 1 )&&( link_weapon_b == 1))
1	ab1	((1231_reward_named_L == 1 )&&( link_weapon_b == 1))
1	ab1	((1241_reward_named_D == 1 )&&( link_weapon_c == 1))
1	ab1	((1241_reward_named_L == 1 )&&( link_weapon_c == 1))
1	IDEternity_01	((Boss_Set == 1) || (Boss_Set == 2) || (Boss_Set == 3))
1	IDEternity_01	((Boss_Set == 1) || (Boss_Set == 2))
1	IDEternity_01	((Boss_Set == 1) || (Boss_Set == 3))
1	IDEternity_01	((Boss_Set == 2) || (Boss_Set == 3))
1	IDInfinity	((Condition_Infinity_PRE_SEASON_Floor >= 20) || (Condition_Infinity_THIS_SEASON_Floor >= 20))
1	IDInfinity	((Condition_Infinity_PRE_SEASON_Floor >= 40) || (Condition_Infinity_THIS_SEASON_Floor >= 40))
1	df6	((F6_Raid_Spawn >= 1) && (F6_Drop_Spawn == 1)) || (F6_Raid_Boss_Drop_Li >= 7)
1	IDEternity_01	((Road_Set == 1) || (Road_Set == 2) || (Road_Set == 3) || (Road_Set == 12)) && (4th_Boss_Room == 1)
1	IDEternity_01	((Road_Set == 1) || (Road_Set == 2) || (Road_Set == 3) || (Road_Set == 5) || (Road_Set == 6)) && (1st_Boss_Room == 1)
1	IDEternity_01	((Road_Set == 1) || (Road_Set == 2) || (Road_Set == 4) || (Road_Set == 5) || (Road_Set == 11)) && (3rd_Boss_Room == 1)
1	IDEternity_01	((Road_Set == 1) || (Road_Set == 2) || (Road_Set == 4) || (Road_Set == 5)) && (2nd_Boss_Room == 1)
1	IDEternity_01	((Road_Set == 1) || (Road_Set == 2) || (Road_Set == 4) || (Road_Set == 6)) && (1st_Boss_Room == 1)
1	IDEternity_01	((Road_Set == 1) || (Road_Set == 5) || (Road_Set == 7) || (Road_Set == 11)) && (2nd_Boss_Room == 1)
1	IDEternity_01	((Road_Set == 2) || (Road_Set == 3) || (Road_Set == 4) || (Road_Set == 5) || (Road_Set == 6)) && (1st_Boss_Room == 1)
1	IDEternity_01	((Road_Set == 2) || (Road_Set == 3) || (Road_Set == 6) || (Road_Set == 11)) && (3rd_Boss_Room == 1)
1	IDEternity_01	((Road_Set == 2) || (Road_Set == 7) || (Road_Set == 8)) && (2nd_Boss_Room == 1)
1	IDEternity_01	((Road_Set == 3) || ((Road_Set == 4) || (Road_Set == 6) || (Road_Set == 7)) && (2nd_Boss_Room == 1)
1	IDEternity_01	((Road_Set == 3) || (Road_Set == 4) || (Road_Set == 6)) && (2nd_Boss_Room == 1)
1	IDEternity_01	((Road_Set == 3) || (Road_Set == 5) || (Road_Set == 10)) && (4th_Boss_Room == 1)
1	IDEternity_01	((Road_Set == 5) || ((Road_Set == 9) || (Road_Set == 11) || (Road_Set == 12)) && (2nd_Boss_Room == 1)
1	IDEternity_01	((Road_Set == 5) || (Road_Set == 9) || (Road_Set == 10)) && (2nd_Boss_Room == 1)
1	IDEternity_01	((Road_Set == 6) || (Road_Set == 7) || (Road_Set == 8) || (Road_Set == 9) || (Road_Set == 10) || (Road_Set == 11) || (Road_Set == 12)) && (3rd_Boss_Room == 1)
1	IDEternity_01	((Road_Set == 6) || (Road_Set == 7) || (Road_Set == 8) || (Road_Set == 9) || (Road_Set == 10) || (Road_Set == 12)) && (3rd_Boss_Room == 1)
1	IDEternity_01	((Road_Set == 7) || (Road_Set == 11)) && (1st_Boss_Room == 1)
1	IDEternity_01	((Road_Set == 7) || (Road_Set == 8) || (Road_Set == 9) || (Road_Set == 10) || (Road_Set == 11) || (Road_Set == 12)) && (3rd_Boss_Room == 1)
1	IDEternity_01	((Road_Set == 7) || (Road_Set == 8) || (Road_Set == 9) || (Road_Set == 10) || (Road_Set == 11)) && (4th_Boss_Room == 1)
1	IDEternity_01	((Road_Set == 8) || (Road_Set == 9) || (Road_Set == 10)) && (2nd_Boss_Room == 1)
1	IDEternity_01	((Road_Set == 9) || (Road_Set == 10)) && (2nd_Boss_Room == 1)
1	iddreadgion_02	((SpecialServer_Cond == 1) && (Surkana_8 >= 4))
1	IDSeal_Q	((USERCLASS == 101) && (SCENE > 2)) && ((USERCLASS == 101) && (SCENE < 6 )) && (TWIN_M == 1)
1	IDSeal_Q	((USERCLASS == 101) && (SCENE > 2)) && ((USERCLASS == 101) && (SCENE < 6 )) && (TWIN_P == 1)
1	IDSeal_Q	((USERCLASS == 102) && (SCENE > 2)) && ((USERCLASS == 102) && (SCENE < 6 )) && (TWIN_M == 1)
1	IDSeal_Q	((USERCLASS == 102) && (SCENE > 2)) && ((USERCLASS == 102) && (SCENE < 6 )) && (TWIN_P == 1)
1	IDSeal_Q	((USERCLASS == 103) && (SCENE > 2)) && ((USERCLASS == 103) && (SCENE < 6 )) && (TWIN_M == 1)
1	IDSeal_Q	((USERCLASS == 103) && (SCENE > 2)) && ((USERCLASS == 103) && (SCENE < 6 )) && (TWIN_P == 1)
1	IDSeal_Q	((USERCLASS == 104) && (SCENE > 2)) && ((USERCLASS == 104) && (SCENE < 6 )) && (TWIN_M == 1)
1	IDSeal_Q	((USERCLASS == 104) && (SCENE > 2)) && ((USERCLASS == 104) && (SCENE < 6 )) && (TWIN_P == 1)
1	IDSeal_Q	((USERCLASS == 105) && (SCENE > 2)) && ((USERCLASS == 105) && (SCENE < 6 )) && (TWIN_M == 1)
1	IDSeal_Q	((USERCLASS == 105) && (SCENE > 2)) && ((USERCLASS == 105) && (SCENE < 6 )) && (TWIN_P == 1)
1	IDSeal_Q	((USERCLASS == 106) && (SCENE > 2)) && ((USERCLASS == 106) && (SCENE < 6 )) && (TWIN_M == 1)
1	IDSeal_Q	((USERCLASS == 106) && (SCENE > 2)) && ((USERCLASS == 106) && (SCENE < 6 )) && (TWIN_P == 1)
1	IDSeal_Q	((USERCLASS == 107) && (SCENE > 2)) && ((USERCLASS == 107) && (SCENE < 6 )) && (TWIN_M == 1)
1	IDSeal_Q	((USERCLASS == 107) && (SCENE > 2)) && ((USERCLASS == 107) && (SCENE < 6 )) && (TWIN_P == 1)
1	IDSeal_Q	((USERCLASS == 108) && (SCENE > 2)) && ((USERCLASS == 108) && (SCENE < 6 )) && (TWIN_M == 1)
1	IDSeal_Q	((USERCLASS == 108) && (SCENE > 2)) && ((USERCLASS == 108) && (SCENE < 6 )) && (TWIN_P == 1)
1	IDSeal_Q	((USERCLASS == 109) && (SCENE > 2)) && ((USERCLASS == 109) && (SCENE < 6 )) && (TWIN_M == 1)
1	IDSeal_Q	((USERCLASS == 109) && (SCENE > 2)) && ((USERCLASS == 109) && (SCENE < 6 )) && (TWIN_P == 1)
1	IDSeal_Q	((USERCLASS == 110) && (SCENE > 2)) && ((USERCLASS == 110) && (SCENE < 6 )) && (TWIN_M == 1)
1	IDSeal_Q	((USERCLASS == 110) && (SCENE > 2)) && ((USERCLASS == 110) && (SCENE < 6 )) && (TWIN_P == 1)
1	IDSeal_Q	((USERCLASS == 111) && (SCENE > 2)) && ((USERCLASS == 111) && (SCENE < 6 )) && (TWIN_M == 1)
1	IDSeal_Q	((USERCLASS == 111) && (SCENE > 2)) && ((USERCLASS == 111) && (SCENE < 6 )) && (TWIN_P == 1)
1	IDSeal_Q	((USERCLASS == 201) && (SCENE > 2)) && ((USERCLASS == 201) && (SCENE < 6 )) && (TWIN_M == 1)
1	IDSeal_Q	((USERCLASS == 201) && (SCENE > 2)) && ((USERCLASS == 201) && (SCENE < 6 )) && (TWIN_P == 1)
1	IDSeal_Q	((USERCLASS == 202) && (SCENE > 2)) && ((USERCLASS == 202) && (SCENE < 6 )) && (TWIN_M == 1)
1	IDSeal_Q	((USERCLASS == 202) && (SCENE > 2)) && ((USERCLASS == 202) && (SCENE < 6 )) && (TWIN_P == 1)
1	IDSeal_Q	((USERCLASS == 203) && (SCENE > 2)) && ((USERCLASS == 203) && (SCENE < 6 )) && (TWIN_M == 1)
1	IDSeal_Q	((USERCLASS == 203) && (SCENE > 2)) && ((USERCLASS == 203) && (SCENE < 6 )) && (TWIN_P == 1)
1	IDSeal_Q	((USERCLASS == 204) && (SCENE > 2)) && ((USERCLASS == 204) && (SCENE < 6 )) && (TWIN_M == 1)
1	IDSeal_Q	((USERCLASS == 204) && (SCENE > 2)) && ((USERCLASS == 204) && (SCENE < 6 )) && (TWIN_P == 1)
1	IDSeal_Q	((USERCLASS == 205) && (SCENE > 2)) && ((USERCLASS == 205) && (SCENE < 6 )) && (TWIN_M == 1)
1	IDSeal_Q	((USERCLASS == 205) && (SCENE > 2)) && ((USERCLASS == 205) && (SCENE < 6 )) && (TWIN_P == 1)
1	IDSeal_Q	((USERCLASS == 206) && (SCENE > 2)) && ((USERCLASS == 206) && (SCENE < 6 )) && (TWIN_M == 1)
1	IDSeal_Q	((USERCLASS == 206) && (SCENE > 2)) && ((USERCLASS == 206) && (SCENE < 6 )) && (TWIN_P == 1)
1	IDSeal_Q	((USERCLASS == 207) && (SCENE > 2)) && ((USERCLASS == 207) && (SCENE < 6 )) && (TWIN_M == 1)
1	IDSeal_Q	((USERCLASS == 207) && (SCENE > 2)) && ((USERCLASS == 207) && (SCENE < 6 )) && (TWIN_P == 1)
1	IDSeal_Q	((USERCLASS == 208) && (SCENE > 2)) && ((USERCLASS == 208) && (SCENE < 6 )) && (TWIN_M == 1)
1	IDSeal_Q	((USERCLASS == 208) && (SCENE > 2)) && ((USERCLASS == 208) && (SCENE < 6 )) && (TWIN_P == 1)
1	IDSeal_Q	((USERCLASS == 209) && (SCENE > 2)) && ((USERCLASS == 209) && (SCENE < 6 )) && (TWIN_M == 1)
1	IDSeal_Q	((USERCLASS == 209) && (SCENE > 2)) && ((USERCLASS == 209) && (SCENE < 6 )) && (TWIN_P == 1)
1	IDSeal_Q	((USERCLASS == 210) && (SCENE > 2)) && ((USERCLASS == 210) && (SCENE < 6 )) && (TWIN_M == 1)
1	IDSeal_Q	((USERCLASS == 210) && (SCENE > 2)) && ((USERCLASS == 210) && (SCENE < 6 )) && (TWIN_P == 1)
1	IDSeal_Q	((USERCLASS == 211) && (SCENE > 2)) && ((USERCLASS == 211) && (SCENE < 6 )) && (TWIN_M == 1)
1	IDSeal_Q	((USERCLASS == 211) && (SCENE > 2)) && ((USERCLASS == 211) && (SCENE < 6 )) && (TWIN_P == 1)
1	IDEternity_03	((bosspotal == 1) || (bosspotal == 3) || (bosspotal == 5))
1	IDEternity_03	((bosspotal == 2) || (bosspotal == 4) || (bosspotal == 6))
1	IDEternity_03	((bossrise == 1) && (race == 1))
1	IDEternity_03	((bossrise == 1) && (race == 2))
1	IDEternity_03	((energy_a == 1)&&( page_01 == 1))
1	IDEternity_03	((energy_a == 1)&&( page_01 == 2))
1	IDEternity_03	((energy_a == 2) && (energy_d == 2))
1	IDEternity_03	((energy_b == 1)&&( page_01 == 1))
1	IDEternity_03	((energy_b == 1)&&( page_01 == 2))
1	IDEternity_03	((energy_b == 2) && (energy_c == 2))
1	IDEternity_03	((energy_c == 1)&&( page_01 == 1))
1	IDEternity_03	((energy_c == 1)&&( page_01 == 2))
1	IDEternity_03	((energy_d == 1)&&( page_01 == 1))
1	IDEternity_03	((energy_d == 1)&&( page_01 == 2))
1	IDEternity_03	((event >= 1) && (race ==1))
1	IDEternity_03	((event >= 1) && (race ==2))
1	ab1	((finalarti == 2) || (finalarti == 5))
1	ab1	((finalarti == 3) || (finalarti == 6))
1	idldf5re_solo	((game2score==1)||(game2score==2)||(game2score==3))&&(boss2die == 1)
1	idldf5re_solo	((game2score==10)||(game2score==11))&&(boss2die == 1)
1	idldf5re_solo	((game2score==4)||(game2score==5)||(game2score==6))&&(boss2die == 1)
1	idldf5re_solo	((game2score==7)||(game2score==8)||(game2score==9))&&(boss2die == 1)
1	IDEternity_02	((ideternity_02_da_01 < 21) && (ideternity_02_da_01 > 14)) || ((ideternity_02_li_01 < 21) && (ideternity_02_li_01 > 14))
1	IDEternity_02	((ideternity_02_da_01 > 14) && (ideternity_02_da_01 < 20)) && (ideternity_02_da == 1)
1	IDEternity_02	((ideternity_02_da_02 < 21) && (ideternity_02_da_02 > 13)) || ((ideternity_02_li_02 < 21) && (ideternity_02_li_02 > 13))
1	IDEternity_02	((ideternity_02_da_02 > 14) && (ideternity_02_da_02 < 20)) && (ideternity_02_da == 1)
1	IDEternity_02	((ideternity_02_da_03 < 21) && (ideternity_02_da_03 > 11)) || ((ideternity_02_li_03 < 21) && (ideternity_02_li_03 > 11))
1	IDEternity_02	((ideternity_02_da_04 < 21) && (ideternity_02_da_04 > 9)) || ((ideternity_02_li_04 < 21) && (ideternity_02_li_04 > 9))
1	IDEternity_02	((ideternity_02_da_04 > 14) && (ideternity_02_da_04 < 20)) && (ideternity_02_da == 1)
1	IDEternity_02	((ideternity_02_li_01 > 14) && (ideternity_02_li_01 < 20)) && (ideternity_02_li == 1)
1	IDEternity_02	((ideternity_02_li_02 > 14) && (ideternity_02_li_02 < 20)) && (ideternity_02_li == 1)
1	IDEternity_02	((ideternity_02_li_04 > 14) && (ideternity_02_li_04 < 20)) && (ideternity_02_li == 1)
1	ab1	((indoor_a == 2 ) && ( 1011_on == 1 ) && ( link_low_weapon_li >= 2))
1	ab1	((indoor_a == 2 ) && ( 1011_on == 1 ) && ( link_low_weapon_li >= 3))
1	ab1	((indoor_a == 2 ) && ( 1011_on == 1 ) && ( link_low_weapon_li >= 4))
1	ab1	((indoor_a == 2 ) && ( 1011_on == 1 ) && ([SAVE]link_weapon_li >= 2))
1	ab1	((indoor_a == 2 ) && ( 1011_on == 1 ) && ([SAVE]link_weapon_li >= 3))
1	ab1	((indoor_a == 2 ) && ( 1011_on == 1 ) && ([SAVE]link_weapon_li >= 4))
1	ab1	((indoor_a == 2) || (indoor_b == 2))
1	ab1	((indoor_b == 2 ) && ( 1011_on == 1 ) && ( link_low_weapon_da >= 2))
1	ab1	((indoor_b == 2 ) && ( 1011_on == 1 ) && ( link_low_weapon_da >= 3))
1	ab1	((indoor_b == 2 ) && ( 1011_on == 1 ) && ( link_low_weapon_da >= 4))
1	ab1	((indoor_b == 2 ) && ( 1011_on == 1 ) && ([SAVE]link_weapon_da >= 2))
1	ab1	((indoor_b == 2 ) && ( 1011_on == 1 ) && ([SAVE]link_weapon_da >= 3))
1	ab1	((indoor_b == 2 ) && ( 1011_on == 1 ) && ([SAVE]link_weapon_da >= 4))
1	ab1	((outdoor_a == 2) || (outdoor_b == 2))
1	IDInfinity	((race == 1) && (Condition_Infinity_PRE_SEASON_Floor == 1))
1	IDInfinity	((race == 1) && (Condition_Infinity_PRE_SEASON_Floor == 10))
1	IDInfinity	((race == 1) && (Condition_Infinity_PRE_SEASON_Floor == 11))
1	IDInfinity	((race == 1) && (Condition_Infinity_PRE_SEASON_Floor == 12))
1	IDInfinity	((race == 1) && (Condition_Infinity_PRE_SEASON_Floor == 13))
1	IDInfinity	((race == 1) && (Condition_Infinity_PRE_SEASON_Floor == 14))
1	IDInfinity	((race == 1) && (Condition_Infinity_PRE_SEASON_Floor == 15))
1	IDInfinity	((race == 1) && (Condition_Infinity_PRE_SEASON_Floor == 16))
1	IDInfinity	((race == 1) && (Condition_Infinity_PRE_SEASON_Floor == 17))
1	IDInfinity	((race == 1) && (Condition_Infinity_PRE_SEASON_Floor == 18))
1	IDInfinity	((race == 1) && (Condition_Infinity_PRE_SEASON_Floor == 19))
1	IDInfinity	((race == 1) && (Condition_Infinity_PRE_SEASON_Floor == 2))
1	IDInfinity	((race == 1) && (Condition_Infinity_PRE_SEASON_Floor == 20))
1	IDInfinity	((race == 1) && (Condition_Infinity_PRE_SEASON_Floor == 21))
1	IDInfinity	((race == 1) && (Condition_Infinity_PRE_SEASON_Floor == 22))
1	IDInfinity	((race == 1) && (Condition_Infinity_PRE_SEASON_Floor == 23))
1	IDInfinity	((race == 1) && (Condition_Infinity_PRE_SEASON_Floor == 24))
1	IDInfinity	((race == 1) && (Condition_Infinity_PRE_SEASON_Floor == 25))
1	IDInfinity	((race == 1) && (Condition_Infinity_PRE_SEASON_Floor == 26))
1	IDInfinity	((race == 1) && (Condition_Infinity_PRE_SEASON_Floor == 27))
1	IDInfinity	((race == 1) && (Condition_Infinity_PRE_SEASON_Floor == 28))
1	IDInfinity	((race == 1) && (Condition_Infinity_PRE_SEASON_Floor == 29))
1	IDInfinity	((race == 1) && (Condition_Infinity_PRE_SEASON_Floor == 3))
1	IDInfinity	((race == 1) && (Condition_Infinity_PRE_SEASON_Floor == 30))
1	IDInfinity	((race == 1) && (Condition_Infinity_PRE_SEASON_Floor == 31))
1	IDInfinity	((race == 1) && (Condition_Infinity_PRE_SEASON_Floor == 32))
1	IDInfinity	((race == 1) && (Condition_Infinity_PRE_SEASON_Floor == 33))
1	IDInfinity	((race == 1) && (Condition_Infinity_PRE_SEASON_Floor == 34))
1	IDInfinity	((race == 1) && (Condition_Infinity_PRE_SEASON_Floor == 35))
1	IDInfinity	((race == 1) && (Condition_Infinity_PRE_SEASON_Floor == 36))
1	IDInfinity	((race == 1) && (Condition_Infinity_PRE_SEASON_Floor == 37))
1	IDInfinity	((race == 1) && (Condition_Infinity_PRE_SEASON_Floor == 38))
1	IDInfinity	((race == 1) && (Condition_Infinity_PRE_SEASON_Floor == 39))
1	IDInfinity	((race == 1) && (Condition_Infinity_PRE_SEASON_Floor == 4))
1	IDInfinity	((race == 1) && (Condition_Infinity_PRE_SEASON_Floor == 40))
1	IDInfinity	((race == 1) && (Condition_Infinity_PRE_SEASON_Floor == 5))
1	IDInfinity	((race == 1) && (Condition_Infinity_PRE_SEASON_Floor == 6))
1	IDInfinity	((race == 1) && (Condition_Infinity_PRE_SEASON_Floor == 7))
1	IDInfinity	((race == 1) && (Condition_Infinity_PRE_SEASON_Floor == 8))
1	IDInfinity	((race == 1) && (Condition_Infinity_PRE_SEASON_Floor == 9))
1	IDInfinity	((race == 1) && (Condition_Infinity_THIS_SEASON_Floor == 1))
1	IDInfinity	((race == 1) && (Condition_Infinity_THIS_SEASON_Floor == 10))
1	IDInfinity	((race == 1) && (Condition_Infinity_THIS_SEASON_Floor == 11))
1	IDInfinity	((race == 1) && (Condition_Infinity_THIS_SEASON_Floor == 12))
1	IDInfinity	((race == 1) && (Condition_Infinity_THIS_SEASON_Floor == 13))
1	IDInfinity	((race == 1) && (Condition_Infinity_THIS_SEASON_Floor == 14))
1	IDInfinity	((race == 1) && (Condition_Infinity_THIS_SEASON_Floor == 15))
1	IDInfinity	((race == 1) && (Condition_Infinity_THIS_SEASON_Floor == 16))
1	IDInfinity	((race == 1) && (Condition_Infinity_THIS_SEASON_Floor == 17))
1	IDInfinity	((race == 1) && (Condition_Infinity_THIS_SEASON_Floor == 18))
1	IDInfinity	((race == 1) && (Condition_Infinity_THIS_SEASON_Floor == 19))
1	IDInfinity	((race == 1) && (Condition_Infinity_THIS_SEASON_Floor == 2))
1	IDInfinity	((race == 1) && (Condition_Infinity_THIS_SEASON_Floor == 20))
1	IDInfinity	((race == 1) && (Condition_Infinity_THIS_SEASON_Floor == 21))
1	IDInfinity	((race == 1) && (Condition_Infinity_THIS_SEASON_Floor == 22))
1	IDInfinity	((race == 1) && (Condition_Infinity_THIS_SEASON_Floor == 23))
1	IDInfinity	((race == 1) && (Condition_Infinity_THIS_SEASON_Floor == 24))
1	IDInfinity	((race == 1) && (Condition_Infinity_THIS_SEASON_Floor == 25))
1	IDInfinity	((race == 1) && (Condition_Infinity_THIS_SEASON_Floor == 26))
1	IDInfinity	((race == 1) && (Condition_Infinity_THIS_SEASON_Floor == 27))
1	IDInfinity	((race == 1) && (Condition_Infinity_THIS_SEASON_Floor == 28))
1	IDInfinity	((race == 1) && (Condition_Infinity_THIS_SEASON_Floor == 29))
1	IDInfinity	((race == 1) && (Condition_Infinity_THIS_SEASON_Floor == 3))
1	IDInfinity	((race == 1) && (Condition_Infinity_THIS_SEASON_Floor == 30))
1	IDInfinity	((race == 1) && (Condition_Infinity_THIS_SEASON_Floor == 31))
1	IDInfinity	((race == 1) && (Condition_Infinity_THIS_SEASON_Floor == 32))
1	IDInfinity	((race == 1) && (Condition_Infinity_THIS_SEASON_Floor == 33))
1	IDInfinity	((race == 1) && (Condition_Infinity_THIS_SEASON_Floor == 34))
1	IDInfinity	((race == 1) && (Condition_Infinity_THIS_SEASON_Floor == 35))
1	IDInfinity	((race == 1) && (Condition_Infinity_THIS_SEASON_Floor == 36))
1	IDInfinity	((race == 1) && (Condition_Infinity_THIS_SEASON_Floor == 37))
1	IDInfinity	((race == 1) && (Condition_Infinity_THIS_SEASON_Floor == 38))
1	IDInfinity	((race == 1) && (Condition_Infinity_THIS_SEASON_Floor == 39))
1	IDInfinity	((race == 1) && (Condition_Infinity_THIS_SEASON_Floor == 4))
1	IDInfinity	((race == 1) && (Condition_Infinity_THIS_SEASON_Floor == 40))
1	IDInfinity	((race == 1) && (Condition_Infinity_THIS_SEASON_Floor == 5))
1	IDInfinity	((race == 1) && (Condition_Infinity_THIS_SEASON_Floor == 6))
1	IDInfinity	((race == 1) && (Condition_Infinity_THIS_SEASON_Floor == 7))
1	IDInfinity	((race == 1) && (Condition_Infinity_THIS_SEASON_Floor == 8))
1	IDInfinity	((race == 1) && (Condition_Infinity_THIS_SEASON_Floor == 9))
1	IDInfinity	((race == 1) && (floor_01 == 5))
1	IDInfinity	((race == 1) && (floor_02 == 2))
1	IDInfinity	((race == 1) && (floor_03 == 7))
1	IDInfinity	((race == 1) && (floor_04 == 2))
1	IDInfinity	((race == 1) && (floor_05 == 6))
1	IDInfinity	((race == 1) && (floor_06 == 3))
1	IDInfinity	((race == 1) && (floor_07 == 10))
1	IDInfinity	((race == 1) && (floor_08 == 2))
1	IDInfinity	((race == 1) && (floor_09 == 6))
1	IDInfinity	((race == 1) && (floor_10 == 4))
1	IDInfinity	((race == 1) && (floor_11 == 7))
1	IDInfinity	((race == 1) && (floor_12 == 2))
1	IDInfinity	((race == 1) && (floor_13 == 8))
1	IDInfinity	((race == 1) && (floor_14 == 2))
1	IDInfinity	((race == 1) && (floor_15 == 6))
1	IDInfinity	((race == 1) && (floor_16 == 4))
1	IDInfinity	((race == 1) && (floor_17 == 5))
1	IDInfinity	((race == 1) && (floor_18 == 2))
1	IDInfinity	((race == 1) && (floor_19 == 6))
1	IDInfinity	((race == 1) && (floor_20 == 4))
1	IDInfinity	((race == 1) && (floor_21 == 6))
1	IDInfinity	((race == 1) && (floor_22 == 2))
1	IDInfinity	((race == 1) && (floor_23 == 5))
1	IDInfinity	((race == 1) && (floor_24 == 4))
1	IDInfinity	((race == 1) && (floor_25 == 6))
1	IDInfinity	((race == 1) && (floor_26 == 2))
1	IDInfinity	((race == 1) && (floor_27 == 6))
1	IDInfinity	((race == 1) && (floor_28 == 4))
1	IDInfinity	((race == 1) && (floor_29 == 6))
1	IDInfinity	((race == 1) && (floor_30 == 4))
1	IDInfinity	((race == 1) && (floor_31 == 3))
1	IDInfinity	((race == 1) && (floor_32 == 2))
1	IDInfinity	((race == 1) && (floor_33 == 6))
1	IDInfinity	((race == 1) && (floor_34 == 2))
1	IDInfinity	((race == 1) && (floor_35 == 7))
1	IDInfinity	((race == 1) && (floor_36 == 2))
1	IDInfinity	((race == 1) && (floor_37 == 5))
1	IDInfinity	((race == 1) && (floor_38 == 2))
1	IDInfinity	((race == 1) && (floor_39 == 4))
1	IDEternity_03	((race == 1) && (wave ==1))
1	IDInfinity	((race == 1) || (race == 2))
1	IDEternity_03	((race == 1)&&(hidden2 == 1))
1	IDEternity_03	((race == 1)&&(hidden3 == 1))
1	IDEternity_03	((race == 1)&&(zone2pass == 1))
1	IDEternity_03	((race == 1)&&(zone2pass == 2))
1	IDEternity_03	((race == 1)&&(zone3pass == 1))
1	IDEternity_03	((race == 1)&&(zone3pass == 2))
1	IDEternity_03	((race == 1)&&(zone4_end == 1))
1	IDEternity_03	((race == 1)&&(zone4pass == 1))
1	IDEternity_03	((race == 1)&&(zone4pass == 2))
1	IDInfinity	((race == 2) && (Condition_Infinity_PRE_SEASON_Floor == 1))
1	IDInfinity	((race == 2) && (Condition_Infinity_PRE_SEASON_Floor == 10))
1	IDInfinity	((race == 2) && (Condition_Infinity_PRE_SEASON_Floor == 11))
1	IDInfinity	((race == 2) && (Condition_Infinity_PRE_SEASON_Floor == 12))
1	IDInfinity	((race == 2) && (Condition_Infinity_PRE_SEASON_Floor == 13))
1	IDInfinity	((race == 2) && (Condition_Infinity_PRE_SEASON_Floor == 14))
1	IDInfinity	((race == 2) && (Condition_Infinity_PRE_SEASON_Floor == 15))
1	IDInfinity	((race == 2) && (Condition_Infinity_PRE_SEASON_Floor == 16))
1	IDInfinity	((race == 2) && (Condition_Infinity_PRE_SEASON_Floor == 17))
1	IDInfinity	((race == 2) && (Condition_Infinity_PRE_SEASON_Floor == 18))
1	IDInfinity	((race == 2) && (Condition_Infinity_PRE_SEASON_Floor == 19))
1	IDInfinity	((race == 2) && (Condition_Infinity_PRE_SEASON_Floor == 2))
1	IDInfinity	((race == 2) && (Condition_Infinity_PRE_SEASON_Floor == 20))
1	IDInfinity	((race == 2) && (Condition_Infinity_PRE_SEASON_Floor == 21))
1	IDInfinity	((race == 2) && (Condition_Infinity_PRE_SEASON_Floor == 22))
1	IDInfinity	((race == 2) && (Condition_Infinity_PRE_SEASON_Floor == 23))
1	IDInfinity	((race == 2) && (Condition_Infinity_PRE_SEASON_Floor == 24))
1	IDInfinity	((race == 2) && (Condition_Infinity_PRE_SEASON_Floor == 25))
1	IDInfinity	((race == 2) && (Condition_Infinity_PRE_SEASON_Floor == 26))
1	IDInfinity	((race == 2) && (Condition_Infinity_PRE_SEASON_Floor == 27))
1	IDInfinity	((race == 2) && (Condition_Infinity_PRE_SEASON_Floor == 28))
1	IDInfinity	((race == 2) && (Condition_Infinity_PRE_SEASON_Floor == 29))
1	IDInfinity	((race == 2) && (Condition_Infinity_PRE_SEASON_Floor == 3))
1	IDInfinity	((race == 2) && (Condition_Infinity_PRE_SEASON_Floor == 30))
1	IDInfinity	((race == 2) && (Condition_Infinity_PRE_SEASON_Floor == 31))
1	IDInfinity	((race == 2) && (Condition_Infinity_PRE_SEASON_Floor == 32))
1	IDInfinity	((race == 2) && (Condition_Infinity_PRE_SEASON_Floor == 33))
1	IDInfinity	((race == 2) && (Condition_Infinity_PRE_SEASON_Floor == 34))
1	IDInfinity	((race == 2) && (Condition_Infinity_PRE_SEASON_Floor == 35))
1	IDInfinity	((race == 2) && (Condition_Infinity_PRE_SEASON_Floor == 36))
1	IDInfinity	((race == 2) && (Condition_Infinity_PRE_SEASON_Floor == 37))
1	IDInfinity	((race == 2) && (Condition_Infinity_PRE_SEASON_Floor == 38))
1	IDInfinity	((race == 2) && (Condition_Infinity_PRE_SEASON_Floor == 39))
1	IDInfinity	((race == 2) && (Condition_Infinity_PRE_SEASON_Floor == 4))
1	IDInfinity	((race == 2) && (Condition_Infinity_PRE_SEASON_Floor == 40))
1	IDInfinity	((race == 2) && (Condition_Infinity_PRE_SEASON_Floor == 5))
1	IDInfinity	((race == 2) && (Condition_Infinity_PRE_SEASON_Floor == 6))
1	IDInfinity	((race == 2) && (Condition_Infinity_PRE_SEASON_Floor == 7))
1	IDInfinity	((race == 2) && (Condition_Infinity_PRE_SEASON_Floor == 8))
1	IDInfinity	((race == 2) && (Condition_Infinity_PRE_SEASON_Floor == 9))
1	IDInfinity	((race == 2) && (Condition_Infinity_THIS_SEASON_Floor == 1))
1	IDInfinity	((race == 2) && (Condition_Infinity_THIS_SEASON_Floor == 10))
1	IDInfinity	((race == 2) && (Condition_Infinity_THIS_SEASON_Floor == 11))
1	IDInfinity	((race == 2) && (Condition_Infinity_THIS_SEASON_Floor == 12))
1	IDInfinity	((race == 2) && (Condition_Infinity_THIS_SEASON_Floor == 13))
1	IDInfinity	((race == 2) && (Condition_Infinity_THIS_SEASON_Floor == 14))
1	IDInfinity	((race == 2) && (Condition_Infinity_THIS_SEASON_Floor == 15))
1	IDInfinity	((race == 2) && (Condition_Infinity_THIS_SEASON_Floor == 16))
1	IDInfinity	((race == 2) && (Condition_Infinity_THIS_SEASON_Floor == 17))
1	IDInfinity	((race == 2) && (Condition_Infinity_THIS_SEASON_Floor == 18))
1	IDInfinity	((race == 2) && (Condition_Infinity_THIS_SEASON_Floor == 19))
1	IDInfinity	((race == 2) && (Condition_Infinity_THIS_SEASON_Floor == 2))
1	IDInfinity	((race == 2) && (Condition_Infinity_THIS_SEASON_Floor == 20))
1	IDInfinity	((race == 2) && (Condition_Infinity_THIS_SEASON_Floor == 21))
1	IDInfinity	((race == 2) && (Condition_Infinity_THIS_SEASON_Floor == 22))
1	IDInfinity	((race == 2) && (Condition_Infinity_THIS_SEASON_Floor == 23))
1	IDInfinity	((race == 2) && (Condition_Infinity_THIS_SEASON_Floor == 24))
1	IDInfinity	((race == 2) && (Condition_Infinity_THIS_SEASON_Floor == 25))
1	IDInfinity	((race == 2) && (Condition_Infinity_THIS_SEASON_Floor == 26))
1	IDInfinity	((race == 2) && (Condition_Infinity_THIS_SEASON_Floor == 27))
1	IDInfinity	((race == 2) && (Condition_Infinity_THIS_SEASON_Floor == 28))
1	IDInfinity	((race == 2) && (Condition_Infinity_THIS_SEASON_Floor == 29))
1	IDInfinity	((race == 2) && (Condition_Infinity_THIS_SEASON_Floor == 3))
1	IDInfinity	((race == 2) && (Condition_Infinity_THIS_SEASON_Floor == 30))
1	IDInfinity	((race == 2) && (Condition_Infinity_THIS_SEASON_Floor == 31))
1	IDInfinity	((race == 2) && (Condition_Infinity_THIS_SEASON_Floor == 32))
1	IDInfinity	((race == 2) && (Condition_Infinity_THIS_SEASON_Floor == 33))
1	IDInfinity	((race == 2) && (Condition_Infinity_THIS_SEASON_Floor == 34))
1	IDInfinity	((race == 2) && (Condition_Infinity_THIS_SEASON_Floor == 35))
1	IDInfinity	((race == 2) && (Condition_Infinity_THIS_SEASON_Floor == 36))
1	IDInfinity	((race == 2) && (Condition_Infinity_THIS_SEASON_Floor == 37))
1	IDInfinity	((race == 2) && (Condition_Infinity_THIS_SEASON_Floor == 38))
1	IDInfinity	((race == 2) && (Condition_Infinity_THIS_SEASON_Floor == 39))
1	IDInfinity	((race == 2) && (Condition_Infinity_THIS_SEASON_Floor == 4))
1	IDInfinity	((race == 2) && (Condition_Infinity_THIS_SEASON_Floor == 40))
1	IDInfinity	((race == 2) && (Condition_Infinity_THIS_SEASON_Floor == 5))
1	IDInfinity	((race == 2) && (Condition_Infinity_THIS_SEASON_Floor == 6))
1	IDInfinity	((race == 2) && (Condition_Infinity_THIS_SEASON_Floor == 7))
1	IDInfinity	((race == 2) && (Condition_Infinity_THIS_SEASON_Floor == 8))
1	IDInfinity	((race == 2) && (Condition_Infinity_THIS_SEASON_Floor == 9))
1	IDInfinity	((race == 2) && (floor_01 == 5))
1	IDInfinity	((race == 2) && (floor_02 == 2))
1	IDInfinity	((race == 2) && (floor_03 == 7))
1	IDInfinity	((race == 2) && (floor_04 == 2))
1	IDInfinity	((race == 2) && (floor_05 == 6))
1	IDInfinity	((race == 2) && (floor_06 == 3))
1	IDInfinity	((race == 2) && (floor_07 == 10))
1	IDInfinity	((race == 2) && (floor_08 == 2))
1	IDInfinity	((race == 2) && (floor_09 == 6))
1	IDInfinity	((race == 2) && (floor_10 == 4))
1	IDInfinity	((race == 2) && (floor_11 == 7))
1	IDInfinity	((race == 2) && (floor_12 == 2))
1	IDInfinity	((race == 2) && (floor_13 == 8))
1	IDInfinity	((race == 2) && (floor_14 == 2))
1	IDInfinity	((race == 2) && (floor_15 == 6))
1	IDInfinity	((race == 2) && (floor_16 == 4))
1	IDInfinity	((race == 2) && (floor_17 == 5))
1	IDInfinity	((race == 2) && (floor_18 == 2))
1	IDInfinity	((race == 2) && (floor_19 == 6))
1	IDInfinity	((race == 2) && (floor_20 == 4))
1	IDInfinity	((race == 2) && (floor_21 == 6))
1	IDInfinity	((race == 2) && (floor_22 == 2))
1	IDInfinity	((race == 2) && (floor_23 == 5))
1	IDInfinity	((race == 2) && (floor_24 == 4))
1	IDInfinity	((race == 2) && (floor_25 == 6))
1	IDInfinity	((race == 2) && (floor_26 == 2))
1	IDInfinity	((race == 2) && (floor_27 == 6))
1	IDInfinity	((race == 2) && (floor_28 == 4))
1	IDInfinity	((race == 2) && (floor_29 == 6))
1	IDInfinity	((race == 2) && (floor_30 == 4))
1	IDInfinity	((race == 2) && (floor_31 == 3))
1	IDInfinity	((race == 2) && (floor_32 == 2))
1	IDInfinity	((race == 2) && (floor_33 == 6))
1	IDInfinity	((race == 2) && (floor_34 == 2))
1	IDInfinity	((race == 2) && (floor_35 == 7))
1	IDInfinity	((race == 2) && (floor_36 == 2))
1	IDInfinity	((race == 2) && (floor_37 == 5))
1	IDInfinity	((race == 2) && (floor_38 == 2))
1	IDInfinity	((race == 2) && (floor_39 == 4))
1	IDEternity_03	((race == 2) && (wave ==1))
1	IDEternity_03	((race == 2)&&(hidden2 == 1))
1	IDEternity_03	((race == 2)&&(hidden3 == 1))
1	IDEternity_03	((race == 2)&&(zone2pass == 1))
1	IDEternity_03	((race == 2)&&(zone2pass == 2))
1	IDEternity_03	((race == 2)&&(zone3pass == 1))
1	IDEternity_03	((race == 2)&&(zone3pass == 2))
1	IDEternity_03	((race == 2)&&(zone4_end == 1))
1	IDEternity_03	((race == 2)&&(zone4pass == 1))
1	IDEternity_03	((race == 2)&&(zone4pass == 2))
1	IDEternity_01	((teleport_01 < 2) && (teleport_02 < 2) && (teleport_03 < 2) && (teleport_04 < 2))
1	IDEternity_03	((zone3close == 1)&&(zone3_book > 1)) || ((zone3close == 1)&&(zone3_book < 1))
1	IDEternity_03	((zone3close == 1)&&(zone3_book > 10)) || ((zone3close == 1)&&(zone3_book < 10))
1	IDEternity_03	((zone3close == 1)&&(zone3_book > 11)) || ((zone3close == 1)&&(zone3_book < 11))
1	IDEternity_03	((zone3close == 1)&&(zone3_book > 12)) || ((zone3close == 1)&&(zone3_book < 12))
1	IDEternity_03	((zone3close == 1)&&(zone3_book > 13)) || ((zone3close == 1)&&(zone3_book < 13))
1	IDEternity_03	((zone3close == 1)&&(zone3_book > 14)) || ((zone3close == 1)&&(zone3_book < 14))
1	IDEternity_03	((zone3close == 1)&&(zone3_book > 15)) || ((zone3close == 1)&&(zone3_book < 15))
1	IDEternity_03	((zone3close == 1)&&(zone3_book > 16)) || ((zone3close == 1)&&(zone3_book < 16))
1	IDEternity_03	((zone3close == 1)&&(zone3_book > 17)) || ((zone3close == 1)&&(zone3_book < 17))
1	IDEternity_03	((zone3close == 1)&&(zone3_book > 18)) || ((zone3close == 1)&&(zone3_book < 18))
1	IDEternity_03	((zone3close == 1)&&(zone3_book > 19)) || ((zone3close == 1)&&(zone3_book < 19))
1	IDEternity_03	((zone3close == 1)&&(zone3_book > 2)) || ((zone3close == 1)&&(zone3_book < 2))
1	IDEternity_03	((zone3close == 1)&&(zone3_book > 20)) || ((zone3close == 1)&&(zone3_book < 20))
1	IDEternity_03	((zone3close == 1)&&(zone3_book > 21)) || ((zone3close == 1)&&(zone3_book < 21))
1	IDEternity_03	((zone3close == 1)&&(zone3_book > 22)) || ((zone3close == 1)&&(zone3_book < 22))
1	IDEternity_03	((zone3close == 1)&&(zone3_book > 23)) || ((zone3close == 1)&&(zone3_book < 23))
1	IDEternity_03	((zone3close == 1)&&(zone3_book > 24)) || ((zone3close == 1)&&(zone3_book < 24))
1	IDEternity_03	((zone3close == 1)&&(zone3_book > 25)) || ((zone3close == 1)&&(zone3_book < 25))
1	IDEternity_03	((zone3close == 1)&&(zone3_book > 3)) || ((zone3close == 1)&&(zone3_book < 3))
1	IDEternity_03	((zone3close == 1)&&(zone3_book > 4)) || ((zone3close == 1)&&(zone3_book < 4))
1	IDEternity_03	((zone3close == 1)&&(zone3_book > 5)) || ((zone3close == 1)&&(zone3_book < 5))
1	IDEternity_03	((zone3close == 1)&&(zone3_book > 6)) || ((zone3close == 1)&&(zone3_book < 6))
1	IDEternity_03	((zone3close == 1)&&(zone3_book > 7)) || ((zone3close == 1)&&(zone3_book < 7))
1	IDEternity_03	((zone3close == 1)&&(zone3_book > 8)) || ((zone3close == 1)&&(zone3_book < 8))
1	IDEternity_03	((zone3close == 1)&&(zone3_book > 9)) || ((zone3close == 1)&&(zone3_book < 9))
1	IDEternity_03	((zone4close == 1) && (zone4time == 1))
1	ab1	(1011_on == 1) && (arti_b == 2)
1	ab1	(1131_mistoff == 1) && (1132_mistoff == 1) && (1141_mistoff == 1)
1	ab1	(1131_out == 1) && (1131_in == 1)
1	ab1	(1131_rewardcon_d_set == 1) && (1131_mistoff == 1) && (1132_mistoff == 1) && (1141_mistoff == 1
1	ab1	(1131_rewardcon_l_set == 1) && (1131_mistoff == 1) && (1132_mistoff == 1) && (1141_mistoff == 1)
1	ab1	(1132_out == 1) && (1132_in == 1)
1	ab1	(1132_rewardcon_d_set == 1) && (1131_mistoff == 1) &&(1132_mistoff == 1) && (1141_mistoff == 1)
1	ab1	(1132_rewardcon_l_set == 1) && (1131_mistoff == 1) && (1132_mistoff == 1) && (1141_mistoff == 1)
1	ab1	(1141_out == 1) && (1141_in == 1)
1	IDAb1_Ere	(3f_restroom == 1) && (heal_play == 1)
1	IDAb1_Ere	(3f_restroom == 2) && (heal_play == 1)
1	IDAb1_Ere	(3f_restroom == 3) && (heal_play == 1)
1	IDSweep_02	(4STAGE_PHASE>=139) && (4STAGE_ELITE>=3)
1	IDSweep_02	(4STAGE_PHASE>=182) && (4STAGE_ELITE>=4)
1	IDSweep_02	(4STAGE_PHASE>=66) && (4STAGE_ELITE>=1)
1	IDSweep_02	(4STAGE_PHASE>=99) && (4STAGE_ELITE>=2)
1	ldf5b	(6011 == 1) && (6011Boss == 1)
1	ldf5b	(6011off==1) && (6021on==1)
1	ldf5b	(6011on==1) && (6021off==1)
1	ldf5b	(6011on==1) && (6021on==1)
1	ldf5b	(6021 == 1) && (6021Boss == 1)
1	ab1	(Ab1_1211_re_Mon == 1) || (Ab1_1211_re_Wed == 1) || (Ab1_1211_re_Fri == 1) || (Ab1_1211_re_Sun == 1)
1	ab1	(Ab1_1221_re_Mon == 1) || (Ab1_1221_re_Thu == 1) || (Ab1_1221_re_Sun == 1)
1	ab1	(Ab1_1231_re_Tue == 1) || (Ab1_1231_re_Fri == 1) || (Ab1_1231_re_Sun == 1)
1	ab1	(Ab1_1241_re_Wed == 1) || (Ab1_1241_re_Sat == 1) || (Ab1_1241_re_Sun == 1)
1	ab1	(Ab1_1251_re_Tue == 1) || (Ab1_1251_re_Thu == 1) || (Ab1_1251_re_Sat == 1) || (Ab1_1251_re_Sun == 1)
1	IDLDF5_Under_01_War	(BaseDark == 3) && (BaseLight == 1) && (Battle_2 >= 1)
1	IDLDF5_Under_01_War	(BaseDark == 4) && (Battle_3 == 1) && (C_RaceLight >= 1)
1	IDLDF5_Under_01_War	(BaseDark == 4) && (Battle_3 == 1) && (D_RaceLight >= 1)
1	IDLDF5_Under_01_War	(BaseLight == 1) && (BaseDark == 3) && (Battle_2 >= 1)
1	IDLDF5_Under_01_War	(BaseLight == 4) && (Battle_3 == 1) && (C_RaceDark >= 1)
1	IDLDF5_Under_01_War	(BaseLight == 4) && (Battle_3 == 1) && (D_RaceDark >= 1)
1	IDLDF5_Under_01_War	(BaseTakeDark_1_1 >= 1) && (Battle_2 >= 1)
1	IDLDF5_Under_01_War	(BaseTakeDark_1_1 >= 1) && (EastWest >= 1) && (Battle_3 >= 1)
1	IDLDF5_Under_01_War	(BaseTakeDark_1_2 >= 1) && (Battle_1 >= 1)
1	IDLDF5_Under_01_War	(BaseTakeDark_1_2 >= 1) && (SouthNorth >= 1) && (Battle_3 >= 1)
1	IDLDF5_Under_01_War	(BaseTakeDark_1_3 >= 1) && (Battle_1 >= 1)
1	IDLDF5_Under_01_War	(BaseTakeDark_1_3 >= 1) && (SouthNorth >= 1) && (Battle_3 >= 1)
1	IDLDF5_Under_01_War	(BaseTakeDark_1_4 >= 1) && (Battle_2 >= 1)
1	IDLDF5_Under_01_War	(BaseTakeDark_1_4 >= 1) && (EastWest >= 1) && (Battle_3 >= 1)
1	IDLDF5_Under_01_War	(BaseTakeLight_1_1 >= 1) && (Battle_2 >= 1)
1	IDLDF5_Under_01_War	(BaseTakeLight_1_1 >= 1) && (EastWest >= 1) && (Battle_3 >= 1)
1	IDLDF5_Under_01_War	(BaseTakeLight_1_2 >= 1) && (Battle_1 >= 1)
1	IDLDF5_Under_01_War	(BaseTakeLight_1_2 >= 1) && (SouthNorth >= 1) && (Battle_3 >= 1)
1	IDLDF5_Under_01_War	(BaseTakeLight_1_3 >= 1) && (Battle_1 >= 1)
1	IDLDF5_Under_01_War	(BaseTakeLight_1_3 >= 1) && (SouthNorth >= 1) && (Battle_3 >= 1)
1	IDLDF5_Under_01_War	(BaseTakeLight_1_4 >= 1) && (Battle_2 >= 1)
1	IDLDF5_Under_01_War	(BaseTakeLight_1_4 >= 1) && (EastWest >= 1) && (Battle_3 >= 1)
1	iddf2flying_event01	(Condition_S3>=1)&&(Condition_S3<=173)
1	iddf2flying_event01	(Condition_S3>=107)&&(Condition_S3<=173)
1	iddf2flying_event01	(Condition_S4>=1)&&(Condition_S4<140)
1	df3	(DF3_1_Village==2) && (SpecialServer_Cond == 0)
1	df3	(DF3_1_Village==3) && (SpecialServer_Cond == 0)
1	df3	(DF3_2_Village==2) && (SpecialServer_Cond == 0)
1	df3	(DF3_2_Village==3) && (SpecialServer_Cond == 0)
1	ab1	(D_BuildupLevel >= 6) && (Crotan_Da <= 0)
1	ab1	(D_BuildupLevel >= 6) && (Dkisas_Da <= 0)
1	ab1	(D_BuildupLevel >= 6) && (Lamiren_Da <= 0)
1	lf2	(DirectPortalDest_13 == 1)&&(SpecialServer_Cond == 0)
1	LF5	(DirectPortalDest_79 == 1) && (InterServer_Cond == 0) && (SpecialServer_Cond == 0)
1	LF5	(DirectPortalDest_80 == 1) && (InterServer_Cond == 0) && (SpecialServer_Cond == 0)
1	LF5	(DirectPortalDest_81 == 1) && (InterServer_Cond == 0) && (SpecialServer_Cond == 0)
1	IDEternity_01	(End_Boss_Die == 2) && (Race == 1)
1	IDEternity_01	(End_Boss_Die == 2) && (Race == 2)
1	df6	(F6_Raid_Spawn >= 1) && (F6_Drop_Spawn == 2)
1	df6	(F6_Raid_Spawn >= 1) && (F6_Drop_Spawn == 3)
1	df6	(F6_Raid_Spawn >= 1) && (F6_Drop_Spawn == 4)
1	df6	(F6_Raid_Spawn >= 1) && (F6_Drop_Spawn == 5)
1	IDTemple_Up	(FanaticElNBoss == 1) && (SpecialServer_Cond == 0)
1	IDTemple_Up	(FanaticElNBoss == 1) && (SpecialServer_Cond == 1)
1	idlf1	(GRADE == 1) && (master_boss == 1)
1	idlf1	(GRADE == 2) && (master_boss == 1)
1	housing_df_personal	(HDFP_ID_TOWN_A_1_LV==2)&&(HDFP_ID_TOWN_A_1_LV_TICK<432)
1	housing_df_personal	(HDFP_ID_TOWN_A_1_LV==3)&&(HDFP_ID_TOWN_A_1_LV_TICK<432)
1	housing_df_personal	(HDFP_ID_TOWN_A_1_LV==4)&&(HDFP_ID_TOWN_A_1_LV_TICK<432)
1	housing_df_personal	(HDFP_ID_TOWN_A_2_LV==2)&&(HDFP_ID_TOWN_A_2_LV_TICK<432)
1	housing_df_personal	(HDFP_ID_TOWN_A_2_LV==3)&&(HDFP_ID_TOWN_A_2_LV_TICK<432)
1	housing_df_personal	(HDFP_ID_TOWN_A_2_LV==4)&&(HDFP_ID_TOWN_A_2_LV_TICK<432)
1	housing_df_personal	(HDFP_ID_TOWN_A_3_LV==2)&&(HDFP_ID_TOWN_A_3_LV_TICK<432)
1	housing_df_personal	(HDFP_ID_TOWN_A_3_LV==3)&&(HDFP_ID_TOWN_A_3_LV_TICK<432)
1	housing_df_personal	(HDFP_ID_TOWN_A_3_LV==4)&&(HDFP_ID_TOWN_A_3_LV_TICK<432)
1	housing_df_personal	(HDFP_ID_TOWN_A_LV==2)&&(HDFP_ID_TOWN_A_LV_TICK<432)
1	housing_df_personal	(HDFP_ID_TOWN_A_LV==3)&&(HDFP_ID_TOWN_A_LV_TICK<432)
1	housing_df_personal	(HDFP_ID_TOWN_A_LV==4)&&(HDFP_ID_TOWN_A_LV_TICK<432)
1	housing_df_personal	(HDFP_ID_TOWN_B_1_LV==2)&&(HDFP_ID_TOWN_B_1_LV_TICK<432)
1	housing_df_personal	(HDFP_ID_TOWN_B_1_LV==3)&&(HDFP_ID_TOWN_B_1_LV_TICK<432)
1	housing_df_personal	(HDFP_ID_TOWN_B_1_LV==4)&&(HDFP_ID_TOWN_B_1_LV_TICK<432)
1	housing_df_personal	(HDFP_ID_TOWN_B_2_LV==2)&&(HDFP_ID_TOWN_B_2_LV_TICK<432)
1	housing_df_personal	(HDFP_ID_TOWN_B_2_LV==3)&&(HDFP_ID_TOWN_B_2_LV_TICK<432)
1	housing_df_personal	(HDFP_ID_TOWN_B_2_LV==4)&&(HDFP_ID_TOWN_B_2_LV_TICK<432)
1	housing_df_personal	(HDFP_ID_TOWN_B_3_LV==2)&&(HDFP_ID_TOWN_B_3_LV_TICK<432)
1	housing_df_personal	(HDFP_ID_TOWN_B_3_LV==3)&&(HDFP_ID_TOWN_B_3_LV_TICK<432)
1	housing_df_personal	(HDFP_ID_TOWN_B_3_LV==4)&&(HDFP_ID_TOWN_B_3_LV_TICK<432)
1	housing_df_personal	(HDFP_ID_TOWN_B_4_LV==2)&&(HDFP_ID_TOWN_B_4_LV_TICK<432)
1	housing_df_personal	(HDFP_ID_TOWN_B_4_LV==3)&&(HDFP_ID_TOWN_B_4_LV_TICK<432)
1	housing_df_personal	(HDFP_ID_TOWN_B_4_LV==4)&&(HDFP_ID_TOWN_B_4_LV_TICK<432)
1	housing_df_personal	(HDFP_ID_TOWN_B_5_LV==2)&&(HDFP_ID_TOWN_B_5_LV_TICK<432)
1	housing_df_personal	(HDFP_ID_TOWN_B_5_LV==3)&&(HDFP_ID_TOWN_B_5_LV_TICK<432)
1	housing_df_personal	(HDFP_ID_TOWN_B_5_LV==4)&&(HDFP_ID_TOWN_B_5_LV_TICK<432)
1	housing_df_personal	(HDFP_ID_TOWN_B_6_LV==2)&&(HDFP_ID_TOWN_B_6_LV_TICK<432)
1	housing_df_personal	(HDFP_ID_TOWN_B_6_LV==3)&&(HDFP_ID_TOWN_B_6_LV_TICK<432)
1	housing_df_personal	(HDFP_ID_TOWN_B_6_LV==4)&&(HDFP_ID_TOWN_B_6_LV_TICK<432)
1	housing_df_personal	(HDFP_ID_TOWN_B_7_LV==2)&&(HDFP_ID_TOWN_B_7_LV_TICK<432)
1	housing_df_personal	(HDFP_ID_TOWN_B_7_LV==3)&&(HDFP_ID_TOWN_B_7_LV_TICK<432)
1	housing_df_personal	(HDFP_ID_TOWN_B_7_LV==4)&&(HDFP_ID_TOWN_B_7_LV_TICK<432)
1	housing_df_personal	(HDFP_ID_TOWN_B_8_LV==2)&&(HDFP_ID_TOWN_B_8_LV_TICK<432)
1	housing_df_personal	(HDFP_ID_TOWN_B_8_LV==3)&&(HDFP_ID_TOWN_B_8_LV_TICK<432)
1	housing_df_personal	(HDFP_ID_TOWN_B_8_LV==4)&&(HDFP_ID_TOWN_B_8_LV_TICK<432)
1	housing_df_personal	(HDFP_ID_TOWN_B_LV==2)&&(HDFP_ID_TOWN_B_LV_TICK<432)
1	housing_df_personal	(HDFP_ID_TOWN_B_LV==3)&&(HDFP_ID_TOWN_B_LV_TICK<432)
1	housing_df_personal	(HDFP_ID_TOWN_B_LV==4)&&(HDFP_ID_TOWN_B_LV_TICK<432)
1	housing_df_personal	(HDFP_ID_TOWN_C_10_LV==2)&&(HDFP_ID_TOWN_C_10_LV_TICK<432)
1	housing_df_personal	(HDFP_ID_TOWN_C_10_LV==3)&&(HDFP_ID_TOWN_C_10_LV_TICK<432)
1	housing_df_personal	(HDFP_ID_TOWN_C_10_LV==4)&&(HDFP_ID_TOWN_C_10_LV_TICK<432)
1	housing_df_personal	(HDFP_ID_TOWN_C_11_LV==2)&&(HDFP_ID_TOWN_C_11_LV_TICK<432)
1	housing_df_personal	(HDFP_ID_TOWN_C_11_LV==3)&&(HDFP_ID_TOWN_C_11_LV_TICK<432)
1	housing_df_personal	(HDFP_ID_TOWN_C_11_LV==4)&&(HDFP_ID_TOWN_C_11_LV_TICK<432)
1	housing_df_personal	(HDFP_ID_TOWN_C_1_LV==2)&&(HDFP_ID_TOWN_C_1_LV_TICK<432)
1	housing_df_personal	(HDFP_ID_TOWN_C_1_LV==3)&&(HDFP_ID_TOWN_C_1_LV_TICK<432)
1	housing_df_personal	(HDFP_ID_TOWN_C_1_LV==4)&&(HDFP_ID_TOWN_C_1_LV_TICK<432)
1	housing_df_personal	(HDFP_ID_TOWN_C_2_LV==2)&&(HDFP_ID_TOWN_C_2_LV_TICK<432)
1	housing_df_personal	(HDFP_ID_TOWN_C_2_LV==3)&&(HDFP_ID_TOWN_C_2_LV_TICK<432)
1	housing_df_personal	(HDFP_ID_TOWN_C_2_LV==4)&&(HDFP_ID_TOWN_C_2_LV_TICK<432)
1	housing_df_personal	(HDFP_ID_TOWN_C_3_LV==2)&&(HDFP_ID_TOWN_C_3_LV_TICK<432)
1	housing_df_personal	(HDFP_ID_TOWN_C_3_LV==3)&&(HDFP_ID_TOWN_C_3_LV_TICK<432)
1	housing_df_personal	(HDFP_ID_TOWN_C_3_LV==4)&&(HDFP_ID_TOWN_C_3_LV_TICK<432)
1	housing_df_personal	(HDFP_ID_TOWN_C_4_LV==2)&&(HDFP_ID_TOWN_C_4_LV_TICK<432)
1	housing_df_personal	(HDFP_ID_TOWN_C_4_LV==3)&&(HDFP_ID_TOWN_C_4_LV_TICK<432)
1	housing_df_personal	(HDFP_ID_TOWN_C_4_LV==4)&&(HDFP_ID_TOWN_C_4_LV_TICK<432)
1	housing_df_personal	(HDFP_ID_TOWN_C_5_LV==2)&&(HDFP_ID_TOWN_C_5_LV_TICK<432)
1	housing_df_personal	(HDFP_ID_TOWN_C_5_LV==3)&&(HDFP_ID_TOWN_C_5_LV_TICK<432)
1	housing_df_personal	(HDFP_ID_TOWN_C_5_LV==4)&&(HDFP_ID_TOWN_C_5_LV_TICK<432)
1	housing_df_personal	(HDFP_ID_TOWN_C_6_LV==2)&&(HDFP_ID_TOWN_C_6_LV_TICK<432)
1	housing_df_personal	(HDFP_ID_TOWN_C_6_LV==3)&&(HDFP_ID_TOWN_C_6_LV_TICK<432)
1	housing_df_personal	(HDFP_ID_TOWN_C_6_LV==4)&&(HDFP_ID_TOWN_C_6_LV_TICK<432)
1	housing_df_personal	(HDFP_ID_TOWN_C_7_LV==2)&&(HDFP_ID_TOWN_C_7_LV_TICK<432)
1	housing_df_personal	(HDFP_ID_TOWN_C_7_LV==3)&&(HDFP_ID_TOWN_C_7_LV_TICK<432)
1	housing_df_personal	(HDFP_ID_TOWN_C_7_LV==4)&&(HDFP_ID_TOWN_C_7_LV_TICK<432)
1	housing_df_personal	(HDFP_ID_TOWN_C_8_LV==2)&&(HDFP_ID_TOWN_C_8_LV_TICK<432)
1	housing_df_personal	(HDFP_ID_TOWN_C_8_LV==3)&&(HDFP_ID_TOWN_C_8_LV_TICK<432)
1	housing_df_personal	(HDFP_ID_TOWN_C_8_LV==4)&&(HDFP_ID_TOWN_C_8_LV_TICK<432)
1	housing_df_personal	(HDFP_ID_TOWN_C_9_LV==2)&&(HDFP_ID_TOWN_C_9_LV_TICK<432)
1	housing_df_personal	(HDFP_ID_TOWN_C_9_LV==3)&&(HDFP_ID_TOWN_C_9_LV_TICK<432)
1	housing_df_personal	(HDFP_ID_TOWN_C_9_LV==4)&&(HDFP_ID_TOWN_C_9_LV_TICK<432)
1	housing_df_personal	(HDFP_ID_TOWN_C_LV==2)&&(HDFP_ID_TOWN_C_LV_TICK<432)
1	housing_df_personal	(HDFP_ID_TOWN_C_LV==3)&&(HDFP_ID_TOWN_C_LV_TICK<432)
1	housing_df_personal	(HDFP_ID_TOWN_C_LV==4)&&(HDFP_ID_TOWN_C_LV_TICK<432)
1	housing_lf_personal	(HLFP_ID_TOWN_A_1_LV==2)&&(HLFP_ID_TOWN_A_1_LV_TICK<432)
1	housing_lf_personal	(HLFP_ID_TOWN_A_1_LV==3)&&(HLFP_ID_TOWN_A_1_LV_TICK<432)
1	housing_lf_personal	(HLFP_ID_TOWN_A_1_LV==4)&&(HLFP_ID_TOWN_A_1_LV_TICK<432)
1	housing_lf_personal	(HLFP_ID_TOWN_A_2_LV==2)&&(HLFP_ID_TOWN_A_2_LV_TICK<432)
1	housing_lf_personal	(HLFP_ID_TOWN_A_2_LV==3)&&(HLFP_ID_TOWN_A_2_LV_TICK<432)
1	housing_lf_personal	(HLFP_ID_TOWN_A_2_LV==4)&&(HLFP_ID_TOWN_A_2_LV_TICK<432)
1	housing_lf_personal	(HLFP_ID_TOWN_A_3_LV==2)&&(HLFP_ID_TOWN_A_3_LV_TICK<432)
1	housing_lf_personal	(HLFP_ID_TOWN_A_3_LV==3)&&(HLFP_ID_TOWN_A_3_LV_TICK<432)
1	housing_lf_personal	(HLFP_ID_TOWN_A_3_LV==4)&&(HLFP_ID_TOWN_A_3_LV_TICK<432)
1	housing_lf_personal	(HLFP_ID_TOWN_A_LV==2)&&(HLFP_ID_TOWN_A_LV_TICK<432)
1	housing_lf_personal	(HLFP_ID_TOWN_A_LV==3)&&(HLFP_ID_TOWN_A_LV_TICK<432)
1	housing_lf_personal	(HLFP_ID_TOWN_A_LV==4)&&(HLFP_ID_TOWN_A_LV_TICK<432)
1	housing_lf_personal	(HLFP_ID_TOWN_B_1_LV==2)&&(HLFP_ID_TOWN_B_1_LV_TICK<432)
1	housing_lf_personal	(HLFP_ID_TOWN_B_1_LV==3)&&(HLFP_ID_TOWN_B_1_LV_TICK<432)
1	housing_lf_personal	(HLFP_ID_TOWN_B_1_LV==4)&&(HLFP_ID_TOWN_B_1_LV_TICK<432)
1	housing_lf_personal	(HLFP_ID_TOWN_B_2_LV==2)&&(HLFP_ID_TOWN_B_2_LV_TICK<432)
1	housing_lf_personal	(HLFP_ID_TOWN_B_2_LV==3)&&(HLFP_ID_TOWN_B_2_LV_TICK<432)
1	housing_lf_personal	(HLFP_ID_TOWN_B_2_LV==4)&&(HLFP_ID_TOWN_B_2_LV_TICK<432)
1	housing_lf_personal	(HLFP_ID_TOWN_B_3_LV==2)&&(HLFP_ID_TOWN_B_3_LV_TICK<432)
1	housing_lf_personal	(HLFP_ID_TOWN_B_3_LV==3)&&(HLFP_ID_TOWN_B_3_LV_TICK<432)
1	housing_lf_personal	(HLFP_ID_TOWN_B_3_LV==4)&&(HLFP_ID_TOWN_B_3_LV_TICK<432)
1	housing_lf_personal	(HLFP_ID_TOWN_B_4_LV==2)&&(HLFP_ID_TOWN_B_4_LV_TICK<432)
1	housing_lf_personal	(HLFP_ID_TOWN_B_4_LV==3)&&(HLFP_ID_TOWN_B_4_LV_TICK<432)
1	housing_lf_personal	(HLFP_ID_TOWN_B_4_LV==4)&&(HLFP_ID_TOWN_B_4_LV_TICK<432)
1	housing_lf_personal	(HLFP_ID_TOWN_B_5_LV==2)&&(HLFP_ID_TOWN_B_5_LV_TICK<432)
1	housing_lf_personal	(HLFP_ID_TOWN_B_5_LV==3)&&(HLFP_ID_TOWN_B_5_LV_TICK<432)
1	housing_lf_personal	(HLFP_ID_TOWN_B_5_LV==4)&&(HLFP_ID_TOWN_B_5_LV_TICK<432)
1	housing_lf_personal	(HLFP_ID_TOWN_B_6_LV==2)&&(HLFP_ID_TOWN_B_6_LV_TICK<432)
1	housing_lf_personal	(HLFP_ID_TOWN_B_6_LV==3)&&(HLFP_ID_TOWN_B_6_LV_TICK<432)
1	housing_lf_personal	(HLFP_ID_TOWN_B_6_LV==4)&&(HLFP_ID_TOWN_B_6_LV_TICK<432)
1	housing_lf_personal	(HLFP_ID_TOWN_B_7_LV==2)&&(HLFP_ID_TOWN_B_7_LV_TICK<432)
1	housing_lf_personal	(HLFP_ID_TOWN_B_7_LV==3)&&(HLFP_ID_TOWN_B_7_LV_TICK<432)
1	housing_lf_personal	(HLFP_ID_TOWN_B_7_LV==4)&&(HLFP_ID_TOWN_B_7_LV_TICK<432)
1	housing_lf_personal	(HLFP_ID_TOWN_B_8_LV==2)&&(HLFP_ID_TOWN_B_8_LV_TICK<432)
1	housing_lf_personal	(HLFP_ID_TOWN_B_8_LV==3)&&(HLFP_ID_TOWN_B_8_LV_TICK<432)
1	housing_lf_personal	(HLFP_ID_TOWN_B_8_LV==4)&&(HLFP_ID_TOWN_B_8_LV_TICK<432)
1	housing_lf_personal	(HLFP_ID_TOWN_B_LV==2)&&(HLFP_ID_TOWN_B_LV_TICK<432)
1	housing_lf_personal	(HLFP_ID_TOWN_B_LV==3)&&(HLFP_ID_TOWN_B_LV_TICK<432)
1	housing_lf_personal	(HLFP_ID_TOWN_B_LV==4)&&(HLFP_ID_TOWN_B_LV_TICK<432)
1	housing_lf_personal	(HLFP_ID_TOWN_C_10_LV==2)&&(HLFP_ID_TOWN_C_10_LV_TICK<432)
1	housing_lf_personal	(HLFP_ID_TOWN_C_10_LV==3)&&(HLFP_ID_TOWN_C_10_LV_TICK<432)
1	housing_lf_personal	(HLFP_ID_TOWN_C_10_LV==4)&&(HLFP_ID_TOWN_C_10_LV_TICK<432)
1	housing_lf_personal	(HLFP_ID_TOWN_C_11_LV==2)&&(HLFP_ID_TOWN_C_11_LV_TICK<432)
1	housing_lf_personal	(HLFP_ID_TOWN_C_11_LV==3)&&(HLFP_ID_TOWN_C_11_LV_TICK<432)
1	housing_lf_personal	(HLFP_ID_TOWN_C_11_LV==4)&&(HLFP_ID_TOWN_C_11_LV_TICK<432)
1	housing_lf_personal	(HLFP_ID_TOWN_C_1_LV==2)&&(HLFP_ID_TOWN_C_1_LV_TICK<432)
1	housing_lf_personal	(HLFP_ID_TOWN_C_1_LV==3)&&(HLFP_ID_TOWN_C_1_LV_TICK<432)
1	housing_lf_personal	(HLFP_ID_TOWN_C_1_LV==4)&&(HLFP_ID_TOWN_C_1_LV_TICK<432)
1	housing_lf_personal	(HLFP_ID_TOWN_C_2_LV==2)&&(HLFP_ID_TOWN_C_2_LV_TICK<432)
1	housing_lf_personal	(HLFP_ID_TOWN_C_2_LV==3)&&(HLFP_ID_TOWN_C_2_LV_TICK<432)
1	housing_lf_personal	(HLFP_ID_TOWN_C_2_LV==4)&&(HLFP_ID_TOWN_C_2_LV_TICK<432)
1	housing_lf_personal	(HLFP_ID_TOWN_C_3_LV==2)&&(HLFP_ID_TOWN_C_3_LV_TICK<432)
1	housing_lf_personal	(HLFP_ID_TOWN_C_3_LV==3)&&(HLFP_ID_TOWN_C_3_LV_TICK<432)
1	housing_lf_personal	(HLFP_ID_TOWN_C_3_LV==4)&&(HLFP_ID_TOWN_C_3_LV_TICK<432)
1	housing_lf_personal	(HLFP_ID_TOWN_C_4_LV==2)&&(HLFP_ID_TOWN_C_4_LV_TICK<432)
1	housing_lf_personal	(HLFP_ID_TOWN_C_4_LV==3)&&(HLFP_ID_TOWN_C_4_LV_TICK<432)
1	housing_lf_personal	(HLFP_ID_TOWN_C_4_LV==4)&&(HLFP_ID_TOWN_C_4_LV_TICK<432)
1	housing_lf_personal	(HLFP_ID_TOWN_C_5_LV==2)&&(HLFP_ID_TOWN_C_5_LV_TICK<432)
1	housing_lf_personal	(HLFP_ID_TOWN_C_5_LV==3)&&(HLFP_ID_TOWN_C_5_LV_TICK<432)
1	housing_lf_personal	(HLFP_ID_TOWN_C_5_LV==4)&&(HLFP_ID_TOWN_C_5_LV_TICK<432)
1	housing_lf_personal	(HLFP_ID_TOWN_C_6_LV==2)&&(HLFP_ID_TOWN_C_6_LV_TICK<432)
1	housing_lf_personal	(HLFP_ID_TOWN_C_6_LV==3)&&(HLFP_ID_TOWN_C_6_LV_TICK<432)
1	housing_lf_personal	(HLFP_ID_TOWN_C_6_LV==4)&&(HLFP_ID_TOWN_C_6_LV_TICK<432)
1	housing_lf_personal	(HLFP_ID_TOWN_C_7_LV==2)&&(HLFP_ID_TOWN_C_7_LV_TICK<432)
1	housing_lf_personal	(HLFP_ID_TOWN_C_7_LV==3)&&(HLFP_ID_TOWN_C_7_LV_TICK<432)
1	housing_lf_personal	(HLFP_ID_TOWN_C_7_LV==4)&&(HLFP_ID_TOWN_C_7_LV_TICK<432)
1	housing_lf_personal	(HLFP_ID_TOWN_C_8_LV==2)&&(HLFP_ID_TOWN_C_8_LV_TICK<432)
1	housing_lf_personal	(HLFP_ID_TOWN_C_8_LV==3)&&(HLFP_ID_TOWN_C_8_LV_TICK<432)
1	housing_lf_personal	(HLFP_ID_TOWN_C_8_LV==4)&&(HLFP_ID_TOWN_C_8_LV_TICK<432)
1	housing_lf_personal	(HLFP_ID_TOWN_C_9_LV==2)&&(HLFP_ID_TOWN_C_9_LV_TICK<432)
1	housing_lf_personal	(HLFP_ID_TOWN_C_9_LV==3)&&(HLFP_ID_TOWN_C_9_LV_TICK<432)
1	housing_lf_personal	(HLFP_ID_TOWN_C_9_LV==4)&&(HLFP_ID_TOWN_C_9_LV_TICK<432)
1	housing_lf_personal	(HLFP_ID_TOWN_C_LV==2)&&(HLFP_ID_TOWN_C_LV_TICK<432)
1	housing_lf_personal	(HLFP_ID_TOWN_C_LV==3)&&(HLFP_ID_TOWN_C_LV_TICK<432)
1	housing_lf_personal	(HLFP_ID_TOWN_C_LV==4)&&(HLFP_ID_TOWN_C_LV_TICK<432)
1	idcatacombs	(IDCT_SpecterH_Spawn >= 10) && (SpecialServer_Cond == 0)
1	idcatacombs	(IDCT_SpecterH_Spawn >= 10) && (SpecialServer_Cond == 1)
1	idcatacombs	(IDCT_SpecterN_Spawn >= 10) && (SpecialServer_Cond == 0)
1	idcatacombs	(IDCT_SpecterN_Spawn >= 10) && (SpecialServer_Cond == 1)
1	IDF6_Dragon	(IDF6_Dragon_Start == 2) && (IDDF3_dragon_t_boss < 4)
1	idlf1	(IDLF1_BONUS_BOSS_KILL == 1)&&(GRADE == 3)
1	idlf1	(IDLF1_BONUS_BOSS_KILL == 1)&&(GRADE == 4)
1	idlf1	(IDLF1_BONUS_BOSS_KILL == 1)&&(GRADE == 5)
1	idlf1	(IDLF1_BONUS_BOSS_KILL == 1)&&(master_boss == 2)
1	IDSweep	(IDSweep_Reward==1)&&(PIG_DIE_A<=4)
1	IDSweep	(IDSweep_Reward==1)&&(PIG_DIE_B<=4)
1	IDSweep	(IDSweep_Reward==1)&&(PIG_DIE_C<=4)
1	IDSweep	(IDSweep_Reward==1)&&(REWARD_LARGE_A>=1)
1	IDSweep	(IDSweep_Reward==1)&&(REWARD_LARGE_A>=2)
1	IDSweep	(IDSweep_Reward==1)&&(REWARD_LARGE_A>=3)
1	IDSweep	(IDSweep_Reward==1)&&(REWARD_LARGE_A>=4)
1	IDSweep	(IDSweep_Reward==1)&&(REWARD_LARGE_A>=5)
1	IDSweep	(IDSweep_Reward==1)&&(REWARD_LARGE_B>=1)
1	IDSweep	(IDSweep_Reward==1)&&(REWARD_LARGE_B>=2)
1	IDSweep	(IDSweep_Reward==1)&&(REWARD_LARGE_B>=3)
1	IDSweep	(IDSweep_Reward==1)&&(REWARD_LARGE_B>=4)
1	IDSweep	(IDSweep_Reward==1)&&(REWARD_LARGE_B>=5)
1	IDSweep	(IDSweep_Reward==1)&&(REWARD_LARGE_C>=1)
1	IDSweep	(IDSweep_Reward==1)&&(REWARD_LARGE_C>=2)
1	IDSweep	(IDSweep_Reward==1)&&(REWARD_LARGE_C>=3)
1	IDSweep	(IDSweep_Reward==1)&&(REWARD_LARGE_C>=4)
1	IDSweep	(IDSweep_Reward==1)&&(REWARD_LARGE_C>=5)
1	IDSweep	(IDSweep_Reward==1)&&(REWARD_MEDIUM_A>=1)
1	IDSweep	(IDSweep_Reward==1)&&(REWARD_MEDIUM_A>=10)
1	IDSweep	(IDSweep_Reward==1)&&(REWARD_MEDIUM_A>=11)
1	IDSweep	(IDSweep_Reward==1)&&(REWARD_MEDIUM_A>=12)
1	IDSweep	(IDSweep_Reward==1)&&(REWARD_MEDIUM_A>=13)
1	IDSweep	(IDSweep_Reward==1)&&(REWARD_MEDIUM_A>=2)
1	IDSweep	(IDSweep_Reward==1)&&(REWARD_MEDIUM_A>=3)
1	IDSweep	(IDSweep_Reward==1)&&(REWARD_MEDIUM_A>=4)
1	IDSweep	(IDSweep_Reward==1)&&(REWARD_MEDIUM_A>=5)
1	IDSweep	(IDSweep_Reward==1)&&(REWARD_MEDIUM_A>=6)
1	IDSweep	(IDSweep_Reward==1)&&(REWARD_MEDIUM_A>=7)
1	IDSweep	(IDSweep_Reward==1)&&(REWARD_MEDIUM_A>=8)
1	IDSweep	(IDSweep_Reward==1)&&(REWARD_MEDIUM_A>=9)
1	IDSweep	(IDSweep_Reward==1)&&(REWARD_MEDIUM_B>=1)
1	IDSweep	(IDSweep_Reward==1)&&(REWARD_MEDIUM_B>=10)
1	IDSweep	(IDSweep_Reward==1)&&(REWARD_MEDIUM_B>=11)
1	IDSweep	(IDSweep_Reward==1)&&(REWARD_MEDIUM_B>=12)
1	IDSweep	(IDSweep_Reward==1)&&(REWARD_MEDIUM_B>=13)
1	IDSweep	(IDSweep_Reward==1)&&(REWARD_MEDIUM_B>=2)
1	IDSweep	(IDSweep_Reward==1)&&(REWARD_MEDIUM_B>=3)
1	IDSweep	(IDSweep_Reward==1)&&(REWARD_MEDIUM_B>=4)
1	IDSweep	(IDSweep_Reward==1)&&(REWARD_MEDIUM_B>=5)
1	IDSweep	(IDSweep_Reward==1)&&(REWARD_MEDIUM_B>=6)
1	IDSweep	(IDSweep_Reward==1)&&(REWARD_MEDIUM_B>=7)
1	IDSweep	(IDSweep_Reward==1)&&(REWARD_MEDIUM_B>=8)
1	IDSweep	(IDSweep_Reward==1)&&(REWARD_MEDIUM_B>=9)
1	IDSweep	(IDSweep_Reward==1)&&(REWARD_MEDIUM_C>=1)
1	IDSweep	(IDSweep_Reward==1)&&(REWARD_MEDIUM_C>=10)
1	IDSweep	(IDSweep_Reward==1)&&(REWARD_MEDIUM_C>=11)
1	IDSweep	(IDSweep_Reward==1)&&(REWARD_MEDIUM_C>=12)
1	IDSweep	(IDSweep_Reward==1)&&(REWARD_MEDIUM_C>=13)
1	IDSweep	(IDSweep_Reward==1)&&(REWARD_MEDIUM_C>=2)
1	IDSweep	(IDSweep_Reward==1)&&(REWARD_MEDIUM_C>=3)
1	IDSweep	(IDSweep_Reward==1)&&(REWARD_MEDIUM_C>=4)
1	IDSweep	(IDSweep_Reward==1)&&(REWARD_MEDIUM_C>=5)
1	IDSweep	(IDSweep_Reward==1)&&(REWARD_MEDIUM_C>=6)
1	IDSweep	(IDSweep_Reward==1)&&(REWARD_MEDIUM_C>=7)
1	IDSweep	(IDSweep_Reward==1)&&(REWARD_MEDIUM_C>=8)
1	IDSweep	(IDSweep_Reward==1)&&(REWARD_MEDIUM_C>=9)
1	IDSweep	(IDSweep_Reward==1)&&(REWARD_SMALL_A>=1)
1	IDSweep	(IDSweep_Reward==1)&&(REWARD_SMALL_A>=2)
1	IDSweep	(IDSweep_Reward==1)&&(REWARD_SMALL_A>=3)
1	IDSweep	(IDSweep_Reward==1)&&(REWARD_SMALL_A>=4)
1	IDSweep	(IDSweep_Reward==1)&&(REWARD_SMALL_A>=5)
1	IDSweep	(IDSweep_Reward==1)&&(REWARD_SMALL_A>=6)
1	IDSweep	(IDSweep_Reward==1)&&(REWARD_SMALL_A>=7)
1	IDSweep	(IDSweep_Reward==1)&&(REWARD_SMALL_B>=1)
1	IDSweep	(IDSweep_Reward==1)&&(REWARD_SMALL_B>=2)
1	IDSweep	(IDSweep_Reward==1)&&(REWARD_SMALL_B>=3)
1	IDSweep	(IDSweep_Reward==1)&&(REWARD_SMALL_B>=4)
1	IDSweep	(IDSweep_Reward==1)&&(REWARD_SMALL_B>=5)
1	IDSweep	(IDSweep_Reward==1)&&(REWARD_SMALL_B>=6)
1	IDSweep	(IDSweep_Reward==1)&&(REWARD_SMALL_B>=7)
1	IDSweep	(IDSweep_Reward==1)&&(REWARD_SMALL_C>=1)
1	IDSweep	(IDSweep_Reward==1)&&(REWARD_SMALL_C>=2)
1	IDSweep	(IDSweep_Reward==1)&&(REWARD_SMALL_C>=3)
1	IDSweep	(IDSweep_Reward==1)&&(REWARD_SMALL_C>=4)
1	IDSweep	(IDSweep_Reward==1)&&(REWARD_SMALL_C>=5)
1	IDSweep	(IDSweep_Reward==1)&&(REWARD_SMALL_C>=6)
1	IDSweep	(IDSweep_Reward==1)&&(REWARD_SMALL_C>=7)
1	ab1	(InterServer_Cond == 0) && (SpecialServer_Cond == 0) && (Ab1_Artifact_01_D == 1) && (D_BuildupLevel >= 8)
1	ab1	(InterServer_Cond == 0) && (SpecialServer_Cond == 0) && (Ab1_Artifact_01_L == 1) && (L_BuildupLevel >= 8)
1	ab1	(InterServer_Cond == 0) && (SpecialServer_Cond == 0) && (Ab1_Artifact_02_D == 1) && (D_BuildupLevel >= 8)
1	ab1	(InterServer_Cond == 0) && (SpecialServer_Cond == 0) && (Ab1_Artifact_02_L == 1) && (L_BuildupLevel >= 8)
1	ab1	(InterServer_Cond == 0) && (SpecialServer_Cond == 0) && (Ab1_Artifact_03_D == 1) && (D_BuildupLevel >= 8)
1	ab1	(InterServer_Cond == 0) && (SpecialServer_Cond == 0) && (Ab1_Artifact_03_L == 1) && (L_BuildupLevel >= 8)
1	ab1	(InterServer_Cond == 0) && (SpecialServer_Cond == 0) && (Ab1_Artifact_04_D == 1) && (D_BuildupLevel >= 8)
1	ab1	(InterServer_Cond == 0) && (SpecialServer_Cond == 0) && (Ab1_Artifact_04_L == 1) && (L_BuildupLevel >= 8)
1	ab1	(InterServer_Cond == 0) && (SpecialServer_Cond == 0) && (D_BuildupLevel >= 1) && (Dkisas_MistOn == 1)
1	ab1	(InterServer_Cond == 0) && (SpecialServer_Cond == 0) && (D_BuildupLevel >= 2) && (Crotan_MistOn == 1)
1	ab1	(InterServer_Cond == 0) && (SpecialServer_Cond == 0) && (D_BuildupLevel >= 2) && (Ramiren_MistOn == 1)
1	ab1	(InterServer_Cond == 0) && (SpecialServer_Cond == 0) && (D_BuildupLevel >= 8)
1	ab1	(InterServer_Cond == 0) && (SpecialServer_Cond == 0) && (L_BuildupLevel >= 1) && (Dkisas_MistOn == 1)
1	ab1	(InterServer_Cond == 0) && (SpecialServer_Cond == 0) && (L_BuildupLevel >= 2) && (Crotan_MistOn == 1)
1	ab1	(InterServer_Cond == 0) && (SpecialServer_Cond == 0) && (L_BuildupLevel >= 2) && (Ramiren_MistOn == 1)
1	ab1	(InterServer_Cond == 0) && (SpecialServer_Cond == 0) && (L_BuildupLevel >= 8)
1	ab1	(InterServer_Cond == 0) && (SpecialServer_Cond == 0) && ([SAVE]v01==2) && (L_BuildupLevel >= 6)
1	ab1	(InterServer_Cond == 0) && (SpecialServer_Cond == 0) && ([SAVE]v01==3) && (D_BuildupLevel >= 6)
1	ab1	(InterServer_Cond == 0) && (SpecialServer_Cond == 0) && ([SAVE]v02==2) && (L_BuildupLevel >= 6)
1	ab1	(InterServer_Cond == 0) && (SpecialServer_Cond == 0) && ([SAVE]v02==3) && (D_BuildupLevel >= 6)
1	ab1	(InterServer_Cond == 0) && (SpecialServer_Cond == 0) && ([SAVE]v03==2) && (L_BuildupLevel >= 6)
1	ab1	(InterServer_Cond == 0) && (SpecialServer_Cond == 0) && ([SAVE]v03==3) && (D_BuildupLevel >= 6)
1	ab1	(InterServer_Cond == 0) && (SpecialServer_Cond == 0) && ([SAVE]v04==2) && (L_BuildupLevel >= 6)
1	ab1	(InterServer_Cond == 0) && (SpecialServer_Cond == 0) && ([SAVE]v04==3) && (D_BuildupLevel >= 6)
1	ab1	(InterServer_Cond == 0) && (SpecialServer_Cond == 0) && ([SAVE]v05==2) && (L_BuildupLevel >= 6)
1	ab1	(InterServer_Cond == 0) && (SpecialServer_Cond == 0) && ([SAVE]v05==3) && (D_BuildupLevel >= 6)
1	ab1	(InterServer_Cond == 0) && (SpecialServer_Cond == 0) && ([SAVE]v06==2) && (L_BuildupLevel >= 6)
1	ab1	(InterServer_Cond == 0) && (SpecialServer_Cond == 0) && ([SAVE]v06==3) && (D_BuildupLevel >= 6)
1	ab1	(InterServer_Cond == 0) && (SpecialServer_Cond == 0) && ([SAVE]v07==2) && (L_BuildupLevel >= 4)
1	ab1	(InterServer_Cond == 0) && (SpecialServer_Cond == 0) && ([SAVE]v07==3) && (D_BuildupLevel >= 4)
1	ab1	(InterServer_Cond == 0) && (SpecialServer_Cond == 0) && ([SAVE]v08==2) && (L_BuildupLevel >= 4)
1	ab1	(InterServer_Cond == 0) && (SpecialServer_Cond == 0) && ([SAVE]v08==3) && (D_BuildupLevel >= 4)
1	ab1	(InterServer_Cond == 0) && (SpecialServer_Cond == 0) && ([SAVE]v09==2) && (L_BuildupLevel >= 4)
1	ab1	(InterServer_Cond == 0) && (SpecialServer_Cond == 0) && ([SAVE]v09==3) && (D_BuildupLevel >= 4)
1	ab1	(InterServer_Cond == 0) && (SpecialServer_Cond == 0) && ([SAVE]v10==2) && (L_BuildupLevel >= 4)
1	ab1	(InterServer_Cond == 0) && (SpecialServer_Cond == 0) && ([SAVE]v10==3) && (D_BuildupLevel >= 4)
1	ab1	(InterServer_Cond == 0) && (SpecialServer_Cond == 0) && ([SAVE]v11==2) && (L_BuildupLevel >= 4)
1	ab1	(InterServer_Cond == 0) && (SpecialServer_Cond == 0) && ([SAVE]v11==3) && (D_BuildupLevel >= 4)
1	ab1	(InterServer_Cond == 0) && (SpecialServer_Cond == 0) && ([SAVE]v12==2) && (L_BuildupLevel >= 4)
1	ab1	(InterServer_Cond == 0) && (SpecialServer_Cond == 0) && ([SAVE]v12==3) && (D_BuildupLevel >= 4)
1	lf2	(LF2_1_Village==2) && (SpecialServer_Cond == 0)
1	lf2	(LF2_1_Village==3) && (SpecialServer_Cond == 0)
1	lf2	(LF2_2_Village==2) && (SpecialServer_Cond == 0)
1	lf2	(LF2_2_Village==3) && (SpecialServer_Cond == 0)
1	ab1	(L_BuildupLevel >= 6) && (Crotan_Li <= 0)
1	ab1	(L_BuildupLevel >= 6) && (Dkisas_Li <= 0)
1	ab1	(L_BuildupLevel >= 6) && (Lamiren_Li <= 0)
1	IDLDF5_Under_02_War	(Li_Win_01 == 1) || (Da_Win_01 == 1)
1	IDLDF5_Under_02_War	(Li_Win_02 == 1) || (Da_Win_02 == 1)
1	IDLDF5_Under_02_War	(Li_Win_03 == 1) || (Da_Win_03 == 1)
1	IDLDF5_Under_02_War	(Li_Win_04 == 1) || (Da_Win_04 == 1)
1	IDLDF5_Under_02_War	(Li_Win_05 == 1) || (Da_Win_05 == 1)
1	idlf1	(MIDDLEBOSS_A_KILL == 1) && (MIDDLEBOSS_B_KILL == 1) && (MIDDLEBOSS_C_KILL == 1)
1	IDLDF4Re_01	(PC_Checkda == 1) && (Boss_cond == 1)
1	IDLDF4Re_01	(PC_Checkda == 1) && (Boss_cond == 2)
1	IDLDF4Re_01	(PC_Checkli == 1) && (Boss_cond == 1)
1	IDLDF4Re_01	(PC_Checkli == 1) && (Boss_cond == 2)
1	IDSeal	(PLAY_LEVEL == 1) && (DEFENCE_WAVE == 1)
1	IDSeal	(PLAY_LEVEL == 1) && (VRITRA == 1)
1	IDSeal	(PLAY_LEVEL == 2) && (DEFENCE_WAVE == 3)
1	IDSeal	(PLAY_LEVEL == 2) && (DEFENCE_WAVE == 3) && (RACE == 1)
1	IDSeal	(PLAY_LEVEL == 2) && (DEFENCE_WAVE == 3) && (RACE == 2)
1	IDSeal	(PLAY_LEVEL == 2) && (GUARDIAN_CHIEF == 11)
1	IDSeal	(PLAY_LEVEL == 2) && (GUARDIAN_CHIEF == 13)
1	IDSeal	(PLAY_LEVEL == 2) && (GUARDIAN_CHIEF == 14)
1	IDSeal	(PLAY_LEVEL == 2) && (GUARDIAN_CHIEF == 16)
1	IDSeal	(PLAY_LEVEL == 2) && (GUARDIAN_TIMER == 11)
1	IDSeal	(PLAY_LEVEL == 2) && (GUARDIAN_TIMER == 12)
1	IDSeal	(PLAY_LEVEL == 2) && (IMMORTAL == 1)
1	IDSeal	(PLAY_LEVEL == 2) && (IMMORTAL == 2) && (LEVEL_CHECK_2 < 4)
1	IDSeal	(PLAY_LEVEL == 2) && (IMMORTAL == 2) && (LEVEL_CHECK_2 == 4)
1	IDSeal	(PLAY_LEVEL == 2) && (IMMORTAL == 4)
1	IDSeal	(PLAY_LEVEL == 2) && (IMMORTAL == 6) && (LEVEL_CHECK_2 < 5)
1	IDSeal	(PLAY_LEVEL == 2) && (IMMORTAL == 6) && (LEVEL_CHECK_2 == 5)
1	IDSeal	(PLAY_LEVEL == 2) && (VRITRA == 1)
1	IDSeal	(PLAY_LEVEL == 3) && (BOSS_ROOM == 2)
1	IDSeal	(PLAY_LEVEL == 3) && (DEFENCE_WAVE == 3)
1	IDSeal	(PLAY_LEVEL == 3) && (DEFENCE_WAVE == 3) && (RACE == 1)
1	IDSeal	(PLAY_LEVEL == 3) && (DEFENCE_WAVE == 3) && (RACE == 2)
1	IDSeal	(PLAY_LEVEL == 3) && (FORWARD_NPC == 2)
1	IDSeal	(PLAY_LEVEL == 3) && (FORWARD_NPC == 4)
1	IDSeal	(PLAY_LEVEL == 3) && (FORWARD_NPC == 6)
1	IDSeal	(PLAY_LEVEL == 3) && (FORWARD_NPC == 8)
1	IDSeal	(PLAY_LEVEL == 3) && (GUARDIAN_CHIEF == 11)
1	IDSeal	(PLAY_LEVEL == 3) && (GUARDIAN_CHIEF == 12)
1	IDSeal	(PLAY_LEVEL == 3) && (GUARDIAN_CHIEF == 13)
1	IDSeal	(PLAY_LEVEL == 3) && (GUARDIAN_CHIEF == 14)
1	IDSeal	(PLAY_LEVEL == 3) && (GUARDIAN_CHIEF == 15)
1	IDSeal	(PLAY_LEVEL == 3) && (GUARDIAN_CHIEF == 16)
1	IDSeal	(PLAY_LEVEL == 3) && (GUARDIAN_TIMER == 11)
1	IDSeal	(PLAY_LEVEL == 3) && (GUARDIAN_TIMER == 12)
1	IDSeal	(PLAY_LEVEL == 3) && (IMMORTAL == 1)
1	IDSeal	(PLAY_LEVEL == 3) && (IMMORTAL == 2) && (LEVEL_CHECK_2 < 2)
1	IDSeal	(PLAY_LEVEL == 3) && (IMMORTAL == 2) && (LEVEL_CHECK_2 == 2)
1	IDSeal	(PLAY_LEVEL == 3) && (IMMORTAL == 4)
1	IDSeal	(PLAY_LEVEL == 3) && (IMMORTAL == 6) && (LEVEL_CHECK_2 < 3)
1	IDSeal	(PLAY_LEVEL == 3) && (IMMORTAL == 6) && (LEVEL_CHECK_2 == 3)
1	IDSeal	(PLAY_LEVEL == 3) && (SCENE == 29) && (RACE ==1)
1	IDSeal	(PLAY_LEVEL == 3) && (SCENE == 29) && (RACE ==2)
1	IDSeal	(PLAY_LEVEL == 3) && (TRUEBOSS_BUFF == 1)
1	IDSeal	(PLAY_LEVEL == 3) && (VRITRA == 1)
1	IDSeal	(PLAY_LEVEL == 3) && (VRITRA == 2)
1	IDSeal	(PLAY_LEVEL == 3) && (VRITRA == 3)
1	IDSeal	(PLAY_LEVEL == 3) && (VRITRA == 4)
1	IDSeal	(PLAY_LEVEL == 3) && (VRITRA_HEAL == 1)
1	IDSeal	(PLAY_LEVEL == 3) && (WAVE_LEADER == 5) && (LEVEL_CHECK_3 < 3)
1	IDSeal	(PLAY_LEVEL == 3) && (WAVE_LEADER == 5) && (LEVEL_CHECK_3 == 3)
1	IDSeal	(PLAY_LEVEL == 3) && (WAVE_LEADER == 5) && (LEVEL_CHECK_3 == 4)
1	IDSeal	(PLAY_LEVEL == 3) && (WAVE_LEADER == 5) && (LEVEL_CHECK_3 == 5)
1	GAb1_Sub	(PORTAL_CTRL == 1) && (DirectPortalDest_69 == 1)
1	GAb1_Sub	(PORTAL_CTRL == 1) && (DirectPortalDest_70 == 1)
1	GAb1_Sub	(PORTAL_CTRL == 1) && (DirectPortalDest_71 == 1)
1	GAb1_Sub	(PORTAL_CTRL == 1) && (DirectPortalDest_72 == 1)
1	IDSeal_Q	(RACE == 1) && (QUEST == 1)
1	IDSeal_Q	(RACE == 1) && (QUEST == 2)
1	IDSeal_Q	(RACE == 1) && (QUEST == 3)
1	IDSeal_Q	(RACE == 1) && (SCENE == 15)
1	IDSeal_Q	(RACE == 1) && (SCENE == 16)
1	IDSeal_Q	(RACE == 1) && (SCENE == 17 )
1	IDSeal_Q	(RACE == 2) && (QUEST == 1)
1	IDSeal_Q	(RACE == 2) && (QUEST == 2)
1	IDSeal_Q	(RACE == 2) && (QUEST == 3)
1	IDSeal_Q	(RACE == 2) && (SCENE == 15)
1	IDSeal_Q	(RACE == 2) && (SCENE == 16)
1	IDSeal_Q	(RACE == 2) && (SCENE == 17 )
1	IDEternity_01	(Road_Set == 8) || (Road_Set == 9) || (Road_Set == 11) || (Road_Set == 12)) && (2nd_Boss_Room == 1)
1	IDSeal	(SCENE == 18) && (RACE ==1)
1	IDSeal	(SCENE == 18) && (RACE ==2)
1	IDSeal	(SCENE == 19) && (RACE ==1)
1	IDSeal	(SCENE == 19) && (RACE ==2)
1	IDSeal	(SCENE == 20) && (RACE ==1)
1	IDSeal	(SCENE == 20) && (RACE ==2)
1	IDSeal	(SCENE == 21) && (RACE ==1)
1	IDSeal	(SCENE == 21) && (RACE ==2)
1	IDSeal	(SCENE == 24) && (RACE ==1)
1	IDSeal	(SCENE == 24)&& (RACE ==2)
1	IDSeal	(SCENE == 25)&& (RACE ==1)
1	IDSeal	(SCENE == 25)&& (RACE ==2)
1	idldf5b_td	(SpawnPointGrouptest4 == 1) && (Race == 1)
1	idldf5b_td	(SpawnPointGrouptest4 == 1) && (Race == 2)
1	idldf5b_td	(SpawnPointGrouptest5 == 1) && (Race == 1)
1	idldf5b_td	(SpawnPointGrouptest5 == 1) && (Race == 2)
1	idldf5b_td	(SpawnPointGrouptest6 == 1) && (Race == 1)
1	idldf5b_td	(SpawnPointGrouptest6 == 1) && (Race == 2)
1	idldf5b_td	(SpawnPointGrouptest7 == 1) && (Race == 1)
1	idldf5b_td	(SpawnPointGrouptest7 == 1) && (Race == 2)
1	idldf5b_td	(SpawnPointGrouptest8 == 1) && (Race == 1)
1	idldf5b_td	(SpawnPointGrouptest8 == 1) && (Race == 2)
1	IDEternity_01	(Spawn_Set == 1) || (Spawn_Set == 7)
1	IDEternity_01	(Spawn_Set == 10)
1	IDEternity_01	(Spawn_Set == 3) || (Spawn_Set == 6) || (Spawn_Set == 9)
1	idlf1	(SpecialServer_Cond == 0) && (GRADE == 1)
1	idlf1	(SpecialServer_Cond == 0) && (GRADE == 2)
1	idlf1	(SpecialServer_Cond == 0) && (GRADE == 3)
1	idlf1	(SpecialServer_Cond == 0) && (GRADE == 4)
1	idlf1	(SpecialServer_Cond == 0) && (GRADE == 5)
1	idlf1	(SpecialServer_Cond == 0) && (GRADE == 6)
1	idlf1	(SpecialServer_Cond == 0) && (MIDDLEBOSS_A_KILL == 1) && (MIDDLEBOSS_B_KILL == 1) && (MIDDLEBOSS_C_KILL == 1)
1	iddf3_dragon	(SpecialServer_Cond == 0) && (lastboss == 4)
1	df3	(SpecialServer_Cond == 1) && (DF3_RVR_Control == 3) && (DefBossAStatus == 2)
1	df3	(SpecialServer_Cond == 1) && (DF3_RVR_Control == 3) && (DefBossBStatus == 2)
1	df3	(SpecialServer_Cond == 1) && (DF3_RVR_Control == 3) && (DefBossCStatus == 2)
1	df3	(SpecialServer_Cond == 1) && (DefBossBStatus == 2)
1	df3	(SpecialServer_Cond == 1) && (DefBossCStatus == 2)
1	idlf1	(SpecialServer_Cond == 1) && (GRADE == 1) && (master_boss == 2)
1	idlf1	(SpecialServer_Cond == 1) && (GRADE == 2) && (master_boss == 2)
1	idlf1	(SpecialServer_Cond == 1) && (GRADE == 3)
1	idlf1	(SpecialServer_Cond == 1) && (GRADE == 4)
1	idlf1	(SpecialServer_Cond == 1) && (GRADE == 5)
1	idlf1	(SpecialServer_Cond == 1) && (GRADE == 6) && (master_boss == 2)
1	lf3	(SpecialServer_Cond == 1) && (LF3_RVR_Control == 2)
1	lf3	(SpecialServer_Cond == 1) && (LF3_RVR_Control == 2) && (DefBossAStatus == 2)
1	lf3	(SpecialServer_Cond == 1) && (LF3_RVR_Control == 2) && (DefBossCStatus == 3)
1	idlf1	(SpecialServer_Cond == 1) && (MIDDLEBOSS_A_KILL == 1) && (MIDDLEBOSS_B_KILL == 1) && (MIDDLEBOSS_C_KILL == 1)
1	df3	(SpecialServer_Cond == 1) && (RVR_Dark >2)
1	df3	(SpecialServer_Cond == 1) && (RVR_Progress == 4)
1	iddf3_dragon	(SpecialServer_Cond == 1) && (lastboss == 4)
1	iddf3_dragon	(SpecialServer_Cond == 1) && (lastboss_t == 4)
1	idf4re_drana	(SpecialServer_Cond == 1) && (windbox_cond == 1)
1	IDSeal	(TWIN_M == 4) && (RACE == 1)
1	IDSeal	(TWIN_M == 4) && (RACE == 2)
1	IDSeal	(TWIN_P == 1) && (TWIN_M == 3)
1	IDSeal	(TWIN_P == 3) && (TWIN_M == 1)
1	IDSeal	(TWIN_P == 3) && (TWIN_M == 3) && (LEVEL_CHECK_1 == 2)
1	IDSeal	(TWIN_P == 3) && (TWIN_M == 9)
1	IDSeal	(TWIN_P == 4) && (RACE == 1)
1	IDSeal	(TWIN_P == 4) && (RACE == 2)
1	IDSeal	(TWIN_P == 9) && (TWIN_M == 3)
1	IDTemple_Up	(Teleporter_Spawn == 1) && (SpecialServer_Cond == 0)
1	IDTemple_Up	(Teleporter_Spawn == 1) && (SpecialServer_Cond == 1)
1	GAb1_01	(Tur13 == 1) && (GAb1_PvPStatus == 1)
1	GAb1_02	(Tur13 == 10) && (GAb1_PvPStatus == 1)
1	GAb1_03	(Tur13 == 11) && (GAb1_PvPStatus == 1)
1	GAb1_03	(Tur13 == 12) && (GAb1_PvPStatus == 1)
1	GAb1_03	(Tur13 == 13) && (GAb1_PvPStatus == 1)
1	GAb1_03	(Tur13 == 14) && (GAb1_PvPStatus == 1)
1	GAb1_03	(Tur13 == 15) && (GAb1_PvPStatus == 1)
1	GAb1_04	(Tur13 == 16) && (GAb1_PvPStatus == 1)
1	GAb1_04	(Tur13 == 17) && (GAb1_PvPStatus == 1)
1	GAb1_04	(Tur13 == 18) && (GAb1_PvPStatus == 1)
1	GAb1_04	(Tur13 == 19) && (GAb1_PvPStatus == 1)
1	GAb1_01	(Tur13 == 2) && (GAb1_PvPStatus == 1)
1	GAb1_04	(Tur13 == 20) && (GAb1_PvPStatus == 1)
1	GAb1_01	(Tur13 == 3) && (GAb1_PvPStatus == 1)
1	GAb1_01	(Tur13 == 4) && (GAb1_PvPStatus == 1)
1	GAb1_01	(Tur13 == 5) && (GAb1_PvPStatus == 1)
1	GAb1_02	(Tur13 == 6) && (GAb1_PvPStatus == 1)
1	GAb1_02	(Tur13 == 7) && (GAb1_PvPStatus == 1)
1	GAb1_02	(Tur13 == 8) && (GAb1_PvPStatus == 1)
1	GAb1_02	(Tur13 == 9) && (GAb1_PvPStatus == 1)
1	GAb1_01	(Tur14 == 1) && (GAb1_PvPStatus == 1)
1	GAb1_02	(Tur14 == 10) && (GAb1_PvPStatus == 1)
1	GAb1_03	(Tur14 == 11) && (GAb1_PvPStatus == 1)
1	GAb1_03	(Tur14 == 12) && (GAb1_PvPStatus == 1)
1	GAb1_03	(Tur14 == 13) && (GAb1_PvPStatus == 1)
1	GAb1_03	(Tur14 == 14) && (GAb1_PvPStatus == 1)
1	GAb1_03	(Tur14 == 15) && (GAb1_PvPStatus == 1)
1	GAb1_04	(Tur14 == 16) && (GAb1_PvPStatus == 1)
1	GAb1_04	(Tur14 == 17) && (GAb1_PvPStatus == 1)
1	GAb1_04	(Tur14 == 18) && (GAb1_PvPStatus == 1)
1	GAb1_04	(Tur14 == 19) && (GAb1_PvPStatus == 1)
1	GAb1_01	(Tur14 == 2) && (GAb1_PvPStatus == 1)
1	GAb1_04	(Tur14 == 20) && (GAb1_PvPStatus == 1)
1	GAb1_01	(Tur14 == 3) && (GAb1_PvPStatus == 1)
1	GAb1_01	(Tur14 == 4) && (GAb1_PvPStatus == 1)
1	GAb1_01	(Tur14 == 5) && (GAb1_PvPStatus == 1)
1	GAb1_02	(Tur14 == 6) && (GAb1_PvPStatus == 1)
1	GAb1_02	(Tur14 == 7) && (GAb1_PvPStatus == 1)
1	GAb1_02	(Tur14 == 8) && (GAb1_PvPStatus == 1)
1	GAb1_02	(Tur14 == 9) && (GAb1_PvPStatus == 1)
1	GAb1_01	(Tur15 == 1) && (GAb1_PvPStatus == 1)
1	GAb1_02	(Tur15 == 10) && (GAb1_PvPStatus == 1)
1	GAb1_03	(Tur15 == 11) && (GAb1_PvPStatus == 1)
1	GAb1_03	(Tur15 == 12) && (GAb1_PvPStatus == 1)
1	GAb1_03	(Tur15 == 13) && (GAb1_PvPStatus == 1)
1	GAb1_03	(Tur15 == 14) && (GAb1_PvPStatus == 1)
1	GAb1_03	(Tur15 == 15) && (GAb1_PvPStatus == 1)
1	GAb1_04	(Tur15 == 16) && (GAb1_PvPStatus == 1)
1	GAb1_04	(Tur15 == 17) && (GAb1_PvPStatus == 1)
1	GAb1_04	(Tur15 == 18) && (GAb1_PvPStatus == 1)
1	GAb1_04	(Tur15 == 19) && (GAb1_PvPStatus == 1)
1	GAb1_01	(Tur15 == 2) && (GAb1_PvPStatus == 1)
1	GAb1_04	(Tur15 == 20) && (GAb1_PvPStatus == 1)
1	GAb1_01	(Tur15 == 3) && (GAb1_PvPStatus == 1)
1	GAb1_01	(Tur15 == 4) && (GAb1_PvPStatus == 1)
1	GAb1_01	(Tur15 == 5) && (GAb1_PvPStatus == 1)
1	GAb1_02	(Tur15 == 6) && (GAb1_PvPStatus == 1)
1	GAb1_02	(Tur15 == 7) && (GAb1_PvPStatus == 1)
1	GAb1_02	(Tur15 == 8) && (GAb1_PvPStatus == 1)
1	GAb1_02	(Tur15 == 9) && (GAb1_PvPStatus == 1)
1	GAb1_01	(Tur16 == 1) && (GAb1_PvPStatus == 1)
1	GAb1_02	(Tur16 == 10) && (GAb1_PvPStatus == 1)
1	GAb1_03	(Tur16 == 11) && (GAb1_PvPStatus == 1)
1	GAb1_03	(Tur16 == 12) && (GAb1_PvPStatus == 1)
1	GAb1_03	(Tur16 == 13) && (GAb1_PvPStatus == 1)
1	GAb1_03	(Tur16 == 14) && (GAb1_PvPStatus == 1)
1	GAb1_03	(Tur16 == 15) && (GAb1_PvPStatus == 1)
1	GAb1_04	(Tur16 == 16) && (GAb1_PvPStatus == 1)
1	GAb1_04	(Tur16 == 17) && (GAb1_PvPStatus == 1)
1	GAb1_04	(Tur16 == 18) && (GAb1_PvPStatus == 1)
1	GAb1_04	(Tur16 == 19) && (GAb1_PvPStatus == 1)
1	GAb1_01	(Tur16 == 2) && (GAb1_PvPStatus == 1)
1	GAb1_04	(Tur16 == 20) && (GAb1_PvPStatus == 1)
1	GAb1_01	(Tur16 == 3) && (GAb1_PvPStatus == 1)
1	GAb1_01	(Tur16 == 4) && (GAb1_PvPStatus == 1)
1	GAb1_01	(Tur16 == 5) && (GAb1_PvPStatus == 1)
1	GAb1_02	(Tur16 == 6) && (GAb1_PvPStatus == 1)
1	GAb1_02	(Tur16 == 7) && (GAb1_PvPStatus == 1)
1	GAb1_02	(Tur16 == 8) && (GAb1_PvPStatus == 1)
1	GAb1_02	(Tur16 == 9) && (GAb1_PvPStatus == 1)
1	GAb1_01	(Tur17 == 1) && (GAb1_PvPStatus == 1)
1	GAb1_02	(Tur17 == 10) && (GAb1_PvPStatus == 1)
1	GAb1_03	(Tur17 == 11) && (GAb1_PvPStatus == 1)
1	GAb1_03	(Tur17 == 12) && (GAb1_PvPStatus == 1)
1	GAb1_03	(Tur17 == 13) && (GAb1_PvPStatus == 1)
1	GAb1_03	(Tur17 == 14) && (GAb1_PvPStatus == 1)
1	GAb1_03	(Tur17 == 15) && (GAb1_PvPStatus == 1)
1	GAb1_04	(Tur17 == 16) && (GAb1_PvPStatus == 1)
1	GAb1_04	(Tur17 == 17) && (GAb1_PvPStatus == 1)
1	GAb1_04	(Tur17 == 18) && (GAb1_PvPStatus == 1)
1	GAb1_04	(Tur17 == 19) && (GAb1_PvPStatus == 1)
1	GAb1_01	(Tur17 == 2) && (GAb1_PvPStatus == 1)
1	GAb1_04	(Tur17 == 20) && (GAb1_PvPStatus == 1)
1	GAb1_01	(Tur17 == 3) && (GAb1_PvPStatus == 1)
1	GAb1_01	(Tur17 == 4) && (GAb1_PvPStatus == 1)
1	GAb1_01	(Tur17 == 5) && (GAb1_PvPStatus == 1)
1	GAb1_02	(Tur17 == 6) && (GAb1_PvPStatus == 1)
1	GAb1_02	(Tur17 == 7) && (GAb1_PvPStatus == 1)
1	GAb1_02	(Tur17 == 8) && (GAb1_PvPStatus == 1)
1	GAb1_02	(Tur17 == 9) && (GAb1_PvPStatus == 1)
1	GAb1_01	(Tur18 == 1) && (GAb1_PvPStatus == 1)
1	GAb1_02	(Tur18 == 10) && (GAb1_PvPStatus == 1)
1	GAb1_03	(Tur18 == 11) && (GAb1_PvPStatus == 1)
1	GAb1_03	(Tur18 == 12) && (GAb1_PvPStatus == 1)
1	GAb1_03	(Tur18 == 13) && (GAb1_PvPStatus == 1)
1	GAb1_03	(Tur18 == 14) && (GAb1_PvPStatus == 1)
1	GAb1_03	(Tur18 == 15) && (GAb1_PvPStatus == 1)
1	GAb1_04	(Tur18 == 16) && (GAb1_PvPStatus == 1)
1	GAb1_04	(Tur18 == 17) && (GAb1_PvPStatus == 1)
1	GAb1_04	(Tur18 == 18) && (GAb1_PvPStatus == 1)
1	GAb1_04	(Tur18 == 19) && (GAb1_PvPStatus == 1)
1	GAb1_01	(Tur18 == 2) && (GAb1_PvPStatus == 1)
1	GAb1_04	(Tur18 == 20) && (GAb1_PvPStatus == 1)
1	GAb1_01	(Tur18 == 3) && (GAb1_PvPStatus == 1)
1	GAb1_01	(Tur18 == 4) && (GAb1_PvPStatus == 1)
1	GAb1_01	(Tur18 == 5) && (GAb1_PvPStatus == 1)
1	GAb1_02	(Tur18 == 6) && (GAb1_PvPStatus == 1)
1	GAb1_02	(Tur18 == 7) && (GAb1_PvPStatus == 1)
1	GAb1_02	(Tur18 == 8) && (GAb1_PvPStatus == 1)
1	GAb1_02	(Tur18 == 9) && (GAb1_PvPStatus == 1)
1	GAb1_01	(Tur19 == 1) && (GAb1_PvPStatus == 1)
1	GAb1_02	(Tur19 == 10) && (GAb1_PvPStatus == 1)
1	GAb1_03	(Tur19 == 11) && (GAb1_PvPStatus == 1)
1	GAb1_03	(Tur19 == 12) && (GAb1_PvPStatus == 1)
1	GAb1_03	(Tur19 == 13) && (GAb1_PvPStatus == 1)
1	GAb1_03	(Tur19 == 14) && (GAb1_PvPStatus == 1)
1	GAb1_03	(Tur19 == 15) && (GAb1_PvPStatus == 1)
1	GAb1_04	(Tur19 == 16) && (GAb1_PvPStatus == 1)
1	GAb1_04	(Tur19 == 17) && (GAb1_PvPStatus == 1)
1	GAb1_04	(Tur19 == 18) && (GAb1_PvPStatus == 1)
1	GAb1_04	(Tur19 == 19) && (GAb1_PvPStatus == 1)
1	GAb1_01	(Tur19 == 2) && (GAb1_PvPStatus == 1)
1	GAb1_04	(Tur19 == 20) && (GAb1_PvPStatus == 1)
1	GAb1_01	(Tur19 == 3) && (GAb1_PvPStatus == 1)
1	GAb1_01	(Tur19 == 4) && (GAb1_PvPStatus == 1)
1	GAb1_01	(Tur19 == 5) && (GAb1_PvPStatus == 1)
1	GAb1_02	(Tur19 == 6) && (GAb1_PvPStatus == 1)
1	GAb1_02	(Tur19 == 7) && (GAb1_PvPStatus == 1)
1	GAb1_02	(Tur19 == 8) && (GAb1_PvPStatus == 1)
1	GAb1_02	(Tur19 == 9) && (GAb1_PvPStatus == 1)
1	GAb1_01	(Tur20 == 1) && (GAb1_PvPStatus == 1)
1	GAb1_02	(Tur20 == 10) && (GAb1_PvPStatus == 1)
1	GAb1_03	(Tur20 == 11) && (GAb1_PvPStatus == 1)
1	GAb1_03	(Tur20 == 12) && (GAb1_PvPStatus == 1)
1	GAb1_03	(Tur20 == 13) && (GAb1_PvPStatus == 1)
1	GAb1_03	(Tur20 == 14) && (GAb1_PvPStatus == 1)
1	GAb1_03	(Tur20 == 15) && (GAb1_PvPStatus == 1)
1	GAb1_04	(Tur20 == 16) && (GAb1_PvPStatus == 1)
1	GAb1_04	(Tur20 == 17) && (GAb1_PvPStatus == 1)
1	GAb1_04	(Tur20 == 18) && (GAb1_PvPStatus == 1)
1	GAb1_04	(Tur20 == 19) && (GAb1_PvPStatus == 1)
1	GAb1_01	(Tur20 == 2) && (GAb1_PvPStatus == 1)
1	GAb1_04	(Tur20 == 20) && (GAb1_PvPStatus == 1)
1	GAb1_01	(Tur20 == 3) && (GAb1_PvPStatus == 1)
1	GAb1_01	(Tur20 == 4) && (GAb1_PvPStatus == 1)
1	GAb1_01	(Tur20 == 5) && (GAb1_PvPStatus == 1)
1	GAb1_02	(Tur20 == 6) && (GAb1_PvPStatus == 1)
1	GAb1_02	(Tur20 == 7) && (GAb1_PvPStatus == 1)
1	GAb1_02	(Tur20 == 8) && (GAb1_PvPStatus == 1)
1	GAb1_02	(Tur20 == 9) && (GAb1_PvPStatus == 1)
1	GAb1_01	(Tur21 == 1) && (GAb1_PvPStatus == 1)
1	GAb1_02	(Tur21 == 10) && (GAb1_PvPStatus == 1)
1	GAb1_03	(Tur21 == 11) && (GAb1_PvPStatus == 1)
1	GAb1_03	(Tur21 == 12) && (GAb1_PvPStatus == 1)
1	GAb1_03	(Tur21 == 13) && (GAb1_PvPStatus == 1)
1	GAb1_03	(Tur21 == 14) && (GAb1_PvPStatus == 1)
1	GAb1_03	(Tur21 == 15) && (GAb1_PvPStatus == 1)
1	GAb1_04	(Tur21 == 16) && (GAb1_PvPStatus == 1)
1	GAb1_04	(Tur21 == 17) && (GAb1_PvPStatus == 1)
1	GAb1_04	(Tur21 == 18) && (GAb1_PvPStatus == 1)
1	GAb1_04	(Tur21 == 19) && (GAb1_PvPStatus == 1)
1	GAb1_01	(Tur21 == 2) && (GAb1_PvPStatus == 1)
1	GAb1_04	(Tur21 == 20) && (GAb1_PvPStatus == 1)
1	GAb1_01	(Tur21 == 3) && (GAb1_PvPStatus == 1)
1	GAb1_01	(Tur21 == 4) && (GAb1_PvPStatus == 1)
1	GAb1_01	(Tur21 == 5) && (GAb1_PvPStatus == 1)
1	GAb1_02	(Tur21 == 6) && (GAb1_PvPStatus == 1)
1	GAb1_02	(Tur21 == 7) && (GAb1_PvPStatus == 1)
1	GAb1_02	(Tur21 == 8) && (GAb1_PvPStatus == 1)
1	GAb1_02	(Tur21 == 9) && (GAb1_PvPStatus == 1)
1	GAb1_01	(Tur22 == 1) && (GAb1_PvPStatus == 1)
1	GAb1_02	(Tur22 == 10) && (GAb1_PvPStatus == 1)
1	GAb1_03	(Tur22 == 11) && (GAb1_PvPStatus == 1)
1	GAb1_03	(Tur22 == 12) && (GAb1_PvPStatus == 1)
1	GAb1_03	(Tur22 == 13) && (GAb1_PvPStatus == 1)
1	GAb1_03	(Tur22 == 14) && (GAb1_PvPStatus == 1)
1	GAb1_03	(Tur22 == 15) && (GAb1_PvPStatus == 1)
1	GAb1_04	(Tur22 == 16) && (GAb1_PvPStatus == 1)
1	GAb1_04	(Tur22 == 17) && (GAb1_PvPStatus == 1)
1	GAb1_04	(Tur22 == 18) && (GAb1_PvPStatus == 1)
1	GAb1_04	(Tur22 == 19) && (GAb1_PvPStatus == 1)
1	GAb1_01	(Tur22 == 2) && (GAb1_PvPStatus == 1)
1	GAb1_04	(Tur22 == 20) && (GAb1_PvPStatus == 1)
1	GAb1_01	(Tur22 == 3) && (GAb1_PvPStatus == 1)
1	GAb1_01	(Tur22 == 4) && (GAb1_PvPStatus == 1)
1	GAb1_01	(Tur22 == 5) && (GAb1_PvPStatus == 1)
1	GAb1_02	(Tur22 == 6) && (GAb1_PvPStatus == 1)
1	GAb1_02	(Tur22 == 7) && (GAb1_PvPStatus == 1)
1	GAb1_02	(Tur22 == 8) && (GAb1_PvPStatus == 1)
1	GAb1_02	(Tur22 == 9) && (GAb1_PvPStatus == 1)
1	GAb1_01	(Tur23 == 1) && (GAb1_PvPStatus == 1)
1	GAb1_02	(Tur23 == 10) && (GAb1_PvPStatus == 1)
1	GAb1_03	(Tur23 == 11) && (GAb1_PvPStatus == 1)
1	GAb1_03	(Tur23 == 12) && (GAb1_PvPStatus == 1)
1	GAb1_03	(Tur23 == 13) && (GAb1_PvPStatus == 1)
1	GAb1_03	(Tur23 == 14) && (GAb1_PvPStatus == 1)
1	GAb1_03	(Tur23 == 15) && (GAb1_PvPStatus == 1)
1	GAb1_04	(Tur23 == 16) && (GAb1_PvPStatus == 1)
1	GAb1_04	(Tur23 == 17) && (GAb1_PvPStatus == 1)
1	GAb1_04	(Tur23 == 18) && (GAb1_PvPStatus == 1)
1	GAb1_04	(Tur23 == 19) && (GAb1_PvPStatus == 1)
1	GAb1_01	(Tur23 == 2) && (GAb1_PvPStatus == 1)
1	GAb1_04	(Tur23 == 20) && (GAb1_PvPStatus == 1)
1	GAb1_01	(Tur23 == 3) && (GAb1_PvPStatus == 1)
1	GAb1_01	(Tur23 == 4) && (GAb1_PvPStatus == 1)
1	GAb1_01	(Tur23 == 5) && (GAb1_PvPStatus == 1)
1	GAb1_02	(Tur23 == 6) && (GAb1_PvPStatus == 1)
1	GAb1_02	(Tur23 == 7) && (GAb1_PvPStatus == 1)
1	GAb1_02	(Tur23 == 8) && (GAb1_PvPStatus == 1)
1	GAb1_02	(Tur23 == 9) && (GAb1_PvPStatus == 1)
1	GAb1_01	(Tur24 == 1) && (GAb1_PvPStatus == 1)
1	GAb1_02	(Tur24 == 10) && (GAb1_PvPStatus == 1)
1	GAb1_03	(Tur24 == 11) && (GAb1_PvPStatus == 1)
1	GAb1_03	(Tur24 == 12) && (GAb1_PvPStatus == 1)
1	GAb1_03	(Tur24 == 13) && (GAb1_PvPStatus == 1)
1	GAb1_03	(Tur24 == 14) && (GAb1_PvPStatus == 1)
1	GAb1_03	(Tur24 == 15) && (GAb1_PvPStatus == 1)
1	GAb1_04	(Tur24 == 16) && (GAb1_PvPStatus == 1)
1	GAb1_04	(Tur24 == 17) && (GAb1_PvPStatus == 1)
1	GAb1_04	(Tur24 == 18) && (GAb1_PvPStatus == 1)
1	GAb1_04	(Tur24 == 19) && (GAb1_PvPStatus == 1)
1	GAb1_01	(Tur24 == 2) && (GAb1_PvPStatus == 1)
1	GAb1_04	(Tur24 == 20) && (GAb1_PvPStatus == 1)
1	GAb1_01	(Tur24 == 3) && (GAb1_PvPStatus == 1)
1	GAb1_01	(Tur24 == 4) && (GAb1_PvPStatus == 1)
1	GAb1_01	(Tur24 == 5) && (GAb1_PvPStatus == 1)
1	GAb1_02	(Tur24 == 6) && (GAb1_PvPStatus == 1)
1	GAb1_02	(Tur24 == 7) && (GAb1_PvPStatus == 1)
1	GAb1_02	(Tur24 == 8) && (GAb1_PvPStatus == 1)
1	GAb1_02	(Tur24 == 9) && (GAb1_PvPStatus == 1)
1	GAb1_01	(Tur25 == 1) && (GAb1_PvPStatus == 1)
1	GAb1_02	(Tur25 == 10) && (GAb1_PvPStatus == 1)
1	GAb1_03	(Tur25 == 11) && (GAb1_PvPStatus == 1)
1	GAb1_03	(Tur25 == 12) && (GAb1_PvPStatus == 1)
1	GAb1_03	(Tur25 == 13) && (GAb1_PvPStatus == 1)
1	GAb1_03	(Tur25 == 14) && (GAb1_PvPStatus == 1)
1	GAb1_03	(Tur25 == 15) && (GAb1_PvPStatus == 1)
1	GAb1_04	(Tur25 == 16) && (GAb1_PvPStatus == 1)
1	GAb1_04	(Tur25 == 17) && (GAb1_PvPStatus == 1)
1	GAb1_04	(Tur25 == 18) && (GAb1_PvPStatus == 1)
1	GAb1_04	(Tur25 == 19) && (GAb1_PvPStatus == 1)
1	GAb1_01	(Tur25 == 2) && (GAb1_PvPStatus == 1)
1	GAb1_04	(Tur25 == 20) && (GAb1_PvPStatus == 1)
1	GAb1_01	(Tur25 == 3) && (GAb1_PvPStatus == 1)
1	GAb1_01	(Tur25 == 4) && (GAb1_PvPStatus == 1)
1	GAb1_01	(Tur25 == 5) && (GAb1_PvPStatus == 1)
1	GAb1_02	(Tur25 == 6) && (GAb1_PvPStatus == 1)
1	GAb1_02	(Tur25 == 7) && (GAb1_PvPStatus == 1)
1	GAb1_02	(Tur25 == 8) && (GAb1_PvPStatus == 1)
1	GAb1_02	(Tur25 == 9) && (GAb1_PvPStatus == 1)
1	GAb1_01	(Tur26 == 1) && (GAb1_PvPStatus == 1)
1	GAb1_02	(Tur26 == 10) && (GAb1_PvPStatus == 1)
1	GAb1_03	(Tur26 == 11) && (GAb1_PvPStatus == 1)
1	GAb1_03	(Tur26 == 12) && (GAb1_PvPStatus == 1)
1	GAb1_03	(Tur26 == 13) && (GAb1_PvPStatus == 1)
1	GAb1_03	(Tur26 == 14) && (GAb1_PvPStatus == 1)
1	GAb1_03	(Tur26 == 15) && (GAb1_PvPStatus == 1)
1	GAb1_04	(Tur26 == 16) && (GAb1_PvPStatus == 1)
1	GAb1_04	(Tur26 == 17) && (GAb1_PvPStatus == 1)
1	GAb1_04	(Tur26 == 18) && (GAb1_PvPStatus == 1)
1	GAb1_04	(Tur26 == 19) && (GAb1_PvPStatus == 1)
1	GAb1_01	(Tur26 == 2) && (GAb1_PvPStatus == 1)
1	GAb1_04	(Tur26 == 20) && (GAb1_PvPStatus == 1)
1	GAb1_01	(Tur26 == 3) && (GAb1_PvPStatus == 1)
1	GAb1_01	(Tur26 == 4) && (GAb1_PvPStatus == 1)
1	GAb1_01	(Tur26 == 5) && (GAb1_PvPStatus == 1)
1	GAb1_02	(Tur26 == 6) && (GAb1_PvPStatus == 1)
1	GAb1_02	(Tur26 == 7) && (GAb1_PvPStatus == 1)
1	GAb1_02	(Tur26 == 8) && (GAb1_PvPStatus == 1)
1	GAb1_02	(Tur26 == 9) && (GAb1_PvPStatus == 1)
1	GAb1_01	(Tur27 == 1) && (GAb1_PvPStatus == 1)
1	GAb1_02	(Tur27 == 10) && (GAb1_PvPStatus == 1)
1	GAb1_03	(Tur27 == 11) && (GAb1_PvPStatus == 1)
1	GAb1_03	(Tur27 == 12) && (GAb1_PvPStatus == 1)
1	GAb1_03	(Tur27 == 13) && (GAb1_PvPStatus == 1)
1	GAb1_03	(Tur27 == 14) && (GAb1_PvPStatus == 1)
1	GAb1_03	(Tur27 == 15) && (GAb1_PvPStatus == 1)
1	GAb1_04	(Tur27 == 16) && (GAb1_PvPStatus == 1)
1	GAb1_04	(Tur27 == 17) && (GAb1_PvPStatus == 1)
1	GAb1_04	(Tur27 == 18) && (GAb1_PvPStatus == 1)
1	GAb1_04	(Tur27 == 19) && (GAb1_PvPStatus == 1)
1	GAb1_01	(Tur27 == 2) && (GAb1_PvPStatus == 1)
1	GAb1_04	(Tur27 == 20) && (GAb1_PvPStatus == 1)
1	GAb1_01	(Tur27 == 3) && (GAb1_PvPStatus == 1)
1	GAb1_01	(Tur27 == 4) && (GAb1_PvPStatus == 1)
1	GAb1_01	(Tur27 == 5) && (GAb1_PvPStatus == 1)
1	GAb1_02	(Tur27 == 6) && (GAb1_PvPStatus == 1)
1	GAb1_02	(Tur27 == 7) && (GAb1_PvPStatus == 1)
1	GAb1_02	(Tur27 == 8) && (GAb1_PvPStatus == 1)
1	GAb1_02	(Tur27 == 9) && (GAb1_PvPStatus == 1)
1	GAb1_01	(Tur28 == 1) && (GAb1_PvPStatus == 1)
1	GAb1_02	(Tur28 == 10) && (GAb1_PvPStatus == 1)
1	GAb1_03	(Tur28 == 11) && (GAb1_PvPStatus == 1)
1	GAb1_03	(Tur28 == 12) && (GAb1_PvPStatus == 1)
1	GAb1_03	(Tur28 == 13) && (GAb1_PvPStatus == 1)
1	GAb1_03	(Tur28 == 14) && (GAb1_PvPStatus == 1)
1	GAb1_03	(Tur28 == 15) && (GAb1_PvPStatus == 1)
1	GAb1_04	(Tur28 == 16) && (GAb1_PvPStatus == 1)
1	GAb1_04	(Tur28 == 17) && (GAb1_PvPStatus == 1)
1	GAb1_04	(Tur28 == 18) && (GAb1_PvPStatus == 1)
1	GAb1_04	(Tur28 == 19) && (GAb1_PvPStatus == 1)
1	GAb1_01	(Tur28 == 2) && (GAb1_PvPStatus == 1)
1	GAb1_04	(Tur28 == 20) && (GAb1_PvPStatus == 1)
1	GAb1_01	(Tur28 == 3) && (GAb1_PvPStatus == 1)
1	GAb1_01	(Tur28 == 4) && (GAb1_PvPStatus == 1)
1	GAb1_01	(Tur28 == 5) && (GAb1_PvPStatus == 1)
1	GAb1_02	(Tur28 == 6) && (GAb1_PvPStatus == 1)
1	GAb1_02	(Tur28 == 7) && (GAb1_PvPStatus == 1)
1	GAb1_02	(Tur28 == 8) && (GAb1_PvPStatus == 1)
1	GAb1_02	(Tur28 == 9) && (GAb1_PvPStatus == 1)
1	GAb1_01	(Tur29 == 1) && (GAb1_PvPStatus == 1)
1	GAb1_02	(Tur29 == 10) && (GAb1_PvPStatus == 1)
1	GAb1_03	(Tur29 == 11) && (GAb1_PvPStatus == 1)
1	GAb1_03	(Tur29 == 12) && (GAb1_PvPStatus == 1)
1	GAb1_03	(Tur29 == 13) && (GAb1_PvPStatus == 1)
1	GAb1_03	(Tur29 == 14) && (GAb1_PvPStatus == 1)
1	GAb1_03	(Tur29 == 15) && (GAb1_PvPStatus == 1)
1	GAb1_04	(Tur29 == 16) && (GAb1_PvPStatus == 1)
1	GAb1_04	(Tur29 == 17) && (GAb1_PvPStatus == 1)
1	GAb1_04	(Tur29 == 18) && (GAb1_PvPStatus == 1)
1	GAb1_04	(Tur29 == 19) && (GAb1_PvPStatus == 1)
1	GAb1_01	(Tur29 == 2) && (GAb1_PvPStatus == 1)
1	GAb1_04	(Tur29 == 20) && (GAb1_PvPStatus == 1)
1	GAb1_01	(Tur29 == 3) && (GAb1_PvPStatus == 1)
1	GAb1_01	(Tur29 == 4) && (GAb1_PvPStatus == 1)
1	GAb1_01	(Tur29 == 5) && (GAb1_PvPStatus == 1)
1	GAb1_02	(Tur29 == 6) && (GAb1_PvPStatus == 1)
1	GAb1_02	(Tur29 == 7) && (GAb1_PvPStatus == 1)
1	GAb1_02	(Tur29 == 8) && (GAb1_PvPStatus == 1)
1	GAb1_02	(Tur29 == 9) && (GAb1_PvPStatus == 1)
1	GAb1_01	(Tur30 == 1) && (GAb1_PvPStatus == 1)
1	GAb1_02	(Tur30 == 10) && (GAb1_PvPStatus == 1)
1	GAb1_03	(Tur30 == 11) && (GAb1_PvPStatus == 1)
1	GAb1_03	(Tur30 == 12) && (GAb1_PvPStatus == 1)
1	GAb1_03	(Tur30 == 13) && (GAb1_PvPStatus == 1)
1	GAb1_03	(Tur30 == 14) && (GAb1_PvPStatus == 1)
1	GAb1_03	(Tur30 == 15) && (GAb1_PvPStatus == 1)
1	GAb1_04	(Tur30 == 16) && (GAb1_PvPStatus == 1)
1	GAb1_04	(Tur30 == 17) && (GAb1_PvPStatus == 1)
1	GAb1_04	(Tur30 == 18) && (GAb1_PvPStatus == 1)
1	GAb1_04	(Tur30 == 19) && (GAb1_PvPStatus == 1)
1	GAb1_01	(Tur30 == 2) && (GAb1_PvPStatus == 1)
1	GAb1_04	(Tur30 == 20) && (GAb1_PvPStatus == 1)
1	GAb1_01	(Tur30 == 3) && (GAb1_PvPStatus == 1)
1	GAb1_01	(Tur30 == 4) && (GAb1_PvPStatus == 1)
1	GAb1_01	(Tur30 == 5) && (GAb1_PvPStatus == 1)
1	GAb1_02	(Tur30 == 6) && (GAb1_PvPStatus == 1)
1	GAb1_02	(Tur30 == 7) && (GAb1_PvPStatus == 1)
1	GAb1_02	(Tur30 == 8) && (GAb1_PvPStatus == 1)
1	GAb1_02	(Tur30 == 9) && (GAb1_PvPStatus == 1)
1	GAb1_01	(Tur31 == 1) && (GAb1_PvPStatus == 1)
1	GAb1_02	(Tur31 == 10) && (GAb1_PvPStatus == 1)
1	GAb1_03	(Tur31 == 11) && (GAb1_PvPStatus == 1)
1	GAb1_03	(Tur31 == 12) && (GAb1_PvPStatus == 1)
1	GAb1_03	(Tur31 == 13) && (GAb1_PvPStatus == 1)
1	GAb1_03	(Tur31 == 14) && (GAb1_PvPStatus == 1)
1	GAb1_03	(Tur31 == 15) && (GAb1_PvPStatus == 1)
1	GAb1_04	(Tur31 == 16) && (GAb1_PvPStatus == 1)
1	GAb1_04	(Tur31 == 17) && (GAb1_PvPStatus == 1)
1	GAb1_04	(Tur31 == 18) && (GAb1_PvPStatus == 1)
1	GAb1_04	(Tur31 == 19) && (GAb1_PvPStatus == 1)
1	GAb1_01	(Tur31 == 2) && (GAb1_PvPStatus == 1)
1	GAb1_04	(Tur31 == 20) && (GAb1_PvPStatus == 1)
1	GAb1_01	(Tur31 == 3) && (GAb1_PvPStatus == 1)
1	GAb1_01	(Tur31 == 4) && (GAb1_PvPStatus == 1)
1	GAb1_01	(Tur31 == 5) && (GAb1_PvPStatus == 1)
1	GAb1_02	(Tur31 == 6) && (GAb1_PvPStatus == 1)
1	GAb1_02	(Tur31 == 7) && (GAb1_PvPStatus == 1)
1	GAb1_02	(Tur31 == 8) && (GAb1_PvPStatus == 1)
1	GAb1_02	(Tur31 == 9) && (GAb1_PvPStatus == 1)
1	GAb1_01	(Tur32 == 1) && (GAb1_PvPStatus == 1)
1	GAb1_02	(Tur32 == 10) && (GAb1_PvPStatus == 1)
1	GAb1_03	(Tur32 == 11) && (GAb1_PvPStatus == 1)
1	GAb1_03	(Tur32 == 12) && (GAb1_PvPStatus == 1)
1	GAb1_03	(Tur32 == 13) && (GAb1_PvPStatus == 1)
1	GAb1_03	(Tur32 == 14) && (GAb1_PvPStatus == 1)
1	GAb1_03	(Tur32 == 15) && (GAb1_PvPStatus == 1)
1	GAb1_04	(Tur32 == 16) && (GAb1_PvPStatus == 1)
1	GAb1_04	(Tur32 == 17) && (GAb1_PvPStatus == 1)
1	GAb1_04	(Tur32 == 18) && (GAb1_PvPStatus == 1)
1	GAb1_04	(Tur32 == 19) && (GAb1_PvPStatus == 1)
1	GAb1_01	(Tur32 == 2) && (GAb1_PvPStatus == 1)
1	GAb1_04	(Tur32 == 20) && (GAb1_PvPStatus == 1)
1	GAb1_01	(Tur32 == 3) && (GAb1_PvPStatus == 1)
1	GAb1_01	(Tur32 == 4) && (GAb1_PvPStatus == 1)
1	GAb1_01	(Tur32 == 5) && (GAb1_PvPStatus == 1)
1	GAb1_02	(Tur32 == 6) && (GAb1_PvPStatus == 1)
1	GAb1_02	(Tur32 == 7) && (GAb1_PvPStatus == 1)
1	GAb1_02	(Tur32 == 8) && (GAb1_PvPStatus == 1)
1	GAb1_02	(Tur32 == 9) && (GAb1_PvPStatus == 1)
1	GAb1_01	(Tur33 == 1) && (GAb1_PvPStatus == 1)
1	GAb1_02	(Tur33 == 10) && (GAb1_PvPStatus == 1)
1	GAb1_03	(Tur33 == 11) && (GAb1_PvPStatus == 1)
1	GAb1_03	(Tur33 == 12) && (GAb1_PvPStatus == 1)
1	GAb1_03	(Tur33 == 13) && (GAb1_PvPStatus == 1)
1	GAb1_03	(Tur33 == 14) && (GAb1_PvPStatus == 1)
1	GAb1_03	(Tur33 == 15) && (GAb1_PvPStatus == 1)
1	GAb1_04	(Tur33 == 16) && (GAb1_PvPStatus == 1)
1	GAb1_04	(Tur33 == 17) && (GAb1_PvPStatus == 1)
1	GAb1_04	(Tur33 == 18) && (GAb1_PvPStatus == 1)
1	GAb1_04	(Tur33 == 19) && (GAb1_PvPStatus == 1)
1	GAb1_01	(Tur33 == 2) && (GAb1_PvPStatus == 1)
1	GAb1_04	(Tur33 == 20) && (GAb1_PvPStatus == 1)
1	GAb1_01	(Tur33 == 3) && (GAb1_PvPStatus == 1)
1	GAb1_01	(Tur33 == 4) && (GAb1_PvPStatus == 1)
1	GAb1_01	(Tur33 == 5) && (GAb1_PvPStatus == 1)
1	GAb1_02	(Tur33 == 6) && (GAb1_PvPStatus == 1)
1	GAb1_02	(Tur33 == 7) && (GAb1_PvPStatus == 1)
1	GAb1_02	(Tur33 == 8) && (GAb1_PvPStatus == 1)
1	GAb1_02	(Tur33 == 9) && (GAb1_PvPStatus == 1)
1	GAb1_01	(Tur34 == 1) && (GAb1_PvPStatus == 1)
1	GAb1_02	(Tur34 == 10) && (GAb1_PvPStatus == 1)
1	GAb1_03	(Tur34 == 11) && (GAb1_PvPStatus == 1)
1	GAb1_03	(Tur34 == 12) && (GAb1_PvPStatus == 1)
1	GAb1_03	(Tur34 == 13) && (GAb1_PvPStatus == 1)
1	GAb1_03	(Tur34 == 14) && (GAb1_PvPStatus == 1)
1	GAb1_03	(Tur34 == 15) && (GAb1_PvPStatus == 1)
1	GAb1_04	(Tur34 == 16) && (GAb1_PvPStatus == 1)
1	GAb1_04	(Tur34 == 17) && (GAb1_PvPStatus == 1)
1	GAb1_04	(Tur34 == 18) && (GAb1_PvPStatus == 1)
1	GAb1_04	(Tur34 == 19) && (GAb1_PvPStatus == 1)
1	GAb1_01	(Tur34 == 2) && (GAb1_PvPStatus == 1)
1	GAb1_04	(Tur34 == 20) && (GAb1_PvPStatus == 1)
1	GAb1_01	(Tur34 == 3) && (GAb1_PvPStatus == 1)
1	GAb1_01	(Tur34 == 4) && (GAb1_PvPStatus == 1)
1	GAb1_01	(Tur34 == 5) && (GAb1_PvPStatus == 1)
1	GAb1_02	(Tur34 == 6) && (GAb1_PvPStatus == 1)
1	GAb1_02	(Tur34 == 7) && (GAb1_PvPStatus == 1)
1	GAb1_02	(Tur34 == 8) && (GAb1_PvPStatus == 1)
1	GAb1_02	(Tur34 == 9) && (GAb1_PvPStatus == 1)
1	GAb1_01	(Tur35 == 1) && (GAb1_PvPStatus == 1)
1	GAb1_02	(Tur35 == 10) && (GAb1_PvPStatus == 1)
1	GAb1_03	(Tur35 == 11) && (GAb1_PvPStatus == 1)
1	GAb1_03	(Tur35 == 12) && (GAb1_PvPStatus == 1)
1	GAb1_03	(Tur35 == 13) && (GAb1_PvPStatus == 1)
1	GAb1_03	(Tur35 == 14) && (GAb1_PvPStatus == 1)
1	GAb1_03	(Tur35 == 15) && (GAb1_PvPStatus == 1)
1	GAb1_04	(Tur35 == 16) && (GAb1_PvPStatus == 1)
1	GAb1_04	(Tur35 == 17) && (GAb1_PvPStatus == 1)
1	GAb1_04	(Tur35 == 18) && (GAb1_PvPStatus == 1)
1	GAb1_04	(Tur35 == 19) && (GAb1_PvPStatus == 1)
1	GAb1_01	(Tur35 == 2) && (GAb1_PvPStatus == 1)
1	GAb1_04	(Tur35 == 20) && (GAb1_PvPStatus == 1)
1	GAb1_01	(Tur35 == 3) && (GAb1_PvPStatus == 1)
1	GAb1_01	(Tur35 == 4) && (GAb1_PvPStatus == 1)
1	GAb1_01	(Tur35 == 5) && (GAb1_PvPStatus == 1)
1	GAb1_02	(Tur35 == 6) && (GAb1_PvPStatus == 1)
1	GAb1_02	(Tur35 == 7) && (GAb1_PvPStatus == 1)
1	GAb1_02	(Tur35 == 8) && (GAb1_PvPStatus == 1)
1	GAb1_02	(Tur35 == 9) && (GAb1_PvPStatus == 1)
1	GAb1_01	(Tur36 == 1) && (GAb1_PvPStatus == 1)
1	GAb1_02	(Tur36 == 10) && (GAb1_PvPStatus == 1)
1	GAb1_03	(Tur36 == 11) && (GAb1_PvPStatus == 1)
1	GAb1_03	(Tur36 == 12) && (GAb1_PvPStatus == 1)
1	GAb1_03	(Tur36 == 13) && (GAb1_PvPStatus == 1)
1	GAb1_03	(Tur36 == 14) && (GAb1_PvPStatus == 1)
1	GAb1_03	(Tur36 == 15) && (GAb1_PvPStatus == 1)
1	GAb1_04	(Tur36 == 16) && (GAb1_PvPStatus == 1)
1	GAb1_04	(Tur36 == 17) && (GAb1_PvPStatus == 1)
1	GAb1_04	(Tur36 == 18) && (GAb1_PvPStatus == 1)
1	GAb1_04	(Tur36 == 19) && (GAb1_PvPStatus == 1)
1	GAb1_01	(Tur36 == 2) && (GAb1_PvPStatus == 1)
1	GAb1_04	(Tur36 == 20) && (GAb1_PvPStatus == 1)
1	GAb1_01	(Tur36 == 3) && (GAb1_PvPStatus == 1)
1	GAb1_01	(Tur36 == 4) && (GAb1_PvPStatus == 1)
1	GAb1_01	(Tur36 == 5) && (GAb1_PvPStatus == 1)
1	GAb1_02	(Tur36 == 6) && (GAb1_PvPStatus == 1)
1	GAb1_02	(Tur36 == 7) && (GAb1_PvPStatus == 1)
1	GAb1_02	(Tur36 == 8) && (GAb1_PvPStatus == 1)
1	GAb1_02	(Tur36 == 9) && (GAb1_PvPStatus == 1)
1	IDSeal_Q	(USERCLASS == 101) && (SCENE == 12)
1	IDSeal_Q	(USERCLASS == 102) && (SCENE == 12)
1	IDSeal_Q	(USERCLASS == 103) && (SCENE == 12)
1	IDSeal_Q	(USERCLASS == 104) && (SCENE == 12)
1	IDSeal_Q	(USERCLASS == 105) && (SCENE == 12)
1	IDSeal_Q	(USERCLASS == 106) && (SCENE == 12)
1	IDSeal_Q	(USERCLASS == 107) && (SCENE == 12)
1	IDSeal_Q	(USERCLASS == 108) && (SCENE == 12)
1	IDSeal_Q	(USERCLASS == 109) && (SCENE == 12)
1	IDSeal_Q	(USERCLASS == 110) && (SCENE == 12)
1	IDSeal_Q	(USERCLASS == 111) && (SCENE == 12)
1	IDSeal_Q	(USERCLASS == 201) && (SCENE == 12)
1	IDSeal_Q	(USERCLASS == 202) && (SCENE == 12)
1	IDSeal_Q	(USERCLASS == 203) && (SCENE == 12)
1	IDSeal_Q	(USERCLASS == 204) && (SCENE == 12)
1	IDSeal_Q	(USERCLASS == 205) && (SCENE == 12)
1	IDSeal_Q	(USERCLASS == 206) && (SCENE == 12)
1	IDSeal_Q	(USERCLASS == 207) && (SCENE == 12)
1	IDSeal_Q	(USERCLASS == 208) && (SCENE == 12)
1	IDSeal_Q	(USERCLASS == 209) && (SCENE == 12)
1	IDSeal_Q	(USERCLASS == 210) && (SCENE == 12)
1	IDSeal_Q	(USERCLASS == 211) && (SCENE == 12)
1	IDEternity_Q	(USER_GENDER == 1) && (SCENE == 12)
1	IDEternity_Q	(USER_GENDER == 2) && (SCENE == 12)
1	IDEternity_Q	(USER_RACE == 1) && (SCENE == 13)
1	IDEternity_Q	(USER_RACE == 2) && (SCENE == 13)
1	IDEvent_def	(Wave_1 >= 5) && (Wave_2_Start != 1)
1	IDEvent_def	(Wave_1 >= 8) && (SpecialServer_Cond == 0)
1	IDEvent_def	(Wave_1 >= 8) && (SpecialServer_Cond == 1)
1	IDEvent_def	(Wave_2 >= 5) && (Wave_3_Start != 1)
1	IDEvent_def	(Wave_3 >= 10) && (SpecialServer_Cond == 0)
1	IDEvent_def	(Wave_3 >= 10) && (SpecialServer_Cond == 1)
1	IDEvent_def	(Wave_3 >= 5) && (Wave_4_Start != 1)
1	IDEvent_def	(Wave_3_Rest == 1) && (SpecialServer_Cond == 10)
1	IDEvent_def	(Wave_4_Start == 1) && (SpecialServer_Cond == 0)
1	IDEvent_def	(Wave_4_Start == 1) && (SpecialServer_Cond == 1)
1	IDF6_Dragon	(Wave_Control_01 > 5) && (NO_EXP == 1)
1	IDF6_Dragon	(Wave_Control_01 > 5) && (NO_EXP == 2)
1	IDF6_Dragon	(Wave_Control_02 > 5) && (NO_EXP == 1)
1	IDF6_Dragon	(Wave_Control_02 > 5) && (NO_EXP == 2)
1	IDF6_Dragon	(Wave_Control_03 > 5) && (NO_EXP == 1)
1	IDF6_Dragon	(Wave_Control_03 > 5) && (NO_EXP == 2)
1	ab1	(WorldRaid_Ab1_SP_03_A == 1) || (WorldRaid_Ab1_SP_07_A == 1) || (WorldRaid_Ab1_SP_15_A == 1)
1	ab1	(WorldRaid_Ab1_SP_19_A == 1) || (WorldRaid_Ab1_SP_23_A == 1) || (WorldRaid_Ab1_SP_27_A == 1)
1	df1a	(WorldRaid_DF1a_SP_01 == 1) || (WorldRaid_DF1a_SP_05 == 1) || (WorldRaid_DF1a_SP_09 == 1) || (WorldRaid_DF1a_SP_13 == 1)
1	df1a	(WorldRaid_DF1a_SP_17 == 1) || (WorldRaid_DF1a_SP_21 == 1) || (WorldRaid_DF1a_SP_25 == 1)
1	df5	(WorldRaid_DF5_06 == 1) || (WorldRaid_DF5_12 == 1) || (WorldRaid_DF5_18 == 1) || (WorldRaid_DF5_24 == 1)
1	df1a	(WorldRaid_Df1a_01 == 1) || (WorldRaid_Df1a_05 == 1) || (WorldRaid_Df1a_09 == 1) || (WorldRaid_Df1a_13 == 1)
1	df1a	(WorldRaid_Df1a_17 == 1) || (WorldRaid_Df1a_21 == 1) || (WorldRaid_Df1a_25 == 1)
1	lf1a	(WorldRaid_LF1a_SP_01 == 1) || (WorldRaid_LF1a_SP_05 == 1) || (WorldRaid_LF1a_SP_09 == 1) || (WorldRaid_LF1a_SP_13 == 1)
1	lf1a	(WorldRaid_LF1a_SP_17 == 1) || (WorldRaid_LF1a_SP_21 == 1) || (WorldRaid_LF1a_SP_25 == 1)
1	lf2	(WorldRaid_LF2_SP_02 == 1) || (WorldRaid_LF2_SP_06 == 1) || (WorldRaid_LF2_SP_10 == 1) || (WorldRaid_LF2_SP_14 == 1)
1	lf2	(WorldRaid_LF2_SP_18 == 1) || (WorldRaid_LF2_SP_22 == 1) || (WorldRaid_LF2_SP_26 == 1)
1	LF5	(WorldRaid_LF5_03 == 1) || (WorldRaid_LF5_09 == 1) || (WorldRaid_LF5_15 == 1) || (WorldRaid_LF5_21 == 1)
1	lf1a	(WorldRaid_Lf1a_01 == 1) || (WorldRaid_Lf1a_05 == 1) || (WorldRaid_Lf1a_09 == 1) || (WorldRaid_Lf1a_13 == 1)
1	lf1a	(WorldRaid_Lf1a_17 == 1) || (WorldRaid_Lf1a_21 == 1) || (WorldRaid_Lf1a_25 == 1)
1	lf2	(WorldRaid_Lf2_02 == 1) || (WorldRaid_Lf2_06 == 1) || (WorldRaid_Lf2_10 == 1) || (WorldRaid_Lf2_14 == 1)
1	lf2	(WorldRaid_Lf2_18 == 1) || (WorldRaid_Lf2_22 == 1) || (WorldRaid_Lf2_26 == 1)
1	LDF4_Advance	(WorldRaid_ldf4_advance_All_A_01 == 1) || (WorldRaid_ldf4_advance_All_A_04 == 1) || (WorldRaid_ldf4_advance_All_A_07 == 1) || (WorldRaid_ldf4_advance_All_A_10 == 1) || (WorldRaid_ldf4_advance_All_A_13 == 1)
1	LDF4_Advance	(WorldRaid_ldf4_advance_All_A_16 == 1) || (WorldRaid_ldf4_advance_All_A_19 == 1) || (WorldRaid_ldf4_advance_All_A_22 == 1) || (WorldRaid_ldf4_advance_All_A_25 == 1) || (WorldRaid_ldf4_advance_All_A_28 == 1)
1	ldf5_fortress	(WorldRaid_ldf5_fortress_All_A_02 == 1) || (WorldRaid_ldf5_fortress_All_A_05 == 1) || (WorldRaid_ldf5_fortress_All_A_08 == 1) || (WorldRaid_ldf5_fortress_All_A_14 == 1)
1	ldf5_fortress	(WorldRaid_ldf5_fortress_All_A_17 == 1) || (WorldRaid_ldf5_fortress_All_A_20 == 1) || (WorldRaid_ldf5_fortress_All_A_23 == 1) || (WorldRaid_ldf5_fortress_All_A_26 == 1)
1	idldf5re_solo	(boss3die == 1)
1	IDAb1_Ere	(boss_brother == 3) && (1round_end == 1)
1	idldf5b_td	(castle_gate_02_Bomb == 1) && (TimeWave_Down >= 7)
1	idldf5b_td	(castle_gate_02_Bomb == 1) && (TimeWave_Down >= 8)
1	idf4re_drana	(condition_type == 1) && (SpecialServer_Cond == 0)
1	idf4re_drana	(condition_type == 1) && (SpecialServer_Cond == 1)
1	idf4re_drana	(condition_type == 2) && (SpecialServer_Cond == 0)
1	idf4re_drana	(condition_type == 2) && (SpecialServer_Cond == 1)
1	IDEternity_War	(da_flag == 1) && (bottom_boss_da == 1)
1	IDEternity_War	(da_flag == 1) && (top_boss_da == 1)
1	IDEternity_War	(da_flag == 2) && (bottom_boss_da == 1)
1	IDEternity_War	(da_flag == 2) && (top_boss_da == 1)
1	IDEternity_War	(da_flag == 3) && (bottom_boss_da == 1)
1	IDEternity_War	(da_flag == 3) && (top_boss_da == 1)
1	IDEternity_War	(da_flag == 4) && (bottom_boss_da == 1)
1	IDEternity_War	(da_flag == 4) && (top_boss_da == 1)
1	IDEternity_War	(da_flag == 5) && (bottom_boss_da == 1)
1	IDEternity_War	(da_flag == 5) && (top_boss_da == 1)
1	IDEternity_War	(da_flag == 6) && (bottom_boss_da == 1)
1	IDEternity_War	(da_flag == 6) && (top_boss_da == 1)
1	IDAb1_Ere	(da_play == 1) && (2f_decompose == 1)
1	IDAb1_Ere	(da_play == 1) && (2f_decompose == 2)
1	IDAb1_Ere	(da_play == 1) && (2f_decompose == 3)
1	IDAb1_Ere	(da_play == 1) && (4f_hole == 1)
1	IDAb1_Ere	(da_play == 1) && (4f_hole == 2)
1	IDAb1_Ere	(da_play == 1) && (4f_hole == 3)
1	IDAb1_Ere	(da_play == 1) && (4f_hole == 4) && (4f_hole_01 == 1)
1	IDAb1_Ere	(da_play == 1) && (4f_hole == 5) && (4f_hole_01 == 1)
1	IDAb1_Ere	(da_play == 1) && (4f_hole == 6) && (4f_hole_01 == 1)
1	IDAb1_Ere	(da_play == 1) && (4f_hole == 7)
1	IDAb1_Ere	(da_play == 1) && (4f_hole == 8)
1	IDAb1_Ere	(da_play == 1) && (4f_hole == 9)
1	IDAb1_Ere	(da_play == 1) && (4f_hole_succ == 5)
1	IDAb1_Ere	(da_play == 1) && (boss_spawn == 1) && (witch_die == 3)
1	IDAb1_Ere	(da_play == 1) && (boss_spawn == 2) && (witch_die == 3)
1	IDAb1_Ere	(da_play == 1) && (boss_spawn == 3) && (witch_die == 3)
1	IDAb1_Ere	(da_play == 1) && (boss_spawn == 4)
1	IDAb1_Ere	(da_play == 1) && (boss_spawn == 5)
1	IDAb1_Ere	(da_play == 1) && (boss_spawn == 6)
1	IDAb1_Ere	(da_play == 1) && (hero_come == 1)
1	IDAb1_Ere	(da_play == 1) && (hero_come == 2)
1	IDAb1_Ere	(da_play == 1) && (hero_come == 3)
1	IDAb1_Ere	(da_play == 1) && (labor_assassination == 1)
1	IDAb1_Ere	(da_play == 1) && (labor_assassination == 2)
1	IDAb1_Ere	(da_play == 1) && (labor_assassination == 3)
1	IDAb1_Ere	(da_play == 1) && (labor_friend == 1)
1	IDAb1_Ere	(da_play == 1) && (labor_friend == 2)
1	IDAb1_Ere	(da_play == 1) && (labor_friend == 3)
1	IDAb1_Ere	(da_play == 1) && (labor_friend_01 == 1)
1	IDAb1_Ere	(da_play == 1) && (labor_friend_01 == 2)
1	IDAb1_Ere	(da_play == 1) && (mission_end == 1) && (final_boss > 35) && (final_boss <= 70)
1	IDAb1_Ere	(da_play == 1) && (mission_end == 1) && (final_boss > 70)
1	IDAb1_Ere	(da_play == 1) && (mission_end == 1) && (final_boss >= 0) && (final_boss <= 35)
1	IDAb1_Ere	(da_play == 1) && (quest_on == 1)
1	IDAb1_Ere	(da_play == 1) && (run_away == 1)
1	IDAb1_Ere	(da_play == 1) && (sort_deva == 1)
1	IDAb1_Ere	(da_play == 1) && (statdown == 1)
1	IDAb1_Ere	(da_play == 1) && (statdown == 2)
1	IDAb1_Ere	(da_play == 1) && (statdown == 3)
1	IDAb1_Ere	(da_play == 1) && (statdown == 4)
1	IDAb1_Ere	(da_play == 1) && (statdown == 7)
1	IDAb1_Ere	(da_play == 1) && (statdown == 8)
1	IDAb1_Ere	(drop_a == 1) && (boss_kill == 1)
1	IDAb1_Ere	(drop_a == 2) && (boss_kill == 1)
1	IDAb1_Ere	(drop_a == 3) && (boss_kill == 1)
1	IDAb1_Ere	(drop_b == 1) && (boss_kill == 1)
1	IDAb1_Ere	(drop_b == 2) && (boss_kill == 1)
1	IDAb1_Ere	(drop_b == 3) && (boss_kill == 1)
1	IDAb1_Ere	(drop_c == 1) && (boss_kill == 1)
1	IDAb1_Ere	(drop_c == 2) && (boss_kill == 1)
1	IDAb1_Ere	(drop_c == 3) && (boss_kill == 1)
1	df6	(event_l_po == 1) && (event_r_po == 1)
1	df6	(event_l_po == 1) && (event_r_po == 2)
1	df6	(event_l_po == 2) && (event_r_po == 1)
1	df6	(event_l_po == 2) && (event_r_po == 2)
1	df6	(event_start == 1) && (event_boss == 1)
1	df6	(event_start == 1) && (event_boss == 2)
1	df6	(f6_event_b == 1) && (f6_event_kill >= 33) && (f6_event_kill <= 36)
1	df6	(f6_event_b2 == 1) && (f6_event_kill >= 33) && (f6_event_kill <= 36)
1	df6	(f6_event_c == 1) && (f6_event_kill >= 33) && (f6_event_kill <= 36)
1	df6	(f6_event_d == 1) && (f6_event_kill >= 33) && (f6_event_kill <= 36)
1	df6	(f6_event_e == 1) && (f6_event_kill >= 33) && (f6_event_kill <= 36)
1	df6	(f6_event_f == 1) && (f6_event_kill >= 33) && (f6_event_kill <= 36)
1	df6	(f6_event_f2 == 1) && (f6_event_kill >= 33) && (f6_event_kill <= 36)
1	df6	(f6_event_g == 1) && (f6_event_kill >= 33) && (f6_event_kill <= 36)
1	df6	(f6_event_h == 1) && (f6_event_kill >= 33) && (f6_event_kill <= 36)
1	df6	(f6_event_i == 1) && (f6_event_kill >= 33) && (f6_event_kill <= 36)
1	df6	(f6_invasion_1_1_da == 1) && (f6_invasion_1_2_da == 1) && (f6_invasion_1_3_da == 1)
1	df6	(f6_invasion_1_1_li == 1) && (f6_invasion_1_2_li == 1) && (f6_invasion_1_3_li == 1)
1	df6	(f6_invasion_2_1_da == 1) && (f6_invasion_2_2_da == 1) && (f6_invasion_2_3_da == 1)
1	df6	(f6_invasion_2_1_li == 1) && (f6_invasion_2_2_li == 1) && (f6_invasion_2_3_li == 1)
1	df6	(f6_invasion_3_1_da == 1) && (f6_invasion_3_2_da == 1) && (f6_invasion_3_3_da == 1)
1	df6	(f6_invasion_3_1_li == 1) && (f6_invasion_3_2_li == 1) && (f6_invasion_3_3_li == 1)
1	df6	(f6_invasion_4_1_da == 1) && (f6_invasion_4_2_da == 1) && (f6_invasion_4_3_da == 1)
1	df6	(f6_invasion_4_1_li == 1) && (f6_invasion_4_2_li == 1) && (f6_invasion_4_3_li == 1)
1	idldf5re_solo	(game == 1)&&(timeout == 2)
1	idldf5re_solo	(game == 3)&&(game3score >= 5)
1	idldf5re_solo	(game == 3)&&(timeout == 1)
1	idldf5re_solo	(game == 3)&&(timeout == 2)
1	idldf5re_solo	(game2score>=12)&&(boss2die == 1)
1	idldf5re_solo	(game3score==1)&&(boss3die == 1)
1	idldf5re_solo	(game3score==2)&&(boss3die == 1)
1	idldf5re_solo	(game3score==3)&&(boss3die == 1)
1	idldf5re_solo	(game3score>=4)&&(boss3die == 1)
1	idldf5re_solo	(game3score>=5)||(boss3die == 1)||((timeout == 2) && (game == 3))
1	LDF4_Advance	(godelite == 3) || (godelite == 4) || (godelite == 11)
1	IDEternity_02	(ideternity_02_a_button_01 == 2) && (ideternity_02_a_button_02 == 2) && (ideternity_02_a_button_03 == 2) && (ideternity_02_a_button_04 == 2) && (ideternity_02_a_button_05 == 2)
1	IDEternity_02	(ideternity_02_da_01 == 14) && (ideternity_02_da == 1)
1	IDEternity_02	(ideternity_02_da_01 == 20) && (ideternity_02_da == 1)
1	IDEternity_02	(ideternity_02_da_01 == 8) && (ideternity_02_da == 1)
1	IDEternity_02	(ideternity_02_da_02 == 13) && (ideternity_02_da == 1)
1	IDEternity_02	(ideternity_02_da_02 == 20) && (ideternity_02_da == 1)
1	IDEternity_02	(ideternity_02_da_02 == 8) && (ideternity_02_da == 1)
1	IDEternity_02	(ideternity_02_da_04 == 20) && (ideternity_02_da == 1)
1	IDEternity_02	(ideternity_02_da_04 == 8) && (ideternity_02_da == 1)
1	IDEternity_02	(ideternity_02_da_04 == 9) && (ideternity_02_da == 1)
1	IDEternity_02	(ideternity_02_li == 10) || (ideternity_02_da == 10)
1	IDEternity_02	(ideternity_02_li_01 == 14) && (ideternity_02_li == 1)
1	IDEternity_02	(ideternity_02_li_01 == 20) && (ideternity_02_li == 1)
1	IDEternity_02	(ideternity_02_li_01 == 8) && (ideternity_02_li == 1)
1	IDEternity_02	(ideternity_02_li_02 == 13) && (ideternity_02_li == 1)
1	IDEternity_02	(ideternity_02_li_02 == 20) && (ideternity_02_li == 1)
1	IDEternity_02	(ideternity_02_li_02 == 8) && (ideternity_02_li == 1)
1	IDEternity_02	(ideternity_02_li_04 == 20) && (ideternity_02_li == 1)
1	IDEternity_02	(ideternity_02_li_04 == 8) && (ideternity_02_li == 1)
1	IDEternity_02	(ideternity_02_li_04 == 9) && (ideternity_02_li == 1)
1	IDEternity_02	(ideternity_02_named_01 == 4) && (ideternity_02_named_02 == 6) && (ideternity_02_named_03 == 13) && (named_die_03 == 2)
1	IDEternity_02	(ideternity_02_named_01 == 4) && (named_die_01 == 2)
1	IDEternity_02	(ideternity_02_named_02 == 6) && (named_die_02 == 2)
1	idf4re_drana	(idf4re_windbox_1 == 1) && (SpecialServer_Cond == 1)
1	idf4re_drana	(idf4re_windbox_2 == 1) && (SpecialServer_Cond == 1)
1	idf4re_drana	(idf4re_windbox_3 == 1) && (SpecialServer_Cond == 1)
1	idf4re_drana	(idf4re_windbox_4 == 1) && (SpecialServer_Cond == 1)
1	idf4re_drana	(idf4re_windbox_5 == 1) && (SpecialServer_Cond == 1)
1	idf4re_drana	(idf4re_windbox_6 == 1) && (SpecialServer_Cond == 1)
1	idf4re_drana	(idf4re_windbox_7 == 1) && (SpecialServer_Cond == 1)
1	idf4re_drana	(idf4re_windbox_8 == 1) && (SpecialServer_Cond == 1)
1	idf4re_drana	(last_boss >= 1) && (SpecialServer_Cond == 0)
1	idf4re_drana	(last_boss >= 1) && (SpecialServer_Cond == 1)
1	IDEternity_War	(li_flag == 1) && (bottom_boss_li == 1)
1	IDEternity_War	(li_flag == 1) && (top_boss_li == 1)
1	IDEternity_War	(li_flag == 2) && (bottom_boss_li == 1)
1	IDEternity_War	(li_flag == 2) && (top_boss_li == 1)
1	IDEternity_War	(li_flag == 3) && (bottom_boss_li == 1)
1	IDEternity_War	(li_flag == 3) && (top_boss_li == 1)
1	IDEternity_War	(li_flag == 4) && (bottom_boss_li == 1)
1	IDEternity_War	(li_flag == 4) && (top_boss_li == 1)
1	IDEternity_War	(li_flag == 5) && (bottom_boss_li == 1)
1	IDEternity_War	(li_flag == 5) && (top_boss_li == 1)
1	IDEternity_War	(li_flag == 6) && (bottom_boss_li == 1)
1	IDEternity_War	(li_flag == 6) && (top_boss_li == 1)
1	IDAb1_Ere	(li_play == 1) && (2f_decompose == 1)
1	IDAb1_Ere	(li_play == 1) && (2f_decompose == 2)
1	IDAb1_Ere	(li_play == 1) && (2f_decompose == 3)
1	IDAb1_Ere	(li_play == 1) && (4f_hole == 1)
1	IDAb1_Ere	(li_play == 1) && (4f_hole == 2)
1	IDAb1_Ere	(li_play == 1) && (4f_hole == 3)
1	IDAb1_Ere	(li_play == 1) && (4f_hole == 4) && (4f_hole_01 == 1)
1	IDAb1_Ere	(li_play == 1) && (4f_hole == 5) && (4f_hole_01 == 1)
1	IDAb1_Ere	(li_play == 1) && (4f_hole == 6) && (4f_hole_01 == 1)
1	IDAb1_Ere	(li_play == 1) && (4f_hole == 7)
1	IDAb1_Ere	(li_play == 1) && (4f_hole == 8)
1	IDAb1_Ere	(li_play == 1) && (4f_hole == 9)
1	IDAb1_Ere	(li_play == 1) && (4f_hole_succ == 5)
1	IDAb1_Ere	(li_play == 1) && (boss_spawn == 1) && (witch_die == 3)
1	IDAb1_Ere	(li_play == 1) && (boss_spawn == 2) && (witch_die == 3)
1	IDAb1_Ere	(li_play == 1) && (boss_spawn == 3) && (witch_die == 3)
1	IDAb1_Ere	(li_play == 1) && (boss_spawn == 4)
1	IDAb1_Ere	(li_play == 1) && (boss_spawn == 5)
1	IDAb1_Ere	(li_play == 1) && (boss_spawn == 6)
1	IDAb1_Ere	(li_play == 1) && (hero_come == 1)
1	IDAb1_Ere	(li_play == 1) && (hero_come == 2)
1	IDAb1_Ere	(li_play == 1) && (hero_come == 3)
1	IDAb1_Ere	(li_play == 1) && (labor_assassination == 1)
1	IDAb1_Ere	(li_play == 1) && (labor_assassination == 2)
1	IDAb1_Ere	(li_play == 1) && (labor_assassination == 3)
1	IDAb1_Ere	(li_play == 1) && (labor_friend == 1)
1	IDAb1_Ere	(li_play == 1) && (labor_friend == 2)
1	IDAb1_Ere	(li_play == 1) && (labor_friend == 3)
1	IDAb1_Ere	(li_play == 1) && (labor_friend_01 == 1)
1	IDAb1_Ere	(li_play == 1) && (labor_friend_01 == 2)
1	IDAb1_Ere	(li_play == 1) && (mission_end == 1) && (final_boss > 35) && (final_boss <= 70)
1	IDAb1_Ere	(li_play == 1) && (mission_end == 1) && (final_boss > 70)
1	IDAb1_Ere	(li_play == 1) && (mission_end == 1) && (final_boss >= 0) && (final_boss <= 35)
1	IDAb1_Ere	(li_play == 1) && (quest_on == 1)
1	IDAb1_Ere	(li_play == 1) && (run_away == 1)
1	IDAb1_Ere	(li_play == 1) && (sort_deva == 1)
1	IDAb1_Ere	(li_play == 1) && (statdown == 1)
1	IDAb1_Ere	(li_play == 1) && (statdown == 2)
1	IDAb1_Ere	(li_play == 1) && (statdown == 3)
1	IDAb1_Ere	(li_play == 1) && (statdown == 4)
1	IDAb1_Ere	(li_play == 1) && (statdown == 7)
1	IDAb1_Ere	(li_play == 1) && (statdown == 8)
1	idlf1	(master_boss == 1) && (GRADE == 6)
1	idlf1	(master_boss == 1)&& (light == 1)
1	IDAb1_Ere	(mission_end == 1) && (item_a >= 0) && (item_a <= 10)
1	IDAb1_Ere	(mission_end == 1) && (item_a >= 11) && (item_a <= 30)
1	IDAb1_Ere	(mission_end == 1) && (item_a >= 31)
1	IDAb1_Ere	(mission_end == 1) && (item_b >= 0) && (item_b <= 10)
1	IDAb1_Ere	(mission_end == 1) && (item_b >= 11) && (item_b <= 30)
1	IDAb1_Ere	(mission_end == 1) && (item_b >= 31)
1	IDAb1_Ere	(mission_end == 1) && (item_c >= 0) && (item_c <= 10)
1	IDAb1_Ere	(mission_end == 1) && (item_c >= 11) && (item_c <= 30)
1	IDAb1_Ere	(mission_end == 1) && (item_c >= 31)
1	IDEternity_War	(op_set == 1) && (da_flag == 1) && (top_boss_da == 1)
1	IDEternity_War	(op_set == 1) && (da_flag == 2) && (top_boss_da == 1)
1	IDEternity_War	(op_set == 1) && (da_flag == 3) && (top_boss_da == 1)
1	IDEternity_War	(op_set == 1) && (da_flag == 4) && (top_boss_da == 1)
1	IDEternity_War	(op_set == 1) && (da_flag == 5) && (top_boss_da == 1)
1	IDEternity_War	(op_set == 1) && (da_flag == 6) && (top_boss_da == 1)
1	IDEternity_War	(op_set == 1) && (li_flag == 1) && (bottom_boss_li == 1)
1	IDEternity_War	(op_set == 1) && (li_flag == 2) && (bottom_boss_li == 1)
1	IDEternity_War	(op_set == 1) && (li_flag == 3) && (bottom_boss_li == 1)
1	IDEternity_War	(op_set == 1) && (li_flag == 4) && (bottom_boss_li == 1)
1	IDEternity_War	(op_set == 1) && (li_flag == 5) && (bottom_boss_li == 1)
1	IDEternity_War	(op_set == 1) && (li_flag == 6) && (bottom_boss_li == 1)
1	IDEternity_War	(op_set == 1) && (tel_b3 == 1)
1	IDEternity_War	(op_set == 1) && (tel_e == 1)
1	IDEternity_War	(op_set == 1) && (tel_g == 1)
1	IDEternity_War	(op_set == 1) && (tel_i == 1)
1	IDEternity_War	(op_set == 2) && (da_flag == 1) && (bottom_boss_da == 1)
1	IDEternity_War	(op_set == 2) && (da_flag == 2) && (bottom_boss_da == 1)
1	IDEternity_War	(op_set == 2) && (da_flag == 3) && (bottom_boss_da == 1)
1	IDEternity_War	(op_set == 2) && (da_flag == 4) && (bottom_boss_da == 1)
1	IDEternity_War	(op_set == 2) && (da_flag == 5) && (bottom_boss_da == 1)
1	IDEternity_War	(op_set == 2) && (da_flag == 6) && (bottom_boss_da == 1)
1	IDEternity_War	(op_set == 2) && (li_flag == 1) && (top_boss_li == 1)
1	IDEternity_War	(op_set == 2) && (li_flag == 2) && (top_boss_li == 1)
1	IDEternity_War	(op_set == 2) && (li_flag == 3) && (top_boss_li == 1)
1	IDEternity_War	(op_set == 2) && (li_flag == 4) && (top_boss_li == 1)
1	IDEternity_War	(op_set == 2) && (li_flag == 5) && (top_boss_li == 1)
1	IDEternity_War	(op_set == 2) && (li_flag == 6) && (top_boss_li == 1)
1	IDEternity_War	(op_set == 2) && (tel_b3 == 1)
1	IDEternity_War	(op_set == 2) && (tel_e == 1)
1	IDEternity_War	(op_set == 2) && (tel_g == 1)
1	IDEternity_War	(op_set == 2) && (tel_i == 1)
1	IDEternity_War	(people_expand_con >= 3) && (96_top == 1)
1	IDAb1_Ere	(smigol_friend == 1) && (heal_play == 1)
1	IDAb1_Ere	(smigol_friend == 2) && (heal_play == 1)
1	IDAb1_Ere	(smigol_sword == 1) && (1round_end == 1)
1	Test_Timeattack	(test_monthly_01 == 1) || (test_monthly_02 == 1) || (test_monthly_03 == 1)
1	Test_Timeattack	(test_monthly_01) || (test_monthly_02) || (test_monthly_03)
1	IDEvent_Solo	(tog_spawn_mob == 2) && (SpecialServer_Cond == 0)
1	IDEvent_Solo	(tog_spawn_mob == 2) && (SpecialServer_Cond == 1)
1	IDLDF5_Under_01_War	(v01 == 1) && (Battle_2 >= 1)
1	IDLDF5_Under_01_War	(v01 == 1) && (EastWest >= 1) && (Battle_3 >= 1)
1	idf5_td_war	(v01 == 2) && (TIME_05 == 1)
1	idf5_td_war	(v01 == 2) && (TIME_10 == 1)
1	idf5_td_war	(v01 == 2) && (TIME_15 == 1)
1	idf5_td_war	(v01 == 2) && (TIME_20 == 1)
1	idf5_td_war	(v01 == 2) && (TIME_25 == 1)
1	idf5_td_war	(v01 == 2) && (TIME_30 == 1)
1	idf5_td_war	(v01 == 2) && (TIME_35 == 1)
1	idf5_td_war	(v01 == 3) && (TIME_05 == 1)
1	idf5_td_war	(v01 == 3) && (TIME_10 == 1)
1	idf5_td_war	(v01 == 3) && (TIME_15 == 1)
1	idf5_td_war	(v01 == 3) && (TIME_20 == 1)
1	idf5_td_war	(v01 == 3) && (TIME_25 == 1)
1	idf5_td_war	(v01 == 3) && (TIME_30 == 1)
1	idf5_td_war	(v01 == 3) && (TIME_35 == 1)
1	IDLDF5_Under_01_War	(v02 == 1) && (Battle_1 >= 1)
1	IDLDF5_Under_01_War	(v02 == 1) && (SouthNorth >= 1) && (Battle_3 >= 1)
1	idf5_td_war	(v02 == 2) && (TIME_05 == 1)
1	idf5_td_war	(v02 == 2) && (TIME_10 == 1)
1	idf5_td_war	(v02 == 2) && (TIME_15 == 1)
1	idf5_td_war	(v02 == 2) && (TIME_20 == 1)
1	idf5_td_war	(v02 == 2) && (TIME_25 == 1)
1	idf5_td_war	(v02 == 2) && (TIME_30 == 1)
1	idf5_td_war	(v02 == 2) && (TIME_35 == 1)
1	idf5_td_war	(v02 == 3) && (TIME_05 == 1)
1	idf5_td_war	(v02 == 3) && (TIME_10 == 1)
1	idf5_td_war	(v02 == 3) && (TIME_15 == 1)
1	idf5_td_war	(v02 == 3) && (TIME_20 == 1)
1	idf5_td_war	(v02 == 3) && (TIME_25 == 1)
1	idf5_td_war	(v02 == 3) && (TIME_30 == 1)
1	idf5_td_war	(v02 == 3) && (TIME_35 == 1)
1	IDLDF5_Under_01_War	(v03 == 1) && (Battle_1 >= 1)
1	IDLDF5_Under_01_War	(v03 == 1) && (SouthNorth >= 1) && (Battle_3 >= 1)
1	idf5_td_war	(v03 == 2) && (TIME_05 == 1)
1	idf5_td_war	(v03 == 2) && (TIME_10 == 1)
1	idf5_td_war	(v03 == 2) && (TIME_15 == 1)
1	idf5_td_war	(v03 == 2) && (TIME_20 == 1)
1	idf5_td_war	(v03 == 2) && (TIME_25 == 1)
1	idf5_td_war	(v03 == 2) && (TIME_30 == 1)
1	idf5_td_war	(v03 == 2) && (TIME_35 == 1)
1	idf5_td_war	(v03 == 3) && (TIME_05 == 1)
1	idf5_td_war	(v03 == 3) && (TIME_10 == 1)
1	idf5_td_war	(v03 == 3) && (TIME_15 == 1)
1	idf5_td_war	(v03 == 3) && (TIME_20 == 1)
1	idf5_td_war	(v03 == 3) && (TIME_25 == 1)
1	idf5_td_war	(v03 == 3) && (TIME_30 == 1)
1	idf5_td_war	(v03 == 3) && (TIME_35 == 1)
1	IDLDF5_Under_01_War	(v04 == 1) && (Battle_2 >= 1)
1	IDLDF5_Under_01_War	(v04 == 1) && (EastWest >= 1) && (Battle_3 >= 1)
1	idf5_td_war	(v04 == 2) && (TIME_05 == 1)
1	idf5_td_war	(v04 == 2) && (TIME_10 == 1)
1	idf5_td_war	(v04 == 2) && (TIME_15 == 1)
1	idf5_td_war	(v04 == 2) && (TIME_20 == 1)
1	idf5_td_war	(v04 == 2) && (TIME_25 == 1)
1	idf5_td_war	(v04 == 2) && (TIME_30 == 1)
1	idf5_td_war	(v04 == 2) && (TIME_35 == 1)
1	idf5_td_war	(v04 == 3) && (TIME_05 == 1)
1	idf5_td_war	(v04 == 3) && (TIME_10 == 1)
1	idf5_td_war	(v04 == 3) && (TIME_15 == 1)
1	idf5_td_war	(v04 == 3) && (TIME_20 == 1)
1	idf5_td_war	(v04 == 3) && (TIME_25 == 1)
1	idf5_td_war	(v04 == 3) && (TIME_30 == 1)
1	idf5_td_war	(v04 == 3) && (TIME_35 == 1)
1	idf5_td_war	(v06 == 2) && (TIME_05 == 1)
1	idf5_td_war	(v06 == 2) && (TIME_10 == 1)
1	idf5_td_war	(v06 == 2) && (TIME_15 == 1)
1	idf5_td_war	(v06 == 2) && (TIME_20 == 1)
1	idf5_td_war	(v06 == 2) && (TIME_25 == 1)
1	idf5_td_war	(v06 == 2) && (TIME_30 == 1)
1	idf5_td_war	(v06 == 2) && (TIME_35 == 1)
1	idf5_td_war	(v06 == 3) && (TIME_05 == 1)
1	idf5_td_war	(v06 == 3) && (TIME_10 == 1)
1	idf5_td_war	(v06 == 3) && (TIME_15 == 1)
1	idf5_td_war	(v06 == 3) && (TIME_20 == 1)
1	idf5_td_war	(v06 == 3) && (TIME_25 == 1)
1	idf5_td_war	(v06 == 3) && (TIME_30 == 1)
1	idf5_td_war	(v06 == 3) && (TIME_35 == 1)
1	idf5_td_war	(v07 == 2) && (TIME_05 == 1)
1	idf5_td_war	(v07 == 2) && (TIME_10 == 1)
1	idf5_td_war	(v07 == 2) && (TIME_15 == 1)
1	idf5_td_war	(v07 == 2) && (TIME_20 == 1)
1	idf5_td_war	(v07 == 2) && (TIME_25 == 1)
1	idf5_td_war	(v07 == 2) && (TIME_30 == 1)
1	idf5_td_war	(v07 == 2) && (TIME_35 == 1)
1	idf5_td_war	(v07 == 3) && (TIME_05 == 1)
1	idf5_td_war	(v07 == 3) && (TIME_10 == 1)
1	idf5_td_war	(v07 == 3) && (TIME_15 == 1)
1	idf5_td_war	(v07 == 3) && (TIME_20 == 1)
1	idf5_td_war	(v07 == 3) && (TIME_25 == 1)
1	idf5_td_war	(v07 == 3) && (TIME_30 == 1)
1	idf5_td_war	(v07 == 3) && (TIME_35 == 1)
1	idf5_td_war	(v09 == 2) && (TIME_05 == 1)
1	idf5_td_war	(v09 == 2) && (TIME_10 == 1)
1	idf5_td_war	(v09 == 2) && (TIME_15 == 1)
1	idf5_td_war	(v09 == 2) && (TIME_20 == 1)
1	idf5_td_war	(v09 == 2) && (TIME_25 == 1)
1	idf5_td_war	(v09 == 2) && (TIME_30 == 1)
1	idf5_td_war	(v09 == 2) && (TIME_35 == 1)
1	idf5_td_war	(v09 == 3) && (TIME_05 == 1)
1	idf5_td_war	(v09 == 3) && (TIME_10 == 1)
1	idf5_td_war	(v09 == 3) && (TIME_15 == 1)
1	idf5_td_war	(v09 == 3) && (TIME_20 == 1)
1	idf5_td_war	(v09 == 3) && (TIME_25 == 1)
1	idf5_td_war	(v09 == 3) && (TIME_30 == 1)
1	idf5_td_war	(v09 == 3) && (TIME_35 == 1)
1	idf5_td_war	(v10 == 2) && (TIME_05 == 1)
1	idf5_td_war	(v10 == 2) && (TIME_10 == 1)
1	idf5_td_war	(v10 == 2) && (TIME_15 == 1)
1	idf5_td_war	(v10 == 2) && (TIME_20 == 1)
1	idf5_td_war	(v10 == 2) && (TIME_25 == 1)
1	idf5_td_war	(v10 == 2) && (TIME_30 == 1)
1	idf5_td_war	(v10 == 2) && (TIME_35 == 1)
1	idf5_td_war	(v10 == 3) && (TIME_05 == 1)
1	idf5_td_war	(v10 == 3) && (TIME_10 == 1)
1	idf5_td_war	(v10 == 3) && (TIME_15 == 1)
1	idf5_td_war	(v10 == 3) && (TIME_20 == 1)
1	idf5_td_war	(v10 == 3) && (TIME_25 == 1)
1	idf5_td_war	(v10 == 3) && (TIME_30 == 1)
1	idf5_td_war	(v10 == 3) && (TIME_35 == 1)
1	LDF4_Advance	(v13==2) && (li_killer_v13 > 2)
1	LDF4_Advance	(v13==3) && (da_killer_v13 > 2)
1	ldf5b	(v18==2)&&(LDF5b_6021_Teleport_On==1)
1	ldf5b	(v18==2)&&(LDF5b_6021_Teleport_On==3)
1	ldf5b	(v18==3)&&(LDF5b_6021_Teleport_On==1)
1	ldf5b	(v18==3)&&(LDF5b_6021_Teleport_On==2)
1	ldf5b	(v19==2)&&(LDF5b_6021_Teleport_On==1)
1	ldf5b	(v19==2)&&(LDF5b_6021_Teleport_On==3)
1	ldf5b	(v19==3)&&(LDF5b_6021_Teleport_On==1)
1	ldf5b	(v19==3)&&(LDF5b_6021_Teleport_On==2)
1	idlf1	(vanq == 4) && (GRADE == 1)
1	idlf1	(vanq == 4) && (GRADE == 2)
1	idlf1	(vanq == 4) && (GRADE == 6)
1	idlf1	(vanq == 4) && (aboss_die == 1)
1	idlf1	(vanq == 4) && (aboss_die == 1))
1	idlf1	(vanq == 4) && (sboss_die == 1)
1	idlf1	(vanq == 4) && (sboss_die == 1))
1	LDF4_Advance	(vd_d > 0) && (da_killer_v11 > 1)
1	LDF4_Advance	(vd_l > 0) && (li_killer_v11 > 1)
1	IDEternity_03	(zone3close == 1)&&(zone3_book == 1)
1	IDEternity_03	(zone3close == 1)&&(zone3_book == 10)
1	IDEternity_03	(zone3close == 1)&&(zone3_book == 11)
1	IDEternity_03	(zone3close == 1)&&(zone3_book == 12)
1	IDEternity_03	(zone3close == 1)&&(zone3_book == 13)
1	IDEternity_03	(zone3close == 1)&&(zone3_book == 14)
1	IDEternity_03	(zone3close == 1)&&(zone3_book == 15)
1	IDEternity_03	(zone3close == 1)&&(zone3_book == 16)
1	IDEternity_03	(zone3close == 1)&&(zone3_book == 17)
1	IDEternity_03	(zone3close == 1)&&(zone3_book == 18)
1	IDEternity_03	(zone3close == 1)&&(zone3_book == 19)
1	IDEternity_03	(zone3close == 1)&&(zone3_book == 2)
1	IDEternity_03	(zone3close == 1)&&(zone3_book == 20)
1	IDEternity_03	(zone3close == 1)&&(zone3_book == 21)
1	IDEternity_03	(zone3close == 1)&&(zone3_book == 22)
1	IDEternity_03	(zone3close == 1)&&(zone3_book == 23)
1	IDEternity_03	(zone3close == 1)&&(zone3_book == 24)
1	IDEternity_03	(zone3close == 1)&&(zone3_book == 25)
1	IDEternity_03	(zone3close == 1)&&(zone3_book == 3)
1	IDEternity_03	(zone3close == 1)&&(zone3_book == 4)
1	IDEternity_03	(zone3close == 1)&&(zone3_book == 5)
1	IDEternity_03	(zone3close == 1)&&(zone3_book == 6)
1	IDEternity_03	(zone3close == 1)&&(zone3_book == 7)
1	IDEternity_03	(zone3close == 1)&&(zone3_book == 8)
1	IDEternity_03	(zone3close == 1)&&(zone3_book == 9)
1	IDSweep	1STAGE_START>=18
1	IDEternity_01	1st_Boss_Room == 2
1	IDEternity_War	24_bottom == 1
1	IDEternity_War	24_middle == 1
1	IDEternity_War	24_top == 1
1	IDLuna_siege	2STAGE_OPEN==1
1	IDAb1_Ere	2f_decompose == 2
1	IDAb1_Ere	3f_smigol == 1
1	IDAb1_Ere	3f_smigol == 10
1	IDAb1_Ere	3f_smigol == 11
1	IDAb1_Ere	3f_smigol == 12
1	IDAb1_Ere	3f_smigol == 13
1	IDAb1_Ere	3f_smigol == 14
1	IDAb1_Ere	3f_smigol == 15
1	IDAb1_Ere	3f_smigol == 16
1	IDAb1_Ere	3f_smigol == 17
1	IDAb1_Ere	3f_smigol == 18
1	IDAb1_Ere	3f_smigol == 19
1	IDAb1_Ere	3f_smigol == 2
1	IDAb1_Ere	3f_smigol == 20
1	IDAb1_Ere	3f_smigol == 21
1	IDAb1_Ere	3f_smigol == 22
1	IDAb1_Ere	3f_smigol == 23
1	IDAb1_Ere	3f_smigol == 24
1	IDAb1_Ere	3f_smigol == 25
1	IDAb1_Ere	3f_smigol == 26
1	IDAb1_Ere	3f_smigol == 27
1	IDAb1_Ere	3f_smigol == 28
1	IDAb1_Ere	3f_smigol == 29
1	IDAb1_Ere	3f_smigol == 3
1	IDAb1_Ere	3f_smigol == 30
1	IDAb1_Ere	3f_smigol == 31
1	IDAb1_Ere	3f_smigol == 32
1	IDAb1_Ere	3f_smigol == 33
1	IDAb1_Ere	3f_smigol == 34
1	IDAb1_Ere	3f_smigol == 35
1	IDAb1_Ere	3f_smigol == 36
1	IDAb1_Ere	3f_smigol == 37
1	IDAb1_Ere	3f_smigol == 38
1	IDAb1_Ere	3f_smigol == 39
1	IDAb1_Ere	3f_smigol == 4
1	IDAb1_Ere	3f_smigol == 5
1	IDAb1_Ere	3f_smigol == 6
1	IDAb1_Ere	3f_smigol == 7
1	IDAb1_Ere	3f_smigol == 8
1	IDAb1_Ere	3f_smigol == 9
1	IDEternity_01	3rd_Boss_Room == 2
1	ldf5_fortress	7011 == 2
1	ldf5_fortress	7011 == 3
1	idkamar	A1 == 1
1	idkamar	A2 == 1
1	idkamar	A3 == 1
1	IDLuna_siege	ALLY_CANNON==1
1	ab1	Ab1_Link_Weapon_Ctrl_01 == 1
1	idkamar	B1 == 1
1	idkamar	B1 == 2
1	idkamar	B2 == 1
1	idkamar	B2 == 2
1	IDLuna_siege	BLUE_BOMB==1
1	IDLuna_siege	BOMB_SPAWN==1
1	idarena	BONUS_S7_D == 1
1	idarena	BONUS_S7_L == 1
1	idvritra_base	BOSS2_SUM_01 >= 1
1	idvritra_base	BOSS2_SUM_02 >= 1
1	idvritra_base	BOSS2_SUM_03 >= 1
1	IDSeal_Q	BOSSROOM == 1
1	idlf1	BOSS_KILL == 1
1	idvritra_base	BRIDGE_BOSS >= 1
1	IDLDF5_Under_01_War	BaseTakeDark_1_1 == 1
1	IDLDF5_Under_01_War	BaseTakeDark_1_2 == 1
1	IDLDF5_Under_01_War	BaseTakeDark_1_3 == 1
1	IDLDF5_Under_01_War	BaseTakeDark_1_4 == 1
1	IDLDF5_Under_01_War	BaseTakeDrakan_1_1 >= 1
1	IDLDF5_Under_01_War	BaseTakeDrakan_1_2 >= 1
1	IDLDF5_Under_01_War	BaseTakeDrakan_1_3 >= 1
1	IDLDF5_Under_01_War	BaseTakeDrakan_1_4 >= 1
1	IDLDF5_Under_01_War	BaseTakeLight_1_1 == 1
1	IDLDF5_Under_01_War	BaseTakeLight_1_2 == 1
1	IDLDF5_Under_01_War	BaseTakeLight_1_3 == 1
1	IDLDF5_Under_01_War	BaseTakeLight_1_4 == 1
1	IDLDF5_Under_01_War	Battle_3 >= 1
1	idcatacombs	BigOrb_Spawn == 1
1	IDLuna_siege	Boss_Figure==1
1	IDLuna_siege	Boss_Start==1
1	idkamar	C1 == 1
1	idkamar	C2 == 1
1	idkamar	C3 == 1
1	housing_lf_personal	CHALLENGE_505
1	housing_lf_personal	CHALLENGE_507
1	housing_lf_personal	CHALLENGE_509
1	housing_lf_personal	CHALLENGE_511
1	housing_lf_personal	CHALLENGE_513
1	housing_lf_personal	CHALLENGE_515
1	housing_lf_personal	CHALLENGE_517
1	housing_lf_personal	CHALLENGE_519
1	housing_lf_personal	CHALLENGE_521
1	housing_lf_personal	CHALLENGE_523
1	housing_lf_personal	CHALLENGE_525
1	housing_lf_personal	CHALLENGE_527
1	housing_lf_personal	CHALLENGE_529
1	housing_lf_personal	CHALLENGE_531
1	housing_lf_personal	CHALLENGE_533
1	housing_lf_personal	CHALLENGE_535
1	housing_lf_personal	CHALLENGE_537
1	housing_lf_personal	CHALLENGE_539
1	housing_lf_personal	CHALLENGE_541
1	housing_lf_personal	CHALLENGE_543
1	housing_lf_personal	CHALLENGE_545
1	housing_lf_personal	CHALLENGE_547
1	housing_lf_personal	CHALLENGE_549
1	housing_lf_personal	CHALLENGE_551
1	housing_lf_personal	CHALLENGE_553
1	housing_df_personal	CHALLENGE_605
1	housing_df_personal	CHALLENGE_607
1	housing_df_personal	CHALLENGE_609
1	housing_df_personal	CHALLENGE_611
1	housing_df_personal	CHALLENGE_613
1	housing_df_personal	CHALLENGE_615
1	housing_df_personal	CHALLENGE_617
1	housing_df_personal	CHALLENGE_619
1	housing_df_personal	CHALLENGE_621
1	housing_df_personal	CHALLENGE_623
1	housing_df_personal	CHALLENGE_625
1	housing_df_personal	CHALLENGE_627
1	housing_df_personal	CHALLENGE_629
1	housing_df_personal	CHALLENGE_631
1	housing_df_personal	CHALLENGE_633
1	housing_df_personal	CHALLENGE_635
1	housing_df_personal	CHALLENGE_637
1	housing_df_personal	CHALLENGE_639
1	housing_df_personal	CHALLENGE_641
1	housing_df_personal	CHALLENGE_643
1	housing_df_personal	CHALLENGE_645
1	housing_df_personal	CHALLENGE_647
1	housing_df_personal	CHALLENGE_649
1	housing_df_personal	CHALLENGE_651
1	housing_df_personal	CHALLENGE_653
1	idarena_solo	Condition_Box>=1
1	idarena	Condition_S10 == 23
1	idarena	Condition_S10 >= 23
1	iddf2flying_event01	Condition_S2==129
1	iddf2flying_event01	Condition_S2>129
1	idarena_solo	Condition_S2A>=3
1	idarena	Condition_S2_D >= 15
1	idarena	Condition_S2_L >= 15
1	iddf2flying_event01	Condition_S3==172
1	iddf2flying_event01	Condition_S3>172
1	idarena_solo	Condition_S3A>=4
1	idarena_solo	Condition_S3B>=4
1	idarena	Condition_S3_L >= 49
1	iddf2flying_event01	Condition_S4==140
1	iddf2flying_event01	Condition_S4>140
1	idarena	Condition_S6 >= 14
1	idarena	Condition_S6 >= 15
1	idarena	Condition_S6 >= 16
1	idarena_solo	Condition_S6>=2
1	idarena	Condition_S9 >= 7
1	idcromede	Cromede_Butler == 2
1	ab1	Crotan_Nmd >= 10
1	ab1	Crotan_Nmd_Dr_1 >= 1
1	ab1	Crotan_Nmd_Dr_2 >= 1
1	ab1	Crotan_Nmd_Dr_3 >= 1
1	ab1	Crotan_Nmd_Dr_4 >= 1
1	ab1	Crotan_Nmd_Dr_5 >= 1
1	ab1	Crotan_Nmd_Dr_6 >= 1
1	idkamar	D1 == 1
1	idkamar	D1 == 2
1	idkamar	D2 == 1
1	idkamar	D2 == 2
1	IDSeal	DEFENCE_WAVE == 2
1	df2	DF2_1_Killer==1
1	df2	DF2_1_Village==1
1	df2	DF2_1_Village==3
1	df2	DF2_2_Village==1
1	df2	DF2_2_Village==2
1	df2	DF2_2_Village==3
1	df3	DF3_1_Killer==1
1	df3	DF3_2_Killer==1
1	df3	DF3_RVR_Control == 1
1	DF4_M	DF4_D_WINDBOX_ON == 1
1	idkamar	D_0 == 1
1	idkamar	D_160 == 1
1	idkamar	D_205 == 1
1	idkamar	D_25 == 1
1	ldf5_fortress	Da_heal01 == 1
1	ldf5_fortress	Da_heal01 == 2
1	ldf5_fortress	Da_heal01 == 3
1	iddreadgion_02	Dark_A_On == 1
1	iddreadgion_02	Dark_B_On == 1
1	df3	DirectPortalDest_19 == 0
1	df3	DirectPortalDest_23 == 0
1	lf3	DirectPortalDest_27 == 0
1	lf3	DirectPortalDest_28 == 0
1	lf3	DirectPortalDest_31 == 0
1	GAb1_Sub	DirectPortalDest_69 < 1
1	GAb1_Sub	DirectPortalDest_69 == 1
1	GAb1_Sub	DirectPortalDest_70 < 1
1	GAb1_Sub	DirectPortalDest_70 == 1
1	GAb1_Sub	DirectPortalDest_71 < 1
1	GAb1_Sub	DirectPortalDest_71 == 1
1	GAb1_Sub	DirectPortalDest_72 < 1
1	GAb1_Sub	DirectPortalDest_72 == 1
1	df5	DirectPortalDest_91 == 1
1	df5	DirectPortalDest_92 == 1
1	df5	DirectPortalDest_93 == 1
1	ab1	Dkisas_Tak >= 7
1	ab1	Dkisas_Tak_Dr_1 >= 1
1	ab1	Dkisas_Tak_Dr_2 >= 1
1	ab1	Dkisas_Tak_Dr_3 >= 1
1	ab1	Dkisas_Tak_Dr_4 >= 1
1	idf4re_drana	Drana_2nd_gate_1 == 1
1	idf4re_drana	Drana_2nd_gate_2 == 1
1	idf4re_drana	Drana_2nd_gate_3 == 1
1	idf4re_drana	Drana_2nd_hidden_Box == 1
1	idarena_solo	Dukaki_Count>=10
1	idarena_solo	Dukaki_Count>=5
1	IDEternity_01	End_Boss_Die<2
1	IDLuna_siege	Enemy_Cannon==1
1	IDLegion	F1_T1_OBJ_Die == 48
1	IDLegion	F2_T1_OBJ_Die == 48
1	IDLegion	F3_T1_OBJ_Die == 48
1	IDLegion	F4_T1_OBJ_Die == 48
1	df6	F6_Raid_First_Start_02 == 1
1	idldf5b_td	Fire01_01 == 1
1	idldf5b_td	Fire01_02 == 1
1	idldf5b_td	Fire01_03 == 1
1	idldf5b_td	Fire01_04 == 1
1	idldf5b_td	Fire01_05 == 1
1	idldf5b_td	Fire01_06 == 1
1	idldf5b_td	Fire01_07 == 1
1	idldf5b_td	Fire01_08 == 1
1	idldf5b_td	Fire01_09 == 1
1	idldf5b_td	Fire02_01 == 1
1	idldf5b_td	Fire02_02 == 1
1	idldf5b_td	Fire02_03 == 1
1	idldf5b_td	Fire02_04 == 1
1	idldf5b_td	Fire02_05 == 1
1	idldf5b_td	Fire02_06 == 1
1	idldf5b_td	Fire02_07 == 1
1	idldf5b_td	Fire02_08 == 1
1	idldf5b_td	Fire02_09 == 1
1	idldf5b_td	Fire02_10 == 1
1	idldf5b_td	Fire02_11 == 1
1	idldf5b_td	Fire02_12 == 1
1	dc1	GAB1_DARK_TELEPORTER_IN_PEACE_10111 == 1
1	dc1	GAB1_DARK_TELEPORTER_IN_PEACE_10211 == 1
1	dc1	GAB1_DARK_TELEPORTER_IN_PEACE_10311 == 1
1	dc1	GAB1_DARK_TELEPORTER_IN_PEACE_10411 == 1
1	lc1	GAB1_LIGHT_TELEPORTER_IN_PEACE_10111 == 1
1	lc1	GAB1_LIGHT_TELEPORTER_IN_PEACE_10211 == 1
1	lc1	GAB1_LIGHT_TELEPORTER_IN_PEACE_10311 == 1
1	lc1	GAB1_LIGHT_TELEPORTER_IN_PEACE_10411 == 1
1	idtiamat_1	GARNON_SPAWN == 1
1	idvritra_base	GATECONTROL_B1 <= 1
1	ldf5_fortress	GH_Shield_On01 == 1
1	ldf5_fortress	GH_Shield_On02 == 1
1	ldf5_fortress	GH_Shield_On03 == 1
1	IDSeal	GUARDIAN_1 == 1
1	IDSeal	GUARDIAN_1 == 2
1	IDSeal	GUARDIAN_2 == 1
1	IDSeal	GUARDIAN_2 == 2
1	IDSeal	GUARDIAN_3 == 1
1	IDSeal	GUARDIAN_3 == 2
1	IDSeal	GUARDIAN_4 == 1
1	IDSeal	GUARDIAN_4 == 2
1	IDSeal	GUARDIAN_CHIEF == 1
1	IDSeal	GUARDIAN_CHIEF == 2
1	IDSeal	GUARDIAN_CHIEF == 3
1	IDSeal	GUARDIAN_CHIEF == 4
1	IDSeal	GUARDIAN_TIMER == 1
1	IDEvent_def	HealTower == 2
1	IDEvent_def	HealTower == 3
1	IDEvent_def	HealTower == 4
1	IDEvent_def	HealTower == 5
1	IDLDF5_Under_01_War	HeroDark_05_01 >= 1
1	IDLDF5_Under_01_War	HeroDark_05_02 >= 1
1	IDLDF5_Under_01_War	HeroDark_05_03 >= 1
1	IDLDF5_Under_01_War	HeroDark_05_04 >= 1
1	IDLDF5_Under_01_War	HeroDark_10_01 >= 1
1	IDLDF5_Under_01_War	HeroDark_10_02 >= 1
1	IDLDF5_Under_01_War	HeroDark_10_03 >= 1
1	IDLDF5_Under_01_War	HeroDark_10_04 >= 1
1	IDLDF5_Under_01_War	HeroDark_Last_01 >= 1
1	IDLDF5_Under_01_War	HeroDark_Last_02 >= 1
1	IDLDF5_Under_01_War	HeroDark_Last_03 >= 1
1	IDLDF5_Under_01_War	HeroDark_Last_04 >= 1
1	IDLDF5_Under_01_War	HeroLight_05_01 >= 1
1	IDLDF5_Under_01_War	HeroLight_05_02 >= 1
1	IDLDF5_Under_01_War	HeroLight_05_03 >= 1
1	IDLDF5_Under_01_War	HeroLight_05_04 >= 1
1	IDLDF5_Under_01_War	HeroLight_10_01 >= 1
1	IDLDF5_Under_01_War	HeroLight_10_02 >= 1
1	IDLDF5_Under_01_War	HeroLight_10_03 >= 1
1	IDLDF5_Under_01_War	HeroLight_10_04 >= 1
1	IDLDF5_Under_01_War	HeroLight_Last_01 >= 1
1	IDLDF5_Under_01_War	HeroLight_Last_02 >= 1
1	IDLDF5_Under_01_War	HeroLight_Last_03 >= 1
1	IDLDF5_Under_01_War	HeroLight_Last_04 >= 1
1	IDTemple_Up	IDCT_Boss_Spectre_noShown1 == 3
1	IDDF2_Dflame_Event	IDDF2_Dflame_Event_Reward == 0
1	idelim	IDElim_1F_BossRush == 1
1	idelim	IDElim_1F_NoshowNPC == 1
1	idelim	IDElim_2F_Wind == 1
1	idelim	IDElim_3F_Boss == 1
1	idelim	IDElim_3F_Boss == 2
1	idelim	IDElim_3F_Heal_Plant_Giant == 50
1	idf4re_drana	IDF4Re_Dra_02_Boss_Kill == 1
1	idf4re_drana	IDF4Re_Dra_02_KeyNamed_Kill == 3
1	IDLuna_def	IDLUNA_DEF_END==1
1	IDLuna_def	IDLUNA_DEF_PHASE_1>=300
1	IDLuna_def	IDLUNA_DEF_PHASE_2==1
1	IDLuna_def	IDLUNA_DEF_PHASE_2>=300
1	IDLuna_def	IDLUNA_DEF_PHASE_3==1
1	IDLuna_def	IDLUNA_DEF_PHASE_3>=450
1	IDLuna_def	IDLUNA_DEF_PHASE_4==1
1	IDLuna_def	IDLUNA_DEF_PHASE_4>=2
1	idshulackship_02_party	IDRose_3F_Nmd == 1
1	idshulackship_02_party	IDRose_3F_Nmd == 2
1	idshulackship_02_party	IDRose_3F_Nmd == 3
1	idshulackship_02_party	IDRose_3F_Nmd == 4
1	idshulackship	IDSHULACKSHIP_PH_KILL == 1
1	idtiamat_1	IDTIAMAT_REAL_COLLISION == 1
1	idtiamat_1	IDTIAMAT_TELEPORT_S1_1 == 1
1	idtiamat_1	IDTIAMAT_TELEPORT_S1_2 == 1
1	idtiamat_1	IDTIAMAT_TELEPORT_S1_3 == 1
1	idtiamat_1	IDTIAMAT_WAVE1 == 1
1	idtiamat_1	IDTIAMAT_WAVE2 == 1
1	idtiamat_1	IDTIAMAT_WAVE3 == 1
1	IDSeal	IMMORTAL_TIMER == 1
1	idvritra_base	ITEMNAMED_SUM >=1
1	IDLDF5_Under_01_War	Item_1 == 1
1	IDLDF5_Under_01_War	Item_2 == 1
1	idtiamat_1	KAHRUN_TALK == 1
1	idtiamat_1	KAHRUN_TALK == 2
1	ldf5_under	LDF5_under_Legend_Q01 == 1
1	ldf5_under	LDF5_under_Legend_Q02 == 1
1	IDLuna_siege	LEFT_BOMB_SPAWN==1
1	IDSeal	LEVEL_CHECK_1 == 1
1	IDSeal	LEVEL_CHECK_1 == 10
1	IDSeal	LEVEL_CHECK_2 == 10
1	IDSeal	LEVEL_CHECK_3 == 10
1	lf2	LF2_1_Killer==1
1	lf2	LF2_2_Killer==1
1	lf3	LF3_1_Killer==1
1	lf3	LF3_2_Killer==1
1	idkamar	L_0 == 1
1	idkamar	L_160 == 1
1	idkamar	L_205 == 1
1	idkamar	L_25 == 1
1	ldf5_fortress	Li_heal01 == 1
1	ldf5_fortress	Li_heal01 == 2
1	ldf5_fortress	Li_heal01 == 3
1	iddreadgion_02	Light_A_On == 1
1	iddreadgion_02	Light_B_On == 1
1	idtiamat_1	MURUGAN_SPAWN == 3
1	idtiamat_1	MURUGAN_SPAWN == 4
1	idtiamat_1	NAMED_KILL == 1
1	idtiamat_1	NAMED_KILL == 2
1	idtiamat_1	NAMED_KILL == 3
1	idtiamat_1	NAMED_KILL == 4
1	idtiamat_1	NAMED_KILL == 5
1	idtiamat_1	NAMED_KILL == 6
1	idtiamat_1	NAMED_KILL == 7
1	idvritra_base	OBJ_GATE_SELECTION == 1
1	IDLDF5_Fortress_War	OperCompleted_Da_01 >= 7
1	IDLDF5_Fortress_War	OperCompleted_Da_02 >= 7
1	IDLDF5_Fortress_War	OperCompleted_Da_03 >= 7
1	IDLDF5_Fortress_War	OperCompleted_Da_04 >= 7
1	IDLDF5_Fortress_War	OperCompleted_Li_01 >= 7
1	IDLDF5_Fortress_War	OperCompleted_Li_02 >= 7
1	IDLDF5_Fortress_War	OperCompleted_Li_03 >= 7
1	IDLDF5_Fortress_War	OperCompleted_Li_04 >= 7
1	IDSeal	PLAY_LEVEL == 2
1	IDSeal	PLAY_LEVEL == 3
1	IDSeal	PORTALBREATH == 1
1	IDSeal	PORTALBREATH == 2
1	IDLDF5_Under_02_E	Pr_reset01 == 3
1	IDLuna_siege	QUEST_SPAWN_01==1
1	IDLuna_siege	QUEST_SPAWN_02==1
1	IDLuna_siege	QUEST_SPAWN_03==1
1	IDLuna_siege	QUEST_SPAWN_04==1
1	IDLuna_siege	QUEST_SPAWN_05==1
1	IDLuna_siege	QUEST_SPAWN_06==1
1	IDLuna_siege	QUEST_SPAWN_07==1
1	df6	QuestNpc_Sun_Dark_To_Light == 1
1	IDLuna_siege	REPEAT_SPAWN==1
1	idldf5b_td	Race_01 == 1
1	idldf5b_td	Race_01 == 2
1	idldf5b_td	Race_02 == 1
1	idldf5b_td	Race_02 == 2
1	idldf5b_td	Race_03 == 1
1	idldf5b_td	Race_03 == 2
1	idldf5b_td	Race_04 == 1
1	idldf5b_td	Race_04 == 2
1	idldf5b_td	Race_05 == 1
1	idldf5b_td	Race_05 == 2
1	idldf5b_td	Race_06 == 1
1	idldf5b_td	Race_06 == 2
1	idldf5b_td	Race_07 == 1
1	idldf5b_td	Race_07 == 2
1	idldf5b_td	Race_08 == 1
1	idldf5b_td	Race_08 == 2
1	idldf5b_td	Race_09 == 1
1	idldf5b_td	Race_09 == 2
1	idldf5b_td	Race_10 == 1
1	idldf5b_td	Race_10 == 2
1	idldf5b_td	Race_11 == 1
1	idldf5b_td	Race_11 == 2
1	idldf5b_td	Race_12 == 1
1	idldf5b_td	Race_12 == 2
1	ab1	Ramiren_Nmd >= 10
1	ab1	Ramiren_Nmd_Dr_1 >= 1
1	ab1	Ramiren_Nmd_Dr_2 >= 1
1	ab1	Ramiren_Nmd_Dr_3 >= 1
1	ab1	Ramiren_Nmd_Dr_4 >= 1
1	ab1	Ramiren_Nmd_Dr_5 >= 1
1	ab1	Ramiren_Nmd_Dr_6 >= 1
1	IDLDF5_Under_01_War	RewardDark_1_1_10 == 1
1	IDLDF5_Under_01_War	RewardDark_1_1_15 == 1
1	IDLDF5_Under_01_War	RewardDark_1_2_05 == 1
1	IDLDF5_Under_01_War	RewardDark_1_2_15 == 1
1	IDLDF5_Under_01_War	RewardDark_1_3_05 == 1
1	IDLDF5_Under_01_War	RewardDark_1_3_15 == 1
1	IDLDF5_Under_01_War	RewardDark_1_4_10 == 1
1	IDLDF5_Under_01_War	RewardDark_1_4_15 == 1
1	IDLDF5_Under_01_War	RewardDrakan_1_1_10 == 1
1	IDLDF5_Under_01_War	RewardDrakan_1_1_15 == 1
1	IDLDF5_Under_01_War	RewardDrakan_1_2_05 == 1
1	IDLDF5_Under_01_War	RewardDrakan_1_2_15 == 1
1	IDLDF5_Under_01_War	RewardDrakan_1_3_05 == 1
1	IDLDF5_Under_01_War	RewardDrakan_1_3_15 == 1
1	IDLDF5_Under_01_War	RewardDrakan_1_4_10 == 1
1	IDLDF5_Under_01_War	RewardDrakan_1_4_15 == 1
1	IDLDF5_Under_01_War	RewardLight_1_1_10 == 1
1	IDLDF5_Under_01_War	RewardLight_1_1_15 == 1
1	IDLDF5_Under_01_War	RewardLight_1_2_05 == 1
1	IDLDF5_Under_01_War	RewardLight_1_2_15 == 1
1	IDLDF5_Under_01_War	RewardLight_1_3_05 == 1
1	IDLDF5_Under_01_War	RewardLight_1_3_15 == 1
1	IDLDF5_Under_01_War	RewardLight_1_4_10 == 1
1	IDLDF5_Under_01_War	RewardLight_1_4_15 == 1
1	IDLuna_siege	Reward_Treasure_02==1
1	IDLuna_siege	Rolling_Golem_04==1
1	IDEternity_Q	SCENE < 10
1	IDEternity_Q	SCENE < 11
1	IDEternity_Q	SCENE < 13
1	IDEternity_Q	SCENE < 4
1	IDEternity_Q	SCENE < 8
1	IDEternity_Q	SCENE < 9
1	IDSeal_Q	SCENE == 14
1	IDEternity_Q	SCENE == 2
1	IDEternity_Q	SCENE == 4
1	IDSeal_Q	SCENE == 5
1	IDEternity_Q	SCENE >= 10
1	IDEternity_Q	SCENE >= 13
1	IDEternity_Q	SCENE >= 8
1	idarena	STAGE10_OVER >= 1
1	idarena	STAGE10_START >= 1
1	idarena	STAGE1_OVER >= 1
1	idarena_solo	STAGE1_OVER>=1
1	idarena	STAGE2_OVER >= 1
1	idarena_solo	STAGE2_OVER>=1
1	idarena_solo	STAGE2_START>=1
1	idarena_solo	STAGE3_OVER>=1
1	idarena_solo	STAGE3_START>=1
1	idarena	STAGE4_OVER >= 1
1	idarena	STAGE5_OVER >= 1
1	idarena_solo	STAGE5_OVER>=1
1	idarena	STAGE5_START >= 1
1	idarena_solo	STAGE5_START>=1
1	idarena	STAGE6_OVER >= 1
1	idarena	STAGE6_START >= 1
1	idarena_solo	STAGE6_START>=1
1	idarena	STAGE7_OVER >= 1
1	idarena	STAGE7_START >= 1
1	idarena	STAGE8_OVER >= 1
1	idarena	STAGE8_START >= 1
1	idarena	STAGE9_OVER >= 1
1	idarena	STAGE9_START >= 1
1	idtiamat_1	SURAMA_SPAWN == 1
1	idtiamat_1	SURAMA_SPAWN == 2
1	idldf5re_test	SpawnPointGrouptest3 == 1
1	IDLDF5_Fortress_War	SubFX_Da_01_a == 1
1	IDLDF5_Fortress_War	SubFX_Da_01_b == 1
1	IDLDF5_Fortress_War	SubFX_Da_01_c == 1
1	IDLDF5_Fortress_War	SubFX_Da_01_d == 1
1	IDLDF5_Fortress_War	SubFX_Da_02_a == 1
1	IDLDF5_Fortress_War	SubFX_Da_02_b == 1
1	IDLDF5_Fortress_War	SubFX_Da_02_c == 1
1	IDLDF5_Fortress_War	SubFX_Da_02_d == 1
1	IDLDF5_Fortress_War	SubFX_Da_03_a == 1
1	IDLDF5_Fortress_War	SubFX_Da_03_b == 1
1	IDLDF5_Fortress_War	SubFX_Da_03_c == 1
1	IDLDF5_Fortress_War	SubFX_Da_03_d == 1
1	IDLDF5_Fortress_War	SubFX_Da_04_a == 1
1	IDLDF5_Fortress_War	SubFX_Da_04_b == 1
1	IDLDF5_Fortress_War	SubFX_Da_04_c == 1
1	IDLDF5_Fortress_War	SubFX_Da_04_d == 1
1	IDLDF5_Fortress_War	SubFX_Li_01_a == 1
1	IDLDF5_Fortress_War	SubFX_Li_01_b == 1
1	IDLDF5_Fortress_War	SubFX_Li_01_c == 1
1	IDLDF5_Fortress_War	SubFX_Li_01_d == 1
1	IDLDF5_Fortress_War	SubFX_Li_02_a == 1
1	IDLDF5_Fortress_War	SubFX_Li_02_b == 1
1	IDLDF5_Fortress_War	SubFX_Li_02_c == 1
1	IDLDF5_Fortress_War	SubFX_Li_02_d == 1
1	IDLDF5_Fortress_War	SubFX_Li_03_a == 1
1	IDLDF5_Fortress_War	SubFX_Li_03_b == 1
1	IDLDF5_Fortress_War	SubFX_Li_03_c == 1
1	IDLDF5_Fortress_War	SubFX_Li_03_d == 1
1	IDLDF5_Fortress_War	SubFX_Li_04_a == 1
1	IDLDF5_Fortress_War	SubFX_Li_04_b == 1
1	IDLDF5_Fortress_War	SubFX_Li_04_c == 1
1	IDLDF5_Fortress_War	SubFX_Li_04_d == 1
1	IDDreadgion_04	Surkana_8 >= 4
1	idtiamat_1	TAHABATA_TREASUREBOX == 1
1	GAb1_Sub	TANK_A_KILLER == 1
1	GAb1_Sub	TANK_B_KILLER == 1
1	GAb1_Sub	TANK_C_KILLER == 1
1	GAb1_Sub	TANK_D_KILLER == 1
1	idab1_dreadgion	TELEPORT_1_DESTROYED == 1
1	idab1_dreadgion	TELEPORT_2_DESTROYED == 1
1	idab1_dreadgion	TELEPORT_3_DESTROYED == 1
1	iddreadgion_02	TELEPORT_4_DESTROYED == 1
1	iddreadgion_02	TELEPORT_5_DESTROYED == 1
1	iddreadgion_02	TELEPORT_D_DESTROYED == 1
1	iddreadgion_02	TELEPORT_L_DESTROYED == 1
1	IDEvent_def	TIMEATTACK_PLAY_START == 1
1	idf5_td_war	TIME_05 == 1
1	idf5_td_war	TIME_10 == 1
1	idf5_td_war	TIME_15 == 1
1	idf5_td_war	TIME_20 == 1
1	idf5_td_war	TIME_25 == 1
1	idf5_td_war	TIME_30 == 1
1	idf5_td_war	TIME_35 == 1
1	IDSeal	TWIN_M == 1
1	IDSeal	TWIN_M == 2
1	IDSeal	TWIN_M == 4
1	IDSeal	TWIN_M == 5
1	IDSeal	TWIN_P == 1
1	IDSeal	TWIN_P == 2
1	IDSeal	TWIN_P == 4
1	IDSeal	TWIN_P == 5
1	IDSeal	TWIN_RESURRECT == 1
1	IDLuna_siege	Teleport_Stage2==1
1	idldf5b_td	TimeWave_Down >= 1
1	idldf5b_td	TimeWave_Down >= 10
1	idldf5b_td	TimeWave_Down >= 11
1	idldf5b_td	TimeWave_Down >= 12
1	idldf5b_td	TimeWave_Down >= 2
1	idldf5b_td	TimeWave_Down >= 3
1	idldf5b_td	TimeWave_Down >= 4
1	idldf5b_td	TimeWave_Down >= 5
1	idldf5b_td	TimeWave_Down >= 6
1	idldf5b_td	TimeWave_Down >= 9
1	idldf5b_td	Time_01 == 1
1	idldf5b_td	Time_02 == 1
1	IDEternity_03	UI_Gauge_01 >= 101
1	IDSeal_Q	VRITRA == 1
1	IDSeal_Q	VRITRA == 3
1	IDSeal	VRITRA_SUM_01 == 1
1	IDSeal	VRITRA_SUM_01 == 3
1	IDSeal	VRITRA_SUM_02 == 1
1	IDSeal	VRITRA_SUM_02 == 2
1	IDSeal	VRITRA_SUM_02 == 3
1	IDSeal	VRITRA_SUM_03 == 1
1	IDSeal	VRITRA_SUM_03 == 3
1	IDSeal	VRITRA_SUM_TIMER == 1
1	IDSeal	VRITRA_SUM_TIMER == 2
1	IDSeal	VRITRA_SUM_TIMER == 3
1	IDSeal	VRITRA_TIMER == 1
1	IDSeal	VRITRA_TIMER == 2
1	IDSeal	VRITRA_TIMER == 3
1	IDSeal	VRITRA_TIMER_2 < 20
1	IDSeal	VRITRA_TIMER_2 < 21
1	IDSeal	VRITRA_TIMER_2 == 5
1	IDSeal	WAKE_TIMER == 1
1	IDSeal	WAKE_TIMER == 2
1	IDSeal	WAKE_TIMER == 3
1	IDSeal	WAKE_TIMER == 4
1	IDSeal_Q	WAVE_LEADER == 5
1	ldf5a	WORLDRAID_04 == 0
1	idldf5b_td	Wave_01_Boss == 3
1	idldf5b_td	Wave_02_Boss == 3
1	idldf5b_td	Wave_03_Boss == 3
1	idldf5b_td	Wave_04_Boss == 5
1	IDEvent_def	Wave_2_Start == 1
1	IDEvent_def	Wave_3_Start == 1
1	IDRaksha_solo	Wave_A_01_Clear >= 15
1	IDRaksha_solo	Wave_A_Clear == 1
1	IDRaksha_solo	Wave_A_Clear >= 1
1	IDRaksha_solo	Wave_B_01_Clear == 15
1	IDRaksha_solo	Wave_B_01_Clear >= 15
1	IDRaksha_solo	Wave_B_04_Clear >= 15
1	IDRaksha_solo	Wave_C_02_Clear >= 15
1	IDRaksha_solo	Wave_C_02_Clear >= 23
1	IDRaksha_solo	Wave_C_02_Clear >= 28
1	IDRaksha_solo	Wave_C_Clear >= 15
1	IDRaksha_solo	Wave_C_Clear >= 23
1	IDRaksha_solo	Wave_Dark==1
1	IDRaksha_solo	Wave_Light==1
1	idldf5b_td	Wave_Z2_S1 == 1
1	idldf5b_td	Wave_Z2_S2_02 == 1
1	ab1	WorldRaid_Ab1_03_A == 1
1	ab1	WorldRaid_Ab1_05_B == 1
1	ab1	WorldRaid_Ab1_07_A == 1
1	ab1	WorldRaid_Ab1_15_A == 1
1	ab1	WorldRaid_Ab1_17_B == 1
1	ab1	WorldRaid_Ab1_19_A == 1
1	ab1	WorldRaid_Ab1_23_A == 1
1	ab1	WorldRaid_Ab1_27_A == 1
1	ab1	WorldRaid_Ab1_All_A == 1
1	ab1	WorldRaid_Ab1_Mon_18 == 1
1	ab1	WorldRaid_Ab1_SP_All_A == 1
1	ab1	WorldRaid_Ab1_Thu_18 == 1
1	ab1	WorldRaid_Ab1_Tue_18 == 1
1	ab1	WorldRaid_Ab1_Wed_18 == 1
1	df1a	WorldRaid_DF1a_SP_All == 1
1	df2a	WorldRaid_DF2a_SP_All == 1
1	df3	WorldRaid_DF3_SP_All == 1
1	df5	WorldRaid_DF5_All == 1
1	df1a	WorldRaid_Df1a_All == 1
1	df2a	WorldRaid_Df2a_All == 1
1	df3	WorldRaid_Df3_All == 1
1	lf1a	WorldRaid_LF1a_SP_All == 1
1	lf2	WorldRaid_LF2_SP_All == 1
1	lf2a	WorldRaid_LF2a_SP_All == 1
1	LF5	WorldRaid_LF5_All == 1
1	lf1a	WorldRaid_Lf1a_All == 1
1	lf2	WorldRaid_Lf2_All == 1
1	lf2a	WorldRaid_Lf2a_All == 1
1	LDF4_Advance	WorldRaid_ldf4_advance_All_A_11 == 1
1	ldf5_fortress	WorldRaid_ldf5_fortress_All_A_11 == 1
1	ldf5b	WorldRaid_underpass_0020 == 1
1	ldf5b	WorldRaid_underpass_0021 == 1
1	ldf5b	WorldRaid_underpass_0022 == 1
1	ldf5b	WorldRaid_underpass_0023 == 1
1	lc1	WorldRaid_underpass_0024 == 1
1	ldf5a	WorldRaid_underpass_0027 == 1
1	ldf5a	WorldRaid_underpass_0028 == 1
1	ldf5a	WorldRaid_underpass_0029 == 1
1	ldf5a	WorldRaid_underpass_0030 == 1
1	dc1	WorldRaid_underpass_006 == 1
1	ldf5b	WorldRaid_underpass_112 == 1
1	GAb1_Sub	WorldRaid_underpass_113 == 1
1	GAb1_Sub	WorldRaid_underpass_114 == 1
1	LDF4_Advance	WorldRaid_underpass_94 == 1
1	IDLuna_siege	YELLOW_BOMB==1
1	df6	[SAVE]df6_v01 == 1
1	df6	[SAVE]df6_v02 == 1
1	df6	[SAVE]df6_v03 == 1
1	df6	[SAVE]df6_v04 == 1
1	ab1	[SAVE]link_weapon_da == 2
1	ab1	[SAVE]link_weapon_da == 3
1	ab1	[SAVE]link_weapon_da == 4
1	ab1	[SAVE]link_weapon_li == 2
1	ab1	[SAVE]link_weapon_li == 3
1	ab1	[SAVE]link_weapon_li == 4
1	iddf2a_adma	adma_t_boss == 3
1	iddf2a_adma	adma_t_boss == 4
1	iddf2a_adma	adma_t_boss == 5
1	iddf2a_adma	adma_t_boss == 6
1	iddf2a_adma	adma_t_boss == 7
1	IDRaksha_solo	bomb_box_spawn == 1
1	idldf5re_solo	boss2die == 1
1	IDEternity_03	boss_01 == 1
1	LDF4_Advance	boss_1 == 1
1	LDF4_Advance	boss_1 == 2
1	LDF4_Advance	boss_1 == 3
1	LDF4_Advance	boss_1 == 4
1	LDF4_Advance	boss_2 == 1
1	LDF4_Advance	boss_2 == 2
1	LDF4_Advance	boss_2 == 3
1	LDF4_Advance	boss_2 == 4
1	LDF4_Advance	boss_3 == 1
1	LDF4_Advance	boss_3 == 2
1	LDF4_Advance	boss_3 == 3
1	LDF4_Advance	boss_3 == 4
1	LDF4_Advance	boss_4 == 1
1	LDF4_Advance	boss_4 == 2
1	LDF4_Advance	boss_4 == 3
1	LDF4_Advance	boss_4 == 4
1	LDF4_Advance	boss_5 == 1
1	LDF4_Advance	boss_5 == 2
1	LDF4_Advance	boss_5 == 3
1	LDF4_Advance	boss_5 == 4
1	LDF4_Advance	boss_6 == 1
1	LDF4_Advance	boss_6 == 2
1	LDF4_Advance	boss_6 == 3
1	LDF4_Advance	boss_6 == 4
1	LDF4_Advance	boss_7 == 1
1	LDF4_Advance	boss_7 == 2
1	LDF4_Advance	boss_7 == 3
1	LDF4_Advance	boss_7 == 4
1	LDF4_Advance	boss_8 == 1
1	LDF4_Advance	boss_8 == 2
1	LDF4_Advance	boss_8 == 3
1	LDF4_Advance	boss_8 == 4
1	IDAbRe_Core_03	boss_area_01 == 1
1	IDAbRe_Core_03	boss_area_02 == 1
1	IDAbRe_Core_03	boss_area_03 == 1
1	IDAbRe_Core_03	boss_area_04 == 1
1	IDAb1_Ere	boss_brother == 4
1	IDLegion	boss_on == 1
1	IDLegion	boss_on == 10
1	IDLegion	boss_on == 2
1	IDLegion	boss_on == 3
1	IDLegion	boss_on == 4
1	IDLegion	boss_on == 5
1	IDLegion	boss_on == 6
1	IDLegion	boss_on == 7
1	IDLegion	boss_on == 8
1	IDLegion	boss_on == 9
1	IDAb1_Ere	boss_po1 == 1
1	IDAb1_Ere	boss_po2 == 1
1	IDAb1_Ere	boss_po3 == 1
1	IDAb1_Ere	boss_po4 == 1
1	IDAb1_Ere	boss_po5 == 1
1	IDAb1_Ere	boss_po6 == 1
1	IDAb1_Ere	boss_storm == 1
1	IDEternity_03	bossrise == 1
1	idruneweapon	cBossFlag == 4
1	idruneweapon	cBossFlag >= 4
1	idruneweapon	cProtection01 >= 3
1	idruneweapon	cProtection02 >= 3
1	idruneweapon	cProtection03 >= 3
1	idruneweapon	cProtection04 >= 3
1	idruneweapon	cSetCannonA==1
1	idruneweapon	cSetCannonB==1
1	idruneweapon	cSetFastCharge==1
1	idruneweapon	cSetIdPortal==1
1	idldf5b_td	castle_gate_01_Bomb == 1
1	idldf5b_td	castle_gate_02_Bomb == 1
1	IDEvent_Solo	chase_on == 4
1	IDEvent_Solo	chase_on == 5
1	IDF6_LF1	con_Croban_tele == 1
1	IDEvent_Solo	con_bakaki_die ==1
1	IDF6_LF1	con_barri_wall01 == 1
1	IDF6_LF1	con_barri_wall04 == 1
1	IDF6_LF1	con_barri_wall07 == 1
1	IDF6_LF1	con_barri_wall09 == 1
1	IDF6_LF1	con_dispel_a01 == 1
1	IDF6_LF1	con_dispel_a02 == 1
1	IDF6_LF1	con_dispel_b01 == 1
1	IDF6_LF1	con_dispel_b02 ==1
1	IDF6_LF1	con_dispel_c01 == 1
1	IDF6_LF1	con_dispel_d01 == 1
1	IDF6_LF1	con_siege_poly_01_d == 1
1	IDF6_LF1	con_siege_poly_01_l == 1
1	IDF6_LF1	con_siege_poly_02_d == 1
1	IDF6_LF1	con_siege_poly_02_l == 1
1	IDF6_LF1	con_siege_poly_03_d == 1
1	IDF6_LF1	con_siege_poly_03_l == 1
1	IDF6_LF1	con_start_all == 1
1	IDF6_LF1	con_tele_01 == 1
1	IDF6_LF1	con_tele_02 == 1
1	IDF6_LF1	con_tele_03 == 1
1	IDF6_LF1	con_tele_04 == 1
1	IDF6_LF1	con_tele_race_D_01 == 1
1	IDF6_LF1	con_tele_race_D_02 == 1
1	IDF6_LF1	con_tele_race_D_03 == 1
1	IDF6_LF1	con_tele_race_D_04 == 1
1	IDF6_LF1	con_tele_race_L_01 == 1
1	IDF6_LF1	con_tele_race_L_02 == 1
1	IDF6_LF1	con_tele_race_L_03 == 1
1	IDF6_LF1	con_tele_race_L_04 == 1
1	IDEvent_Solo	con_time_attack == 1
1	test_mrt_idzone	condition_5 == 3
1	ab1	crotan01==2
1	ab1	crotan01==3
1	IDEternity_War	da_flag == 2
1	IDEternity_War	da_flag == 3
1	IDEternity_War	da_flag == 4
1	IDEternity_War	da_flag == 5
1	IDEternity_War	da_flag == 6
1	idlf1	dark == 1
1	idldf5re_solo	dark_01 == 1
1	idcatacombs	debufflich >= 12
1	idcatacombs	debufflich >= 24
1	idcatacombs	debufflich >= 36
1	df6	df6_c_mission == 1
1	df6	df6_event_g1_quest == 1
1	df6	df6_event_g1_quest == 2
1	df6	df6_event_middle_1 == 1
1	df6	df6_event_middle_2 == 1
1	df6	df6_event_middle_3 == 1
1	df6	df6_event_tel != 1
1	df6	df6_i_mission == 1
1	df6	df6_invasion_ctrl == 1
1	ab1	dkisas01==2
1	ab1	dkisas01==3
1	IDAbRe_Core_03	doll_art == 1
1	IDAbRe_Core_03	doll_time == 1
1	IDInfinity	door_close == 1
1	df6	dynamic_flying_zone_df == 1
1	iddramata_01	egg_die >= 15
1	iddramata_01	egg_die >= 20
1	IDEternity_03	energy_a == 2
1	IDEternity_03	energy_b == 2
1	IDEternity_03	energy_c == 2
1	IDEternity_03	energy_d == 2
1	IDEternity_03	event == 4
1	df6	f6_event_b == 1
1	df6	f6_event_b2 == 1
1	df6	f6_event_c == 1
1	df6	f6_event_d == 1
1	df6	f6_event_e == 1
1	df6	f6_event_f == 1
1	df6	f6_event_f2 == 1
1	df6	f6_event_g == 1
1	df6	f6_event_h == 1
1	df6	f6_event_i == 1
1	df6	f6_invasion_1_1_da == 1
1	df6	f6_invasion_1_1_li == 1
1	df6	f6_invasion_1_2_da == 1
1	df6	f6_invasion_1_2_li == 1
1	df6	f6_invasion_1_3_da == 1
1	df6	f6_invasion_1_3_li == 1
1	df6	f6_invasion_2_1_da == 1
1	df6	f6_invasion_2_1_li == 1
1	df6	f6_invasion_2_2_da == 1
1	df6	f6_invasion_2_2_li == 1
1	df6	f6_invasion_2_3_da == 1
1	df6	f6_invasion_2_3_li == 1
1	df6	f6_invasion_3_1_da == 1
1	df6	f6_invasion_3_1_li == 1
1	df6	f6_invasion_3_2_da == 1
1	df6	f6_invasion_3_2_li == 1
1	df6	f6_invasion_3_3_da == 1
1	df6	f6_invasion_3_3_li == 1
1	df6	f6_invasion_4_1_da == 1
1	df6	f6_invasion_4_1_li == 1
1	df6	f6_invasion_4_2_da == 1
1	df6	f6_invasion_4_2_li == 1
1	df6	f6_invasion_4_3_da == 1
1	df6	f6_invasion_4_3_li == 1
1	idldf5re_solo	game == 2
1	idldf5re_solo	game3score>=5
1	ldf5_fortress	gb01_ctrl == 1
1	ldf5_fortress	gb02_ctrl == 1
1	ldf5_fortress	gb03_ctrl == 1
1	IDEternity_02	guard_event_d == 1
1	IDEternity_02	guard_event_d == 2
1	IDEternity_02	guard_event_l == 1
1	IDEternity_02	guard_event_l == 2
1	IDEternity_03	heal > 3
1	IDEternity_03	heal > 4
1	IDEternity_03	heal > 5
1	IDEternity_03	heartdown == 2
1	IDEternity_02	ideternity_02_a_01 == 5
1	IDEternity_02	ideternity_02_a_02 == 6
1	IDEternity_02	ideternity_02_a_03 == 8
1	IDEternity_02	ideternity_02_a_04 == 10
1	IDEternity_02	ideternity_02_a_button_01 == 1
1	IDEternity_02	ideternity_02_a_button_01 == 2
1	IDEternity_02	ideternity_02_a_button_02 == 1
1	IDEternity_02	ideternity_02_a_button_02 == 2
1	IDEternity_02	ideternity_02_a_button_03 == 1
1	IDEternity_02	ideternity_02_a_button_03 == 2
1	IDEternity_02	ideternity_02_a_button_04 == 1
1	IDEternity_02	ideternity_02_a_button_04 == 2
1	IDEternity_02	ideternity_02_a_button_05 == 1
1	IDEternity_02	ideternity_02_a_button_05 == 2
1	IDEternity_02	ideternity_02_d_button == 1
1	IDEternity_02	ideternity_02_fly == 1
1	IDEternity_02	ideternity_02_named_01 == 1
1	IDEternity_02	ideternity_02_named_01 == 2
1	IDEternity_02	ideternity_02_named_01 == 3
1	IDEternity_02	ideternity_02_named_01 == 4
1	IDEternity_02	ideternity_02_save < 3
1	IDEternity_02	ideternity_02_save < 4
1	IDEternity_02	ideternity_02_save < 5
1	IDEternity_02	ideternity_02_save_01 == 1
1	IDEternity_02	ideternity_02_save_02 == 1
1	IDEternity_02	ideternity_02_save_03 == 1
1	IDEternity_02	ideternity_02_save_04 == 1
1	IDRaksha_solo	idraksha_3f_envoyspawn == 1
1	IDRaksha_solo	idraksha_3f_nmd_die == 1
1	IDRaksha_solo	idraksha_dust1 == 1
1	IDRaksha_solo	idraksha_dust2 == 1
1	IDRaksha_solo	idraksha_sealopen == 1
1	IDRun	idrun_treasure_despawn == 50
1	LDF4_Advance	killer_dr_bm == 1
1	ab1	lamiren01==2
1	ab1	lamiren01==3
1	IDLegion	legion_on == 1
1	IDEternity_War	li_flag == 2
1	IDEternity_War	li_flag == 3
1	IDEternity_War	li_flag == 4
1	IDEternity_War	li_flag == 5
1	IDEternity_War	li_flag == 6
1	df6	li_invasion_01 == 1
1	df6	li_invasion_02 == 1
1	df6	li_invasion_03 == 1
1	df6	li_invasion_04 == 1
1	idcatacombs	lichkey1 == 1
1	idcatacombs	lichkey2 == 1
1	idcatacombs	lichkey3 == 1
1	idlf1	light == 1
1	idldf5re_solo	light_01 == 1
1	ab1	link_weapon_a == 1
1	ab1	link_weapon_b == 1
1	ab1	link_weapon_c == 1
1	IDAb1_Ere	main_destroy_start <= 2
1	IDEternity_02	named_03_left == 1
1	IDEternity_02	named_03_left == 2
1	IDEternity_02	named_03_left == 3
1	IDEternity_02	named_03_right == 1
1	IDEternity_02	named_03_right == 2
1	IDEternity_02	named_03_right == 3
1	IDEternity_02	named_die_01 ==1
1	IDEternity_02	named_die_02 == 2
1	IDEternity_02	named_die_03 == 2
1	IDEternity_03	page == 3
1	IDEternity_03	page > 1
1	IDEternity_03	page >= 1
1	ab1	page2_ctrl == 1
1	IDEternity_02	polymorph_end == 1
1	IDAb1_Ere	prison6 == 1
1	IDAb1_Ere	prison_break == 10
1	IDEternity_03	race == 10
1	IDLegion	race_dark == 1
1	IDLegion	race_light == 1
1	IDAbRe_Core_03	resurrect_box == 1
1	IDAbRe_Core_03	resurrect_time == 3
1	IDLDF4Re_01	room == 1
1	IDLDF4Re_01	room == 2
1	IDLDF4Re_01	room == 3
1	IDLDF4Re_01	room_set == 1
1	IDLDF4Re_01	room_set == 2
1	IDLDF4Re_01	room_set > 2
1	IDEternity_03	sbossend == 2
1	ab1	simdoor == 1
1	IDAb1_Ere	smigol_friend == 5
1	IDAb1_Ere	smigol_sword == 2
1	IDAb1_Ere	sort_deva == 2
1	IDAb1_Ere	start_door == 3
1	IDAb1_Ere	statdown == 2
1	IDAb1_Ere	statdown == 3
1	IDAb1_Ere	statdown == 5
1	IDAb1_Ere	sub_a_02 == 1
1	IDAb1_Ere	sub_a_04 == 1
1	IDAb1_Ere	sub_b_03 == 1
1	IDElemental_2_E	teleport_01 < 3
1	IDEternity_01	teleport_01 == 2
1	IDElemental_2_E	teleport_01 == 3
1	IDElemental_2_E	teleport_02 < 3
1	IDEternity_01	teleport_02 == 2
1	IDElemental_2_E	teleport_02 == 3
1	IDEternity_01	teleport_03 == 2
1	IDEternity_01	teleport_04 == 2
1	IDEternity_03	teleporter < 2
1	IDEternity_03	teleporter < 3
1	IDEternity_03	teleporter < 4
1	IDEternity_03	teleporter == 5
1	idlf2a_lab	teo_t_boss == 1
1	idlf2a_lab	teo_t_boss == 2
1	idlf2a_lab	teo_t_boss == 3
1	idlf2a_lab	teo_t_boss == 4
1	idlf2a_lab	teo_t_boss == 5
1	idlf2a_lab	teo_t_boss == 6
1	Test_Timeattack	test_monthly_01 == 1
1	Test_Timeattack	test_monthly_02 == 1
1	Test_Timeattack	test_monthly_03 == 1
1	Test_Timeattack	test_monthly_04 == 1
1	Test_Timeattack	test_monthly_05 == 1
1	Test_Timeattack	test_monthly_06 == 1
1	Test_Timeattack	test_monthly_07 == 1
1	Test_Timeattack	test_monthly_08 == 1
1	Test_Timeattack	test_monthly_09 == 1
1	Test_Timeattack	test_monthly_10 == 1
1	Test_Timeattack	test_monthly_11 == 1
1	Test_Timeattack	test_monthly_12 == 1
1	Test_Timeattack	test_monthly_13 == 1
1	Test_Timeattack	test_monthly_14 == 1
1	Test_Timeattack	test_monthly_15 == 1
1	Test_Timeattack	test_monthly_16 == 1
1	Test_Timeattack	test_monthly_17 == 1
1	Test_Timeattack	test_monthly_18 == 1
1	Test_Timeattack	test_monthly_19 == 1
1	Test_Timeattack	test_monthly_20 == 1
1	Test_Timeattack	test_monthly_21 == 1
1	Test_Timeattack	test_monthly_22 == 1
1	Test_Timeattack	test_monthly_23 == 1
1	Test_Timeattack	test_monthly_24 == 1
1	Test_Timeattack	test_monthly_25 == 1
1	Test_Timeattack	test_monthly_26 == 1
1	Test_Timeattack	test_monthly_27 == 1
1	Test_Timeattack	test_monthly_28 == 1
1	Test_Timeattack	test_monthly_29 == 1
1	Test_Timeattack	test_monthly_30 == 1
1	Test_Timeattack	test_monthly_31 == 1
1	tiamat_down	tiamat_down_apseller == 1
1	tiamat_down	tiamat_down_raid_ctrl == 1
1	tiamat_down	tiamat_down_raid_s_ctrl == 1
1	ab1	tower_da == 1
1	ab1	tower_da == 2
1	ab1	tower_da == 3
1	ab1	tower_da == 4
1	ab1	tower_da == 5
1	ab1	tower_da == 6
1	ab1	tower_li == 1
1	ab1	tower_li == 2
1	ab1	tower_li == 3
1	ab1	tower_li == 4
1	ab1	tower_li == 5
1	ab1	tower_li == 6
1	LDF4_Advance	v11 == 2
1	LDF4_Advance	v11 == 3
1	LDF4_Advance	v12 == 2
1	LDF4_Advance	v12 == 3
1	LDF4_Advance	v13 == 2
1	LDF4_Advance	v13 == 3
1	LDF4_Advance	village_da_js == 3
1	LDF4_Advance	village_dr_ds >= 2
1	LDF4_Advance	village_dr_gm >= 2
1	LDF4_Advance	village_dr_gs >= 2
1	LDF4_Advance	village_dr_hs == 1
1	LDF4_Advance	village_dr_hs >= 2
1	LDF4_Advance	village_dr_js >= 2
1	LDF4_Advance	village_dr_km >= 2
1	IDEternity_03	wave == 1
1	IDAb1_Ere	witch_die == 3
1	IDInfinity	zone == 2
1	IDInfinity	zone == 3
1	IDInfinity	zone == 4
1	IDInfinity	zone == 5
1	IDInfinity	zone == 6
1	IDInfinity	zone == 7
1	IDInfinity	zone == 8
1	IDInfinity	zone == 9
1	IDEternity_03	zone2pass == 2
1	IDEternity_03	zone4pass == 2
1	IDEternity_03	zone4portal == 1
