string_id	name	uses
321928	BF4_Guard_Dr_Assassin_55_As_GChief	2
1401552	IDTIAMAT_TIAMAT_ANNOUNCE_DMG_SHRING	8
1401563	IDTIAMAT_TIAMAT_COUNTDOWN_OVER	2
1401547	IDTIAMAT_TIAMAT_COUNTDOWN_START	2
1401550	IDTIAMAT_TIAMAT_DRAKAN_BUFF_MSG	2
1401551	IDTIAMAT_TIAMAT_DRAKAN_ON_DIE	4
1401549	IDTIAMAT_TIAMAT_GOD_HP_LOWER_THAN_15p	4
1401548	IDTIAMAT_TIAMAT_GOD_HP_LOWER_THAN_50p	4
1301049	STR_ABYSS_DOOR_BROKEN	1
1403113	STR_Ab1_BossNamed_65_Al_Despawn_Crotan	7
1403119	STR_Ab1_BossNamed_65_Al_Despawn_dkisas	4
1403116	STR_Ab1_BossNamed_65_Al_Despawn_lamiren	1
1403114	STR_Ab1_BossNamed_65_Al_Die_Crotan	4
1403120	STR_Ab1_BossNamed_65_Al_Die_dkisas	12
1403117	STR_Ab1_BossNamed_65_Al_Die_lamiren	8
1403768	STR_Ab1_BossNamed_65_Al_Spawnmsg_01	1
1403769	STR_Ab1_BossNamed_65_Al_Spawnmsg_02	1
1403770	STR_Ab1_BossNamed_65_Al_Spawnmsg_03	1
1404492	STR_Ab1_Final_Artifact_01	2
1404493	STR_Ab1_Final_Artifact_02	2
1404523	STR_Ab1_Final_Artifact_03	2
1404539	STR_Ab1_Final_Artifact_05	2
1404541	STR_Ab1_Final_Artifact_07	2
1404521	STR_Ab1_Page2_01	1
1404522	STR_Ab1_Page2_02	1
1404496	STR_Ab1_Tower_01	5
1404497	STR_Ab1_Tower_02	5
1404498	STR_Ab1_Tower_03	5
1404500	STR_Ab1_Tower_05	5
1400132	STR_CANNOT_USE_DIRECT_PORTAL_BY_SLAYER	1
1500530	STR_CHAT_4BReward_Named_001_Die	1
1500528	STR_CHAT_4BReward_Named_001_EnterBattle	1
1500529	STR_CHAT_4BReward_Named_001_LeaveBattle	1
1500533	STR_CHAT_4BReward_Named_001_Skill0	1
1500532	STR_CHAT_4BReward_Named_001_Skill1	1
1500531	STR_CHAT_4BReward_Named_001_Skill2	3
1500536	STR_CHAT_4BReward_Named_002_Die	1
1500534	STR_CHAT_4BReward_Named_002_EnterBattle	1
1500535	STR_CHAT_4BReward_Named_002_LeaveBattle	1
1500537	STR_CHAT_4BReward_Named_002_Skill0	3
1500538	STR_CHAT_4BReward_Named_002_Skill1	1
1500539	STR_CHAT_4BReward_Named_002_Skill2	1
1500547	STR_CHAT_4BReward_Named_FinalEX_Skill4	1
1500542	STR_CHAT_4BReward_Named_Final_Die	2
1500540	STR_CHAT_4BReward_Named_Final_EnterBattle	2
1500541	STR_CHAT_4BReward_Named_Final_LeaveBattle	2
1500548	STR_CHAT_4BReward_Named_Final_Rage	2
1500543	STR_CHAT_4BReward_Named_Final_SKill3	6
1500546	STR_CHAT_4BReward_Named_Final_Skill0	2
1500544	STR_CHAT_4BReward_Named_Final_Skill1	2
1500545	STR_CHAT_4BReward_Named_Final_Skill2	14
1500526	STR_CHAT_4BReward_Named_Key_Die	2
1500524	STR_CHAT_4BReward_Named_Key_EnterBattle	2
1500525	STR_CHAT_4BReward_Named_Key_LeaveBattle	2
1500527	STR_CHAT_4BReward_Named_Key_Skill1	2
340700	STR_CHAT_AIPattern_ShoutA	2
340701	STR_CHAT_AIPattern_ShoutB	1
340703	STR_CHAT_AIPattern_ShoutD	9
341526	STR_CHAT_Ab1_GChief_PMAttack	33
341525	STR_CHAT_Ab1_GChief_RageTA	9
1501687	STR_CHAT_Ab1_ShugoShip_Leader_Gossip_01	2
341098	STR_CHAT_Ab1_Undead_AIPattern_1	16
1501392	STR_CHAT_Ab1_WorldRaid_Boss_01	12
1501395	STR_CHAT_Ab1_WorldRaid_Boss_04	12
1501396	STR_CHAT_Ab1_WorldRaid_Boss_05	24
1501397	STR_CHAT_Ab1_WorldRaid_Boss_Skill_01	96
1501371	STR_CHAT_Adma_Boss_Gossip_01	2
1501365	STR_CHAT_Adma_Pot_Gossip_01	3
1501366	STR_CHAT_Adma_Pot_Gossip_02	2
1501367	STR_CHAT_Adma_Pot_Gossip_03	2
342283	STR_CHAT_AngryJudge_10	1
1500171	STR_CHAT_AngryJudge_Patterns_01	2
1500172	STR_CHAT_AngryJudge_Patterns_02	1
1500173	STR_CHAT_AngryJudge_Patterns_03	1
1500174	STR_CHAT_AngryJudge_Patterns_04	4
342248	STR_CHAT_AssiJudge_03	1
1500159	STR_CHAT_AssiJudge_Patterns_01	1
1500160	STR_CHAT_AssiJudge_Patterns_02	1
1500161	STR_CHAT_AssiJudge_Patterns_03	1
341089	STR_CHAT_BAb1_NM_NagaWiCaptain_42_Al_1_Katk10_b	2
341057	STR_CHAT_BAb1_NM_NeutEgg_41_An_1_Katk1_b	1
341066	STR_CHAT_BAb1_NM_TricoAsteria_32_An_1_Katk2_b	2
340937	STR_CHAT_BD3_PLehpar_FnA2_40_An_1_Katk3_b	2
340955	STR_CHAT_BD3_PLehpar_WnA2_40_An_1_Katk3_b	1
340131	STR_CHAT_BDF1_LycanSeekerM_18_An_1_Katk4_b	2
340116	STR_CHAT_BDF1_RatmanWorker_Su_7n_1_Katk1_b	2
340097	STR_CHAT_BDF1_RatmanWorker_Su_7n_1_Katk2_b	1
340098	STR_CHAT_BDF1_direbeast_Pet_15_An_1_Katk2_b	4
340521	STR_CHAT_BDF2_NLycan_KeB_30_An_1_katk5_b	2
340522	STR_CHAT_BDF2_NLycan_KeB_30_An_1_katk6_b	1
340529	STR_CHAT_BDF2_NLycan_Pet_A_30_n_1_katk2_b	2
340590	STR_CHAT_BDF2_NLycan_WeA_30_An_1_katk4_b	1
340534	STR_CHAT_BDF2_NRatman_FnA_30_n_1_katk1_b	2
340549	STR_CHAT_BDF2_XLehpar_KeA_30_An_1_katk2_b	1
340552	STR_CHAT_BDF2_XLehpar_KeB_30_An_1_katk2_b	1
340568	STR_CHAT_BDF2_XLehpar_PeA_30_An_1_katk4_b	2
1500119	STR_CHAT_BDF4_Dramata_57_Al_1_die_b	1
1500117	STR_CHAT_BDF4_Dramata_57_Al_1_kcast13_b	6
1500115	STR_CHAT_BDF4_Dramata_57_Al_1_kcast1_b	3
1500113	STR_CHAT_BDF4_Dramata_57_Al_1_kcast4_b	1
1500120	STR_CHAT_BDF4_Dramata_57_Al_2_die_b	1
1500118	STR_CHAT_BDF4_Dramata_57_Al_2_kcast13_b	6
1500116	STR_CHAT_BDF4_Dramata_57_Al_2_kcast1_b	7
1500114	STR_CHAT_BDF4_Dramata_57_Al_2_kcast4_b	1
1500121	STR_CHAT_BDF4_Dramata_57_Al_3_die_b	1
1500140	STR_CHAT_BDF4_Henchman_60_Al_1_die_b	2
1500132	STR_CHAT_BDF4_Henchman_60_Al_1_kcast1_b	10
1500135	STR_CHAT_BDF4_Henchman_60_Al_1_kcast2_b	1
1500141	STR_CHAT_BDF4_Henchman_60_Al_2_die_b	1
1500133	STR_CHAT_BDF4_Henchman_60_Al_2_kcast1_b	1
1500136	STR_CHAT_BDF4_Henchman_60_Al_2_kcast2_b	2
1500134	STR_CHAT_BDF4_Henchman_60_Al_3_kcast1_b	1
1500137	STR_CHAT_BDF4_Henchman_60_Al_3_kcast2_b	1
1500138	STR_CHAT_BDF4_Henchman_60_Al_WonkiockFail_1	2
1500139	STR_CHAT_BDF4_Henchman_60_Al_WonkiockFail_2	1
341572	STR_CHAT_BIDDF2A_NM_DeathKnight_50_Ah_1_Kcast10_b	3
341657	STR_CHAT_BIDDF2A_NM_DeathKnight_50_Ah_AIPattern_1	7
341658	STR_CHAT_BIDDF2A_NM_DeathKnight_50_Ah_AIPattern_2	7
341659	STR_CHAT_BIDDF2A_NM_DeathKnight_50_Ah_AIPattern_3	7
341636	STR_CHAT_BIDDF2A_NM_GraveKnight_50_Ae_AIPattern_1	1
341637	STR_CHAT_BIDDF2A_NM_GraveKnight_50_Ae_AIPattern_2	1
341660	STR_CHAT_BIDDF2A_NM_Princess_50_Ah_AIPattern_1	5
341661	STR_CHAT_BIDDF2A_NM_Princess_50_Ah_AIPattern_2	5
341662	STR_CHAT_BIDDF2A_NM_Princess_50_Ah_AIPattern_3	5
341652	STR_CHAT_BIDDF2A_NM_Succubus_50_Ae_AIPattern_1	4
341560	STR_CHAT_BIDDF2A_SkeletonMageSum_50_An_AIPattern_1___t	1
342773	STR_CHAT_BIDF5_R2_Killer_65_Ae_01	1
342774	STR_CHAT_BIDF5_R2_Killer_65_Ae_02	1
342775	STR_CHAT_BIDF5_R2_Killer_65_Ae_03	1
342776	STR_CHAT_BIDF5_R2_Nor2_N_65_Ah_01	1
342777	STR_CHAT_BIDF5_R2_Nor2_N_65_Ah_02	1
342778	STR_CHAT_BIDF5_R2_Nor2_N_65_Ah_03	1
342779	STR_CHAT_BIDF5_R2_Nor2_N_65_Ah_04	1
342780	STR_CHAT_BIDF5_R2_Talker_65_n	1
341564	STR_CHAT_BIDLF2A_HolyServantSum_Roamer_50_n_AIPattern_1	1
341565	STR_CHAT_BIDLF2A_HolyServantSum_Roamer_50_n_AIPattern_2	1
341566	STR_CHAT_BIDLF2A_HolyServantSum_Roamer_50_n_AIPattern_3	1
341567	STR_CHAT_BIDLF2A_HolyServantSum_Roamer_50_n_AIPattern_4	1
341568	STR_CHAT_BIDLF2A_HolyServantSum_Roamer_50_n_AIPattern_5	1
341569	STR_CHAT_BIDLF2A_HolyServantSum_Roamer_50_n_AIPattern_6	1
341561	STR_CHAT_BIDLF2A_NM_HolyServant_50_An_AIPattern_1	3
341562	STR_CHAT_BIDLF2A_NM_HolyServant_50_An_AIPattern_2	3
341563	STR_CHAT_BIDLF2A_NM_HolyServant_50_An_AIPattern_3	6
341669	STR_CHAT_BIDLF2A_NM_HolyServant_50_An_AIPattern_4	6
341670	STR_CHAT_BIDLF2A_NM_HolyServant_50_An_AIPattern_5	15
341574	STR_CHAT_BIDLF2A_NM_KingElemental_50_Ah_AIPattern_1	10
341575	STR_CHAT_BIDLF2A_NM_KingElemental_50_Ah_AIPattern_2	5
341576	STR_CHAT_BIDLF2A_NM_KingElemental_50_Ah_AIPattern_3	5
341944	STR_CHAT_BIDLF3CL_NM_LehparTestResult_45_Ah_AIPattern_1	1
341945	STR_CHAT_BIDLF3CL_NM_LehparTestResult_45_Ah_AIPattern_2	1
341946	STR_CHAT_BIDLF3CL_NM_LehparTestResult_45_Ah_AIPattern_3	1
341947	STR_CHAT_BIDLF3CL_NM_LehparTestResult_45_Ah_AIPattern_4	1
341892	STR_CHAT_BIDShulack_Captain_45_Ah_1_batk_b	2
341895	STR_CHAT_BIDShulack_Captain_45_Ah_AIPattern_1	4
341904	STR_CHAT_BIDShulack_Captain_45_Ah_AIPattern_10	2
341905	STR_CHAT_BIDShulack_Captain_45_Ah_AIPattern_11	2
341906	STR_CHAT_BIDShulack_Captain_45_Ah_AIPattern_12	3
341965	STR_CHAT_BIDShulack_Captain_45_Ah_AIPattern_13	1
341966	STR_CHAT_BIDShulack_Captain_45_Ah_AIPattern_14	1
341967	STR_CHAT_BIDShulack_Captain_45_Ah_AIPattern_15	2
341968	STR_CHAT_BIDShulack_Captain_45_Ah_AIPattern_16	2
341969	STR_CHAT_BIDShulack_Captain_45_Ah_AIPattern_17	1
341896	STR_CHAT_BIDShulack_Captain_45_Ah_AIPattern_2	1
341897	STR_CHAT_BIDShulack_Captain_45_Ah_AIPattern_3	1
341898	STR_CHAT_BIDShulack_Captain_45_Ah_AIPattern_4	1
341899	STR_CHAT_BIDShulack_Captain_45_Ah_AIPattern_5	2
341900	STR_CHAT_BIDShulack_Captain_45_Ah_AIPattern_6	1
341901	STR_CHAT_BIDShulack_Captain_45_Ah_AIPattern_7	1
341902	STR_CHAT_BIDShulack_Captain_45_Ah_AIPattern_8	1
341903	STR_CHAT_BIDShulack_Captain_45_Ah_AIPattern_9	2
341881	STR_CHAT_BIDShulack_Engineer_45_Ah_1_batk_b	1
341884	STR_CHAT_BIDShulack_Engineer_45_Ah_AIPattern_1	4
341887	STR_CHAT_BIDShulack_Engineer_45_Ah_AIPattern_2	1
341888	STR_CHAT_BIDShulack_Engineer_45_Ah_AIPattern_3	1
341914	STR_CHAT_BIDShulack_FirstMate_45_Ae_1_batk_b	1
341918	STR_CHAT_BIDShulack_FirstMate_45_Ae_AIPattern_1	1
341933	STR_CHAT_BIDShulack_Gunner_45_Ah_1_batk_b	2
341927	STR_CHAT_BIDShulack_Gunner_45_Ah_AIPattern_1	2
341928	STR_CHAT_BIDShulack_Gunner_45_Ah_AIPattern_2	2
341871	STR_CHAT_BIDShulack_KingKongAhn_45_n_AIPattern_1	1
341872	STR_CHAT_BIDShulack_KingKongAhn_45_n_AIPattern_2	1
341873	STR_CHAT_BIDShulack_KingKongAhn_45_n_AIPattern_3	1
341874	STR_CHAT_BIDShulack_KingKongAhn_45_n_AIPattern_4	1
341875	STR_CHAT_BIDShulack_KingKongAhn_45_n_AIPattern_5	1
341876	STR_CHAT_BIDShulack_KingKongAhn_45_n_AIPattern_6	1
341877	STR_CHAT_BIDShulack_KingKongAhn_45_n_AIPattern_7	1
341878	STR_CHAT_BIDShulack_KingKongAhn_45_n_AIPattern_8	1
341879	STR_CHAT_BIDShulack_KingKongAhn_45_n_AIPattern_9	1
341925	STR_CHAT_BIDShulack_Madam_45_Ah_1_kcast5_b	7
341551	STR_CHAT_BLDF2A_NM_Tesinon_50_Ah_1_Die_b	1
341540	STR_CHAT_BLDF2A_NM_VampireQueenFake_50_Ah_AIPattern_2	1
341543	STR_CHAT_BLDF2A_NM_VampireQueenReal_50_Ah_AIPattern_1	1
341544	STR_CHAT_BLDF2A_NM_VampireQueenReal_50_Ah_AIPattern_2	1
341545	STR_CHAT_BLDF2A_NM_VampireQueenReal_50_Ah_AIPattern_3	1
1500818	STR_CHAT_BLDF5_Vri_1stBoss_End_Gossip	1
1500820	STR_CHAT_BLDF5_Vri_1stBoss_Skill2_Gossip	3
1500819	STR_CHAT_BLDF5_Vri_1stBoss_Skill_Gossip	3
1500817	STR_CHAT_BLDF5_Vri_1stBoss_Start_Gossip	1
1500809	STR_CHAT_BLDF5_Vri_Post_1st_End_Gossip	1
1500810	STR_CHAT_BLDF5_Vri_Post_1st_Skill_Gossip	12
1500808	STR_CHAT_BLDF5_Vri_Post_1st_Start_Gossip	1
1500812	STR_CHAT_BLDF5_Vri_Post_2nd_End_Gossip	1
1500813	STR_CHAT_BLDF5_Vri_Post_2nd_Skill_Gossip	3
1500811	STR_CHAT_BLDF5_Vri_Post_2nd_Start_Gossip	1
1500815	STR_CHAT_BLDF5_Vri_Post_3rd_End_Gossip	1
1500816	STR_CHAT_BLDF5_Vri_Post_3rd_Skill_Gossip	3
1500814	STR_CHAT_BLDF5_Vri_Post_3rd_Start_Gossip	1
1500921	STR_CHAT_BLDF5_Vri_Post_5st_End_Gossip	1
1500920	STR_CHAT_BLDF5_Vri_Post_5st_Start_Gossip	1
1500897	STR_CHAT_BLDF5_Zombie_01_Die_b	3
341245	STR_CHAT_BLF2_NM2_ShellizardBigsize_40_e_1_Kcast1_b	1
340500	STR_CHAT_BLF3_KrallWizardmad_Nr_38_An_1_katk4_b	1
341427	STR_CHAT_BLF3_NM_LizardmanAS_44_Ah_1_Kcast4_b	1
341265	STR_CHAT_BLF3_NM_NagaKnight_47_Ah_1_Katk3_b	1
341379	STR_CHAT_BLF3_NM_NagaPriest_47_Ah_1_Kcast6_b	1
1500110	STR_CHAT_BLF4_Dramata_57_Al_1_die_b	4
1500108	STR_CHAT_BLF4_Dramata_57_Al_1_kcast13_b	5
1500106	STR_CHAT_BLF4_Dramata_57_Al_1_kcast1_b	5
1500104	STR_CHAT_BLF4_Dramata_57_Al_1_kcast4_b	1
1500111	STR_CHAT_BLF4_Dramata_57_Al_2_die_b	1
1500109	STR_CHAT_BLF4_Dramata_57_Al_2_kcast13_b	5
1500107	STR_CHAT_BLF4_Dramata_57_Al_2_kcast1_b	5
1500105	STR_CHAT_BLF4_Dramata_57_Al_2_kcast4_b	1
1500112	STR_CHAT_BLF4_Dramata_57_Al_3_die_b	1
1500130	STR_CHAT_BLF4_Henchman_60_Al_1_die_b	2
1500122	STR_CHAT_BLF4_Henchman_60_Al_1_kcast1_b	2
1500125	STR_CHAT_BLF4_Henchman_60_Al_1_kcast2_b	2
1500131	STR_CHAT_BLF4_Henchman_60_Al_2_die_b	1
1500123	STR_CHAT_BLF4_Henchman_60_Al_2_kcast1_b	1
1500126	STR_CHAT_BLF4_Henchman_60_Al_2_kcast2_b	1
1500124	STR_CHAT_BLF4_Henchman_60_Al_3_kcast1_b	2
1500127	STR_CHAT_BLF4_Henchman_60_Al_3_kcast2_b	9
1500128	STR_CHAT_BLF4_Henchman_60_Al_WonkiockFail_1	1
1500129	STR_CHAT_BLF4_Henchman_60_Al_WonkiockFail_2	2
340695	STR_CHAT_B_KrallShaman_M_21_Ah_1_katk4_b	1
340694	STR_CHAT_B_KrallShaman_M_21_Ah_1_kcast4_b	1
340926	STR_CHAT_BombMan_AIPAttern_1	1
340362	STR_CHAT_Brownie_FNQ_3_attack	2
340335	STR_CHAT_Brownie_FNR_1_KATK1_b	1
340493	STR_CHAT_CKrall_AeA_1_swichtarget	1
340873	STR_CHAT_CoDragon_AIPattern_1	1
340882	STR_CHAT_CoDragon_AIPattern_10	4
341776	STR_CHAT_CoDragon_AIPattern_100	5
341777	STR_CHAT_CoDragon_AIPattern_101	62
341778	STR_CHAT_CoDragon_AIPattern_102	44
341779	STR_CHAT_CoDragon_AIPattern_103	8
341780	STR_CHAT_CoDragon_AIPattern_104	4
341781	STR_CHAT_CoDragon_AIPattern_105	20
341782	STR_CHAT_CoDragon_AIPattern_106	14
341784	STR_CHAT_CoDragon_AIPattern_108	18
340883	STR_CHAT_CoDragon_AIPattern_11	8
341786	STR_CHAT_CoDragon_AIPattern_110	2
341787	STR_CHAT_CoDragon_AIPattern_111	2
341843	STR_CHAT_CoDragon_AIPattern_112	7
341844	STR_CHAT_CoDragon_AIPattern_113	3
341845	STR_CHAT_CoDragon_AIPattern_114	2
341867	STR_CHAT_CoDragon_AIPattern_116	10
340884	STR_CHAT_CoDragon_AIPattern_12	5
340889	STR_CHAT_CoDragon_AIPattern_17	6
340890	STR_CHAT_CoDragon_AIPattern_18	4
340891	STR_CHAT_CoDragon_AIPattern_19	21
340874	STR_CHAT_CoDragon_AIPattern_2	1
340892	STR_CHAT_CoDragon_AIPattern_20	11
340893	STR_CHAT_CoDragon_AIPattern_21	6
340895	STR_CHAT_CoDragon_AIPattern_23	8
340896	STR_CHAT_CoDragon_AIPattern_24	1
340897	STR_CHAT_CoDragon_AIPattern_25	2
340898	STR_CHAT_CoDragon_AIPattern_26	19
340899	STR_CHAT_CoDragon_AIPattern_27	7
340900	STR_CHAT_CoDragon_AIPattern_28	4
340901	STR_CHAT_CoDragon_AIPattern_29	14
340902	STR_CHAT_CoDragon_AIPattern_30	10
340903	STR_CHAT_CoDragon_AIPattern_31	4
340904	STR_CHAT_CoDragon_AIPattern_32	4
340905	STR_CHAT_CoDragon_AIPattern_33	14
340906	STR_CHAT_CoDragon_AIPattern_34	11
340908	STR_CHAT_CoDragon_AIPattern_36	1
340909	STR_CHAT_CoDragon_AIPattern_37	6
340910	STR_CHAT_CoDragon_AIPattern_38	2
340911	STR_CHAT_CoDragon_AIPattern_39	4
340876	STR_CHAT_CoDragon_AIPattern_4	5
340912	STR_CHAT_CoDragon_AIPattern_40	1
340915	STR_CHAT_CoDragon_AIPattern_43	4
340916	STR_CHAT_CoDragon_AIPattern_44	25
340917	STR_CHAT_CoDragon_AIPattern_45	1
340918	STR_CHAT_CoDragon_AIPattern_46	5
340973	STR_CHAT_CoDragon_AIPattern_48	2
340974	STR_CHAT_CoDragon_AIPattern_49	5
340975	STR_CHAT_CoDragon_AIPattern_50	3
341025	STR_CHAT_CoDragon_AIPattern_52	3
341026	STR_CHAT_CoDragon_AIPattern_53	1
341027	STR_CHAT_CoDragon_AIPattern_54	2
341028	STR_CHAT_CoDragon_AIPattern_55	6
341029	STR_CHAT_CoDragon_AIPattern_56	2
341121	STR_CHAT_CoDragon_AIPattern_57	7
341122	STR_CHAT_CoDragon_AIPattern_58	6
341123	STR_CHAT_CoDragon_AIPattern_59	9
340878	STR_CHAT_CoDragon_AIPattern_6	3
341124	STR_CHAT_CoDragon_AIPattern_60	2
341125	STR_CHAT_CoDragon_AIPattern_61	2
341126	STR_CHAT_CoDragon_AIPattern_62	4
341127	STR_CHAT_CoDragon_AIPattern_63	4
341163	STR_CHAT_CoDragon_AIPattern_64	1
341164	STR_CHAT_CoDragon_AIPattern_65	1
341250	STR_CHAT_CoDragon_AIPattern_72	1
341251	STR_CHAT_CoDragon_AIPattern_73	3
341252	STR_CHAT_CoDragon_AIPattern_74	1
341253	STR_CHAT_CoDragon_AIPattern_75	1
341255	STR_CHAT_CoDragon_AIPattern_77	2
341256	STR_CHAT_CoDragon_AIPattern_78	1
341257	STR_CHAT_CoDragon_AIPattern_79	2
341258	STR_CHAT_CoDragon_AIPattern_80	4
341259	STR_CHAT_CoDragon_AIPattern_81	5
341260	STR_CHAT_CoDragon_AIPattern_82	3
341261	STR_CHAT_CoDragon_AIPattern_83	2
341262	STR_CHAT_CoDragon_AIPattern_84	4
341761	STR_CHAT_CoDragon_AIPattern_85	14
341762	STR_CHAT_CoDragon_AIPattern_86	6
341764	STR_CHAT_CoDragon_AIPattern_88	2
341765	STR_CHAT_CoDragon_AIPattern_89	4
341766	STR_CHAT_CoDragon_AIPattern_90	2
341767	STR_CHAT_CoDragon_AIPattern_91	1
341768	STR_CHAT_CoDragon_AIPattern_92	3
341769	STR_CHAT_CoDragon_AIPattern_93	11
341770	STR_CHAT_CoDragon_AIPattern_94	10
341771	STR_CHAT_CoDragon_AIPattern_95	28
341773	STR_CHAT_CoDragon_AIPattern_97	12
341774	STR_CHAT_CoDragon_AIPattern_98	1
340923	STR_CHAT_CombatOfficer_AIPAttern_1	4
340924	STR_CHAT_CombatOfficer_AIPAttern_2	2
340925	STR_CHAT_CombatOfficer_AIPAttern_3	4
1501701	STR_CHAT_DC1_DrakanWi_Gossip_01	1
341019	STR_CHAT_DF3_NM_GoldSaam_47_An_1_Kcast4_b	2
1500177	STR_CHAT_DF4_Raid_Nr_Patterns_01	1
1501223	STR_CHAT_DF5_Quest_Goossip_01	1
1501224	STR_CHAT_DF5_Quest_Goossip_02	2
1501225	STR_CHAT_DF5_Quest_Goossip_03	2
1501226	STR_CHAT_DF5_Quest_Goossip_04	1
1501227	STR_CHAT_DF5_Quest_Goossip_05	1
1501228	STR_CHAT_DF5_Quest_Goossip_06	1
1501229	STR_CHAT_DF5_Quest_Goossip_07	1
1501230	STR_CHAT_DF5_Quest_Goossip_08	1
1501231	STR_CHAT_DF5_Quest_Goossip_09	1
1501232	STR_CHAT_DF5_Quest_Goossip_10	1
1501233	STR_CHAT_DF5_Quest_Goossip_11	1
1501234	STR_CHAT_DF5_Quest_Goossip_12	2
1501235	STR_CHAT_DF5_Quest_Goossip_13	2
1501236	STR_CHAT_DF5_Quest_Goossip_14	1
1501237	STR_CHAT_DF5_Quest_Goossip_15	1
1501238	STR_CHAT_DF5_Quest_Goossip_16	1
1501239	STR_CHAT_DF5_Quest_Goossip_17	1
1501240	STR_CHAT_DF5_Quest_Goossip_18	1
1501241	STR_CHAT_DF5_Quest_Goossip_19	1
1501242	STR_CHAT_DF5_Quest_Goossip_20	1
1501243	STR_CHAT_DF5_Quest_Goossip_21	1
1501244	STR_CHAT_DF5_Quest_Goossip_22	2
1501245	STR_CHAT_DF5_Quest_Goossip_23	2
1501246	STR_CHAT_DF5_Quest_Goossip_24	1
1501247	STR_CHAT_DF5_Quest_Goossip_25	1
1501248	STR_CHAT_DF5_Quest_Goossip_26	1
1501249	STR_CHAT_DF5_Quest_Goossip_27	1
1501250	STR_CHAT_DF5_Quest_Goossip_28	1
1501251	STR_CHAT_DF5_Quest_Goossip_29	2
1501252	STR_CHAT_DF5_Quest_Goossip_30	1
1501253	STR_CHAT_DF5_Quest_Goossip_31	1
1501254	STR_CHAT_DF5_Quest_Goossip_32	1
1501255	STR_CHAT_DF5_Quest_Goossip_33	1
1501256	STR_CHAT_DF5_Quest_Goossip_34	2
1501257	STR_CHAT_DF5_Quest_Goossip_35	1
1501258	STR_CHAT_DF5_Quest_Goossip_36	2
1501259	STR_CHAT_DF5_Quest_Goossip_37	1
1501260	STR_CHAT_DF5_Quest_Goossip_38	1
1501261	STR_CHAT_DF5_Quest_Goossip_39	2
1501262	STR_CHAT_DF5_Quest_Goossip_40	1
1501289	STR_CHAT_DF5_Quest_Goossip_41	1
1501290	STR_CHAT_DF5_Quest_Goossip_42	1
1501291	STR_CHAT_DF5_Quest_Goossip_43	1
1501292	STR_CHAT_DF5_Quest_Goossip_44	1
1501293	STR_CHAT_DF5_Quest_Goossip_45	1
1501294	STR_CHAT_DF5_Quest_Goossip_46	1
1501295	STR_CHAT_DF5_Quest_Goossip_47	1
1501296	STR_CHAT_DF5_Quest_Goossip_48	1
1501297	STR_CHAT_DF5_Quest_Goossip_49	1
1501298	STR_CHAT_DF5_Quest_Goossip_50	1
1501299	STR_CHAT_DF5_Quest_Goossip_51	1
1501300	STR_CHAT_DF5_Quest_Goossip_52	1
1501301	STR_CHAT_DF5_Quest_Goossip_53	2
467689	STR_CHAT_DF6_Ninetailfoxwoman_Soul_E_01	1
467690	STR_CHAT_DF6_Ninetailfoxwoman_Soul_E_02	1
467691	STR_CHAT_DF6_Schedar_E_01	1
467692	STR_CHAT_DF6_Schedar_E_02	1
467693	STR_CHAT_DF6_Schedar_E_03	1
341513	STR_CHAT_DrGuard_FhA_H1_Despawn	1
341514	STR_CHAT_DrGuard_FhA_H2_Despawn	1
341515	STR_CHAT_DrGuard_FhA_H3_Despawn	1
340928	STR_CHAT_DrakanFighter_WarpWay_AIPAttern_1	3
1500590	STR_CHAT_DrakanNM_01	2
1500591	STR_CHAT_DrakanNM_02	9
1500592	STR_CHAT_DrakanNM_03	2
1500593	STR_CHAT_DrakanNM_04	2
1500594	STR_CHAT_DrakanNM_05	2
1500595	STR_CHAT_DrakanNM_06	2
1500596	STR_CHAT_DrakanShadow_01	1
342468	STR_CHAT_Dramata_01_Drakan_01	4
342469	STR_CHAT_Dramata_01_Drakan_02	2
342470	STR_CHAT_Dramata_01_Drakan_03	4
342471	STR_CHAT_Dramata_01_Dramata_01	4
342472	STR_CHAT_Dramata_01_Dramata_02	3
342473	STR_CHAT_Dramata_01_Dramata_03	4
342474	STR_CHAT_Dramata_01_Dramata_04	2
342319	STR_CHAT_Drana_Shulack_01	5
1501746	STR_CHAT_Dreadgion_Event_01	6
1501747	STR_CHAT_Dreadgion_Event_02	1
1501676	STR_CHAT_Dreadgion_Raid_Nmd_01	1
1501677	STR_CHAT_Dreadgion_Raid_Nmd_02	1
1501691	STR_CHAT_Dreadgion_Sub_01	2
1501692	STR_CHAT_Dreadgion_Sub_02	2
1501693	STR_CHAT_Dreadgion_Sub_03	2
1501695	STR_CHAT_Dreadgion_Sub_05	3
1501698	STR_CHAT_Dreadgion_Sub_08	1
1501699	STR_CHAT_Dreadgion_Sub_09	1
1501680	STR_CHAT_Dreadgion_invasion_01	2
1501681	STR_CHAT_Dreadgion_invasion_02	2
1501678	STR_CHAT_Dreadgion_invasion_Nmd_01	1
1501679	STR_CHAT_Dreadgion_invasion_Nmd_02	1
342310	STR_CHAT_Evileye_01	3
342311	STR_CHAT_Evileye_02	6
1501280	STR_CHAT_F4_Rotation_Buff_01_Talked	1
1501279	STR_CHAT_F4_Rotation_Buff_01_WakeUp	1
1501282	STR_CHAT_F4_Rotation_Buff_02_Talked	1
1501281	STR_CHAT_F4_Rotation_Buff_02_WakeUp	1
1501284	STR_CHAT_F4_Rotation_Buff_03_Talked	1
1501283	STR_CHAT_F4_Rotation_Buff_03_WakeUp	1
349770	STR_CHAT_F5_GuardianBoss_01	2
349771	STR_CHAT_F5_GuardianBoss_02	1
349772	STR_CHAT_F5_GuardianBoss_03	2
349773	STR_CHAT_F5_GuardianBoss_04	1
349769	STR_CHAT_F5_GuardianBoss_Start	2
1501748	STR_CHAT_F6Radi_Boss_01	1
1501749	STR_CHAT_F6Radi_Boss_02	20
1501750	STR_CHAT_F6Radi_Boss_03	4
1501751	STR_CHAT_F6Radi_Boss_04	5
1501752	STR_CHAT_F6Radi_Dark_Boss_01	1
1501753	STR_CHAT_F6Radi_Dark_Boss_02	19
1501754	STR_CHAT_F6Radi_Dark_Boss_03	4
1501755	STR_CHAT_F6Radi_Dark_Boss_04	5
1501540	STR_CHAT_F6_Event_G1_Da_Boss_Change_Gossip_01	1
1501534	STR_CHAT_F6_Event_G1_Da_Boss_Spawn_Gossip_01	1
1501535	STR_CHAT_F6_Event_G1_Da_Boss_Spawn_Gossip_02	1
1501536	STR_CHAT_F6_Event_G1_Da_Boss_Spawn_Gossip_03	1
1501541	STR_CHAT_F6_Event_G1_Li_Boss_Change_Gossip_01	1
1501537	STR_CHAT_F6_Event_G1_Li_Boss_Spawn_Gossip_01	1
1501538	STR_CHAT_F6_Event_G1_Li_Boss_Spawn_Gossip_02	1
1501539	STR_CHAT_F6_Event_G1_Li_Boss_Spawn_Gossip_03	1
1501554	STR_CHAT_F6_Free_Dejabobo_Gossip_01	1
1501555	STR_CHAT_F6_Free_Dejabobo_Gossip_02	1
1501556	STR_CHAT_F6_Free_Dejabobo_Gossip_03	1
1501531	STR_CHAT_F6_Free_Guard_Gossip_01	2
1501532	STR_CHAT_F6_Free_Guard_Gossip_02	2
1501533	STR_CHAT_F6_Free_Guard_Gossip_03	2
1501557	STR_CHAT_F6_Free_Wizabobo_Gossip_01	1
1501558	STR_CHAT_F6_Free_Wizabobo_Gossip_02	1
1501559	STR_CHAT_F6_Free_Wizabobo_Gossip_03	1
1501415	STR_CHAT_F6_G1_Event_DFBoss_Gossip_01	2
1501416	STR_CHAT_F6_G2_Event_Boss_Gossip_01	4
341518	STR_CHAT_Field_NPC_HelpCall_Male_3_Batk_B	1
1501157	STR_CHAT_Gab1_Sub_Boss_01	1
1501158	STR_CHAT_Gab1_Sub_Boss_02	1
1501159	STR_CHAT_Gab1_Sub_Boss_03	1
1501160	STR_CHAT_Gab1_Sub_Boss_04	1
1501161	STR_CHAT_Gab1_Sub_Boss_05	1
1501162	STR_CHAT_Gab1_Sub_Boss_06	1
1501163	STR_CHAT_Gab1_Sub_Boss_07	1
1501164	STR_CHAT_Gab1_Sub_Boss_08	2
1501165	STR_CHAT_Gab1_Sub_Boss_09	8
342358	STR_CHAT_Gateboss_Patterns_01	2
341791	STR_CHAT_GhostElim1_50_Ah_1_Die_b	1
341790	STR_CHAT_GhostElim1_50_Ah_1_Katk10_b	1
341789	STR_CHAT_GhostElim1_50_Ah_1_Katk11_b	1
341788	STR_CHAT_GhostElim1_50_Ah_1_Kcast2_b	1
340920	STR_CHAT_GuardianCheif_AIPAttern_1	3
340921	STR_CHAT_GuardianCheif_AIPAttern_2	6
340922	STR_CHAT_GuardianCheif_AIPAttern_3	3
1500553	STR_CHAT_HLFP_AgrintFall_Gossip1	2
1500554	STR_CHAT_HLFP_AgrintFall_Gossip2	2
1500549	STR_CHAT_HLFP_AgrintSpring_Gossip1	2
1500550	STR_CHAT_HLFP_AgrintSpring_Gossip2	2
1500551	STR_CHAT_HLFP_AgrintSummer_Gossip1	2
1500552	STR_CHAT_HLFP_AgrintSummer_Gossip2	2
1500555	STR_CHAT_HLFP_AgrintWinter_Gossip1	3
1500556	STR_CHAT_HLFP_AgrintWinter_Gossip2	3
342230	STR_CHAT_Hierarch_01	1
342263	STR_CHAT_Hierarch_05	1
342265	STR_CHAT_Hierarch_07	1
1500142	STR_CHAT_Hierarch_Patterns_01	1
1500143	STR_CHAT_Hierarch_Patterns_02	1
1500144	STR_CHAT_Hierarch_Patterns_03	1
1500145	STR_CHAT_Hierarch_Patterns_04	1
1501451	STR_CHAT_HighDeva_DC1_Conversation_01	1
1501452	STR_CHAT_HighDeva_DC1_Conversation_02	1
1501453	STR_CHAT_HighDeva_DC1_Conversation_03	1
1501454	STR_CHAT_HighDeva_DC1_Conversation_04	1
1501455	STR_CHAT_HighDeva_DC1_Conversation_05	1
1501456	STR_CHAT_HighDeva_DC1_Conversation_06	1
1501457	STR_CHAT_HighDeva_DC1_Conversation_07	1
1501458	STR_CHAT_HighDeva_DC1_Conversation_08	1
1501459	STR_CHAT_HighDeva_DC1_Conversation_09	1
1501428	STR_CHAT_HighDeva_LC1_Conversation_01	1
1501429	STR_CHAT_HighDeva_LC1_Conversation_02	1
1501430	STR_CHAT_HighDeva_LC1_Conversation_03	1
1501431	STR_CHAT_HighDeva_LC1_Conversation_04	1
1501432	STR_CHAT_HighDeva_LC1_Conversation_05	1
1501433	STR_CHAT_HighDeva_LC1_Conversation_06	1
1501434	STR_CHAT_HighDeva_LC1_Conversation_07	1
1501435	STR_CHAT_HighDeva_LC1_Conversation_08	1
1501436	STR_CHAT_HighDeva_LC1_Conversation_09	1
1500581	STR_CHAT_Hugen_01	1
1500582	STR_CHAT_Hugen_02	1
1500583	STR_CHAT_Hugen_03	1
341865	STR_CHAT_IDAb1_Dreadgion_Boss_001_katk2_b	1
341962	STR_CHAT_IDAb1_Dreadgion_DrakanCl_50_Ae_kcast8_b	1
1501888	STR_CHAT_IDAb1_Ere_1R_DG_01	1
1501889	STR_CHAT_IDAb1_Ere_1R_DG_02	1
1501890	STR_CHAT_IDAb1_Ere_1R_DG_03	1
1501907	STR_CHAT_IDAb1_Ere_1R_DG_05	1
1501892	STR_CHAT_IDAb1_Ere_1R_G_02	1
1501894	STR_CHAT_IDAb1_Ere_1R_G_04	1
1501899	STR_CHAT_IDAb1_Ere_1R_G_07	1
1501904	STR_CHAT_IDAb1_Ere_1R_G_10	1
1501906	STR_CHAT_IDAb1_Ere_1R_G_11	1
1501926	STR_CHAT_IDAb1_Ere_1R_G_20	1
1501826	STR_CHAT_IDAb1_Ere_1Round_Gossip_01	1
1501827	STR_CHAT_IDAb1_Ere_1Round_Gossip_02	1
1501828	STR_CHAT_IDAb1_Ere_1Round_Gossip_03	1
1501831	STR_CHAT_IDAb1_Ere_1Round_Gossip_06	1
1501832	STR_CHAT_IDAb1_Ere_1Round_Gossip_07	2
1501833	STR_CHAT_IDAb1_Ere_1Round_Gossip_08	1
1501834	STR_CHAT_IDAb1_Ere_1Round_Gossip_09	2
1501835	STR_CHAT_IDAb1_Ere_1Round_Gossip_10	2
1501836	STR_CHAT_IDAb1_Ere_1Round_Gossip_11	1
1501837	STR_CHAT_IDAb1_Ere_1Round_Gossip_12	1
1501838	STR_CHAT_IDAb1_Ere_1Round_Gossip_13	1
1501839	STR_CHAT_IDAb1_Ere_1Round_Gossip_14	1
1501840	STR_CHAT_IDAb1_Ere_1Round_Gossip_15	1
1501875	STR_CHAT_IDAb1_Ere_1Round_Gossip_36	1
1501887	STR_CHAT_IDAb1_Ere_1Round_Gossip_40	1
1501796	STR_CHAT_IDAb1_Ere_Final_Boss_Gossip_01	2
1501797	STR_CHAT_IDAb1_Ere_Final_Boss_Gossip_02	2
1501798	STR_CHAT_IDAb1_Ere_Final_Boss_Gossip_03	2
1501799	STR_CHAT_IDAb1_Ere_Final_Boss_Gossip_04	6
1501800	STR_CHAT_IDAb1_Ere_Final_Boss_Gossip_05	6
1501801	STR_CHAT_IDAb1_Ere_Final_Boss_Gossip_06	12
1501802	STR_CHAT_IDAb1_Ere_Final_Boss_Gossip_07	20
1501803	STR_CHAT_IDAb1_Ere_Final_Boss_Gossip_08	12
1501804	STR_CHAT_IDAb1_Ere_Final_Boss_Gossip_09	12
1501805	STR_CHAT_IDAb1_Ere_Final_Boss_Gossip_10	6
1501806	STR_CHAT_IDAb1_Ere_Final_Boss_Gossip_11	4
1501807	STR_CHAT_IDAb1_Ere_Final_Boss_Gossip_12	6
1501879	STR_CHAT_IDAb1_Ere_Final_Boss_Hero_Gossip_01	2
1501809	STR_CHAT_IDAb1_Ere_Hero_Gossip_01	1
1501810	STR_CHAT_IDAb1_Ere_Hero_Gossip_02	1
1501811	STR_CHAT_IDAb1_Ere_Hero_Gossip_03	1
1501812	STR_CHAT_IDAb1_Ere_Hero_Gossip_04	1
1501818	STR_CHAT_IDAb1_Ere_Leader_Gossip_01	1
1501819	STR_CHAT_IDAb1_Ere_Leader_Gossip_02	2
1501820	STR_CHAT_IDAb1_Ere_Leader_Gossip_03	5
1501792	STR_CHAT_IDAb1_Ere_Normal_Gossip_01	4
1501793	STR_CHAT_IDAb1_Ere_Normal_Gossip_02	10
1501794	STR_CHAT_IDAb1_Ere_Normal_Gossip_03	2
1501795	STR_CHAT_IDAb1_Ere_Normal_Gossip_04	3
1501814	STR_CHAT_IDAb1_Ere_Smigol_Gossip_01	1
1501815	STR_CHAT_IDAb1_Ere_Smigol_Gossip_02	10
1501816	STR_CHAT_IDAb1_Ere_Smigol_Gossip_03	1
1501817	STR_CHAT_IDAb1_Ere_Smigol_Gossip_04	1
1501821	STR_CHAT_IDAb1_Ere_Sub_Gossip_01	1
1501822	STR_CHAT_IDAb1_Ere_Sub_Gossip_02	2
1501823	STR_CHAT_IDAb1_Ere_Sub_Gossip_05	1
1501824	STR_CHAT_IDAb1_Ere_Sub_Gossip_06	1
1501825	STR_CHAT_IDAb1_Ere_Sub_Gossip_07	2
1501808	STR_CHAT_IDAb1_Ere_Witch_Gossip_01	4
1501813	STR_CHAT_IDAb1_Ere_Witch_Gossip_02	5
1501946	STR_CHAT_IDAb1_Heroes_Boss_01	2
1501947	STR_CHAT_IDAb1_Heroes_Boss_02	1
1501948	STR_CHAT_IDAb1_Heroes_Boss_03	1
1501949	STR_CHAT_IDAb1_Heroes_Boss_04	1
1501950	STR_CHAT_IDAb1_Heroes_Boss_05	3
1501951	STR_CHAT_IDAb1_Heroes_Boss_06	3
1501952	STR_CHAT_IDAb1_Heroes_Boss_07	2
1501953	STR_CHAT_IDAb1_Heroes_Boss_08	2
1501954	STR_CHAT_IDAb1_Heroes_Boss_09	3
1501955	STR_CHAT_IDAb1_Heroes_Boss_10	3
1501938	STR_CHAT_IDAb1_Heroes_Witch_01	1
1501939	STR_CHAT_IDAb1_Heroes_Witch_02	1
1501940	STR_CHAT_IDAb1_Heroes_Witch_03	1
1501941	STR_CHAT_IDAb1_Heroes_Witch_04	1
1501942	STR_CHAT_IDAb1_Heroes_Witch_05	1
1501943	STR_CHAT_IDAb1_Heroes_Witch_06	1
1501944	STR_CHAT_IDAb1_Heroes_Witch_07	1
1501945	STR_CHAT_IDAb1_Heroes_Witch_08	1
341679	STR_CHAT_IDAb1_MC_Naga_AIPattern_1	1
341680	STR_CHAT_IDAb1_MC_Naga_AIPattern_2	1
341681	STR_CHAT_IDAb1_MC_Naga_AIPattern_3	1
341682	STR_CHAT_IDAb1_MC_Naga_AIPattern_4	1
341683	STR_CHAT_IDAb1_MC_Naga_AIPattern_5	1
341684	STR_CHAT_IDAb1_MC_Naga_AIPattern_6	1
341685	STR_CHAT_IDAb1_MC_Naga_AIPattern_7	1
341686	STR_CHAT_IDAb1_MC_Naga_AIPattern_8	1
1501956	STR_CHAT_IDAbRe_Core_03_Boss_01	1
1501957	STR_CHAT_IDAbRe_Core_03_Boss_02	1
1501958	STR_CHAT_IDAbRe_Core_03_Boss_03	1
1501959	STR_CHAT_IDAbRe_Core_03_Boss_04	6
1501960	STR_CHAT_IDAbRe_Core_03_Boss_05	4
1501963	STR_CHAT_IDAbRe_Core_03_Doll_Monster_01	1
1501964	STR_CHAT_IDAbRe_Core_03_Doll_Monster_02	1
1501965	STR_CHAT_IDAbRe_Core_03_Doll_Monster_03	1
1501966	STR_CHAT_IDAbRe_Core_03_Doll_Monster_04	3
1500011	STR_CHAT_IDAbRe_Core_Boss_ElementalkingE_Wi_55_Al_Die1	2
1500007	STR_CHAT_IDAbRe_Core_Boss_ElementalkingE_Wi_55_Al_Skill1	2
1500008	STR_CHAT_IDAbRe_Core_Boss_ElementalkingE_Wi_55_Al_Skill2	2
1500009	STR_CHAT_IDAbRe_Core_Boss_ElementalkingE_Wi_55_Al_Skill3	2
1500010	STR_CHAT_IDAbRe_Core_Boss_ElementalkingE_Wi_55_Al_Skill4	2
1500005	STR_CHAT_IDAbRe_Core_Boss_ElementalkingE_Wi_55_Al_Start1	2
1500006	STR_CHAT_IDAbRe_Core_Boss_ElementalkingE_Wi_55_Al_Start2	2
1500016	STR_CHAT_IDAbRe_Core_Boss_ElementalkingH_Wi_55_Al_Die1	2
1500017	STR_CHAT_IDAbRe_Core_Boss_ElementalkingH_Wi_55_Al_Die2	2
1500014	STR_CHAT_IDAbRe_Core_Boss_ElementalkingH_Wi_55_Al_Skill1	2
1500015	STR_CHAT_IDAbRe_Core_Boss_ElementalkingH_Wi_55_Al_Skill2	2
1500012	STR_CHAT_IDAbRe_Core_Boss_ElementalkingH_Wi_55_Al_Start1	2
1500013	STR_CHAT_IDAbRe_Core_Boss_ElementalkingH_Wi_55_Al_Start2	2
1500003	STR_CHAT_IDAbRe_Core_Boss_TempestElemental_El_55_Al_Die1	2
1500004	STR_CHAT_IDAbRe_Core_Boss_TempestElemental_El_55_Al_Die2	2
1500002	STR_CHAT_IDAbRe_Core_Boss_TempestElemental_El_55_Al_Skill1	18
1500001	STR_CHAT_IDAbRe_Core_Boss_TempestElemental_El_55_Al_Start1	2
342684	STR_CHAT_IDArena_MC_End1	8
342685	STR_CHAT_IDArena_MC_End2	1
342683	STR_CHAT_IDArena_MC_Start	16
342686	STR_CHAT_IDArena_Named_comment	2
342682	STR_CHAT_IDArena_S1_DMC_Start	1
342681	STR_CHAT_IDArena_S1_LMC_Start	1
1500237	STR_CHAT_IDArena_STAGE10_Boss_Die	1
1500236	STR_CHAT_IDArena_STAGE10_Boss_End	1
1500232	STR_CHAT_IDArena_STAGE10_Boss_Skill1	1
1500233	STR_CHAT_IDArena_STAGE10_Boss_Skill2	3
1500234	STR_CHAT_IDArena_STAGE10_Boss_Skill3	1
1500235	STR_CHAT_IDArena_STAGE10_Boss_Skill4	3
1500246	STR_CHAT_IDArena_STAGE1_D_Boss_Die	1
1500245	STR_CHAT_IDArena_STAGE1_D_Boss_Skill1	1
1500206	STR_CHAT_IDArena_STAGE1_L_Boss_Die	1
1500205	STR_CHAT_IDArena_STAGE1_L_Boss_Skill1	1
1500228	STR_CHAT_IDArena_STAGE7_D_Boss_Die	1
1500226	STR_CHAT_IDArena_STAGE7_D_Boss_Skill1	1
1500227	STR_CHAT_IDArena_STAGE7_D_Boss_Skill2	1
1500210	STR_CHAT_IDArena_STAGE7_D_R1_Die	1
1500209	STR_CHAT_IDArena_STAGE7_D_R1_Skill1	1
1500214	STR_CHAT_IDArena_STAGE7_D_R2_Die	1
1500213	STR_CHAT_IDArena_STAGE7_D_R2_Skill1	1
1500218	STR_CHAT_IDArena_STAGE7_D_R3_Die	1
1500217	STR_CHAT_IDArena_STAGE7_D_R3_Skill1	1
1500222	STR_CHAT_IDArena_STAGE7_D_R4_Die	1
1500221	STR_CHAT_IDArena_STAGE7_D_R4_Skill1	1
1500225	STR_CHAT_IDArena_STAGE7_L_Boss_Die	1
1500223	STR_CHAT_IDArena_STAGE7_L_Boss_Skill1	1
1500224	STR_CHAT_IDArena_STAGE7_L_Boss_Skill2	1
1500208	STR_CHAT_IDArena_STAGE7_L_R1_Die	1
1500207	STR_CHAT_IDArena_STAGE7_L_R1_Skill1	1
1500212	STR_CHAT_IDArena_STAGE7_L_R2_Die	1
1500211	STR_CHAT_IDArena_STAGE7_L_R2_Skill1	1
1500216	STR_CHAT_IDArena_STAGE7_L_R3_Die	1
1500215	STR_CHAT_IDArena_STAGE7_L_R3_Skill1	1
1500220	STR_CHAT_IDArena_STAGE7_L_R4_Die	1
1500219	STR_CHAT_IDArena_STAGE7_L_R4_Skill1	1
1500231	STR_CHAT_IDArena_STAGE8_Boss_Die	1
1500229	STR_CHAT_IDArena_STAGE8_Boss_Skill1	1
1500230	STR_CHAT_IDArena_STAGE8_Boss_Skill2	2
342454	STR_CHAT_IDArena_Solo_H1_DrakanAs_noble_01	1
342455	STR_CHAT_IDArena_Solo_H1_DrakanAs_noble_02	1
342456	STR_CHAT_IDArena_Solo_H1_Temple_01	2
342393	STR_CHAT_IDArena_Solo_S1_Agrint	1
342373	STR_CHAT_IDArena_Solo_S1_Agrint_55_An	2
342394	STR_CHAT_IDArena_Solo_S1_Agrint_Die	1
342395	STR_CHAT_IDArena_Solo_S4B_Bbobi	1
342397	STR_CHAT_IDArena_Solo_S4B_Bbobi_Succ	1
342421	STR_CHAT_IDArena_Solo_S4_Anger_01	1
342422	STR_CHAT_IDArena_Solo_S4_Anger_02	1
342423	STR_CHAT_IDArena_Solo_S4_Anger_03	1
342424	STR_CHAT_IDArena_Solo_S4_Hammam_01	1
342426	STR_CHAT_IDArena_Solo_S4_Hammam_03	1
342386	STR_CHAT_IDArena_Solo_S4_Komu1	2
342387	STR_CHAT_IDArena_Solo_S4_Komu2	1
342388	STR_CHAT_IDArena_Solo_S4_Komu3	2
342389	STR_CHAT_IDArena_Solo_S4_Komu4	2
342390	STR_CHAT_IDArena_Solo_S4_Komu5	2
342391	STR_CHAT_IDArena_Solo_S4_Komu6	2
1401084	STR_CHAT_IDArena_Solo_S4_System1	1
1401085	STR_CHAT_IDArena_Solo_S4_System2	1
342382	STR_CHAT_IDArena_Solo_S4_System3	1
342383	STR_CHAT_IDArena_Solo_S4_System4	1
1401086	STR_CHAT_IDArena_Solo_S4_System5	1
342418	STR_CHAT_IDArena_Solo_S4_Wir_01	1
342420	STR_CHAT_IDArena_Solo_S4_Wir_03	1
342439	STR_CHAT_IDArena_Solo_S5_As_D	1
342440	STR_CHAT_IDArena_Solo_S5_As_D_Die	1
342405	STR_CHAT_IDArena_Solo_S5_As_L	1
342406	STR_CHAT_IDArena_Solo_S5_As_L_Die	1
342430	STR_CHAT_IDArena_Solo_S5_Enchant_01	1
342448	STR_CHAT_IDArena_Solo_S5_Enchant_01_D	1
342431	STR_CHAT_IDArena_Solo_S5_Enchant_02	1
342449	STR_CHAT_IDArena_Solo_S5_Enchant_02_D	1
342437	STR_CHAT_IDArena_Solo_S5_Fi_D	1
342438	STR_CHAT_IDArena_Solo_S5_Fi_D_Die	1
342403	STR_CHAT_IDArena_Solo_S5_Fi_L	1
342404	STR_CHAT_IDArena_Solo_S5_Fi_L_Die	1
342399	STR_CHAT_IDArena_Solo_S5_Hameroon	1
342400	STR_CHAT_IDArena_Solo_S5_Hameroon_Die	1
342401	STR_CHAT_IDArena_Solo_S5_Kaliga	1
342402	STR_CHAT_IDArena_Solo_S5_Kaliga_Die	1
342413	STR_CHAT_IDArena_Solo_S5_Kaliga_SummFailed	1
342441	STR_CHAT_IDArena_Solo_S5_Ma_D	1
342442	STR_CHAT_IDArena_Solo_S5_Ma_D_Die	1
342407	STR_CHAT_IDArena_Solo_S5_Ma_L	1
342408	STR_CHAT_IDArena_Solo_S5_Ma_L_Die	1
342443	STR_CHAT_IDArena_Solo_S5_Pr_D	1
342444	STR_CHAT_IDArena_Solo_S5_Pr_D_Die	1
342409	STR_CHAT_IDArena_Solo_S5_Pr_L	1
342410	STR_CHAT_IDArena_Solo_S5_Pr_L_Die	1
342432	STR_CHAT_IDArena_Solo_S5_Trade_01	4
342433	STR_CHAT_IDArena_Solo_S5_Trade_02	1
342451	STR_CHAT_IDArena_Solo_S5_Trade_02_D	1
342434	STR_CHAT_IDArena_Solo_S5_Ware_01	1
342452	STR_CHAT_IDArena_Solo_S5_Ware_01_D	1
342435	STR_CHAT_IDArena_Solo_S5_Ware_02	1
342453	STR_CHAT_IDArena_Solo_S5_Ware_02_D	1
1500523	STR_CHAT_IDArena_Solo_S6_VanqJr_55_An_Dead	1
1500522	STR_CHAT_IDArena_Solo_S6_VanqJr_55_An_EndBattle	1
1500521	STR_CHAT_IDArena_Solo_S6_VanqJr_55_An_Start	1
1500966	STR_CHAT_IDAsteria_IU_Gossip_06	1
1500991	STR_CHAT_IDAsteria_IU_NPC_Gossip_14	1
1501114	STR_CHAT_IDAsteria_IU_WORLD_Gossip_06	1
1501152	STR_CHAT_IDAsteria_IU_WORLD_Monster_Gossip_02	1
1501126	STR_CHAT_IDAsteria_IU_WORLD_NPC_Gossip_01	1
1501130	STR_CHAT_IDAsteria_IU_WORLD_NPC_Gossip_05	1
1501131	STR_CHAT_IDAsteria_IU_WORLD_NPC_Gossip_06	2
1501134	STR_CHAT_IDAsteria_IU_WORLD_NPC_Gossip_10	1
1501135	STR_CHAT_IDAsteria_IU_WORLD_NPC_Gossip_11	1
1501136	STR_CHAT_IDAsteria_IU_WORLD_NPC_Gossip_12	1
1501137	STR_CHAT_IDAsteria_IU_WORLD_NPC_Gossip_13	1
1501138	STR_CHAT_IDAsteria_IU_WORLD_NPC_Gossip_14	3
1501139	STR_CHAT_IDAsteria_IU_WORLD_NPC_Gossip_15	4
1501141	STR_CHAT_IDAsteria_IU_WORLD_NPC_Gossip_17	1
1501143	STR_CHAT_IDAsteria_IU_WORLD_NPC_Gossip_19	1
1501144	STR_CHAT_IDAsteria_IU_WORLD_NPC_Gossip_20	2
1501146	STR_CHAT_IDAsteria_IU_WORLD_NPC_Gossip_22	2
1501147	STR_CHAT_IDAsteria_IU_WORLD_NPC_Gossip_23	2
1501123	STR_CHAT_IDAsteria_IU_WORLD_Nmd_Gossip_01	1
1501125	STR_CHAT_IDAsteria_IU_WORLD_Nmd_Gossip_03	1
1500075	STR_CHAT_IDCatacombs_DeathNightNmd_55_Ah_Die1	1
1500074	STR_CHAT_IDCatacombs_DeathNightNmd_55_Ah_Skill1	1
1500073	STR_CHAT_IDCatacombs_DeathNightNmd_55_Ah_Start1	1
1500092	STR_CHAT_IDCatacombs_DragonNmd_55_Ah_Die1	6
1500087	STR_CHAT_IDCatacombs_DragonNmd_55_Ah_Skill1	16
1500088	STR_CHAT_IDCatacombs_DragonNmd_55_Ah_Skill2	8
1500089	STR_CHAT_IDCatacombs_DragonNmd_55_Ah_Skill3	28
1500090	STR_CHAT_IDCatacombs_DragonNmd_55_Ah_Skill4	1
1500091	STR_CHAT_IDCatacombs_DragonNmd_55_Ah_Skill5	4
1500086	STR_CHAT_IDCatacombs_DragonNmd_55_Ah_Start1	4
1500057	STR_CHAT_IDCatacombs_DrakanFiDayNmd_55_Ah_Die1	2
1500055	STR_CHAT_IDCatacombs_DrakanFiDayNmd_55_Ah_Skill1	3
1500056	STR_CHAT_IDCatacombs_DrakanFiDayNmd_55_Ah_Skill2	4
1500054	STR_CHAT_IDCatacombs_DrakanFiDayNmd_55_Ah_Start1	2
1500044	STR_CHAT_IDCatacombs_DrakanFiNmd_55_Ah_Die1	1
1500043	STR_CHAT_IDCatacombs_DrakanFiNmd_55_Ah_Skill1	1
1500042	STR_CHAT_IDCatacombs_DrakanFiNmd_55_Ah_Start1	1
1500085	STR_CHAT_IDCatacombs_DrakanMonkBossNmd_55_Ah_Die1	1
1500084	STR_CHAT_IDCatacombs_DrakanMonkBossNmd_55_Ah_Leave1	1
1500083	STR_CHAT_IDCatacombs_DrakanMonkBossNmd_55_Ah_Skill1	1
1500082	STR_CHAT_IDCatacombs_DrakanMonkBossNmd_55_Ah_Start1	1
1500076	STR_CHAT_IDCatacombs_ElementalFireNmd_55_Ah_Start1	1
1500059	STR_CHAT_IDCatacombs_HugeSlimeNmd_55_Ah_Die1	2
1500058	STR_CHAT_IDCatacombs_HugeSlimeNmd_55_Ah_Start1	7
1500063	STR_CHAT_IDCatacombs_LichNmd_55_Ah_Die1	2
1500061	STR_CHAT_IDCatacombs_LichNmd_55_Ah_Skill1	4
1500062	STR_CHAT_IDCatacombs_LichNmd_55_Ah_Skill2	2
1500060	STR_CHAT_IDCatacombs_LichNmd_55_Ah_Start1	2
1500069	STR_CHAT_IDCatacombs_ShadowStalker_55_Ah_Die1	1
1500068	STR_CHAT_IDCatacombs_ShadowStalker_55_Ah_Skill1	8
1500067	STR_CHAT_IDCatacombs_ShadowStalker_55_Ah_Start1	1
1500079	STR_CHAT_IDCatacombs_ShulackNmd_55_Ah_Start1	1
1500047	STR_CHAT_IDCatacombs_SpecterNmd_55_Ah_Die1	1
1500045	STR_CHAT_IDCatacombs_SpecterNmd_55_Ah_Start1	1
1500065	STR_CHAT_IDCatacombs_StDrakanFiNmd_55_Ah_Skill1	2
1500066	STR_CHAT_IDCatacombs_StDrakanFiNmd_55_Ah_Skill2	4
1500064	STR_CHAT_IDCatacombs_StDrakanFiNmd_55_Ah_Start1	2
1500053	STR_CHAT_IDCatacombs_UnDrakanFiNightNmd_55_Ah_Die1	2
1500051	STR_CHAT_IDCatacombs_UnDrakanFiNightNmd_55_Ah_Skill1	4
1500050	STR_CHAT_IDCatacombs_UnDrakanFiNightNmd_55_Ah_Start1	2
1500049	STR_CHAT_IDCatacombs_UnDrakanScNmd_55_Ah_Die1	1
1500048	STR_CHAT_IDCatacombs_UnDrakanScNmd_55_Ah_Start1	1
1501400	STR_CHAT_IDDF3_T_Boss_Gossip_01	2
1500019	STR_CHAT_IDDreadgion_02_DrakanBoss_55_Ah_Skill1	2
1500020	STR_CHAT_IDDreadgion_02_DrakanBoss_55_Ah_Skill2	1
1500021	STR_CHAT_IDDreadgion_02_DrakanBoss_55_Ah_Skill3	1
1500018	STR_CHAT_IDDreadgion_02_DrakanBoss_55_Ah_Start1	1
342162	STR_CHAT_IDDreadgion_02_DrakanClNoble_55_Ae_kcast5_b	1
342156	STR_CHAT_IDDreadgion_02_DrakanFiNoble_55_Ae_kcast4_b	2
342159	STR_CHAT_IDDreadgion_02_DrakanScNoble_55_Ae_kcast3_b	1
342164	STR_CHAT_IDDreadgion_02_DrakanWiBonus_55_Ae_001_Batk_b	1
342165	STR_CHAT_IDDreadgion_02_DrakanWiBonus_55_Ae_kcast4_b	1
342160	STR_CHAT_IDDreadgion_02_DrakanWiNoble_55_Ae_kcast3_b	1
342161	STR_CHAT_IDDreadgion_02_DrakanWiNoble_55_Ae_kcast5_b	1
342760	STR_CHAT_IDEVENT01_KrallShaman_01	3
342762	STR_CHAT_IDEVENT01_KrallShaman_03	6
342763	STR_CHAT_IDEVENT01_KrallShaman_04	9
342764	STR_CHAT_IDEVENT01_KrallShaman_05	6
342765	STR_CHAT_IDEVENT01_KrallShaman_06	3
1500451	STR_CHAT_IDElemental1_Kutoll_EntarAttackState	1
1500453	STR_CHAT_IDElemental1_Kutoll_OnDie	1
1500452	STR_CHAT_IDElemental1_Kutoll_UseSkill1	5
1500441	STR_CHAT_IDElemental1_Terma_Gossip1	1
1500442	STR_CHAT_IDElemental1_Terma_Gossip2	1
1500443	STR_CHAT_IDElemental1_Terma_Gossip3	1
1500444	STR_CHAT_IDElemental1_Terma_WakeUp	1
1500454	STR_CHAT_IDElemental1_Tourally_EnterAttackState	1
1500457	STR_CHAT_IDElemental1_Tourally_OnDie	1
1500455	STR_CHAT_IDElemental1_Tourally_UseSkill1	1
1500456	STR_CHAT_IDElemental1_Tourally_UseSkill2	3
1500242	STR_CHAT_IDElemental1_Unicorn_DisplayMsg1	1
1500447	STR_CHAT_IDElemental1_Yurdean_Despawn1	1
1500448	STR_CHAT_IDElemental1_Yurdean_Despawn2	1
1500449	STR_CHAT_IDElemental1_Yurdean_EnterAttackState	1
1500445	STR_CHAT_IDElemental1_Yurdean_Gossip1	1
1500446	STR_CHAT_IDElemental1_Yurdean_Gossip2	1
1500450	STR_CHAT_IDElemental1_Yurdean_OnDie	1
1500460	STR_CHAT_IDElemental2_Kadela_EnterAttackState	1
1500458	STR_CHAT_IDElemental2_Kadela_Gossip1	1
1500459	STR_CHAT_IDElemental2_Kadela_Gossip2	1
1500462	STR_CHAT_IDElemental2_Kadela_Sum_UseSkill1	1
1500461	STR_CHAT_IDElemental2_Kadela_UseSkill1	5
1500466	STR_CHAT_IDElemental2_Plattooth_EnterAttackState	1
1500470	STR_CHAT_IDElemental2_Plattooth_OnDie	1
1500467	STR_CHAT_IDElemental2_Plattooth_UseSkill1	1
1500468	STR_CHAT_IDElemental2_Plattooth_UseSkill2	1
1500469	STR_CHAT_IDElemental2_Plattooth_UseSkill3	1
1500263	STR_CHAT_IDElemental2_PrisonBreak_Gossip1	1
1500264	STR_CHAT_IDElemental2_PrisonBreak_Gossip2	1
1500265	STR_CHAT_IDElemental2_PrisonBreak_Gossip3	1
342370	STR_CHAT_IDElemental2_Prisoner_ThankYou_01	1
342371	STR_CHAT_IDElemental2_Prisoner_ThankYou_02	1
1500463	STR_CHAT_IDElemental2_YunMale_Gossip1	1
1500464	STR_CHAT_IDElemental2_YunMale_Gossip2	1
1500465	STR_CHAT_IDElemental2_YunMale_Gossip3	1
1500471	STR_CHAT_IDElemental2_Zadra1_Gossip1	1
1500480	STR_CHAT_IDElemental2_Zadra1_Gossip10	1
1500472	STR_CHAT_IDElemental2_Zadra1_Gossip2	1
1500473	STR_CHAT_IDElemental2_Zadra1_Gossip3	1
1500474	STR_CHAT_IDElemental2_Zadra1_Gossip4	1
1500475	STR_CHAT_IDElemental2_Zadra1_Gossip5	1
1500476	STR_CHAT_IDElemental2_Zadra1_Gossip6	1
1500477	STR_CHAT_IDElemental2_Zadra1_Gossip7	1
1500478	STR_CHAT_IDElemental2_Zadra1_Gossip8	1
1500479	STR_CHAT_IDElemental2_Zadra1_Gossip9	1
1500486	STR_CHAT_IDElemental2_Zadra2_OnDie	2
1500482	STR_CHAT_IDElemental2_Zadra2_UseSkill1	1
1500484	STR_CHAT_IDElemental2_Zadra2_UseSkill3	1
1500485	STR_CHAT_IDElemental2_Zadra2_UseSkill4	1
1500481	STR_CHAT_IDElemental2_Zadra2_WakeUp	1
390511	STR_CHAT_IDElim_Abyla_Yell_03	1
390498	STR_CHAT_IDElim_Enalethe_Die	1
390496	STR_CHAT_IDElim_Enalethe_SeeUser	3
390499	STR_CHAT_IDElim_Enalethe_Win	1
390497	STR_CHAT_IDElim_Enalethe_Wounded	1
390510	STR_CHAT_IDElim_Engeius_Yell_03	1
390501	STR_CHAT_IDElim_Hyas_Despawn	1
390500	STR_CHAT_IDElim_Hyas_Idle	1
1501468	STR_CHAT_IDEternity_01_OPEN	1
1501592	STR_CHAT_IDEternity_02_D_Guard_GOSSIP_01	2
1501593	STR_CHAT_IDEternity_02_D_Guard_GOSSIP_02	2
1501589	STR_CHAT_IDEternity_02_Event_Guard_GOSSIP_01	1
1501578	STR_CHAT_IDEternity_02_Nepilim_01	1
1501579	STR_CHAT_IDEternity_02_Nepilim_02	1
1501580	STR_CHAT_IDEternity_02_Nepilim_03	1
1501596	STR_CHAT_IDEternity_02_Nepilim_GOSSIP_01	1
1501587	STR_CHAT_IDEternity_02_Nepilim_Key_GOSSIP_01	2
1501569	STR_CHAT_IDEternity_02_Nepilim_Nmd_01	1
1501570	STR_CHAT_IDEternity_02_Nepilim_Nmd_02	1
1501567	STR_CHAT_IDEternity_02_Nepilim_Sun_GOSSIP_01	1
1501574	STR_CHAT_IDEternity_02_Snake_Nmd_01	2
1501575	STR_CHAT_IDEternity_02_Snake_Nmd_02	1
1501576	STR_CHAT_IDEternity_02_Snake_Nmd_03	1
1501577	STR_CHAT_IDEternity_02_Snake_Nmd_04	1
1501588	STR_CHAT_IDEternity_02_Tower_Key_GOSSIP_01	1
1501568	STR_CHAT_IDEternity_02_Tower_Nmd_01	1
1501585	STR_CHAT_IDEternity_02_polymorph_end_GOSSIP_01	1
1501586	STR_CHAT_IDEternity_02_polymorph_end_GOSSIP_02	1
1501756	STR_CHAT_IDEternity_03_Gosship_01	2
1501758	STR_CHAT_IDEternity_03_Gosship_03	1
1501759	STR_CHAT_IDEternity_03_Gosship_04	1
1501760	STR_CHAT_IDEternity_03_Gosship_05	1
1501761	STR_CHAT_IDEternity_03_Gosship_06	2
1501762	STR_CHAT_IDEternity_03_Gosship_07	2
1501763	STR_CHAT_IDEternity_03_Gosship_08	1
1501764	STR_CHAT_IDEternity_03_Gosship_09	1
1501765	STR_CHAT_IDEternity_03_Gosship_10	3
1501766	STR_CHAT_IDEternity_03_Gosship_11	1
1501767	STR_CHAT_IDEternity_03_Gosship_12	1
1501768	STR_CHAT_IDEternity_03_Gosship_13	1
1501769	STR_CHAT_IDEternity_03_Gosship_14	1
1501770	STR_CHAT_IDEternity_03_Gosship_15	1
1501771	STR_CHAT_IDEternity_03_Gosship_16	1
1501772	STR_CHAT_IDEternity_03_Gosship_17	1
1501773	STR_CHAT_IDEternity_03_Gosship_18	1
1501781	STR_CHAT_IDEternity_03_Gosship_19	1
1501782	STR_CHAT_IDEternity_03_Gosship_20	1
1501783	STR_CHAT_IDEternity_03_Gosship_21	1
1501784	STR_CHAT_IDEternity_03_Gosship_22	1
1501785	STR_CHAT_IDEternity_03_Gosship_23	1
1501786	STR_CHAT_IDEternity_03_Gosship_24	1
1501787	STR_CHAT_IDEternity_03_Gosship_25	1
1501788	STR_CHAT_IDEternity_03_Gosship_26	1
1501789	STR_CHAT_IDEternity_03_Gosship_27	1
1501790	STR_CHAT_IDEternity_03_Gosship_28	1
1501791	STR_CHAT_IDEternity_03_Gosship_29	1
1501869	STR_CHAT_IDEternity_03_Gosship_30	1
1501870	STR_CHAT_IDEternity_03_Gosship_31	1
1501871	STR_CHAT_IDEternity_03_Gosship_32	1
1501872	STR_CHAT_IDEternity_03_Gosship_33	1
1501873	STR_CHAT_IDEternity_03_Gosship_34	1
1501473	STR_CHAT_IDEternity_Q_HighDeva_F_01	1
1501474	STR_CHAT_IDEternity_Q_HighDeva_F_02	3
1501475	STR_CHAT_IDEternity_Q_HighDeva_F_03	3
1501476	STR_CHAT_IDEternity_Q_HighDeva_F_04	3
1501469	STR_CHAT_IDEternity_Q_HighDeva_M_01	1
1501470	STR_CHAT_IDEternity_Q_HighDeva_M_02	3
1501471	STR_CHAT_IDEternity_Q_HighDeva_M_03	3
1501472	STR_CHAT_IDEternity_Q_HighDeva_M_04	3
1501513	STR_CHAT_IDEternity_Q_Leibo_01	1
1501514	STR_CHAT_IDEternity_Q_Leibo_02	2
1501515	STR_CHAT_IDEternity_Q_Leibo_03	1
1501516	STR_CHAT_IDEternity_Q_Leibo_04	1
1501517	STR_CHAT_IDEternity_Q_Leibo_05	1
1501528	STR_CHAT_IDEternity_Q_Leibo_06	1
1501529	STR_CHAT_IDEternity_Q_Leibo_07	1
1501530	STR_CHAT_IDEternity_Q_Leibo_08	1
1501519	STR_CHAT_IDEternity_Q_Sado_Fi_N_02_01	2
1501520	STR_CHAT_IDEternity_Q_Sado_Fi_N_02_02	1
1501524	STR_CHAT_IDEternity_Q_Sado_Pr_N_02_01	1
1501526	STR_CHAT_IDEternity_Q_Sado_Pr_N_03_01	1
1501527	STR_CHAT_IDEternity_Q_Sado_Pr_N_03_02	1
1501845	STR_CHAT_IDEternity_War_Gossip_05	5
1501735	STR_CHAT_IDEvent_Solo_09	2
1501736	STR_CHAT_IDEvent_Solo_10	3
1501739	STR_CHAT_IDEvent_Solo_Monster_GOSSIP_01	4
1501741	STR_CHAT_IDEvent_Solo_Monster_GOSSIP_03	2
1501742	STR_CHAT_IDEvent_Solo_Tog_Gosship	1
1501743	STR_CHAT_IDEvent_Solo_porgus_Gosship	8
1500239	STR_CHAT_IDF4Re_Drana_NamedA_Die	1
1500195	STR_CHAT_IDF4Re_Drana_NamedB_Die	1
1500193	STR_CHAT_IDF4Re_Drana_NamedB_Skill1	3
1500194	STR_CHAT_IDF4Re_Drana_NamedB_Skill2	2
1500199	STR_CHAT_IDF4Re_Drana_NamedC_Die	1
1500196	STR_CHAT_IDF4Re_Drana_NamedC_Skill1	1
1500197	STR_CHAT_IDF4Re_Drana_NamedC_Skill2	2
1500198	STR_CHAT_IDF4Re_Drana_NamedC_Skill3	3
1500204	STR_CHAT_IDF4Re_Drana_NamedE_Die	2
1500200	STR_CHAT_IDF4Re_Drana_NamedE_Idle	2
1500201	STR_CHAT_IDF4Re_Drana_NamedE_Skill1	2
1500202	STR_CHAT_IDF4Re_Drana_NamedE_Skill2	2
1500203	STR_CHAT_IDF4Re_Drana_NamedE_Skill3	2
1500238	STR_CHAT_IDF4Re_Drana_Ranger_Broad	1
342781	STR_CHAT_IDF5_R1_EvileyeAlert_Alert_01	1
342782	STR_CHAT_IDF5_R1_EvileyeAlert_Alert_02	1
342783	STR_CHAT_IDF5_R1_EvileyeAlert_Alert_03	1
342784	STR_CHAT_IDF5_R1_EvileyeAlert_Alert_04	1
1500951	STR_CHAT_IDF5_R2_Hint_Gossip_01	1
1500952	STR_CHAT_IDF5_R2_Hint_Gossip_02	1
1500953	STR_CHAT_IDF5_R2_Hint_Gossip_03	1
1500958	STR_CHAT_IDF5_R2_Hint_Gossip_08	1
1500959	STR_CHAT_IDF5_R2_Hint_Gossip_09	1
1500910	STR_CHAT_IDF5_R2_Sync1_A_Phase	3
1500911	STR_CHAT_IDF5_R2_Sync1_B_Phase	12
1500912	STR_CHAT_IDF5_R2_Sync2_A_Phase	4
1500916	STR_CHAT_IDF5_R2_Sync3_A_Phase1	1
1500917	STR_CHAT_IDF5_R2_Sync3_A_Phase2	1
1500918	STR_CHAT_IDF5_R2_Sync3_A_Phase3	1
1500919	STR_CHAT_IDF5_R2_Sync3_B_Phase	6
1500754	STR_CHAT_IDF5_TD_Boss_02	3
1500755	STR_CHAT_IDF5_TD_Boss_03	1
1500756	STR_CHAT_IDF5_TD_Boss_04	1
1500757	STR_CHAT_IDF5_TD_Boss_05	1
1500758	STR_CHAT_IDF5_TD_Boss_06	1
1500759	STR_CHAT_IDF5_TD_Boss_07	2
1500767	STR_CHAT_IDF5_TD_Commander_Da_01	1
1500768	STR_CHAT_IDF5_TD_Commander_Da_02	1
1500769	STR_CHAT_IDF5_TD_Commander_Da_03	1
1500770	STR_CHAT_IDF5_TD_Commander_Da_04	2
1500763	STR_CHAT_IDF5_TD_Commander_Li_01	1
1500764	STR_CHAT_IDF5_TD_Commander_Li_02	1
1500765	STR_CHAT_IDF5_TD_Commander_Li_03	1
1500766	STR_CHAT_IDF5_TD_Commander_Li_04	2
1501153	STR_CHAT_IDF5_TD_War_Boss_01	1
1501154	STR_CHAT_IDF5_TD_War_Boss_02	1
1501155	STR_CHAT_IDF5_TD_War_Boss_03	1
1501156	STR_CHAT_IDF5_TD_War_Boss_04	1
1501263	STR_CHAT_IDF5_U01_Ra_Goossip_01	3
1501264	STR_CHAT_IDF5_U01_Ra_Goossip_02	15
1501265	STR_CHAT_IDF5_U01_Ra_Goossip_03	3
1501266	STR_CHAT_IDF5_U01_Ra_Goossip_04	3
1501267	STR_CHAT_IDF5_U01_Ra_Goossip_05	3
1501286	STR_CHAT_IDF5_U01_Ra_Goossip_06	12
1501287	STR_CHAT_IDF5_U01_Ra_Goossip_07	12
1501288	STR_CHAT_IDF5_U01_Ra_Goossip_08	12
1501549	STR_CHAT_IDF6_LF1_Help_GOSSIP_02	1
1501551	STR_CHAT_IDF6_LF1_Help_GOSSIP_04	1
1501930	STR_CHAT_IDInfinity_Gosship_01	7
1501018	STR_CHAT_IDKamar_DrakanGeneral_Die	3
1501017	STR_CHAT_IDKamar_DrakanGeneral_Start	3
1501020	STR_CHAT_IDKamar_DrakanOfficer_Die	3
1501019	STR_CHAT_IDKamar_DrakanOfficer_Start	3
1501021	STR_CHAT_IDLDF5Re_02_Victim_Die	15
1501102	STR_CHAT_IDLDF5b_TD_Headquater_Fi_01	3
1501103	STR_CHAT_IDLDF5b_TD_Headquater_Fi_02	3
1501104	STR_CHAT_IDLDF5b_TD_Headquater_Fi_03	1
1501105	STR_CHAT_IDLDF5b_TD_Headquater_Fi_04	1
1501086	STR_CHAT_IDLDF5b_TD_Wave1_Boss_El_01	1
1501087	STR_CHAT_IDLDF5b_TD_Wave1_Boss_El_02	1
1501088	STR_CHAT_IDLDF5b_TD_Wave1_Boss_El_03	1
1501083	STR_CHAT_IDLDF5b_TD_Wave1_Boss_Ri_01	2
1501084	STR_CHAT_IDLDF5b_TD_Wave1_Boss_Ri_02	2
1501085	STR_CHAT_IDLDF5b_TD_Wave1_Boss_Ri_03	2
1501092	STR_CHAT_IDLDF5b_TD_Wave2_Boss_Gu_01	2
1501093	STR_CHAT_IDLDF5b_TD_Wave2_Boss_Gu_02	2
1501094	STR_CHAT_IDLDF5b_TD_Wave2_Boss_Gu_03	2
1501089	STR_CHAT_IDLDF5b_TD_Wave2_Boss_Wi_01	2
1501090	STR_CHAT_IDLDF5b_TD_Wave2_Boss_Wi_02	2
1501091	STR_CHAT_IDLDF5b_TD_Wave2_Boss_Wi_03	1
1501098	STR_CHAT_IDLDF5b_TD_Wave3_Boss_As_01	1
1501099	STR_CHAT_IDLDF5b_TD_Wave3_Boss_As_02	2
1501100	STR_CHAT_IDLDF5b_TD_Wave3_Boss_As_03	2
1501101	STR_CHAT_IDLDF5b_TD_Wave3_Boss_As_04	1
1501095	STR_CHAT_IDLDF5b_TD_Wave3_Boss_Ri_01	2
1501096	STR_CHAT_IDLDF5b_TD_Wave3_Boss_Ri_02	2
1501097	STR_CHAT_IDLDF5b_TD_Wave3_Boss_Ri_03	2
341688	STR_CHAT_IDLF1_ND2_WhHS_01	1
341689	STR_CHAT_IDLF1_ND2_WhHS_02	1
341690	STR_CHAT_IDLF1_ND2_WhHS_03	1
341695	STR_CHAT_IDLF1_ND2_WhHS_08	3
341696	STR_CHAT_IDLF1_ND2_WhHS_09	3
341697	STR_CHAT_IDLF1_ND2_WhHS_10	3
341531	STR_CHAT_IDLF3Lephar_TestResultFake_50_Ah_AIPattern_1	4
341533	STR_CHAT_IDLF3Lephar_TestResultReal_50_Ah_AIPattern_2	2
1501628	STR_CHAT_IDLUNA_DEF_Guard_1_Gossip_01	1
1501629	STR_CHAT_IDLUNA_DEF_Guard_1_Gossip_02	1
1501630	STR_CHAT_IDLUNA_DEF_Guard_1_Gossip_03	1
1501631	STR_CHAT_IDLUNA_DEF_Guard_1_Gossip_04	1
1501632	STR_CHAT_IDLUNA_DEF_Guard_1_Gossip_05	1
1501633	STR_CHAT_IDLUNA_DEF_Guard_1_Gossip_06	1
1501634	STR_CHAT_IDLUNA_DEF_Guard_1_Gossip_07	1
1501635	STR_CHAT_IDLUNA_DEF_Guard_1_Gossip_08	1
1501636	STR_CHAT_IDLUNA_DEF_Guard_2_Gossip_01	1
1501637	STR_CHAT_IDLUNA_DEF_Guard_2_Gossip_02	1
1501638	STR_CHAT_IDLUNA_DEF_Guard_2_Gossip_03	1
1501639	STR_CHAT_IDLUNA_DEF_Guard_2_Gossip_04	1
1501640	STR_CHAT_IDLUNA_DEF_Guard_2_Gossip_05	1
1501641	STR_CHAT_IDLUNA_DEF_Guard_2_Gossip_06	1
1501642	STR_CHAT_IDLUNA_DEF_Guard_2_Gossip_07	1
1501643	STR_CHAT_IDLUNA_DEF_Guard_2_Gossip_08	1
1501644	STR_CHAT_IDLUNA_DEF_Guard_2_Gossip_INFECTION	1
1501674	STR_CHAT_IDLUNA_DEF_Hammer_Gossip_01	1
1501675	STR_CHAT_IDLUNA_DEF_Heal_Gossip_01	1
1501615	STR_CHAT_IDLUNA_DEF_STARTNPC_Gossip_01	1
1501601	STR_CHAT_IDLUNA_SIEGE_S1_Shulack_As_An_01_Gossip_01	1
1501602	STR_CHAT_IDLUNA_SIEGE_S1_Shulack_As_An_02_Gossip_01	1
1501603	STR_CHAT_IDLUNA_SIEGE_S1_Shulack_Ri_SN_Ae_02_Gossip_01	1
1501605	STR_CHAT_IDLUNA_SIEGE_S1_Shulack_Ri_SN_Ae_02_Gossip_02	2
1501604	STR_CHAT_IDLUNA_SIEGE_S1_Shulack_Ri_SN_Ae_03_Gossip_01	1
1501606	STR_CHAT_IDLUNA_SIEGE_S1_Shulack_Ri_SN_Ae_03_Gossip_02	2
1501673	STR_CHAT_IDLUNA_SIEGE_S1_Shulack_Ri_SN_Ae_03_Gossip_03	10
1501623	STR_CHAT_IDLUNA_SIEGE_S2_EMPBomb_01_Gossip_01	1
1501624	STR_CHAT_IDLUNA_SIEGE_S2_EMPBomb_02_Gossip_01	1
1501611	STR_CHAT_IDLUNA_SIEGE_S2_Nepilim_Fi_N_Ah_02_Gossip_01	1
1501612	STR_CHAT_IDLUNA_SIEGE_S2_Nepilim_Fi_N_Ah_02_Gossip_02	1
1501613	STR_CHAT_IDLUNA_SIEGE_S2_Nepilim_Fi_N_Ah_02_Gossip_03	1
1501614	STR_CHAT_IDLUNA_SIEGE_S2_Nepilim_Fi_N_Ah_02_Gossip_04	2
1501607	STR_CHAT_IDLUNA_SIEGE_S2_Tesinon_Fi_SN_Ae_01_Gossip_01	1
1501608	STR_CHAT_IDLUNA_SIEGE_S2_Tesinon_Fi_SN_Ae_01_Gossip_02	2
1501609	STR_CHAT_IDLUNA_SIEGE_S2_Tesinon_Fi_SN_Ae_01_Gossip_03	2
1501600	STR_CHAT_IDLUNA_SIEGE_Soldier_As_An_01_GOSSIP_01	1
1501661	STR_CHAT_IDLUNA_SIEGE_Soldier_As_An_01_GOSSIP_02	1
1501665	STR_CHAT_IDLUNA_SIEGE_Soldier_As_An_01_GOSSIP_03	1
1501666	STR_CHAT_IDLUNA_SIEGE_Soldier_As_An_01_GOSSIP_04	1
1501597	STR_CHAT_IDLUNA_SIEGE_Soldier_Fi_An_01_GOSSIP_01	1
1501658	STR_CHAT_IDLUNA_SIEGE_Soldier_Fi_An_01_GOSSIP_02	1
1501663	STR_CHAT_IDLUNA_SIEGE_Soldier_Fi_An_01_GOSSIP_03	1
1501543	STR_CHAT_IDLUNA_SIEGE_Soldier_Kn_N_An_01_GOSSIP_01	1
1501656	STR_CHAT_IDLUNA_SIEGE_Soldier_Kn_N_An_01_GOSSIP_02	1
1501657	STR_CHAT_IDLUNA_SIEGE_Soldier_Kn_N_An_01_GOSSIP_03	1
1501662	STR_CHAT_IDLUNA_SIEGE_Soldier_Kn_N_An_01_GOSSIP_04	1
1501599	STR_CHAT_IDLUNA_SIEGE_Soldier_Pr_An_01_GOSSIP_01	1
1501660	STR_CHAT_IDLUNA_SIEGE_Soldier_Pr_An_01_GOSSIP_02	1
1501542	STR_CHAT_IDLUNA_SIEGE_Soldier_Q_01_GOSSIP_01	1
1501598	STR_CHAT_IDLUNA_SIEGE_Soldier_Ra_An_01_GOSSIP_01	1
1501659	STR_CHAT_IDLUNA_SIEGE_Soldier_Ra_An_01_GOSSIP_02	1
1501664	STR_CHAT_IDLUNA_SIEGE_Soldier_Ra_An_01_GOSSIP_03	1
1501356	STR_CHAT_IDLegion_Perfect_Buff_NPC	2
342149	STR_CHAT_IDNovice_02_DBrownieWWa_named_18_an_1_Die_S	1
342150	STR_CHAT_IDNovice_05_RatmanMWa_named_19_an_1_Die_S	1
342151	STR_CHAT_IDNovice_07_DBrownieWWa_named_20_an_1_Die_S	1
1500575	STR_CHAT_IDRaksha_0F_Envoy_Nmd_Gossip2	1
1500576	STR_CHAT_IDRaksha_2F_Envoy_Nmd_Gossip1	1
1500577	STR_CHAT_IDRaksha_3F_Envoy_Nmd_Gossip1	1
1500578	STR_CHAT_IDRaksha_5F_1_Envoy_Nmd_Gossip1	1
1500579	STR_CHAT_IDRaksha_5F_2_Envoy_Nmd_Gossip1	1
1500580	STR_CHAT_IDRaksha_5F_2_Envoy_Nmd_Gossip2	1
342514	STR_CHAT_IDRaksha_DrakanBoneKnight_Ae_Attack_HitPoint	1
342511	STR_CHAT_IDRaksha_DrakanBoneKnight_Ae_Enter_Attack	2
342508	STR_CHAT_IDRaksha_DrakanCFighter_Ae_Attack_HitPoint	1
342505	STR_CHAT_IDRaksha_DrakanCFighter_Ae_Enter_Attack	1
342509	STR_CHAT_IDRaksha_DrakanCHealer_Ae_Attack_HitPoint	2
342506	STR_CHAT_IDRaksha_DrakanCHealer_Ae_Enter_Attack	2
342510	STR_CHAT_IDRaksha_DrakanCScout_Ae_Attack_HitPoint	2
342507	STR_CHAT_IDRaksha_DrakanCScout_Ae_Enter_Attack	2
342499	STR_CHAT_IDRaksha_DrakanFighter_Ae_Enter_Attack	1
1500560	STR_CHAT_IDRaksha_DrakanFiremage_Nmd_Gossip1	1
1500561	STR_CHAT_IDRaksha_DrakanFiremage_Nmd_Gossip2	2
1500562	STR_CHAT_IDRaksha_DrakanFiremage_Nmd_Gossip3	7
1500563	STR_CHAT_IDRaksha_DrakanFiremage_Nmd_Gossip4	1
342519	STR_CHAT_IDRaksha_DrakanGhostFighter_Ae_Attack_HitPoint	1
342517	STR_CHAT_IDRaksha_DrakanGhostFighter_Ae_Enter_Attack	1
342503	STR_CHAT_IDRaksha_DrakanKnight_Ae_Attack_HitPoint	2
342500	STR_CHAT_IDRaksha_DrakanKnight_Ae_Enter_Attack	1
1500557	STR_CHAT_IDRaksha_DrakanMirrorNmd_Gossip1	1
1500558	STR_CHAT_IDRaksha_DrakanMirrorNmd_Gossip2	3
1500559	STR_CHAT_IDRaksha_DrakanMirrorNmd_Gossip3	1
342504	STR_CHAT_IDRaksha_DrakanScout_Ae_Attack_HitPoint	1
342501	STR_CHAT_IDRaksha_DrakanScout_Ae_Enter_Attack	1
342513	STR_CHAT_IDRaksha_NagaBoneMage_Ae_Enter_Attack	1
342518	STR_CHAT_IDRaksha_NagaGhostMage_Ae_Enter_Attack	1
1500564	STR_CHAT_IDRaksha_Raksha_Nmd_58_Gossip1	2
1500565	STR_CHAT_IDRaksha_Raksha_Nmd_58_Gossip2	18
1500566	STR_CHAT_IDRaksha_Raksha_Nmd_58_Gossip3	3
1500567	STR_CHAT_IDRaksha_Raksha_Nmd_58_Gossip4	5
1500568	STR_CHAT_IDRaksha_Raksha_Nmd_58_Gossip5	2
1500879	STR_CHAT_IDRose_H_Artillerist_Gu_P_SN_1_Kcast7_b___t	1
1500880	STR_CHAT_IDRose_H_Artillerist_Gu_P_SN_1_Kcast8_b___t	1
1500888	STR_CHAT_IDRose_H_Boss_Mu_P_N_2_Kcast2_b	1
1500889	STR_CHAT_IDRose_H_Boss_Mu_P_N_3_Kcast2_b	1
1500866	STR_CHAT_IDRose_L_ShulackF_As_P_Key_Ae_1_Batk_b	4
344202	STR_CHAT_IDRose_Shulack_Mid_RunAwayShugo_b	1
1501310	STR_CHAT_IDSeal_Bomber_Gossip_01	3
1501311	STR_CHAT_IDSeal_Bomber_Gossip_02	6
1501313	STR_CHAT_IDSeal_Bomber_Gossip_03	4
1501302	STR_CHAT_IDSeal_Glacier_Gossip_01	8
1501334	STR_CHAT_IDSeal_GuardLeader_06_Die	11
1501358	STR_CHAT_IDSeal_GuardianChief_Despawn	84
1501359	STR_CHAT_IDSeal_GuardianChief_Die	20
1501357	STR_CHAT_IDSeal_GuardianChief_EnterAtk	10
1501303	STR_CHAT_IDSeal_Immortal_Gossip_01	11
1501304	STR_CHAT_IDSeal_Immortal_Gossip_02	6
1501305	STR_CHAT_IDSeal_Immortal_Gossip_03	5
1501306	STR_CHAT_IDSeal_Immortal_Gossip_04	3
1501307	STR_CHAT_IDSeal_Immortal_Gossip_05	2
1501308	STR_CHAT_IDSeal_Immortal_Gossip_06	1
1501380	STR_CHAT_IDSeal_Q_DrakanChief	1
1501377	STR_CHAT_IDSeal_Q_KeyNamed	4
1501318	STR_CHAT_IDSeal_QuestNPC_Gossip_01	2
1501319	STR_CHAT_IDSeal_QuestNPC_Gossip_02	2
1501320	STR_CHAT_IDSeal_QuestNPC_Gossip_03	1
1501321	STR_CHAT_IDSeal_QuestNPC_Gossip_04	12
1501212	STR_CHAT_IDSeal_Twin_M_Gossip_01	1
1501213	STR_CHAT_IDSeal_Twin_M_Gossip_02	4
1501214	STR_CHAT_IDSeal_Twin_M_Gossip_03	3
1501215	STR_CHAT_IDSeal_Twin_M_Gossip_04	3
1501216	STR_CHAT_IDSeal_Twin_M_Gossip_05	2
1501208	STR_CHAT_IDSeal_Twin_P_Gossip_01	1
1501209	STR_CHAT_IDSeal_Twin_P_Gossip_02	4
1501210	STR_CHAT_IDSeal_Twin_P_Gossip_03	3
1501211	STR_CHAT_IDSeal_Twin_P_Gossip_04	2
1501340	STR_CHAT_IDSeal_Vritra_Dragon_Gossip_01	4
1501341	STR_CHAT_IDSeal_Vritra_Dragon_Gossip_02	2
1501342	STR_CHAT_IDSeal_Vritra_Dragon_Gossip_03	4
1501343	STR_CHAT_IDSeal_Vritra_Dragon_Gossip_04	2
1501344	STR_CHAT_IDSeal_Vritra_Dragon_Gossip_05	3
1501345	STR_CHAT_IDSeal_Vritra_Dragon_Gossip_06	3
1501346	STR_CHAT_IDSeal_Vritra_Dragon_Gossip_07	2
1501347	STR_CHAT_IDSeal_Vritra_Dragon_Gossip_08	1
1501348	STR_CHAT_IDSeal_Vritra_Dragon_Gossip_09	1
1501268	STR_CHAT_IDSeal_Vritra_Human_Gossip_01	6
1501269	STR_CHAT_IDSeal_Vritra_Human_Gossip_02	4
1501270	STR_CHAT_IDSeal_Vritra_Human_Gossip_03	5
1501271	STR_CHAT_IDSeal_Vritra_Human_Gossip_04	3
1501272	STR_CHAT_IDSeal_Vritra_Human_Gossip_05	5
1501273	STR_CHAT_IDSeal_Vritra_Human_Gossip_06	6
1501274	STR_CHAT_IDSeal_Vritra_Human_Gossip_07	3
1501275	STR_CHAT_IDSeal_Vritra_Human_Gossip_08	3
1501276	STR_CHAT_IDSeal_Vritra_Human_Gossip_09	6
1501277	STR_CHAT_IDSeal_Vritra_Human_Gossip_10	1
1501217	STR_CHAT_IDSeal_Wave_Fi_Pulled	2
1501222	STR_CHAT_IDSeal_Wave_Leader_Buff	19
1501221	STR_CHAT_IDSeal_Wave_Leader_CaseHeal	8
1501220	STR_CHAT_IDSeal_Wave_Leader_Guardian	5
1501219	STR_CHAT_IDSeal_Wave_Pr_Heal	4
1501218	STR_CHAT_IDSeal_Wave_Wi_Sleep	3
341973	STR_CHAT_IDShip_FShulackWiBreeder_42_Ae_AIPattern_1	1
341822	STR_CHAT_IDShip_ShulackAsHide_43_Ae_Batk_b	3
342604	STR_CHAT_IDShulackShip_Rose_Broad_Answer	19
342667	STR_CHAT_IDShulackShip_Rose_Broad_Deny	13
342603	STR_CHAT_IDShulackShip_Rose_Die_AllClass	3
342605	STR_CHAT_IDShulackShip_Rose_Die_AllClass2	7
342606	STR_CHAT_IDShulackShip_Rose_Die_AllClass3	8
342607	STR_CHAT_IDShulackShip_Rose_Skill1	2
342346	STR_CHAT_IDStation_DrakanFI_01	1
342348	STR_CHAT_IDStation_DrakanGuardian_01	1
342347	STR_CHAT_IDStation_DrakanWI_01	1
342349	STR_CHAT_IDStation_DrakanWiNoble_01	1
1501180	STR_CHAT_IDStation_Guide_01	4
1501181	STR_CHAT_IDStation_Guide_02	4
342341	STR_CHAT_IDStation_ShuGuardian_01	2
342342	STR_CHAT_IDStation_ShuGuardian_02	1
342343	STR_CHAT_IDStation_ShuGuardian_03	1
342344	STR_CHAT_IDStation_ShuGuardian_04	1
342345	STR_CHAT_IDStation_ShuGuardian_05	1
342337	STR_CHAT_IDStation_ShuRAAS_01	1
342340	STR_CHAT_IDStation_ShuRAAS_02	1
342350	STR_CHAT_IDStation_Zone3Boss_01	1
342351	STR_CHAT_IDStation_Zone3Boss_02	1
1501182	STR_CHAT_IDSweep_Monster_Gossip_01	1
1501183	STR_CHAT_IDSweep_Monster_Gossip_02	3
1501184	STR_CHAT_IDSweep_Monster_Gossip_03	6
1501185	STR_CHAT_IDSweep_Monster_Gossip_04	6
1501187	STR_CHAT_IDSweep_Monster_Gossip_06	2
1501188	STR_CHAT_IDSweep_Monster_Gossip_07	3
1501189	STR_CHAT_IDSweep_Monster_Gossip_08	1
1501190	STR_CHAT_IDSweep_Monster_Gossip_09	2
1501191	STR_CHAT_IDSweep_Monster_Gossip_10	1
1501192	STR_CHAT_IDSweep_Monster_Gossip_11	2
1501193	STR_CHAT_IDSweep_Monster_Gossip_12	2
1501194	STR_CHAT_IDSweep_Monster_Gossip_13	3
1501195	STR_CHAT_IDSweep_Monster_Gossip_14	6
1501196	STR_CHAT_IDSweep_Monster_Gossip_15	6
1501201	STR_CHAT_IDSweep_Monster_Gossip_16	6
1501702	STR_CHAT_IDTM_Lobby_01	1
1501703	STR_CHAT_IDTM_Lobby_02	1
1501704	STR_CHAT_IDTM_Lobby_03	1
1501705	STR_CHAT_IDTM_Lobby_04	1
1501706	STR_CHAT_IDTM_Lobby_05	1
341983	STR_CHAT_IDTP_FANATIC_BossEL_summon	7
341978	STR_CHAT_IDTP_FANATIC_CeA_kamikaze	1
341979	STR_CHAT_IDTP_FANATIC_CeC_start	2
341976	STR_CHAT_IDTP_FANATIC_FeA_healme	2
341985	STR_CHAT_IDTP_FANATIC_Gossip_01	1
341986	STR_CHAT_IDTP_FANATIC_Gossip_02	1
341987	STR_CHAT_IDTP_FANATIC_Gossip_03	2
341988	STR_CHAT_IDTP_FANATIC_Gossip_04	1
342010	STR_CHAT_IDTP_FANATIC_Idle_Gossip_01	1
342011	STR_CHAT_IDTP_FANATIC_Idle_Gossip_02	1
342012	STR_CHAT_IDTP_FANATIC_Idle_Gossip_03	1
342013	STR_CHAT_IDTP_FANATIC_Idle_Gossip_04	1
342014	STR_CHAT_IDTP_FANATIC_Idle_Gossip_05	1
342015	STR_CHAT_IDTP_FANATIC_Idle_Gossip_06	1
342016	STR_CHAT_IDTP_FANATIC_Idle_Gossip_07	1
342017	STR_CHAT_IDTP_FANATIC_Idle_Gossip_08	1
342018	STR_CHAT_IDTP_FANATIC_Idle_Gossip_09	1
341974	STR_CHAT_IDTP_FANATIC_KeB_start	2
341975	STR_CHAT_IDTP_FANATIC_KeC_start	1
342008	STR_CHAT_IDTP_FANATIC_Knight_Provoke	3
342009	STR_CHAT_IDTP_FANATIC_Knight_Pulled	4
341980	STR_CHAT_IDTP_FANATIC_ReB_start	2
342090	STR_CHAT_IDTP_FanaticAs_001_Idle_S	1
342091	STR_CHAT_IDTP_FanaticFi_001_Idle_S	1
342092	STR_CHAT_IDTP_FanaticPr_001_Idle_S	1
342093	STR_CHAT_IDTP_FanaticWi_001_Idle_S	1
341990	STR_CHAT_IDTP_GateKeeper_Satk_01	5
341991	STR_CHAT_IDTP_GateKeeper_Satk_02	1
342006	STR_CHAT_IDTP_NepilimAssistant_Batk_01	1
341994	STR_CHAT_IDTP_NepilimBoss_Satk_01	2
341995	STR_CHAT_IDTP_NepilimBoss_Satk_02	2
341996	STR_CHAT_IDTP_NepilimBoss_Satk_03	2
341997	STR_CHAT_IDTP_NepilimBoss_Satk_04	1
341998	STR_CHAT_IDTP_NepilimBoss_Satk_05	1
341999	STR_CHAT_IDTP_NepilimBoss_Satk_06	2
342000	STR_CHAT_IDTP_NepilimBoss_Satk_07	2
342003	STR_CHAT_IDTP_NepilimExpert_Satk_01	2
342004	STR_CHAT_IDTP_NepilimExpert_Satk_02	1
342005	STR_CHAT_IDTP_NepilimExpert_Satk_03	1
1500033	STR_CHAT_IDTemple_DrakanFiNamed_55_Ah_Die1	1
1500032	STR_CHAT_IDTemple_DrakanFiNamed_55_Ah_Skill1	8
1500031	STR_CHAT_IDTemple_DrakanFiNamed_55_Ah_Start1	1
1500030	STR_CHAT_IDTemple_FanaticAsNamed_53_Ah_Die1	1
1500029	STR_CHAT_IDTemple_FanaticAsNamed_53_Ah_Skill1	1
1500028	STR_CHAT_IDTemple_FanaticAsNamed_53_Ah_Start1	1
1500024	STR_CHAT_IDTemple_FanaticElNamed_53_Ah_Die1	2
1500023	STR_CHAT_IDTemple_FanaticElNamed_53_Ah_Skill1	2
1500022	STR_CHAT_IDTemple_FanaticElNamed_53_Ah_Start1	2
1500027	STR_CHAT_IDTemple_FanaticFiNamed_53_Ah_Die1	2
1500026	STR_CHAT_IDTemple_FanaticFiNamed_53_Ah_Skill1	3
1500025	STR_CHAT_IDTemple_FanaticFiNamed_53_Ah_Start1	1
1500039	STR_CHAT_IDTemple_NepilimBoss_55_Ah_Skill1	1
1500038	STR_CHAT_IDTemple_NepilimBoss_55_Ah_Start1	1
1500037	STR_CHAT_IDTemple_NepilimEngineerNamed_54_Ah_Skill1	1
1500036	STR_CHAT_IDTemple_NepilimEngineerNamed_54_Ah_Start1	1
1500041	STR_CHAT_IDTemple_NepilimNamed_54_Ah_Die1	1
1500040	STR_CHAT_IDTemple_NepilimNamed_54_Ah_Start1	1
1500035	STR_CHAT_IDTemple_OctacideNamed_54_Ah_Die1	1
1500034	STR_CHAT_IDTemple_OctacideNamed_54_Ah_Start1	1
1500712	STR_CHAT_IDTiamat_Anuhart_EnterAttackState01	1
1500713	STR_CHAT_IDTiamat_Anuhart_EnterAttackState02	1
1500715	STR_CHAT_IDTiamat_Anuhart_OnDie	1
1500714	STR_CHAT_IDTiamat_Anuhart_UseSkill	2
1500704	STR_CHAT_IDTiamat_Chantra_EnterAttackState	1
1500705	STR_CHAT_IDTiamat_Chantra_OnDie	1
1500606	STR_CHAT_IDTiamat_Garnon_1_01	1
1500607	STR_CHAT_IDTiamat_Garnon_1_02	1
1500608	STR_CHAT_IDTiamat_Garnon_1_03	1
1500702	STR_CHAT_IDTiamat_Guardian_EnterAttackState	1
1500703	STR_CHAT_IDTiamat_Guardian_OnDie	1
1500597	STR_CHAT_IDTiamat_Kahrun_1_01	1
1500598	STR_CHAT_IDTiamat_Kahrun_1_02	1
1500602	STR_CHAT_IDTiamat_Kahrun_5_01	1
1500603	STR_CHAT_IDTiamat_Kahrun_5_02	1
1500604	STR_CHAT_IDTiamat_Kahrun_5_03	1
1500605	STR_CHAT_IDTiamat_Kahrun_5_04	1
390866	STR_CHAT_IDTiamat_Kahrun_6_01	1
1500609	STR_CHAT_IDTiamat_Kahrun_7_01	1
1500610	STR_CHAT_IDTiamat_Kahrun_7_02	1
1500611	STR_CHAT_IDTiamat_Kahrun_7_03	1
1500612	STR_CHAT_IDTiamat_Kahrun_7_04	1
1500684	STR_CHAT_IDTiamat_Kaisinel_T_01	2
1500685	STR_CHAT_IDTiamat_Kaisinel_T_02	2
1500686	STR_CHAT_IDTiamat_Kaisinel_T_03	2
1500687	STR_CHAT_IDTiamat_Kaisinel_T_04	2
1500695	STR_CHAT_IDTiamat_Kaisinel_T_05	4
1500696	STR_CHAT_IDTiamat_Kaisinel_T_06	2
1500697	STR_CHAT_IDTiamat_Kaisinel_T_07	2
1500719	STR_CHAT_IDTiamat_Kalyndi_OnDie	2
1500683	STR_CHAT_IDTiamat_Kalyndi_Spawn_1	2
1500718	STR_CHAT_IDTiamat_Kalyndi_WakeUp	2
1500708	STR_CHAT_IDTiamat_Kumbanda_EntterAttackState	1
1500709	STR_CHAT_IDTiamat_Kumbanda_OnDie	1
1500688	STR_CHAT_IDTiamat_Marchutan_T_01	2
1500689	STR_CHAT_IDTiamat_Marchutan_T_02	2
1500690	STR_CHAT_IDTiamat_Marchutan_T_03	2
1500691	STR_CHAT_IDTiamat_Marchutan_T_04	2
1500698	STR_CHAT_IDTiamat_Marchutan_T_05	4
1500699	STR_CHAT_IDTiamat_Marchutan_T_06	2
1500700	STR_CHAT_IDTiamat_Marchutan_T_07	2
390836	STR_CHAT_IDTiamat_Murugan_1_01	1
390837	STR_CHAT_IDTiamat_Murugan_1_02	1
390838	STR_CHAT_IDTiamat_Murugan_1_03	1
390851	STR_CHAT_IDTiamat_Murugan_3_01	1
390852	STR_CHAT_IDTiamat_Murugan_3_02	1
390853	STR_CHAT_IDTiamat_Murugan_3_03	1
1500613	STR_CHAT_IDTiamat_NPC_Tiamat_01	2
1500614	STR_CHAT_IDTiamat_NPC_Tiamat_02	2
1500615	STR_CHAT_IDTiamat_NPC_Tiamat_03	2
1500616	STR_CHAT_IDTiamat_NPC_Tiamat_04	2
1500617	STR_CHAT_IDTiamat_NPC_Tiamat_05	2
1500693	STR_CHAT_IDTiamat_NPC_Tiamat_2_02	2
1500694	STR_CHAT_IDTiamat_NPC_Tiamat_2_03	2
390846	STR_CHAT_IDTiamat_Rakshaka_01	1
390847	STR_CHAT_IDTiamat_Rakshaka_02	1
390848	STR_CHAT_IDTiamat_Rakshaka_03	1
1500710	STR_CHAT_IDTiamat_Rakshaka_EnterAttackState	1
1500711	STR_CHAT_IDTiamat_Rakshaka_OnDie	1
1500706	STR_CHAT_IDTiamat_Sadha_EnterAttackState	1
1500707	STR_CHAT_IDTiamat_Sadha_OnDie	1
1500644	STR_CHAT_IDTiamat_Solo_Kahrun_1_01	1
1500645	STR_CHAT_IDTiamat_Solo_Kahrun_1_02	1
1500646	STR_CHAT_IDTiamat_Solo_Kahrun_1_03	1
1500647	STR_CHAT_IDTiamat_Solo_Kahrun_1_04	1
1500664	STR_CHAT_IDTiamat_Solo_Kaisinel_05	1
1500665	STR_CHAT_IDTiamat_Solo_Kaisinel_06	1
1500666	STR_CHAT_IDTiamat_Solo_Kaisinel_07	1
1500667	STR_CHAT_IDTiamat_Solo_Kaisinel_08	2
1500670	STR_CHAT_IDTiamat_Solo_Marchutan_03	1
1500671	STR_CHAT_IDTiamat_Solo_Marchutan_04	1
1500672	STR_CHAT_IDTiamat_Solo_Marchutan_05	1
1500673	STR_CHAT_IDTiamat_Solo_Marchutan_06	1
1500674	STR_CHAT_IDTiamat_Solo_Marchutan_07	1
1500648	STR_CHAT_IDTiamat_Solo_Tiamat_01	1
1500649	STR_CHAT_IDTiamat_Solo_Tiamat_02	1
1500650	STR_CHAT_IDTiamat_Solo_Tiamat_03	1
1500651	STR_CHAT_IDTiamat_Solo_Tiamat_04	1
1500652	STR_CHAT_IDTiamat_Solo_Tiamat_05	1
390834	STR_CHAT_IDTiamat_Surama_1_01_Idle_S	1
390841	STR_CHAT_IDTiamat_Surama_2_01	1
390842	STR_CHAT_IDTiamat_Surama_2_02	1
390843	STR_CHAT_IDTiamat_Surama_2_03	1
390844	STR_CHAT_IDTiamat_Surama_2_04	1
390845	STR_CHAT_IDTiamat_Surama_2_05	1
1500716	STR_CHAT_IDTiamat_Tahabata_EnterAttackState	2
1500717	STR_CHAT_IDTiamat_Tahabata_OnDie	1
1500726	STR_CHAT_IDTiamat_TiamatDragon1_EnterAttackState	2
1500727	STR_CHAT_IDTiamat_TiamatDragon1_UseSkill	2
1500734	STR_CHAT_IDTiamat_TiamatDragon2_OnDie	2
1500729	STR_CHAT_IDTiamat_TiamatDragon2_WakeUp	2
1500720	STR_CHAT_IDTiamat_Tiamat_GuardianDie	1
1500725	STR_CHAT_IDTiamat_Tiamat_KalyndiDie	2
1500722	STR_CHAT_IDTiamat_Tiamat_RakshakaDie	1
1500721	STR_CHAT_IDTiamat_Tiamat_SadhaDie	1
1500701	STR_CHAT_IDTiamat_Tiamat_T_01	2
1500723	STR_CHAT_IDTiamat_Tiamat_TahabataDie	1
1501651	STR_CHAT_IDTransform_Boss_GOSSIP_01	100
1501652	STR_CHAT_IDTransform_Boss_GOSSIP_02	120
1501653	STR_CHAT_IDTransform_Boss_GOSSIP_03	120
1501654	STR_CHAT_IDTransform_Boss_GOSSIP_04	120
1501655	STR_CHAT_IDTransform_Boss_GOSSIP_05	100
1501667	STR_CHAT_IDTransform_Boss_Sound_Gossip_01	10
1501668	STR_CHAT_IDTransform_Boss_Sound_Gossip_06	10
1501669	STR_CHAT_IDTransform_Boss_Sound_Gossip_07	10
1501670	STR_CHAT_IDTransform_Boss_Sound_Gossip_08	10
1501671	STR_CHAT_IDTransform_Boss_Sound_Gossip_09	10
1500772	STR_CHAT_IDVritra_Base_Boss1_01	1
1500773	STR_CHAT_IDVritra_Base_Boss1_02	1
1500774	STR_CHAT_IDVritra_Base_Boss1_03	1
1500775	STR_CHAT_IDVritra_Base_Boss1_04	1
1500776	STR_CHAT_IDVritra_Base_Boss1_05	1
1500777	STR_CHAT_IDVritra_Base_Boss1_06	1
1500778	STR_CHAT_IDVritra_Base_Boss1_07	1
1501011	STR_CHAT_IDVritra_Base_Boss1_08	1
1500782	STR_CHAT_IDVritra_Base_Boss2_01	1
1500783	STR_CHAT_IDVritra_Base_Boss2_02	1
1500784	STR_CHAT_IDVritra_Base_Boss2_03	4
1500785	STR_CHAT_IDVritra_Base_Boss2_04	1
1500786	STR_CHAT_IDVritra_Base_Boss2_05	1
1500787	STR_CHAT_IDVritra_Base_Boss2_06	1
1500788	STR_CHAT_IDVritra_Base_Boss2_07	1
1501014	STR_CHAT_IDVritra_Base_Boss2_Shield_01	3
1501015	STR_CHAT_IDVritra_Base_Boss2_Shield_02	3
1500790	STR_CHAT_IDVritra_Base_Boss3_01	1
1500791	STR_CHAT_IDVritra_Base_Boss3_02	1
1501012	STR_CHAT_IDVritra_Base_Boss3_03	1
1500796	STR_CHAT_IDVritra_Base_Boss4_01	1
1500797	STR_CHAT_IDVritra_Base_Boss4_02	1
1500798	STR_CHAT_IDVritra_Base_Boss4_03	1
1500800	STR_CHAT_IDVritra_Base_Boss4_05	1
1500801	STR_CHAT_IDVritra_Base_Boss4_06	1
1500802	STR_CHAT_IDVritra_Base_Boss5_01	1
1500803	STR_CHAT_IDVritra_Base_Boss5_02	1
1500804	STR_CHAT_IDVritra_Base_Boss5_03	2
1500805	STR_CHAT_IDVritra_Base_Boss5_04	2
1500806	STR_CHAT_IDVritra_Base_Boss5_05	1
1500807	STR_CHAT_IDVritra_Base_Boss5_06	1
1501016	STR_CHAT_IDVritra_Base_Drakan_As_IU_Sum_01	2
1501045	STR_CHAT_IDVritra_Base_Nmd1_01	1
1501046	STR_CHAT_IDVritra_Base_Nmd1_02	1
1501047	STR_CHAT_IDVritra_Base_Nmd1_03	1
1501048	STR_CHAT_IDVritra_Base_Nmd2_01	1
1501049	STR_CHAT_IDVritra_Base_Nmd2_02	2
1501051	STR_CHAT_IDVritra_Base_Nmd2_04	1
1501052	STR_CHAT_IDVritra_Base_Nmd2_05	1
1501053	STR_CHAT_IDVritra_Base_Nmd3_01	1
1501054	STR_CHAT_IDVritra_Base_Nmd3_02	2
1501055	STR_CHAT_IDVritra_Base_Nmd3_03	1
1501057	STR_CHAT_IDVritra_Base_Nmd4_01	1
1501058	STR_CHAT_IDVritra_Base_Nmd4_02	2
1501059	STR_CHAT_IDVritra_Base_Nmd4_03	2
1501060	STR_CHAT_IDVritra_Base_Nmd4_04	1
1501061	STR_CHAT_IDVritra_Base_Nmd5_01	1
1501062	STR_CHAT_IDVritra_Base_Nmd5_02	1
1501063	STR_CHAT_IDVritra_Base_Nmd5_03	1
1501064	STR_CHAT_IDVritra_Base_Nmd6_01	1
1501065	STR_CHAT_IDVritra_Base_Nmd6_02	1
1501066	STR_CHAT_IDVritra_Base_Nmd6_03	1
1501067	STR_CHAT_IDVritra_Base_Nmd6_04	1
1501068	STR_CHAT_IDVritra_Base_Nmd7_01	1
1501069	STR_CHAT_IDVritra_Base_Nmd7_02	1
1501070	STR_CHAT_IDVritra_Base_Nmd7_03	1
1501071	STR_CHAT_IDVritra_Base_Nmd7_04	1
1501072	STR_CHAT_IDVritra_Base_Nmd8_01	1
1501073	STR_CHAT_IDVritra_Base_Nmd8_02	1
1501074	STR_CHAT_IDVritra_Base_Nmd8_03	1
1501075	STR_CHAT_IDVritra_Base_Nmd8_04	2
390569	STR_CHAT_IDYunGossip_17_Idle_S	1
390570	STR_CHAT_IDYunGossip_18_Idle_S	1
1500411	STR_CHAT_IDYun_Ariana_Gossip1	1
1500412	STR_CHAT_IDYun_Ariana_Gossip2	1
1500415	STR_CHAT_IDYun_Ariana_Gossip5	1
1500416	STR_CHAT_IDYun_Ariana_Gossip6	1
1500417	STR_CHAT_IDYun_Ariana_Gossip7	1
1500418	STR_CHAT_IDYun_Ariana_Gossip8	1
1500419	STR_CHAT_IDYun_Ariana_Gossip9	1
1500381	STR_CHAT_IDYun_Jantaraz_EnterAttackState	1
1500384	STR_CHAT_IDYun_Jantaraz_OnDie	1
1500382	STR_CHAT_IDYun_Jantaraz_UseSkill1	1
1500383	STR_CHAT_IDYun_Jantaraz_UseSkill2	1
1500393	STR_CHAT_IDYun_Kuhara_EnterAttackState	1
1500396	STR_CHAT_IDYun_Kuhara_OnDie	1
1500394	STR_CHAT_IDYun_Kuhara_UseSkill1	1
1500395	STR_CHAT_IDYun_Kuhara_UseSkill2	1
1500420	STR_CHAT_IDYun_Merops_Gossip1	1
1500429	STR_CHAT_IDYun_Merops_Gossip10	1
1500430	STR_CHAT_IDYun_Merops_Gossip11	1
1500431	STR_CHAT_IDYun_Merops_Gossip12	1
1500432	STR_CHAT_IDYun_Merops_Gossip13	1
1500433	STR_CHAT_IDYun_Merops_Gossip14	1
1500434	STR_CHAT_IDYun_Merops_Gossip15	1
1500435	STR_CHAT_IDYun_Merops_Gossip16	1
1500436	STR_CHAT_IDYun_Merops_Gossip17	1
1500437	STR_CHAT_IDYun_Merops_Gossip18	1
1500438	STR_CHAT_IDYun_Merops_Gossip19	1
1500421	STR_CHAT_IDYun_Merops_Gossip2	1
1500439	STR_CHAT_IDYun_Merops_Gossip20	3
1500440	STR_CHAT_IDYun_Merops_Gossip21	1
1500422	STR_CHAT_IDYun_Merops_Gossip3	1
1500423	STR_CHAT_IDYun_Merops_Gossip4	1
1500424	STR_CHAT_IDYun_Merops_Gossip5	1
1500425	STR_CHAT_IDYun_Merops_Gossip6	1
1500426	STR_CHAT_IDYun_Merops_Gossip7	1
1500427	STR_CHAT_IDYun_Merops_Gossip8	1
1500428	STR_CHAT_IDYun_Merops_Gossip9	1
1500397	STR_CHAT_IDYun_Nishaka_EnterAttackState	1
1500401	STR_CHAT_IDYun_Nishaka_OnDie	1
1500398	STR_CHAT_IDYun_Nishaka_UseSkill1	1
1500399	STR_CHAT_IDYun_Nishaka_UseSkill2	1
1500400	STR_CHAT_IDYun_Nishaka_UseSkill3	1
1501278	STR_CHAT_IDYun_RastaEvent_Gossip_01	1
1500392	STR_CHAT_IDYun_Rasta_FallOff_UseSkill1	1
1500390	STR_CHAT_IDYun_Rasta_OnDie	2
1500389	STR_CHAT_IDYun_Rasta_UseSkill1	8
1500385	STR_CHAT_IDYun_Tarotran_EnterAttackState	1
1500387	STR_CHAT_IDYun_Tarotran_OnDie	1
1500386	STR_CHAT_IDYun_Tarotran_UseSkill1	3
1500406	STR_CHAT_IDYun_Vasharti_EnterAttackState	2
1500402	STR_CHAT_IDYun_Vasharti_Gossip1	1
1500403	STR_CHAT_IDYun_Vasharti_Gossip2	1
1500404	STR_CHAT_IDYun_Vasharti_Gossip3	1
1500405	STR_CHAT_IDYun_Vasharti_Gossip4	2
1500410	STR_CHAT_IDYun_Vasharti_OnDie	2
1401493	STR_CHAT_INVADEPORTL_KEEPER_SYSTEM_MSG01	4
1401494	STR_CHAT_INVADEPORTL_KEEPER_SYSTEM_MSG02	4
1401495	STR_CHAT_INVADEPORTL_KEEPER_SYSTEM_MSG03	4
342270	STR_CHAT_Judge_05	1
1500162	STR_CHAT_Judge_Patterns_01	1
1500163	STR_CHAT_Judge_Patterns_02	1
1500164	STR_CHAT_Judge_Patterns_03	1
1500165	STR_CHAT_Judge_Patterns_04	2
1500166	STR_CHAT_Judge_Patterns_05	2
1500167	STR_CHAT_Judge_Patterns_06	2
1500168	STR_CHAT_Judge_Patterns_07	2
1500169	STR_CHAT_Judge_Patterns_08	2
1500170	STR_CHAT_Judge_Patterns_09	3
342460	STR_CHAT_Jusin_01	16
340326	STR_CHAT_Krall_AeA_1_KATK3_b	5
340324	STR_CHAT_Krall_AnA_1_KATK3_b	4
340342	STR_CHAT_Krall_FEA_1_KATK5_b	1
1501418	STR_CHAT_LDF3_GrandRVR_AtkBoss_01	6
1501420	STR_CHAT_LDF3_GrandRVR_AtkBoss_02	6
1501417	STR_CHAT_LDF3_GrandRVR_DefBoss_01	6
1501419	STR_CHAT_LDF3_GrandRVR_DefBoss_02	6
1501467	STR_CHAT_LDF3_GrandRVR_DefBoss_03	6
1500336	STR_CHAT_LDF4A_UnarmedFighter_Gossip1	2
1500337	STR_CHAT_LDF4A_UnarmedFighter_Gossip2	1
1500330	STR_CHAT_LDF4a_AncientClan_Ghost_Gossip1	1
1500331	STR_CHAT_LDF4a_AncientClan_Ghost_Gossip2	1
1500332	STR_CHAT_LDF4a_AncientClan_Ghost_Gossip3	1
1500333	STR_CHAT_LDF4a_AncientClan_Ghost_Gossip4	1
1500334	STR_CHAT_LDF4a_AncientClan_Ghost_Gossip5	2
1500335	STR_CHAT_LDF4a_AncientClan_Ghost_Gossip6	2
1500345	STR_CHAT_LDF4a_BrohumF_Ranger_Gossip1	1
1500344	STR_CHAT_LDF4a_BrohumM_Fighter_Gossip1	1
1500341	STR_CHAT_LDF4a_BrohumYF_Ranger_Gossip1	2
1500342	STR_CHAT_LDF4a_BrohumYF_Ranger_Gossip2	2
1500343	STR_CHAT_LDF4a_BrohumYF_Ranger_Gossip3	1
1500339	STR_CHAT_LDF4a_BrohumYM_Fighter_Gossip1	1
1500340	STR_CHAT_LDF4a_BrohumYM_Fighter_Gossip2	1
1500291	STR_CHAT_LDF4a_Calydon_Fighter_Patriarch_Gossip1	1
1500360	STR_CHAT_LDF4a_Calydon_Fighter_Patriarch_Gossip10	1
1500292	STR_CHAT_LDF4a_Calydon_Fighter_Patriarch_Gossip2	1
1500293	STR_CHAT_LDF4a_Calydon_Fighter_Patriarch_Gossip3	1
1500294	STR_CHAT_LDF4a_Calydon_Fighter_Patriarch_Gossip4	1
1500295	STR_CHAT_LDF4a_Calydon_Fighter_Patriarch_Gossip5	1
1500296	STR_CHAT_LDF4a_Calydon_Fighter_Patriarch_Gossip6	2
1500297	STR_CHAT_LDF4a_Calydon_Fighter_Patriarch_Gossip7	1
1500298	STR_CHAT_LDF4a_Calydon_Fighter_Patriarch_Gossip8	1
1500299	STR_CHAT_LDF4a_Calydon_Fighter_Patriarch_Gossip9	1
1500313	STR_CHAT_LDF4a_Calydon_Gossip1	1
1500314	STR_CHAT_LDF4a_Calydon_Gossip2	1
1500315	STR_CHAT_LDF4a_Calydon_Gossip3	1
1500316	STR_CHAT_LDF4a_Calydon_Gossip4	1
1500318	STR_CHAT_LDF4a_Calydon_Gossip6	2
1500319	STR_CHAT_LDF4a_Calydon_Gossip7	2
1500338	STR_CHAT_LDF4a_DrakanWorker_Bomber_Gossip1	1
1500346	STR_CHAT_LDF4a_ElementalLightF_Gossip1	2
1500347	STR_CHAT_LDF4a_Elementalking_Gossip1	1
1500275	STR_CHAT_LDF4a_Lost_Guardian_Gossip1	1
1500276	STR_CHAT_LDF4a_Lost_Guardian_Gossip2	1
1500277	STR_CHAT_LDF4a_Lost_Guardian_Gossip3	1
1500278	STR_CHAT_LDF4a_Lost_Guardian_Gossip4	1
1500279	STR_CHAT_LDF4a_Lost_Guardian_Gossip5	1
1500280	STR_CHAT_LDF4a_Lost_Guardian_Gossip6	1
1500281	STR_CHAT_LDF4a_Lost_Guardian_Gossip7	1
1500282	STR_CHAT_LDF4a_Lost_Guardian_Gossip8	1
1500358	STR_CHAT_LDF4a_Lost_Guardian_Gossip9	1
1500320	STR_CHAT_LDF4a_Nepilim_Gossip1	1
1500321	STR_CHAT_LDF4a_Nepilim_Gossip2	2
1500322	STR_CHAT_LDF4a_Nepilim_Gossip3	1
1500323	STR_CHAT_LDF4a_Nepilim_Gossip4	2
1500324	STR_CHAT_LDF4a_Nepilim_Gossip5	1
1500325	STR_CHAT_LDF4a_Nepilim_Gossip6	1
1500326	STR_CHAT_LDF4a_Nepilim_Gossip7	1
1500510	STR_CHAT_LDF4a_Nepilim_Gossip8	1
1500508	STR_CHAT_LDF4a_Nepilim_Summon1	1
1500509	STR_CHAT_LDF4a_Nepilim_Summon2	1
1500308	STR_CHAT_LDF4a_Owllau_Gossip1	1
1500309	STR_CHAT_LDF4a_Owllau_Gossip2	1
1500310	STR_CHAT_LDF4a_Owllau_Gossip3	1
1500311	STR_CHAT_LDF4a_Owllau_Gossip4	1
1500312	STR_CHAT_LDF4a_Owllau_Gossip5	1
1500283	STR_CHAT_LDF4a_Owllau_Wizard_Chieftain_Gossip1	1
1500284	STR_CHAT_LDF4a_Owllau_Wizard_Chieftain_Gossip2	1
1500285	STR_CHAT_LDF4a_Owllau_Wizard_Chieftain_Gossip3	1
1500286	STR_CHAT_LDF4a_Owllau_Wizard_Chieftain_Gossip4	1
1500287	STR_CHAT_LDF4a_Owllau_Wizard_Chieftain_Gossip5	1
1500288	STR_CHAT_LDF4a_Owllau_Wizard_Chieftain_Gossip6	2
1500289	STR_CHAT_LDF4a_Owllau_Wizard_Chieftain_Gossip7	1
1500290	STR_CHAT_LDF4a_Owllau_Wizard_Chieftain_Gossip8	1
1500359	STR_CHAT_LDF4a_Owllau_Wizard_Chieftain_Gossip9	1
1500519	STR_CHAT_LDF4a_Public_ACT_1	1
1500520	STR_CHAT_LDF4a_Public_ACT_2	1
1500349	STR_CHAT_LDF4a_Public_Named_Lv1_Gossip1	1
1500350	STR_CHAT_LDF4a_Public_Named_Lv1_Gossip2	1
1500362	STR_CHAT_LDF4a_Public_Named_Lv1_Gossip3	1
1500351	STR_CHAT_LDF4a_Public_Named_Lv2_Gossip1	4
1500352	STR_CHAT_LDF4a_Public_Named_Lv2_Gossip2	4
1500363	STR_CHAT_LDF4a_Public_Named_Lv2_Gossip3	4
1500353	STR_CHAT_LDF4a_Public_Named_Lv3_Gossip1	3
1500354	STR_CHAT_LDF4a_Public_Named_Lv3_Gossip2	3
1500364	STR_CHAT_LDF4a_Public_Named_Lv3_Gossip3	3
1500355	STR_CHAT_LDF4a_Public_Named_Lv4_Gossip1	3
1500356	STR_CHAT_LDF4a_Public_Named_Lv4_Gossip2	3
1500365	STR_CHAT_LDF4a_Public_Named_Lv4_Gossip3	3
1500300	STR_CHAT_LDF4a_SandWarm_General_Gossip1	1
1500361	STR_CHAT_LDF4a_SandWarm_General_Gossip10	1
1500301	STR_CHAT_LDF4a_SandWarm_General_Gossip2	1
1500302	STR_CHAT_LDF4a_SandWarm_General_Gossip3	1
1500303	STR_CHAT_LDF4a_SandWarm_General_Gossip5	1
1500304	STR_CHAT_LDF4a_SandWarm_General_Gossip6	1
1500305	STR_CHAT_LDF4a_SandWarm_General_Gossip7	1
1500306	STR_CHAT_LDF4a_SandWarm_General_Gossip9	1
1500266	STR_CHAT_LDF4a_SandWarm_Monarch_Gossip1	1
1500357	STR_CHAT_LDF4a_SandWarm_Monarch_Gossip10	1
1500267	STR_CHAT_LDF4a_SandWarm_Monarch_Gossip2	1
1500268	STR_CHAT_LDF4a_SandWarm_Monarch_Gossip3	1
1500270	STR_CHAT_LDF4a_SandWarm_Monarch_Gossip5	1
1500271	STR_CHAT_LDF4a_SandWarm_Monarch_Gossip6	1
1500274	STR_CHAT_LDF4a_SandWarm_Monarch_Gossip9	1
1500307	STR_CHAT_LDF4a_SandWarm_Monarch_Summon_1_Gossip1	1
1500348	STR_CHAT_LDF4a_ShulackAssassin_Nmd_Gossip1	1
1500327	STR_CHAT_LDF4a_Tuca_Gossip1	1
1500328	STR_CHAT_LDF4a_Tuca_Gossip2	1
1500329	STR_CHAT_LDF4a_Tuca_Gossip3	1
1500373	STR_CHAT_LDF4a_intro_D2	1
1500504	STR_CHAT_LDF4b_CrystalPrime_EnterAttackState	1
1500507	STR_CHAT_LDF4b_CrystalPrime_OnDie	1
1500505	STR_CHAT_LDF4b_CrystalPrime_UseSkill1	1
1500506	STR_CHAT_LDF4b_CrystalPrime_UseSkill2	1
390624	STR_CHAT_LDF4b_Elder_Y_01_Idle_S	1
390625	STR_CHAT_LDF4b_Elder_Y_02_Idle_S	1
390626	STR_CHAT_LDF4b_Elder_Y_03_Idle_S	1
390627	STR_CHAT_LDF4b_Elder_Y_04_Idle_S	1
390628	STR_CHAT_LDF4b_Elder_Y_05_Idle_S	1
390629	STR_CHAT_LDF4b_Elder_Y_06_Idle_S	1
390630	STR_CHAT_LDF4b_Elder_Y_07_Idle_S	1
390631	STR_CHAT_LDF4b_Elder_Y_08_Idle_S	1
1500499	STR_CHAT_LDF4b_GoldenTatar_EnterAttackState	2
1500503	STR_CHAT_LDF4b_GoldenTatar_OnDie	2
1500500	STR_CHAT_LDF4b_GoldenTatar_UseSkill1	2
1500501	STR_CHAT_LDF4b_GoldenTatar_UseSkill2	6
1500502	STR_CHAT_LDF4b_GoldenTatar_UseSkill3	1
1500487	STR_CHAT_LDF4b_TiamatAvatar_Crack_EnterAttackState	1
1500489	STR_CHAT_LDF4b_TiamatAvatar_Crack_OnDie	1
1500488	STR_CHAT_LDF4b_TiamatAvatar_Crack_UseSkill1	1
1500496	STR_CHAT_LDF4b_TiamatAvatar_Crystal_EnterAttackState	1
1500498	STR_CHAT_LDF4b_TiamatAvatar_Crystal_OnDie	1
1500497	STR_CHAT_LDF4b_TiamatAvatar_Crystal_UseSkill1	1
1500493	STR_CHAT_LDF4b_TiamatAvatar_Fury_EnterAttackState	1
1500495	STR_CHAT_LDF4b_TiamatAvatar_Fury_OnDie	1
1500494	STR_CHAT_LDF4b_TiamatAvatar_Fury_UseSkill1	1
1500490	STR_CHAT_LDF4b_TiamatAvatar_Gravity_EnterAttackState	1
1500492	STR_CHAT_LDF4b_TiamatAvatar_Gravity_OnDie	1
1500491	STR_CHAT_LDF4b_TiamatAvatar_Gravity_UseSkill1	1
340265	STR_CHAT_LF1A_B_BrownieMWo_13_An_Flee	2
340023	STR_CHAT_LF1KA_KrallFighter_2_Batk_S	1
340017	STR_CHAT_LF1KA_KrallKnight_HELPCAll	4
340016	STR_CHAT_LF1KA_WaBrownie_1_Batk_S	2
340033	STR_CHAT_LF1TM_KrallKnight_1_Batk_S	1
390309	STR_CHAT_LF1_D1_EnemyDie_S	1
340037	STR_CHAT_LF1_TKrallKeeperCh_2_Batk_S	2
340281	STR_CHAT_LF1a_TkrallKuraka_ResetHate1_B	2
340279	STR_CHAT_LF1a_TkrallKuraka_Sleep1_B	2
340280	STR_CHAT_LF1a_TkrallKuraka_Sleep2_B	1
342218	STR_CHAT_LF4RaidsumA	1
342219	STR_CHAT_LF4RaidsumB	1
342220	STR_CHAT_LF4RaidsumC	1
342221	STR_CHAT_LF4RaidsumD	1
342222	STR_CHAT_LF4RaidsumE	1
1500176	STR_CHAT_LF4_Raid_Nr_Patterns_01	1
390573	STR_CHAT_LF4b_Redina_01_Atk_S	1
390574	STR_CHAT_LF4b_Redina_02_Atk_S	1
390575	STR_CHAT_LF4b_Redina_03_Atk_S	1
390576	STR_CHAT_LF4b_Redina_04_Atk_S	1
349776	STR_CHAT_LF5_Quest_Nmd_Fi_HpDrain_01	1
349777	STR_CHAT_LF5_Quest_Nmd_Fi_HpDrain_02	2
349778	STR_CHAT_LF5_Quest_Nmd_Fi_HpDrain_03	2
349779	STR_CHAT_LF5_Quest_Nmd_Fi_HpDrain_04	2
349780	STR_CHAT_LF5_Quest_Nmd_Fi_HpDrain_05	2
349781	STR_CHAT_LF5_Quest_Nmd_Fi_HpDrain_06	2
349782	STR_CHAT_LF5_Quest_Nmd_Oritsa_Fi	2
340124	STR_CHAT_Lehpar_FleeHelpcall	3
341512	STR_CHAT_Lizardman_PeD_1_Katk9_b	1
340293	STR_CHAT_Lycan_FEB_1_KATK3_b	1
340320	STR_CHAT_Lycan_FEB_6_attack	2
340286	STR_CHAT_Lycan_FNA_1_KATK1_b	1
340314	STR_CHAT_Lycan_HEA_1_direction	3
340305	STR_CHAT_Lycan_HEB_1_KATK4_b	3
340317	STR_CHAT_Lycan_HEB_1_KATK6_b	23
340313	STR_CHAT_Lycan_HNA_1_direction	1
340316	STR_CHAT_Lycan_KeA_3_statup	4
340421	STR_CHAT_NBrownie_FNC_2_attack	2
340422	STR_CHAT_NBrownie_FNC_4_attack	2
340423	STR_CHAT_NBrownie_FNC_5_attack	2
340424	STR_CHAT_NBrownie_RNC_1_attack	1
340397	STR_CHAT_ND2_ANJ_1_helpcall	4
340399	STR_CHAT_ND2_FNH_1_b_attack	1
340400	STR_CHAT_ND2_FNH_1_e_attack	1
340401	STR_CHAT_ND2_FNH_1_h_attack	1
340402	STR_CHAT_ND2_FNR_1_flee	1
340403	STR_CHAT_ND2_PNC_1_attack	2
340410	STR_CHAT_NKrall_AEA_2_attack	2
340487	STR_CHAT_NKrall_AeC_1_katk3_b	2
340407	STR_CHAT_NKrall_FEB_3_help	2
340404	STR_CHAT_NKrall_F_2_attack	1
340463	STR_CHAT_NKrall_FeB_1_katk1_b	2
340409	STR_CHAT_NKrall_KEA_2_help	1
340408	STR_CHAT_NKrall_K_3_attack	2
340470	STR_CHAT_NKrall_KeB_1_katk5_b	1
340471	STR_CHAT_NKrall_KeB_1_katk6_b	2
340472	STR_CHAT_NKrall_KeC_1_katk2_b	2
340419	STR_CHAT_NKrall_PEA_1_attack	2
340420	STR_CHAT_NKrall_PEB_4_attack	2
340411	STR_CHAT_NKrall_REA_2_attack	4
340412	STR_CHAT_NKrall_REA_3_attack	3
340413	STR_CHAT_NKrall_REA_4_attack	1
340414	STR_CHAT_NKrall_REB_4_attack	4
340415	STR_CHAT_NKrall_REC_4_attack	2
340417	STR_CHAT_NKrall_WEB_2_attack	4
340418	STR_CHAT_NKrall_WEB_3_attack	4
340416	STR_CHAT_NKrall_W_1_help	5
340376	STR_CHAT_NLehpar_AEA_4_flee	4
340373	STR_CHAT_NLehpar_ANA_C1_2_flee	1
340374	STR_CHAT_NLehpar_ANA_C2_2_flee	1
340375	STR_CHAT_NLehpar_ANC_4_flee	10
340372	STR_CHAT_NLehpar_A_2_attack	2
340363	STR_CHAT_NLehpar_BAS_1_attack	1
340367	STR_CHAT_NLehpar_FEA_2_flee	4
340365	STR_CHAT_NLehpar_FNA_2_flee	8
340366	STR_CHAT_NLehpar_FNB_2_flee	1
340382	STR_CHAT_NLehpar_KEA_2_attack	1
340384	STR_CHAT_NLehpar_KEA_5_flee	1
340378	STR_CHAT_NLehpar_KNA_1_direction	4
340379	STR_CHAT_NLehpar_KNA_2_direction	1
340381	STR_CHAT_NLehpar_KNA_4_flee	1
340369	STR_CHAT_NLehpar_LNA_2_attack	1
340368	STR_CHAT_NLehpar_LNA_2_direction	3
340370	STR_CHAT_NLehpar_LNA_2_flee	1
340394	STR_CHAT_NLehpar_P_8_attack	2
340391	STR_CHAT_NLehpar_WEA_6_direction	1
340392	STR_CHAT_NLehpar_WEA_7_flee	4
340393	STR_CHAT_NLehpar_WEA_8_flee	1
340389	STR_CHAT_NLehpar_WNA_7_attack	7
340385	STR_CHAT_NLehpar_W_1_attack	3
340386	STR_CHAT_NLehpar_W_2_direction	2
340581	STR_CHAT_NM_LycanKeA_Pattern1	1
340569	STR_CHAT_NM_LycanshamanCH_Pattern1	2
340571	STR_CHAT_NM_LycanshamanCH_Pattern2	1
340572	STR_CHAT_NM_LycanshamanCH_Pattern3	1
340580	STR_CHAT_NM_LycanshamanCH_Pattern8	1
340582	STR_CHAT_NM_RatmanFec_Pattern1	2
1500178	STR_CHAT_NPC_Robstin_Patterns_01	1
340927	STR_CHAT_QuarterMaster_AIPAttern_1	13
341119	STR_CHAT_QuarterMaster_AIPAttern_2	12
341120	STR_CHAT_QuarterMaster_AIPAttern_3	12
340283	STR_CHAT_Ratman_FNR_1_KATK2_b	1
1500752	STR_CHAT_Rune_Die_Gossip	2
1500740	STR_CHAT_Rune_Enter_02_Gossip	3
1500741	STR_CHAT_Rune_Enter_03_Gossip	3
1500742	STR_CHAT_Rune_Enter_04_Gossip	3
1500751	STR_CHAT_Rune_Enter_05_2_Gossip	2
1500743	STR_CHAT_Rune_Enter_05_Gossip	2
343493	STR_CHAT_Rune_ImitaionSay_02	1
1500746	STR_CHAT_Rune_ImitaionSay_03_Gossip	3
343495	STR_CHAT_Rune_ImitaionSay_04	1
343496	STR_CHAT_Rune_ImitaionSay_05	1
348679	STR_CHAT_Rune_Imitaion_FakeSay_01_Gossip	1
348680	STR_CHAT_Rune_Imitaion_FakeSay_02_Gossip	1
348681	STR_CHAT_Rune_Imitaion_FakeSay_03_Gossip	1
348683	STR_CHAT_Rune_Imitaion_FakeSay_Start	1
348676	STR_CHAT_Rune_Imitaion_RealSay_01_Gossip	3
348677	STR_CHAT_Rune_Imitaion_RealSay_02_Gossip	3
348678	STR_CHAT_Rune_Imitaion_RealSay_03_Gossip	3
348682	STR_CHAT_Rune_Imitaion_RealSay_Start	3
343624	STR_CHAT_Rune_SpawnOrder_01	9
1500739	STR_CHAT_Rune_UserAllKill_01_Gossip	14
342352	STR_CHAT_S2_Saam1_01	2
342353	STR_CHAT_S2_Saam1_02	2
342357	STR_CHAT_S3_Elemeltal_Air_55_Ah_01	1
1500247	STR_CHAT_S3_Elemeltal_CTRL_01	1
1500250	STR_CHAT_S3_Elemeltal_CTRL_04	1
1500251	STR_CHAT_S3_Elemeltal_CTRL_05	1
342354	STR_CHAT_S3_Elemeltal_Earth_55_Ah_01	1
342356	STR_CHAT_S3_Elemeltal_Fire_55_Ah_01	1
342355	STR_CHAT_S3_Elemeltal_Water_55_Ah	1
1500252	STR_CHAT_S4_Draky_CTRL_01	1
1500253	STR_CHAT_S4_Draky_CTRL_02	1
1500255	STR_CHAT_S4_Draky_CTRL_04	1
1500256	STR_CHAT_S6_Ghost_55_Ah_01	1
1500257	STR_CHAT_S6_Ghost_55_Ah_02	2
1500258	STR_CHAT_S6_Ghost_55_Ah_03	1
1500259	STR_CHAT_S6_Ghost_55_Ah_04	1
1500584	STR_CHAT_ShulackNM_00	1
1500585	STR_CHAT_ShulackNM_01	2
1500586	STR_CHAT_ShulackNM_02	1
1500587	STR_CHAT_ShulackNM_03	1
1500588	STR_CHAT_ShulackNM_04	1
1500589	STR_CHAT_ShulackNM_05	1
342308	STR_CHAT_ShulackNM_06	2
341930	STR_CHAT_ShulackShip_ShugoRun_AIPattern_1	4
341931	STR_CHAT_ShulackShip_ShugoRun_AIPattern_2	4
341932	STR_CHAT_ShulackShip_ShugoRun_AIPattern_3	4
1500380	STR_CHAT_Station_DoorCtrl_Evileye	5
1500376	STR_CHAT_Station_DrakanNM_01	3
1500377	STR_CHAT_Station_DrakanNM_02	4
1500378	STR_CHAT_Station_DrakanNM_03	1
1500836	STR_CHAT_TR_Drakan_As_Broad_01	6
1500837	STR_CHAT_TR_Drakan_As_Broad_02	6
1500838	STR_CHAT_TR_Drakan_As_Broad_03	1
1500839	STR_CHAT_TR_Drakan_As_Broad_04	1
1500840	STR_CHAT_TR_Lizard_Broad_01	2
1500841	STR_CHAT_TR_Lizard_Broad_02	2
1500842	STR_CHAT_TR_Lizard_Broad_03	2
1500843	STR_CHAT_TR_Lizard_Broad_04	2
1501372	STR_CHAT_Teo_Boss_Gossip_01	2
1501368	STR_CHAT_Teo_Pot_Gossip_01	3
1501369	STR_CHAT_Teo_Pot_Gossip_02	2
1501370	STR_CHAT_Teo_Pot_Gossip_03	2
341558	STR_CHAT_TestAI10_AIPattern_1___t	1
1500151	STR_CHAT_Torture_Patterns_01	1
1500152	STR_CHAT_Torture_Patterns_02	1
1500153	STR_CHAT_Torture_Patterns_03	2
342737	STR_CHAT_Vritra_Answer	1
342739	STR_CHAT_Vritra_SummonSpwanOrder	8
1500156	STR_CHAT_Wife_Patterns_01	1
1500157	STR_CHAT_Wife_Patterns_02	3
1500158	STR_CHAT_Wife_Patterns_03	6
1501363	STR_CHAT_event_koschei_Despawn_Gossip	3
1501364	STR_CHAT_event_koschei_Spawn_Gossip	3
344099	STR_CHAT_rvrboss_Dark_01	1
344100	STR_CHAT_rvrboss_Dark_02	3
344101	STR_CHAT_rvrboss_Dark_03	1
344102	STR_CHAT_rvrboss_Dark_04	1
344095	STR_CHAT_rvrboss_light_01	1
344096	STR_CHAT_rvrboss_light_02	3
344097	STR_CHAT_rvrboss_light_03	1
344098	STR_CHAT_rvrboss_light_04	1
349942	STR_Chat_Raksha_Solo_boss_Skill_01	1
349946	STR_Chat_lf5_Item24_01	1
349947	STR_Chat_lf5_Item24_02	8
349948	STR_Chat_lf5_Item24_03	1
342081	STR_DF4_CellatuFrog_Ah_Gossip_01	1
342082	STR_DF4_CellatuFrog_Ah_Gossip_02	1
342075	STR_DF4_Gateway_Da_Guard_Boss_AL_Gossip_01	1
342076	STR_DF4_Gateway_Da_Guard_Boss_AL_Gossip_02	1
342077	STR_DF4_Gateway_Da_Guard_Boss_AL_Gossip_03	1
342088	STR_DF4_OwllauAssassin_Ae_Gossip_01	1
342085	STR_DF4_OwllauPriest_Ae_Gossip_01	1
342086	STR_DF4_OwllauPriest_Ae_Gossip_02	1
342087	STR_DF4_OwllauPriest_Ae_Gossip_03	2
342089	STR_DF4_OwllauWizard_Ae_Gossip_01	1
342083	STR_DF4_Owllaufighter_Ae_Gossip_01	2
342084	STR_DF4_Owllaufighter_Ae_Gossip_02	2
342078	STR_DF4_Owllaunamed_Ah_Gossip_01	4
342079	STR_DF4_Owllaunamed_Ah_Gossip_02	2
342080	STR_DF4_Owllaunamed_Ah_Gossip_03	1
342069	STR_DF4_Raid_Gossip_04	1
342070	STR_DF4_Raid_Gossip_05	1
1403204	STR_DF6_Event_G1_Defence_Failed	3
1403226	STR_DF6_Event_G1_Wave_Start_01	1
1403216	STR_DF6_Event_G2_Start_01	10
1403218	STR_DF6_Event_G2_Start_03	20
1403238	STR_F6_Eternal_Fly_A_01	1
1403239	STR_F6_Eternal_Fly_A_02	2
1403243	STR_F6_Eternal_Fly_B_01	1
1403244	STR_F6_Eternal_Fly_B_02	2
2326006	STR_F6_Raid_SumAttOrder_Dark02	2
2326005	STR_F6_Raid_SumAttOrder_Light01	2
2309614	STR_F6_Raid_Tansfer_end	8
1402547	STR_Gab1_ARTIFACT_CASTING	8
342108	STR_IDCT_Boss_LichKing_03	1
342094	STR_IDCT_Boss_StatueDrakan_system_01	2
342050	STR_IDCatacombs_Boss_Archpriest_DeadlyAttack	2
342048	STR_IDCatacombs_Boss_Archpriest_EnterAttackState	1
342053	STR_IDCatacombs_Boss_Archpriest_LeaveAttackState	1
342052	STR_IDCatacombs_Boss_Archpriest_onDie	1
342033	STR_IDCatacombs_Boss_BomberDrakan_Gossip_01	1
342027	STR_IDCatacombs_Boss_DeathKnight_Gossip_01	1
342028	STR_IDCatacombs_Boss_DeathKnight_Gossip_02	1
342029	STR_IDCatacombs_Boss_DeathKnight_Gossip_03	1
342043	STR_IDCatacombs_Boss_DeathKnight_Taros	1
342022	STR_IDCatacombs_Boss_Shulack_Knight_Gossip_01	1
342023	STR_IDCatacombs_Boss_Shulack_Knight_Gossip_02	1
342024	STR_IDCatacombs_Boss_Shulack_Knight_Gossip_03	1
342032	STR_IDCatacombs_Boss_Shulack_Mage_Gossip_01	1
342042	STR_IDCatacombs_Boss_Shulack_Rufukin	1
342030	STR_IDCatacombs_Boss_Spectre_Gossip_01	1
342025	STR_IDCatacombs_Boss_TombDrakan_Gossip_01	1
1401586	STR_IDEVENT01_PHASE	1
1401607	STR_IDEVENT01_PHASE02	1
1401664	STR_IDEVENT01_PHASE03	1
1401665	STR_IDEVENT01_PHASE04	1
1401666	STR_IDEVENT01_PHASE05	1
1401667	STR_IDEVENT01_PHASE06	1
1401668	STR_IDEVENT01_PHASE07	1
1401669	STR_IDEVENT01_PHASE08	1
1401670	STR_IDEVENT01_PHASE09	1
1401671	STR_IDEVENT01_PHASE10	1
1403236	STR_IDEternity_01_Artifact_Countdown	1
1403212	STR_IDEternity_01_Artifact_Turn	1
1403214	STR_IDEternity_01_Artifact_Turn_Off	2
1403237	STR_IDEternity_01_Cannon	1
1403235	STR_IDEternity_01_Road_Set	1
1403210	STR_IDEternity_01_Shield	1
1403211	STR_IDEternity_01_Shield_Remove	4
1403529	STR_IDEternity_02_Boss_Die_MSG_01	2
1403530	STR_IDEternity_02_Boss_Die_MSG_02	2
1403533	STR_IDEternity_02_Boss_MSG_01	1
1403501	STR_IDEternity_02_SYSTEM_MSG_01	2
1403502	STR_IDEternity_02_SYSTEM_MSG_02	2
1403503	STR_IDEternity_02_SYSTEM_MSG_03	2
1403504	STR_IDEternity_02_SYSTEM_MSG_04	2
1403505	STR_IDEternity_02_SYSTEM_MSG_05	1
1403507	STR_IDEternity_02_SYSTEM_MSG_07	1
1403508	STR_IDEternity_02_SYSTEM_MSG_08	1
1403509	STR_IDEternity_02_SYSTEM_MSG_09	1
1403510	STR_IDEternity_02_SYSTEM_MSG_10	1
1403511	STR_IDEternity_02_SYSTEM_MSG_11	1
1403512	STR_IDEternity_02_SYSTEM_MSG_12	1
1403513	STR_IDEternity_02_SYSTEM_MSG_13	1
1403514	STR_IDEternity_02_SYSTEM_MSG_14	1
1403515	STR_IDEternity_02_SYSTEM_MSG_15	1
1403516	STR_IDEternity_02_SYSTEM_MSG_16	1
1403517	STR_IDEternity_02_SYSTEM_MSG_17	1
1403518	STR_IDEternity_02_SYSTEM_MSG_18	1
1403519	STR_IDEternity_02_SYSTEM_MSG_19	1
1403520	STR_IDEternity_02_SYSTEM_MSG_20	1
1403521	STR_IDEternity_02_SYSTEM_MSG_21	1
1403522	STR_IDEternity_02_SYSTEM_MSG_22	1
1403523	STR_IDEternity_02_SYSTEM_MSG_23	1
1403525	STR_IDEternity_02_SYSTEM_MSG_25	1
1403526	STR_IDEternity_02_SYSTEM_MSG_26	5
1403528	STR_IDEternity_02_SYSTEM_MSG_28	1
1403542	STR_IDEternity_02_SYSTEM_MSG_29	1
1403545	STR_IDEternity_02_SYSTEM_MSG_32	1
1403547	STR_IDEternity_02_SYSTEM_MSG_34	2
1403548	STR_IDEternity_02_SYSTEM_MSG_35	2
1403552	STR_IDEternity_02_SYSTEM_MSG_36	2
1403606	STR_IDEternity_02_SYSTEM_MSG_41	1
1404530	STR_IDEvent_Wave_01_Edu_03	1
1404531	STR_IDEvent_Wave_01_Edu_04	3
1404532	STR_IDEvent_Wave_01_Edu_05	1
1404533	STR_IDEvent_Wave_01_Edu_06	1
1404508	STR_IDEvent_Wave_01_End	1
1404504	STR_IDEvent_Wave_01_Start	1
1404509	STR_IDEvent_Wave_02_End	1
1404505	STR_IDEvent_Wave_02_Start	1
1404510	STR_IDEvent_Wave_03_End	1
1404506	STR_IDEvent_Wave_03_Start	1
1404511	STR_IDEvent_Wave_04_End	1
1404507	STR_IDEvent_Wave_04_Start	2
346356	STR_IDF5_U1_War_Vri_PVPNamed	1
468195	STR_IDLDF5Under02War_dummy_01	5
468196	STR_IDLDF5Under02War_dummy_02	1
468197	STR_IDLDF5Under02War_dummy_03	4
468198	STR_IDLDF5Under02War_dummy_04	1
468199	STR_IDLDF5Under02War_dummy_05	1
1403655	STR_IDLUNA_DEF_PHASE_001	3
1403656	STR_IDLUNA_DEF_PHASE_002	3
1403657	STR_IDLUNA_DEF_PHASE_003	3
1403658	STR_IDLUNA_DEF_PHASE_004	3
1403659	STR_IDLUNA_DEF_PHASE_005	3
1403660	STR_IDLUNA_DEF_PHASE_006	3
1403661	STR_IDLUNA_DEF_PHASE_007	3
1403662	STR_IDLUNA_DEF_PHASE_008	1
1403609	STR_IDLUNA_DEF_SYSTEM_MSG_01	1
1403610	STR_IDLUNA_DEF_SYSTEM_MSG_02	1
1404566	STR_IDRUN_STAGE2_NOTICE	1
349934	STR_IDRaksha_Solo_TombTalk_01	12
2327900	STR_IDSweep_Betrayer_say01	3
2327901	STR_IDSweep_Betrayer_say02	3
1404447	STR_IDSweep_Betrey_01	1
1404448	STR_IDSweep_Betrey_02	1
1404449	STR_IDSweep_Betrey_03	6
1404450	STR_IDSweep_Betrey_04	2
1404462	STR_IDSweep_Betrey_05	1
1404463	STR_IDSweep_Betrey_06	1
1404466	STR_IDSweep_Betrey_07	1
1404480	STR_IDSweep_Betrey_08	1
2327902	STR_IDSweep_Imagine01_say01	9
2327903	STR_IDSweep_Imagine01_say02	9
1402681	STR_IDSweep_Stage2_End	1
1402678	STR_IDSweep_Stage2_Phase01	1
1402679	STR_IDSweep_Stage2_Phase02	1
1402680	STR_IDSweep_Stage2_Phase03	1
1402743	STR_IDSweep_Stage2_Phase05	1
1401614	STR_IDTIAMAT_TIAMAT_REWARD_SPAWN	7
1401554	STR_IDTIAMAT_TIAMAT_SPAWN_BLACKHOLE	2
1401553	STR_IDTIAMAT_TIAMAT_WARNING_MSG	2
1404369	STR_IDTM_ArenaP_01_ADDTIME_01	1
1404370	STR_IDTM_ArenaP_01_ADDTIME_02	1
1404371	STR_IDTM_ArenaP_01_ADDTIME_03	1
1404372	STR_IDTM_ArenaP_01_ADDTIME_04	1
1401692	STR_LDF5b_6021_In_Door_01_Attack	1
1401693	STR_LDF5b_6021_In_Door_02_Attack	1
1401690	STR_LDF5b_6021_Out_Door_01_Despawn	1
1401691	STR_LDF5b_6021_Out_Door_02_Despawn	1
1401699	STR_LDF5b_6021_Wall_01_Damaged	1
1401700	STR_LDF5b_6021_Wall_01_Die	1
1401702	STR_LDF5b_6021_Wall_02_Damaged	1
1401703	STR_LDF5b_6021_Wall_02_Die	1
1401694	STR_LDF5b_6021_Water_Bomber_01	1
1401695	STR_LDF5b_6021_Water_Bomber_02	1
1401696	STR_LDF5b_6021_Water_Bomber_03	1
1401697	STR_LDF5b_6021_Water_Bomber_04	1
342072	STR_LF4_Gateway_Li_Guard_Boss_AL_Gossip_01	1
342073	STR_LF4_Gateway_Li_Guard_Boss_AL_Gossip_02	1
342074	STR_LF4_Gateway_Li_Guard_Boss_AL_Gossip_03	1
342055	STR_LF4_Raid_Gossip_02	1
342056	STR_LF4_Raid_Gossip_03	1
342057	STR_LF4_Raid_Gossip_04	1
342058	STR_LF4_Raid_Gossip_05	1
342063	STR_LF4_RaidsumD_Gossip_02	1
342065	STR_LF4_RaidsumE_Gossip_02	1
1403205	STR_LF6_Event_G1_Defence_Failed	3
1403227	STR_LF6_Event_G1_Wave_Start_01	1
1403219	STR_LF6_Event_G2_Start_01	10
1403221	STR_LF6_Event_G2_Start_03	20
1403825	STR_MSG_1131_Boss_Shield_Dispel	1
1403826	STR_MSG_1132_Boss_Shield_Dispel	1
1403827	STR_MSG_1141_Boss_Shield_Dispel	1
1403962	STR_MSG_1221_Boss_hide_Dispel	1
1403852	STR_MSG_1221_commander_01_Die_Da	1
1403858	STR_MSG_1221_commander_01_Die_Dr	1
1403846	STR_MSG_1221_commander_01_Die_Li	1
1403834	STR_MSG_1221_commander_01_Spawn_Da	1
1403840	STR_MSG_1221_commander_01_Spawn_Dr	1
1403828	STR_MSG_1221_commander_01_Spawn_Li	1
1403853	STR_MSG_1221_commander_02_Die_Da	1
1403859	STR_MSG_1221_commander_02_Die_Dr	1
1403847	STR_MSG_1221_commander_02_Die_Li	1
1403835	STR_MSG_1221_commander_02_Spawn_Da	1
1403841	STR_MSG_1221_commander_02_Spawn_Dr	1
1403829	STR_MSG_1221_commander_02_Spawn_Li	1
1403854	STR_MSG_1221_commander_03_Die_Da	1
1403860	STR_MSG_1221_commander_03_Die_Dr	1
1403848	STR_MSG_1221_commander_03_Die_Li	1
1403836	STR_MSG_1221_commander_03_Spawn_Da	1
1403842	STR_MSG_1221_commander_03_Spawn_Dr	1
1403830	STR_MSG_1221_commander_03_Spawn_Li	1
1403855	STR_MSG_1221_commander_04_Die_Da	1
1403861	STR_MSG_1221_commander_04_Die_Dr	1
1403849	STR_MSG_1221_commander_04_Die_Li	1
1403837	STR_MSG_1221_commander_04_Spawn_Da	1
1403843	STR_MSG_1221_commander_04_Spawn_Dr	1
1403831	STR_MSG_1221_commander_04_Spawn_Li	1
1403856	STR_MSG_1221_commander_05_Die_Da	1
1403862	STR_MSG_1221_commander_05_Die_Dr	1
1403850	STR_MSG_1221_commander_05_Die_Li	1
1403838	STR_MSG_1221_commander_05_Spawn_Da	1
1403844	STR_MSG_1221_commander_05_Spawn_Dr	1
1403832	STR_MSG_1221_commander_05_Spawn_Li	1
1403857	STR_MSG_1221_commander_06_Die_Da	1
1403863	STR_MSG_1221_commander_06_Die_Dr	1
1403851	STR_MSG_1221_commander_06_Die_Li	1
1403839	STR_MSG_1221_commander_06_Spawn_Da	1
1403845	STR_MSG_1221_commander_06_Spawn_Dr	1
1403833	STR_MSG_1221_commander_06_Spawn_Li	1
1403963	STR_MSG_1231_Boss_hide_Dispel	1
1403916	STR_MSG_1231_Dkisas_Position_100th_01_Da	2
1403908	STR_MSG_1231_Dkisas_Position_100th_01_Dr	2
1403912	STR_MSG_1231_Dkisas_Position_100th_01_Li	1
1403917	STR_MSG_1231_Dkisas_Position_100th_02_Da	3
1403909	STR_MSG_1231_Dkisas_Position_100th_02_Dr	2
1403913	STR_MSG_1231_Dkisas_Position_100th_02_Li	2
1403918	STR_MSG_1231_Dkisas_Position_100th_03_Da	2
1403910	STR_MSG_1231_Dkisas_Position_100th_03_Dr	2
1403914	STR_MSG_1231_Dkisas_Position_100th_03_Li	2
1403919	STR_MSG_1231_Dkisas_Position_100th_04_Da	2
1403911	STR_MSG_1231_Dkisas_Position_100th_04_Dr	2
1403915	STR_MSG_1231_Dkisas_Position_100th_04_Li	2
1403904	STR_MSG_1231_Dkisas_Position_50th_01_Da	2
1403900	STR_MSG_1231_Dkisas_Position_50th_01_Li	1
1403905	STR_MSG_1231_Dkisas_Position_50th_02_Da	3
1403901	STR_MSG_1231_Dkisas_Position_50th_02_Li	2
1403906	STR_MSG_1231_Dkisas_Position_50th_03_Da	2
1403902	STR_MSG_1231_Dkisas_Position_50th_03_Li	2
1403907	STR_MSG_1231_Dkisas_Position_50th_04_Da	2
1403903	STR_MSG_1231_Dkisas_Position_50th_04_Li	2
1403939	STR_MSG_1231_Dkisas_Position_Spawn_01_Da	1
1403943	STR_MSG_1231_Dkisas_Position_Spawn_01_Dr	1
1403935	STR_MSG_1231_Dkisas_Position_Spawn_01_Li	1
1403940	STR_MSG_1231_Dkisas_Position_Spawn_02_Da	1
1403944	STR_MSG_1231_Dkisas_Position_Spawn_02_Dr	1
1403936	STR_MSG_1231_Dkisas_Position_Spawn_02_Li	1
1403941	STR_MSG_1231_Dkisas_Position_Spawn_03_Da	1
1403945	STR_MSG_1231_Dkisas_Position_Spawn_03_Dr	1
1403937	STR_MSG_1231_Dkisas_Position_Spawn_03_Li	1
1403942	STR_MSG_1231_Dkisas_Position_Spawn_04_Da	1
1403946	STR_MSG_1231_Dkisas_Position_Spawn_04_Dr	1
1403938	STR_MSG_1231_Dkisas_Position_Spawn_04_Li	1
1403964	STR_MSG_1241_Boss_hide_Dispel	1
1403888	STR_MSG_1241_commander_01_Die_Da	1
1403894	STR_MSG_1241_commander_01_Die_Dr	1
1403882	STR_MSG_1241_commander_01_Die_Li	1
1403870	STR_MSG_1241_commander_01_Spawn_Da	1
1403876	STR_MSG_1241_commander_01_Spawn_Dr	1
1403864	STR_MSG_1241_commander_01_Spawn_Li	1
1403889	STR_MSG_1241_commander_02_Die_Da	1
1403895	STR_MSG_1241_commander_02_Die_Dr	1
1403883	STR_MSG_1241_commander_02_Die_Li	1
1403871	STR_MSG_1241_commander_02_Spawn_Da	1
1403877	STR_MSG_1241_commander_02_Spawn_Dr	1
1403865	STR_MSG_1241_commander_02_Spawn_Li	1
1403890	STR_MSG_1241_commander_03_Die_Da	1
1403896	STR_MSG_1241_commander_03_Die_Dr	1
1403884	STR_MSG_1241_commander_03_Die_Li	1
1403872	STR_MSG_1241_commander_03_Spawn_Da	1
1403878	STR_MSG_1241_commander_03_Spawn_Dr	1
1403866	STR_MSG_1241_commander_03_Spawn_Li	1
1403891	STR_MSG_1241_commander_04_Die_Da	1
1403897	STR_MSG_1241_commander_04_Die_Dr	1
1403885	STR_MSG_1241_commander_04_Die_Li	1
1403873	STR_MSG_1241_commander_04_Spawn_Da	1
1403867	STR_MSG_1241_commander_04_Spawn_Li	1
1403892	STR_MSG_1241_commander_05_Die_Da	1
1403898	STR_MSG_1241_commander_05_Die_Dr	1
1403886	STR_MSG_1241_commander_05_Die_Li	1
1403874	STR_MSG_1241_commander_05_Spawn_Da	1
1403880	STR_MSG_1241_commander_05_Spawn_Dr	1
1403868	STR_MSG_1241_commander_05_Spawn_Li	1
1403893	STR_MSG_1241_commander_06_Die_Da	1
1403899	STR_MSG_1241_commander_06_Die_Dr	1
1403887	STR_MSG_1241_commander_06_Die_Li	1
1403875	STR_MSG_1241_commander_06_Spawn_Da	1
1403881	STR_MSG_1241_commander_06_Spawn_Dr	2
1403869	STR_MSG_1241_commander_06_Spawn_Li	1
1402732	STR_MSG_AB1_BombAlarm	8
1402733	STR_MSG_AB1_BombExplosion	8
1402731	STR_MSG_AB1_BombNotice	8
1404048	STR_MSG_Ab1_BossNamed_SpawnAlarm_1221_01	2
1404047	STR_MSG_Ab1_BossNamed_SpawnAlarm_1221_03	2
1404046	STR_MSG_Ab1_BossNamed_SpawnAlarm_1221_05	2
1404051	STR_MSG_Ab1_BossNamed_SpawnAlarm_1231_01	2
1404050	STR_MSG_Ab1_BossNamed_SpawnAlarm_1231_03	2
1404049	STR_MSG_Ab1_BossNamed_SpawnAlarm_1231_05	2
1404054	STR_MSG_Ab1_BossNamed_SpawnAlarm_1241_01	2
1404053	STR_MSG_Ab1_BossNamed_SpawnAlarm_1241_03	2
1404052	STR_MSG_Ab1_BossNamed_SpawnAlarm_1241_05	2
1403142	STR_MSG_Ab1_Crotan_Named_Spawn_In	2
1403144	STR_MSG_Ab1_Dkisas_Named_Spawn_In	2
1403143	STR_MSG_Ab1_Lamiren_Named_Spawn_In	2
1403756	STR_MSG_Ab1_Named_Spawn_In_01	2
1403757	STR_MSG_Ab1_Named_Spawn_In_02	2
1403758	STR_MSG_Ab1_Named_Spawn_In_03	2
1403931	STR_MSG_Ab1_position_OBJ_Talked_01_Da	2
1403923	STR_MSG_Ab1_position_OBJ_Talked_01_Dr	2
1403927	STR_MSG_Ab1_position_OBJ_Talked_01_Li	2
1403932	STR_MSG_Ab1_position_OBJ_Talked_02_Da	2
1403924	STR_MSG_Ab1_position_OBJ_Talked_02_Dr	2
1403928	STR_MSG_Ab1_position_OBJ_Talked_02_Li	2
1403933	STR_MSG_Ab1_position_OBJ_Talked_03_Da	2
1403925	STR_MSG_Ab1_position_OBJ_Talked_03_Dr	2
1403929	STR_MSG_Ab1_position_OBJ_Talked_03_Li	2
1403934	STR_MSG_Ab1_position_OBJ_Talked_04_Da	2
1403926	STR_MSG_Ab1_position_OBJ_Talked_04_Dr	2
1403930	STR_MSG_Ab1_position_OBJ_Talked_04_Li	2
1403020	STR_MSG_Adma_T_Boss_Skill_01	5
1403032	STR_MSG_Adma_T_End_01	4
1403041	STR_MSG_Adma_T_End_02	2
1403014	STR_MSG_Adma_T_Run_01	4
1403015	STR_MSG_Adma_T_Run_02	1
1403017	STR_MSG_Adma_T_Run_04	1
1403018	STR_MSG_Adma_T_Run_05	1
1403019	STR_MSG_Adma_T_Run_06	1
1403038	STR_MSG_Adma_T_Start_01	1
1403059	STR_MSG_Adma_T_Start_02	1
1403060	STR_MSG_Adma_T_Start_03	1
1403031	STR_MSG_Adma_T_TimeAttack_01	4
1402505	STR_MSG_Anoha_DeSpawn	2
1402504	STR_MSG_Anoha_Die	3
1402503	STR_MSG_Anoha_Spawn	3
1402890	STR_MSG_BF4_Rotation_Buff_NPC_01	6
1402574	STR_MSG_BLDF5_Fortress_GuardianHead_65_Al_PD	1
1402575	STR_MSG_BLDF5_Fortress_GuardianHead_65_Al_Son	1
1400633	STR_MSG_BONUSNPC_SPAWN_IDDREADGION_02	1
1401417	STR_MSG_BONUSNPC_SPAWN_IDDREADGION_03	1
1401899	STR_MSG_BONUSNPC_SPAWN_IDDREADGION_04	1
1401419	STR_MSG_BOSSTELEPORTER_CREATED_IDDREADGION_03	6
1400652	STR_MSG_BOSSTELEPORTER_CREATED_IDDREDAGION_02	2
1400405	STR_MSG_BOSS_SPAWN_IDAB1_DREADGION	1
1400751	STR_MSG_BOSS_SPAWN_IDDF3_DRAGON	4
1400757	STR_MSG_BOSS_SPAWN_IDDF3_DRAGON_1	1
1400758	STR_MSG_BOSS_SPAWN_IDDF3_DRAGON_2	2
1400759	STR_MSG_BOSS_SPAWN_IDDF3_DRAGON_3	2
1400760	STR_MSG_BOSS_SPAWN_IDDF3_DRAGON_4	2
1400632	STR_MSG_BOSS_SPAWN_IDDREADGION_02	1
1401416	STR_MSG_BOSS_SPAWN_IDDREADGION_03	1
1401898	STR_MSG_BOSS_SPAWN_IDDREADGION_04	1
1401961	STR_MSG_BaseTake_1_IDLDF5_Under_01_War	2
1401991	STR_MSG_BaseTake_1_IDLDF5_Under_01_War_Dark	2
1402000	STR_MSG_BaseTake_1_IDLDF5_Under_01_War_Drakan	2
1401962	STR_MSG_BaseTake_2_IDLDF5_Under_01_War	2
1401992	STR_MSG_BaseTake_2_IDLDF5_Under_01_War_Dark	2
1402001	STR_MSG_BaseTake_2_IDLDF5_Under_01_War_Drakan	2
1401963	STR_MSG_BaseTake_3_IDLDF5_Under_01_War	2
1401993	STR_MSG_BaseTake_3_IDLDF5_Under_01_War_Dark	2
1402002	STR_MSG_BaseTake_3_IDLDF5_Under_01_War_Drakan	2
1401964	STR_MSG_BaseTake_4_IDLDF5_Under_01_War	2
1401994	STR_MSG_BaseTake_4_IDLDF5_Under_01_War_Dark	2
1402003	STR_MSG_BaseTake_4_IDLDF5_Under_01_War_Drakan	2
1403435	STR_MSG_BattleGround_Fotress_01_Da	1
1403428	STR_MSG_BattleGround_Fotress_01_Li	1
1403436	STR_MSG_BattleGround_Fotress_02_Da	1
1403429	STR_MSG_BattleGround_Fotress_02_Li	1
1403437	STR_MSG_BattleGround_Fotress_03_Da	1
1403438	STR_MSG_BattleGround_Fotress_03_Da_Batt_Alert	5
1403430	STR_MSG_BattleGround_Fotress_03_Li	1
1403431	STR_MSG_BattleGround_Fotress_03_Li_Batt_Alert	5
1403439	STR_MSG_BattleGround_Fotress_04_Da	1
1403432	STR_MSG_BattleGround_Fotress_04_Li	1
1403441	STR_MSG_BattleGround_Fotress_Win_Da	1
1403434	STR_MSG_BattleGround_Fotress_Win_Li	1
1403409	STR_MSG_BattleGround_Time_300	2
1403410	STR_MSG_BattleGround_Time_600	2
1403411	STR_MSG_BattleGround_Time_840	1
1403450	STR_MSG_BattleGround_Under_ShugoCh_Da	20
1403449	STR_MSG_BattleGround_Under_ShugoCh_Li	20
1403453	STR_MSG_BattleGround_Under_Shugo_Spawn_05	1
1403555	STR_MSG_BattleGround_Under_Shugo_talked	3
1403624	STR_MSG_BattleGround_Under_Soon	2
1403451	STR_MSG_BattleGround_Under_Start	4
1401292	STR_MSG_Calydon_Fighter_Patriarch_Skill_Penalty	1
1401291	STR_MSG_Calydon_Fighter_Patriarch_Skill_forAct	2
1400728	STR_MSG_DF4_DRAMATA_AWAKENING	1
1400712	STR_MSG_DF4_DRAMATA_GUARDIAN_FAIL	1
1400711	STR_MSG_DF4_DRAMATA_GUARDIAN_START	1
1400679	STR_MSG_DF4_DRAMATA_KILLED_OUT_TIMER_10M	1
1400687	STR_MSG_DF4_DRAMATA_KILLED_OUT_TIMER_10S	1
1400678	STR_MSG_DF4_DRAMATA_KILLED_OUT_TIMER_15M	1
1400686	STR_MSG_DF4_DRAMATA_KILLED_OUT_TIMER_15S	1
1400684	STR_MSG_DF4_DRAMATA_KILLED_OUT_TIMER_1M	1
1400677	STR_MSG_DF4_DRAMATA_KILLED_OUT_TIMER_20M	1
1400676	STR_MSG_DF4_DRAMATA_KILLED_OUT_TIMER_25M	1
1400683	STR_MSG_DF4_DRAMATA_KILLED_OUT_TIMER_2M	1
1400675	STR_MSG_DF4_DRAMATA_KILLED_OUT_TIMER_30M	1
1400685	STR_MSG_DF4_DRAMATA_KILLED_OUT_TIMER_30S	1
1400682	STR_MSG_DF4_DRAMATA_KILLED_OUT_TIMER_3M	1
1400681	STR_MSG_DF4_DRAMATA_KILLED_OUT_TIMER_4M	1
1400680	STR_MSG_DF4_DRAMATA_KILLED_OUT_TIMER_5M	1
1400688	STR_MSG_DF4_DRAMATA_KILLED_OUT_TIMER_5S	1
1400526	STR_MSG_DF4_DRAMATA_LAY_EGG	2
1400524	STR_MSG_DF4_DRAMATA_OUT_TIMER_0S	1
1400511	STR_MSG_DF4_DRAMATA_OUT_TIMER_10M	1
1400518	STR_MSG_DF4_DRAMATA_OUT_TIMER_10S	1
1400506	STR_MSG_DF4_DRAMATA_OUT_TIMER_120M	1
1400510	STR_MSG_DF4_DRAMATA_OUT_TIMER_15M	1
1400517	STR_MSG_DF4_DRAMATA_OUT_TIMER_15S	1
1400515	STR_MSG_DF4_DRAMATA_OUT_TIMER_1M	1
1400523	STR_MSG_DF4_DRAMATA_OUT_TIMER_1S	1
1400514	STR_MSG_DF4_DRAMATA_OUT_TIMER_2M	1
1400522	STR_MSG_DF4_DRAMATA_OUT_TIMER_2S	1
1400509	STR_MSG_DF4_DRAMATA_OUT_TIMER_30M	1
1400516	STR_MSG_DF4_DRAMATA_OUT_TIMER_30S	1
1400513	STR_MSG_DF4_DRAMATA_OUT_TIMER_3M	1
1400521	STR_MSG_DF4_DRAMATA_OUT_TIMER_3S	1
1400520	STR_MSG_DF4_DRAMATA_OUT_TIMER_4S	1
1400512	STR_MSG_DF4_DRAMATA_OUT_TIMER_5M	1
1400519	STR_MSG_DF4_DRAMATA_OUT_TIMER_5S	1
1400508	STR_MSG_DF4_DRAMATA_OUT_TIMER_60M	1
1400507	STR_MSG_DF4_DRAMATA_OUT_TIMER_90M	1
1400528	STR_MSG_DF4_DRAMATA_START_1	1
1400540	STR_MSG_DF4_DRAMATA_START_2	1
1400541	STR_MSG_DF4_DRAMATA_START_3	1
1400542	STR_MSG_DF4_DRAMATA_START_4	1
1400725	STR_MSG_DF4_DRAMATA_SUMMON_EARTH	6
1400726	STR_MSG_DF4_DRAMATA_SUMMON_POISON	6
1400533	STR_MSG_DF4_GODELITE_START_1	5
1400534	STR_MSG_DF4_GODELITE_START_2	4
1400535	STR_MSG_DF4_GODELITE_START_3	4
1400536	STR_MSG_DF4_GODELITE_START_4	4
1400610	STR_MSG_DF4_RaidShowTime_Phase1	1
1400611	STR_MSG_DF4_RaidShowTime_Phase2	1
1400612	STR_MSG_DF4_RaidShowTime_Phase3	1
1400613	STR_MSG_DF4_RaidShowTime_Phase4	1
1403151	STR_MSG_DF6_B2_G2_Spawn	1
1404081	STR_MSG_DF6_B2_G2_Spawn_Chat_MSG	1
1403150	STR_MSG_DF6_B_G2_Spawn	1
1404080	STR_MSG_DF6_B_G2_Spawn_Chat_MSG	1
1403152	STR_MSG_DF6_C_G2_Spawn	1
1404082	STR_MSG_DF6_C_G2_Spawn_Chat_MSG	1
1403153	STR_MSG_DF6_D_G2_Spawn	1
1404083	STR_MSG_DF6_D_G2_Spawn_Chat_MSG	1
1403154	STR_MSG_DF6_E_G2_Spawn	1
1404084	STR_MSG_DF6_E_G2_Spawn_Chat_MSG	1
1403367	STR_MSG_DF6_Evett_G1_Time_End_01	1
1403368	STR_MSG_DF6_Evett_G1_Time_End_02	1
1403369	STR_MSG_DF6_Evett_G1_Time_End_03	1
1403156	STR_MSG_DF6_F2_G2_Spawn	1
1404086	STR_MSG_DF6_F2_G2_Spawn_Chat_MSG	1
1403155	STR_MSG_DF6_F_G2_Spawn	1
1404085	STR_MSG_DF6_F_G2_Spawn_Chat_MSG	1
1403290	STR_MSG_DF6_G1_Boss_Spawn_01	3
1403178	STR_MSG_DF6_G1_Spawn_01	1
1403179	STR_MSG_DF6_G1_Spawn_02	1
1403180	STR_MSG_DF6_G1_Spawn_03	1
1403181	STR_MSG_DF6_G1_Spawn_04	1
1403170	STR_MSG_DF6_G1_Spawn_05	1
1403291	STR_MSG_DF6_G1_Windpath_Off_01	1
1403157	STR_MSG_DF6_G_G2_Spawn	1
1404087	STR_MSG_DF6_G_G2_Spawn_Chat_MSG	1
1403158	STR_MSG_DF6_H_G2_Spawn	1
1404088	STR_MSG_DF6_H_G2_Spawn_Chat_MSG	1
1403159	STR_MSG_DF6_I_G2_Spawn	1
1404089	STR_MSG_DF6_I_G2_Spawn_Chat_MSG	1
1404556	STR_MSG_DF6_Occupy_All_End_MSG	1
1404555	STR_MSG_DF6_Occupy_All_Start_MSG	1
1403803	STR_MSG_Dreadgion_01	6
1403777	STR_MSG_Dreadgion_Def_01	1
1403778	STR_MSG_Dreadgion_Def_02	1
1403779	STR_MSG_Dreadgion_Def_03	1
1403780	STR_MSG_Dreadgion_Def_04	1
1403781	STR_MSG_Dreadgion_Def_05	1
1403782	STR_MSG_Dreadgion_Def_06	1
1403783	STR_MSG_Dreadgion_Def_07	1
1403784	STR_MSG_Dreadgion_Def_08	1
1403785	STR_MSG_Dreadgion_Def_09	1
1403786	STR_MSG_Dreadgion_Def_10	1
1403787	STR_MSG_Dreadgion_Def_11	1
1403788	STR_MSG_Dreadgion_Def_12	1
1403711	STR_MSG_Dreadgion_Invasion_01	1
1403952	STR_MSG_Dreadgion_Invasion_02	1
1403953	STR_MSG_Dreadgion_Invasion_03	1
1403954	STR_MSG_Dreadgion_Invasion_04	1
1403955	STR_MSG_Dreadgion_Invasion_05	1
1403707	STR_MSG_Dreadgion_Raid_Spawn_02	1
1403712	STR_MSG_Dreadgion_Ship_01	1
1403958	STR_MSG_Dreadgion_Ship_02	1
1403956	STR_MSG_Dreadgion_Sub_Magic_01	1
1403957	STR_MSG_Dreadgion_Sub_Magic_02	1
1403974	STR_MSG_Dreadgion_Sub_Magic_03	1
1403708	STR_MSG_Dreadgion_Weapon_01	1
1403709	STR_MSG_Dreadgion_Weapon_02	1
1403776	STR_MSG_Dreadgion_Weapon_04	2
1403947	STR_MSG_Dreadgion_Weapon_05	1
1403948	STR_MSG_Dreadgion_Weapon_06	1
1403949	STR_MSG_Dreadgion_Weapon_07	1
1403950	STR_MSG_Dreadgion_Weapon_08	1
1403951	STR_MSG_Dreadgion_Weapon_09	1
1403975	STR_MSG_Dreadgion_Weapon_10	4
1403976	STR_MSG_Dreadgion_Weapon_11	4
1403373	STR_MSG_F6_Event_G1_Po_Time_Start_01	8
1404415	STR_MSG_F6_Event_High_MSG_01	1
1404416	STR_MSG_F6_Event_High_MSG_02	1
1404417	STR_MSG_F6_Event_High_MSG_03	1
1404418	STR_MSG_F6_Event_High_MSG_04	1
1404419	STR_MSG_F6_Event_High_MSG_05	1
1404420	STR_MSG_F6_Event_High_MSG_06	1
1404421	STR_MSG_F6_Event_High_MSG_07	1
1404422	STR_MSG_F6_Event_High_MSG_08	1
1404423	STR_MSG_F6_Event_High_MSG_09	1
1404424	STR_MSG_F6_Event_High_MSG_10	1
1404425	STR_MSG_F6_Event_High_MSG_11	1
1404426	STR_MSG_F6_Event_High_MSG_12	1
1404427	STR_MSG_F6_Event_High_MSG_13	2
1404428	STR_MSG_F6_Event_High_MSG_14	2
1404429	STR_MSG_F6_Event_High_MSG_15	2
1403271	STR_MSG_F6_Invasion_3rd_Bonus_01	8
1403272	STR_MSG_F6_Invasion_3rd_Bonus_02	8
1403273	STR_MSG_F6_Invasion_3rd_Bonus_03	8
1403274	STR_MSG_F6_Invasion_3rd_Bonus_04	8
1404206	STR_MSG_F6_Raid_ST_BossSpawn_MSG	4
1404207	STR_MSG_F6_Raid_ST_Dark_BossSpawn_MSG	4
1404162	STR_MSG_F6_Raid_Spawn_DF6_Attack_MSG	1
1404116	STR_MSG_F6_Raid_Spawn_End_MSG	2
1404161	STR_MSG_F6_Raid_Spawn_LF6_Attack_MSG	1
1404199	STR_MSG_F6_Raid_Spawn_Start_Dark_MSG	5
1404115	STR_MSG_F6_Raid_Spawn_Start_MSG	5
1404242	STR_MSG_F6_Raid_Start_DF6	1
1404241	STR_MSG_F6_Raid_Start_LF6	1
1404267	STR_MSG_F6_Raid_SumKill01_Dark	1
1404266	STR_MSG_F6_Raid_SumKill01_Light	1
1404268	STR_MSG_F6_Raid_SumKill02_Dark	1
1404271	STR_MSG_F6_Raid_SumKill02_Light	1
1404269	STR_MSG_F6_Raid_SumKill03_Dark	1
1404272	STR_MSG_F6_Raid_SumKill03_Light	1
1404270	STR_MSG_F6_Raid_SumKill04_Dark	1
1404273	STR_MSG_F6_Raid_SumKill04_Light	1
1404264	STR_MSG_F6_Raid_Sumatta01_Dark	1
1404263	STR_MSG_F6_Raid_Sumatta01_Light	1
1402367	STR_MSG_Fortress_Re_BossSpawn	1
1402368	STR_MSG_Fortress_Re_FrireSpawn_A	2
1402369	STR_MSG_Fortress_Re_FrireSpawn_B	2
1402252	STR_MSG_GAB1_SUB_ALARM_01	1
1402253	STR_MSG_GAB1_SUB_ALARM_02	1
1402254	STR_MSG_GAB1_SUB_ALARM_03	1
1402255	STR_MSG_GAB1_SUB_ALARM_04	1
1402256	STR_MSG_GAB1_SUB_ALARM_05	1
1402257	STR_MSG_GAB1_SUB_ALARM_06	1
1402586	STR_MSG_GAB1_SUB_ALARM_07	1
1402587	STR_MSG_GAB1_SUB_ALARM_08	1
1402637	STR_MSG_GAB1_SUB_ALARM_09	1
1402638	STR_MSG_GAB1_SUB_ALARM_10	1
1402639	STR_MSG_GAB1_SUB_ALARM_11	1
1402640	STR_MSG_GAB1_SUB_ALARM_12	1
1402641	STR_MSG_GAB1_SUB_ALARM_13	1
1402642	STR_MSG_GAB1_SUB_ALARM_14	1
1402266	STR_MSG_GAB1_SUB_PORTAL_DEST_69_ATTACKED	8
1402270	STR_MSG_GAB1_SUB_PORTAL_DEST_69_BROKEN	2
1402267	STR_MSG_GAB1_SUB_PORTAL_DEST_70_ATTACKED	8
1402271	STR_MSG_GAB1_SUB_PORTAL_DEST_70_BROKEN	2
1402268	STR_MSG_GAB1_SUB_PORTAL_DEST_71_ATTACKED	8
1402272	STR_MSG_GAB1_SUB_PORTAL_DEST_71_BROKEN	2
1402269	STR_MSG_GAB1_SUB_PORTAL_DEST_72_ATTACKED	8
1402273	STR_MSG_GAB1_SUB_PORTAL_DEST_72_BROKEN	2
1402258	STR_MSG_GAB1_SUB_TANK_A_ATTACKED	8
1402262	STR_MSG_GAB1_SUB_TANK_A_BROKEN	9
1402259	STR_MSG_GAB1_SUB_TANK_B_ATTACKED	8
1402263	STR_MSG_GAB1_SUB_TANK_B_BROKEN	9
1402260	STR_MSG_GAB1_SUB_TANK_C_ATTACKED	8
1402264	STR_MSG_GAB1_SUB_TANK_C_BROKEN	9
1402261	STR_MSG_GAB1_SUB_TANK_D_ATTACKED	8
1402265	STR_MSG_GAB1_SUB_TANK_D_BROKEN	9
1400755	STR_MSG_GELMAR_INFO	1
1400430	STR_MSG_GODELITE_BUFF_CAN_USE_OBJECT	1
1400741	STR_MSG_GODELITE_BUFF_CAN_USE_OBJECT_DF	1
1400428	STR_MSG_GODELITE_BUFF_FIRST_OBJECT_ON	2
1400739	STR_MSG_GODELITE_BUFF_FIRST_OBJECT_ON_DF	2
1400429	STR_MSG_GODELITE_BUFF_SECOND_OBJECT_ON	2
1400740	STR_MSG_GODELITE_BUFF_SECOND_OBJECT_ON_DF	2
1400408	STR_MSG_GODELITE_DEATHBLOW_COUNT_10	2
1400426	STR_MSG_GODELITE_DEATHBLOW_COUNT_100	6
1400409	STR_MSG_GODELITE_DEATHBLOW_COUNT_20	2
1400410	STR_MSG_GODELITE_DEATHBLOW_COUNT_30	2
1400411	STR_MSG_GODELITE_DEATHBLOW_COUNT_40	2
1400412	STR_MSG_GODELITE_DEATHBLOW_COUNT_50	2
1400413	STR_MSG_GODELITE_DEATHBLOW_COUNT_60	2
1400414	STR_MSG_GODELITE_DEATHBLOW_COUNT_70	2
1400415	STR_MSG_GODELITE_DEATHBLOW_COUNT_80	2
1400416	STR_MSG_GODELITE_DEATHBLOW_COUNT_90	2
1400417	STR_MSG_GODELITE_DEATHBLOW_COUNT_91	2
1400418	STR_MSG_GODELITE_DEATHBLOW_COUNT_92	2
1400419	STR_MSG_GODELITE_DEATHBLOW_COUNT_93	2
1400420	STR_MSG_GODELITE_DEATHBLOW_COUNT_94	2
1400421	STR_MSG_GODELITE_DEATHBLOW_COUNT_95	6
1400422	STR_MSG_GODELITE_DEATHBLOW_COUNT_96	2
1400423	STR_MSG_GODELITE_DEATHBLOW_COUNT_97	2
1400424	STR_MSG_GODELITE_DEATHBLOW_COUNT_98	2
1400425	STR_MSG_GODELITE_DEATHBLOW_COUNT_99	2
1400427	STR_MSG_GODELITE_DEATHBLOW_FAIL	4
1402626	STR_MSG_GODELITE_TimeAttack_Fail	2
1402625	STR_MSG_GODELITE_TimeAttack_Start	2
1402649	STR_MSG_Gab1_RebirthDoor_ATTACKED	6
1402667	STR_MSG_Gab1_RebirthDoor_ATTACKED_01	6
1402668	STR_MSG_Gab1_RebirthDoor_ATTACKED_02	6
1402669	STR_MSG_Gab1_RebirthDoor_ATTACKED_03	6
1402670	STR_MSG_Gab1_RebirthDoor_ATTACKED_04	6
1402643	STR_MSG_Gab1_RebirthMa_De_01	1
1402644	STR_MSG_Gab1_RebirthMa_De_02	1
1402609	STR_MSG_Gab1_START01	1
1402610	STR_MSG_Gab1_START02	1
1402611	STR_MSG_Gab1_START03	1
1402612	STR_MSG_Gab1_START04	1
1402613	STR_MSG_Gab1_START05	1
1401968	STR_MSG_GuardDarkHeroTrigger_Spawn_IDLDF5_Under_01_War	2
1401966	STR_MSG_GuardDarkHero_Spawn_IDLDF5_Under_01_War	2
1401950	STR_MSG_GuardDark_Attacked_IDLDF5_Under_01_War	2
1401965	STR_MSG_GuardLightHero_Spawn_IDLDF5_Under_01_War	1
1401951	STR_MSG_GuardLight_Die_IDLDF5_Under_01_War	3
1401248	STR_MSG_HF_FallAgrintAppear	2
1401246	STR_MSG_HF_SpringAgrintAppear	2
1401247	STR_MSG_HF_SummerAgrintAppear	2
1401249	STR_MSG_HF_WinterAgrintAppear	3
1401295	STR_MSG_HOUSING_OBJECT_ACHIEVE_USE_COUNT	6
1404211	STR_MSG_IDAb1_Ere_System_MSG_01	1
1404212	STR_MSG_IDAb1_Ere_System_MSG_02	1
1404213	STR_MSG_IDAb1_Ere_System_MSG_03	1
1404216	STR_MSG_IDAb1_Ere_System_MSG_06	1
1404217	STR_MSG_IDAb1_Ere_System_MSG_07	1
1404220	STR_MSG_IDAb1_Ere_System_MSG_10	1
1404221	STR_MSG_IDAb1_Ere_System_MSG_11	1
1404222	STR_MSG_IDAb1_Ere_System_MSG_12	1
1404223	STR_MSG_IDAb1_Ere_System_MSG_13	2
1404224	STR_MSG_IDAb1_Ere_System_MSG_14	1
1404225	STR_MSG_IDAb1_Ere_System_MSG_15	1
1404226	STR_MSG_IDAb1_Ere_System_MSG_16	1
1404227	STR_MSG_IDAb1_Ere_System_MSG_17	1
1404228	STR_MSG_IDAb1_Ere_System_MSG_18	1
1404229	STR_MSG_IDAb1_Ere_System_MSG_19	1
1404230	STR_MSG_IDAb1_Ere_System_MSG_20	1
1404231	STR_MSG_IDAb1_Ere_System_MSG_21	1
1404232	STR_MSG_IDAb1_Ere_System_MSG_22	1
1404233	STR_MSG_IDAb1_Ere_System_MSG_23	1
1404234	STR_MSG_IDAb1_Ere_System_MSG_24	1
1404235	STR_MSG_IDAb1_Ere_System_MSG_25	1
1404236	STR_MSG_IDAb1_Ere_System_MSG_26	34
1404238	STR_MSG_IDAb1_Ere_System_MSG_28	2
1404240	STR_MSG_IDAb1_Ere_System_MSG_30	1
1404283	STR_MSG_IDAb1_Ere_System_MSG_31	1
1404284	STR_MSG_IDAb1_Ere_System_MSG_32	1
1404285	STR_MSG_IDAb1_Ere_System_MSG_33	1
1404286	STR_MSG_IDAb1_Ere_System_MSG_34	1
1404287	STR_MSG_IDAb1_Ere_System_MSG_35	1
1404288	STR_MSG_IDAb1_Ere_System_MSG_36	1
1404289	STR_MSG_IDAb1_Ere_System_MSG_37	1
1404290	STR_MSG_IDAb1_Ere_System_MSG_38	1
1404291	STR_MSG_IDAb1_Ere_System_MSG_39	1
1404292	STR_MSG_IDAb1_Ere_System_MSG_40	3
1404293	STR_MSG_IDAb1_Ere_System_MSG_41	3
1404294	STR_MSG_IDAb1_Ere_System_MSG_42	3
1404296	STR_MSG_IDAb1_Ere_System_MSG_43	1
1404297	STR_MSG_IDAb1_Ere_System_MSG_44	1
1404298	STR_MSG_IDAb1_Ere_System_MSG_45	1
1404299	STR_MSG_IDAb1_Ere_System_MSG_46	1
1404314	STR_MSG_IDAb1_Ere_System_MSG_47	1
1404515	STR_MSG_IDAb1_Heroes_Boss_MSG_01	1
1404516	STR_MSG_IDAb1_Heroes_Boss_MSG_02	6
1404517	STR_MSG_IDAb1_Heroes_Boss_MSG_03	2
1404518	STR_MSG_IDAb1_Heroes_Boss_MSG_04	1
1404477	STR_MSG_IDAb1_Heroes_MSG_01	4
1404478	STR_MSG_IDAb1_Heroes_MSG_02	3
1404479	STR_MSG_IDAb1_Heroes_MSG_03	1
1400689	STR_MSG_IDAbRe_Core_Artifact_Die_01	1
1400690	STR_MSG_IDAbRe_Core_Artifact_Die_02	1
1400691	STR_MSG_IDAbRe_Core_Artifact_Die_03	1
1400636	STR_MSG_IDAbRe_Core_NmdC_BoxSpawn	1
1400635	STR_MSG_IDAbRe_Core_NmdC_Dark_Die	1
1400634	STR_MSG_IDAbRe_Core_NmdC_Light_Die	1
1400732	STR_MSG_IDAbRe_Core_NmdDH_Wakeup	2
1400730	STR_MSG_IDAbRe_Core_NmdD_Heal	1
1400729	STR_MSG_IDAbRe_Core_NmdD_ResetAggro	2
1400637	STR_MSG_IDAbRe_Core_NmdD_SummonStart	8
1400731	STR_MSG_IDAbRe_Core_NmdD_Wakeup	2
1400384	STR_MSG_IDAbRe_Core_Oops_Reward_Is_Gone	1
1404468	STR_MSG_IDAbre_Core_03_MSG_01	1
1404469	STR_MSG_IDAbre_Core_03_MSG_02	1
1404470	STR_MSG_IDAbre_Core_03_MSG_03	1
1404471	STR_MSG_IDAbre_Core_03_MSG_04	1
1404472	STR_MSG_IDAbre_Core_03_MSG_05	1
1404473	STR_MSG_IDAbre_Core_03_MSG_06	1
1404474	STR_MSG_IDAbre_Core_03_MSG_07	1
1404475	STR_MSG_IDAbre_Core_03_MSG_08	1
1404476	STR_MSG_IDAbre_Core_03_MSG_09	1
1404483	STR_MSG_IDAbre_Core_03_MSG_10	1
1404484	STR_MSG_IDAbre_Core_03_MSG_11	1
1404525	STR_MSG_IDAbre_Core_03_MSG_12	10
1404526	STR_MSG_IDAbre_Core_03_MSG_13	9
1404527	STR_MSG_IDAbre_Core_03_MSG_14	1
1401010	STR_MSG_IDArena_S3_Bonus_01	1
1401011	STR_MSG_IDArena_S3_Bonus_02	1
1401012	STR_MSG_IDArena_S3_Bonus_03	1
1401013	STR_MSG_IDArena_S4_Bonus_01	1
1401014	STR_MSG_IDArena_S4_Bonus_02	1
1401015	STR_MSG_IDArena_S4_Bonus_03	1
1401016	STR_MSG_IDArena_S6_Bonus_01	1
1401017	STR_MSG_IDArena_S6_Bonus_02	1
1401018	STR_MSG_IDArena_S6_Bonus_03	1
1401019	STR_MSG_IDArena_S9_Bonus_01	1
1401020	STR_MSG_IDArena_S9_Bonus_02	1
1401021	STR_MSG_IDArena_S9_Bonus_03	1
1401068	STR_MSG_IDArena_Solo_SB1_5Dead_BROADCAST	1
1401075	STR_MSG_IDArena_Solo_SB1_Failed_BROADCAST	1
1401070	STR_MSG_IDArena_Solo_SB1_HideNear_BROADCAST	1
1401071	STR_MSG_IDArena_Solo_SB1_HideSucc_BROADCAST	1
1401083	STR_MSG_IDArena_Solo_SB1_LowHP2_BROADCAST	1
1401082	STR_MSG_IDArena_Solo_SB1_LowHP_BROADCAST	1
1401067	STR_MSG_IDArena_Solo_SB1_START_BROADCAST	1
1401072	STR_MSG_IDArena_Solo_SB1_Succ_BROADCAST	1
1400459	STR_MSG_IDCatacombs_Boss_ArchPriest_2phase	3
1400460	STR_MSG_IDCatacombs_Boss_ArchPriest_3phase	3
1400463	STR_MSG_IDCatacombs_Boss_ArchPriest_6phase	3
1400388	STR_MSG_IDCatacombs_Boss_ElementalFire_Buff	1
1400381	STR_MSG_IDCatacombs_Boss_Spectre_Buff	1
1400387	STR_MSG_IDCatacombs_Boss_Summoner_DeadlyCasting	1
1400386	STR_MSG_IDCatacombs_Boss_Summoner_Reflect	1
1400382	STR_MSG_IDCatacombs_Boss_TombDrakan	1
1400469	STR_MSG_IDCatacombs_NmdLich_Leave	1
1400466	STR_MSG_IDCatacombs_NmdLich_weakness1	2
1400467	STR_MSG_IDCatacombs_NmdLich_weakness2	2
1400468	STR_MSG_IDCatacombs_NmdLich_weakness3	2
1400471	STR_MSG_IDCatacombs_NmdShulack_Rufukin	1
1400465	STR_MSG_IDCatacombs_NmdSpecter_Spawn	2
1400470	STR_MSG_IDCatacombs_NmdSpecter_Start	2
1400445	STR_MSG_IDCatacombs_Normal_Slime_Isolation	1
1400443	STR_MSG_IDCatacombs_Normal_Stalker_DrainHealth	2
1400444	STR_MSG_IDCatacombs_Normal_Stalker_Sanctuary	2
1403082	STR_MSG_IDDF3_dragon_T_Boss_01	1
1403083	STR_MSG_IDDF3_dragon_T_Boss_02	1
1403084	STR_MSG_IDDF3_dragon_T_Boss_03	1
1403085	STR_MSG_IDDF3_dragon_T_Boss_04	2
1403058	STR_MSG_IDDF3_dragon_T_Start_01	1
1403064	STR_MSG_IDDF3_dragon_T_Start_02	1
1403065	STR_MSG_IDDF3_dragon_T_Start_03	3
1403067	STR_MSG_IDDF3_dragon_T_Start_04	1
1403068	STR_MSG_IDDF3_dragon_T_Start_05	1
1403081	STR_MSG_IDDF3_dragon_T_Start_06	1
1403063	STR_MSG_IDDF3_dragon_T_wave_01	1
1401213	STR_MSG_IDDramata_01	1
1401214	STR_MSG_IDDramata_02	1
1401215	STR_MSG_IDDramata_03	1
1404558	STR_MSG_IDDreadgion_Box_Spawn_01	1
1404559	STR_MSG_IDDreadgion_Box_Spawn_02	1
1400475	STR_MSG_IDELIM_COCOON_INFO	2
1400476	STR_MSG_IDELIM_EGG_BREAK	1
1400660	STR_MSG_IDELIM_GAS_INFO	1
1400659	STR_MSG_IDELIM_HYAS_SPAWN_INFO	1
1400477	STR_MSG_IDELIM_WIND_INFO	1
1401041	STR_MSG_IDElemental1_GolemPrime_Forest_Overclock	3
1401378	STR_MSG_IDElemental1_Prime_Debuff_Dispel	1
1401042	STR_MSG_IDElemental2_Zadra_UseDranaStone	3
1401043	STR_MSG_IDElemental_TimeToRage	1
1403317	STR_MSG_IDEternity_01_Artifact_01_Turn_Off	1
1403316	STR_MSG_IDEternity_01_Artifact_01_Turn_On	1
1403319	STR_MSG_IDEternity_01_Artifact_02_Turn_Off	1
1403318	STR_MSG_IDEternity_01_Artifact_02_Turn_On	1
1403321	STR_MSG_IDEternity_01_Artifact_03_Turn_Off	1
1403320	STR_MSG_IDEternity_01_Artifact_03_Turn_On	1
1403323	STR_MSG_IDEternity_01_Artifact_04_Turn_Off	1
1403322	STR_MSG_IDEternity_01_Artifact_04_Turn_On	1
1403314	STR_MSG_IDEternity_01_Artifact_Warning	1
1403315	STR_MSG_IDEternity_01_Cannon_Warning	1
1403340	STR_MSG_IDEternity_01_Start	2
1403342	STR_MSG_IDEternity_01_Summon_Ctrl_01_Off	4
1403341	STR_MSG_IDEternity_01_Summon_Ctrl_01_On	4
1403344	STR_MSG_IDEternity_01_Summon_Ctrl_02_Off	4
1403343	STR_MSG_IDEternity_01_Summon_Ctrl_02_On	4
1403346	STR_MSG_IDEternity_01_Summon_Ctrl_03_Off	4
1403345	STR_MSG_IDEternity_01_Summon_Ctrl_03_On	4
1403348	STR_MSG_IDEternity_01_Summon_Ctrl_04_Off	4
1403347	STR_MSG_IDEternity_01_Summon_Ctrl_04_On	4
1404205	STR_MSG_IDEternity_03_Bobo	1
1404259	STR_MSG_IDEternity_03_Dimension_01	2
1404260	STR_MSG_IDEternity_03_Dimension_02	2
1404300	STR_MSG_IDEternity_03_Dimension_03	1
1404379	STR_MSG_IDEternity_03_Dimension_04	1
1404257	STR_MSG_IDEternity_03_Event_01	3
1404258	STR_MSG_IDEternity_03_Event_02	3
1404261	STR_MSG_IDEternity_03_Guard_01	1
1404262	STR_MSG_IDEternity_03_Guard_02	1
1404208	STR_MSG_IDEternity_03_fakebook	1
1404156	STR_MSG_IDEternity_03_teleporter_1	1
1404157	STR_MSG_IDEternity_03_teleporter_2	1
1404158	STR_MSG_IDEternity_03_teleporter_3	1
1404159	STR_MSG_IDEternity_03_teleporter_4	1
1403364	STR_MSG_IDEternity_Q_HIGHDEVA_AIR_BUFF	6
1403366	STR_MSG_IDEternity_Q_HIGHDEVA_EARTH_BUFF	6
1403365	STR_MSG_IDEternity_Q_HIGHDEVA_WATER_BUFF	6
1403297	STR_MSG_IDEternity_Q_Invisible_Room_04	1
1403298	STR_MSG_IDEternity_Q_Invisible_Room_05	1
1403299	STR_MSG_IDEternity_Q_Invisible_Room_06	1
1403300	STR_MSG_IDEternity_Q_Invisible_Room_07	1
1403301	STR_MSG_IDEternity_Q_Invisible_Room_08	1
1403302	STR_MSG_IDEternity_Q_Invisible_Room_09	1
1403303	STR_MSG_IDEternity_Q_Invisible_Room_11	1
1403304	STR_MSG_IDEternity_Q_Invisible_Room_12	1
1404408	STR_MSG_IDEternity_Teleport_MSG_01	1
1404409	STR_MSG_IDEternity_Teleport_MSG_02	1
1404410	STR_MSG_IDEternity_Teleport_MSG_03	1
1404412	STR_MSG_IDEternity_Teleport_MSG_04	1
1404185	STR_MSG_IDEternity_War_named_01	1
1404186	STR_MSG_IDEternity_War_named_02	1
1404187	STR_MSG_IDEternity_War_named_03	1
1404188	STR_MSG_IDEternity_War_named_04	1
1404189	STR_MSG_IDEternity_War_named_05	1
1404190	STR_MSG_IDEternity_War_named_06	1
1404191	STR_MSG_IDEternity_War_named_07	2
1404192	STR_MSG_IDEternity_War_named_08	2
1404413	STR_MSG_IDEternity_War_named_15	1
1404414	STR_MSG_IDEternity_War_named_16	1
1404365	STR_MSG_IDEternity_War_named_d	1
1404366	STR_MSG_IDEternity_War_named_l	1
1404172	STR_MSG_IDEternity_War_people_01	1
1404173	STR_MSG_IDEternity_War_people_02	2
1404246	STR_MSG_IDEternity_War_people_04	1
1404175	STR_MSG_IDEternity_War_pure_01	1
1404176	STR_MSG_IDEternity_War_pure_02	1
1404177	STR_MSG_IDEternity_War_pure_03	1
1404178	STR_MSG_IDEternity_War_pure_04	1
1404179	STR_MSG_IDEternity_War_pure_05	1
1404180	STR_MSG_IDEternity_War_pure_06	1
1404181	STR_MSG_IDEternity_War_pure_07	1
1404182	STR_MSG_IDEternity_War_pure_08	1
1404183	STR_MSG_IDEternity_War_pure_09	1
1404184	STR_MSG_IDEternity_War_pure_10	1
1403990	STR_MSG_IDEvent_Solo_Alarm_01	2
1403991	STR_MSG_IDEvent_Solo_Alarm_02	1
1404012	STR_MSG_IDEvent_Solo_Alarm_06	1
1404016	STR_MSG_IDEvent_Solo_Alarm_07	2
1404017	STR_MSG_IDEvent_Solo_Alarm_08	2
1404018	STR_MSG_IDEvent_Solo_Alarm_09	2
1404019	STR_MSG_IDEvent_Solo_Alarm_10	2
1404043	STR_MSG_IDEvent_Solo_Boss_Skill_MSG_01	2
1404044	STR_MSG_IDEvent_Solo_Boss_Skill_MSG_02	2
1403998	STR_MSG_IDEvent_Solo_Notice_01	1
1403999	STR_MSG_IDEvent_Solo_Notice_02	1
1404000	STR_MSG_IDEvent_Solo_Notice_03	1
1404020	STR_MSG_IDEvent_Solo_Notice_04	1
1404021	STR_MSG_IDEvent_Solo_Notice_05	1
1404023	STR_MSG_IDEvent_Solo_Notice_06	1
1404007	STR_MSG_IDEvent_Solo_Time_03	1
1404008	STR_MSG_IDEvent_Solo_Time_04	1
1404009	STR_MSG_IDEvent_Solo_Time_05	1
1404010	STR_MSG_IDEvent_Solo_Time_06	1
1404011	STR_MSG_IDEvent_Solo_Time_07	1
1404013	STR_MSG_IDEvent_Solo_Time_08	1
1400918	STR_MSG_IDF4Re_Drana_01	2
1400919	STR_MSG_IDF4Re_Drana_02	3
1400920	STR_MSG_IDF4Re_Drana_03	1
1400921	STR_MSG_IDF4Re_Drana_04	1
1400922	STR_MSG_IDF4Re_Drana_05	1
1400923	STR_MSG_IDF4Re_Drana_06	1
1400924	STR_MSG_IDF4Re_Drana_07	1
1400996	STR_MSG_IDF4Re_Drana_08	1
1400997	STR_MSG_IDF4Re_Drana_09	1
1400998	STR_MSG_IDF4Re_Drana_10	2
1401036	STR_MSG_IDF4Re_Drana_11	1
1401805	STR_MSG_IDF5Re_03_Idgel01_Completed	1
1401806	STR_MSG_IDF5Re_03_Idgel02_Completed	1
1401807	STR_MSG_IDF5Re_03_Idgel03_Completed	1
1401904	STR_MSG_IDF5U1_FlagA0	1
1401884	STR_MSG_IDF5U1_FlagA1	2
1401885	STR_MSG_IDF5U1_FlagA2	1
1401905	STR_MSG_IDF5U1_FlagB0	1
1401886	STR_MSG_IDF5U1_FlagB1	2
1401887	STR_MSG_IDF5U1_FlagB2	1
1401906	STR_MSG_IDF5U1_FlagC0	1
1401888	STR_MSG_IDF5U1_FlagC1	2
1401889	STR_MSG_IDF5U1_FlagC2	1
1401907	STR_MSG_IDF5U1_FlagD0	1
1401890	STR_MSG_IDF5U1_FlagD1	2
1401891	STR_MSG_IDF5U1_FlagD2	1
1401942	STR_MSG_IDF5U1_Retake01	1
1401943	STR_MSG_IDF5U1_Retake02	1
1401944	STR_MSG_IDF5U1_Retake03	1
1401945	STR_MSG_IDF5U1_Retake04	1
1401879	STR_MSG_IDF5U1_Shield_01	1
1401892	STR_MSG_IDF5U1_TimeCheck_00	1
1401875	STR_MSG_IDF5U1_TimeCheck_01	1
1401876	STR_MSG_IDF5U1_TimeCheck_02	1
1401877	STR_MSG_IDF5U1_TimeCheck_03	1
1401878	STR_MSG_IDF5U1_TimeCheck_04	2
1401937	STR_MSG_IDF5U2_NeedWeaponBomb	2
1402231	STR_MSG_IDF5_R2_RUNNER_01_DESPAWN	1
1402232	STR_MSG_IDF5_R2_RUNNER_02_DESPAWN	1
1402233	STR_MSG_IDF5_R2_RUNNER_03_DESPAWN	1
1402234	STR_MSG_IDF5_R2_RUNNER_04_DESPAWN	1
1402230	STR_MSG_IDF5_R2_RUNNER_START	6
1402207	STR_MSG_IDF5_TD_War_Door_Destroy	6
1402099	STR_MSG_IDF5_TD_War_Officer_Da_01	2
1402100	STR_MSG_IDF5_TD_War_Officer_Da_02	2
1402101	STR_MSG_IDF5_TD_War_Officer_Da_03	2
1402102	STR_MSG_IDF5_TD_War_Officer_Da_04	2
1402103	STR_MSG_IDF5_TD_War_Officer_Da_05	2
1402104	STR_MSG_IDF5_TD_War_Officer_Da_06	2
1402105	STR_MSG_IDF5_TD_War_Officer_Da_07	2
1402106	STR_MSG_IDF5_TD_War_Officer_Da_08	2
1402107	STR_MSG_IDF5_TD_War_Officer_Da_09	2
1402108	STR_MSG_IDF5_TD_War_Officer_Da_10	2
1402089	STR_MSG_IDF5_TD_War_Officer_Li_01	2
1402090	STR_MSG_IDF5_TD_War_Officer_Li_02	2
1402091	STR_MSG_IDF5_TD_War_Officer_Li_03	2
1402092	STR_MSG_IDF5_TD_War_Officer_Li_04	2
1402093	STR_MSG_IDF5_TD_War_Officer_Li_05	2
1402094	STR_MSG_IDF5_TD_War_Officer_Li_06	2
1402095	STR_MSG_IDF5_TD_War_Officer_Li_07	2
1402096	STR_MSG_IDF5_TD_War_Officer_Li_08	2
1402097	STR_MSG_IDF5_TD_War_Officer_Li_09	2
1402098	STR_MSG_IDF5_TD_War_Officer_Li_10	2
1402206	STR_MSG_IDF5_TD_War_Supply_Alarm	7
1402109	STR_MSG_IDF5_TD_War_v07_Lever	2
1402110	STR_MSG_IDF5_TD_War_v08_Lever	3
1402212	STR_MSG_IDF5_U3_BOSS_PORTAL_DESTROY	1
1402143	STR_MSG_IDF5_U3_BOSS_Timer_01	1
1402144	STR_MSG_IDF5_U3_BOSS_Timer_02	1
1402145	STR_MSG_IDF5_U3_BOSS_Timer_03	1
1402146	STR_MSG_IDF5_U3_BOSS_Timer_04	1
1403146	STR_MSG_IDF5_U3_Boss_Reset_MSG	1
1402220	STR_MSG_IDF5_U3_DEFENCE_01_ATTACKED	2
1402221	STR_MSG_IDF5_U3_DEFENCE_02_ATTACKED	2
1402222	STR_MSG_IDF5_U3_DEFENCE_03_ATTACKED	2
1402223	STR_MSG_IDF5_U3_DEFENCE_04_ATTACKED	2
1402193	STR_MSG_IDF5_U3_Door_Open	1
1402129	STR_MSG_IDF5_U3_Game_Timer_01	1
1402130	STR_MSG_IDF5_U3_Game_Timer_02	2
1402131	STR_MSG_IDF5_U3_Game_Timer_03	2
1402132	STR_MSG_IDF5_U3_Game_Timer_04	2
1402133	STR_MSG_IDF5_U3_Game_Timer_05	2
1402134	STR_MSG_IDF5_U3_Game_Timer_06	2
1402235	STR_MSG_IDF5_U3_Game_Timer_07	2
1402236	STR_MSG_IDF5_U3_Game_Timer_08	1
1402429	STR_MSG_IDF5_U3_Hard_BOSS_PORTAL_DESTROY	1
1402425	STR_MSG_IDF5_U3_Hard_BOSS_Timer_01	1
1402426	STR_MSG_IDF5_U3_Hard_BOSS_Timer_02	1
1402427	STR_MSG_IDF5_U3_Hard_BOSS_Timer_03	1
1402428	STR_MSG_IDF5_U3_Hard_BOSS_Timer_04	1
1402423	STR_MSG_IDF5_U3_Hard_Door_Open	1
1402424	STR_MSG_IDF5_U3_Hard_Game_Timer_08	1
1402224	STR_MSG_IDF5_U3_N_WAVE_01_BEGIN	1
1402225	STR_MSG_IDF5_U3_N_WAVE_02_BEGIN	1
1402226	STR_MSG_IDF5_U3_N_WAVE_03_BEGIN	1
1402227	STR_MSG_IDF5_U3_N_WAVE_04_BEGIN	1
1402202	STR_MSG_IDF5_U3_OBJ_ALL_COMPLETE	2
1402194	STR_MSG_IDF5_U3_OBJ_CHARGE_01	2
1402195	STR_MSG_IDF5_U3_OBJ_CHARGE_02	2
1402196	STR_MSG_IDF5_U3_OBJ_CHARGE_03	2
1402197	STR_MSG_IDF5_U3_OBJ_CHARGE_04	2
1402203	STR_MSG_IDF5_U3_OBJ_CHARGE_END	4
1402135	STR_MSG_IDF5_U3_OBJ_COMPLETE_01	1
1402136	STR_MSG_IDF5_U3_OBJ_COMPLETE_02	1
1402137	STR_MSG_IDF5_U3_OBJ_COMPLETE_03	1
1402138	STR_MSG_IDF5_U3_OBJ_COMPLETE_04	1
1402139	STR_MSG_IDF5_U3_OBJ_DESTROY_01	2
1402140	STR_MSG_IDF5_U3_OBJ_DESTROY_02	2
1402141	STR_MSG_IDF5_U3_OBJ_DESTROY_03	2
1402142	STR_MSG_IDF5_U3_OBJ_DESTROY_04	2
1402198	STR_MSG_IDF5_U3_OBJ_FINAL_CHARGE_01	1
1402199	STR_MSG_IDF5_U3_OBJ_FINAL_CHARGE_02	1
1402200	STR_MSG_IDF5_U3_OBJ_FINAL_CHARGE_03	1
1402201	STR_MSG_IDF5_U3_OBJ_FINAL_CHARGE_04	1
1404547	STR_MSG_IDF6_Boss_Spawn_Info_Adma	1
1404549	STR_MSG_IDF6_Boss_Spawn_Info_Dragon	1
1404550	STR_MSG_IDF6_Boss_Spawn_Info_LF1	1
1404548	STR_MSG_IDF6_Boss_Spawn_Info_Lap	1
1403382	STR_MSG_IDF6_Dragon_1min_Warning	1
1403378	STR_MSG_IDF6_Dragon_Attack_Tower	30
1403385	STR_MSG_IDF6_Dragon_Battle_Start	1
1403376	STR_MSG_IDF6_Dragon_Sensory_01	1
1403377	STR_MSG_IDF6_Dragon_Sensory_02	1
1403375	STR_MSG_IDF6_Dragon_Start	2
1403380	STR_MSG_IDF6_Dragon_Tower_1	1
1403379	STR_MSG_IDF6_Dragon_Tower_2	1
1403456	STR_MSG_IDF6_LF1_AnuHelp_NOTICE_01	1
1403419	STR_MSG_IDF6_LF1_End_NOTICE_01	4
1403420	STR_MSG_IDF6_LF1_End_NOTICE_02	4
1403421	STR_MSG_IDF6_LF1_End_NOTICE_03	5
1403418	STR_MSG_IDF6_LF1_Play_NOTICE_01	1
1403442	STR_MSG_IDF6_LF1_Retry_NOTICE_01	4
1403414	STR_MSG_IDF6_LF1_Start_NOTICE_01	1
1403415	STR_MSG_IDF6_LF1_Start_NOTICE_02	2
1403416	STR_MSG_IDF6_LF1_Start_NOTICE_03	2
1403417	STR_MSG_IDF6_LF1_Start_NOTICE_04	1
1403426	STR_MSG_IDF6_LF1_Start_NOTICE_05	1
1403427	STR_MSG_IDF6_LF1_Start_NOTICE_06	9
1403489	STR_MSG_IDF6_LF1_Start_NOTICE_07	1
1403559	STR_MSG_IDF6_LF1_Start_NOTICE_08	1
1403444	STR_MSG_IDF6_LF1_Success_NOTICE_01	1
1403445	STR_MSG_IDF6_LF1_Success_NOTICE_02	1
1403422	STR_MSG_IDF6_LF1_Tension_NOTICE_01	1
1403423	STR_MSG_IDF6_LF1_Tension_NOTICE_02	1
1403424	STR_MSG_IDF6_LF1_Tension_NOTICE_03	1
1404433	STR_MSG_IDInfinity_Explosion_MSG_01	3
1404434	STR_MSG_IDInfinity_Explosion_MSG_02	1
1401844	STR_MSG_IDKamar_DrakanGeneral_Spawn	1
1401843	STR_MSG_IDKamar_DrakanH_Spawn	1
1401842	STR_MSG_IDKamar_Dreadgion_Spawn	1
1401847	STR_MSG_IDKamar_LightDarkGeneral_Spawn	1
1401841	STR_MSG_IDKamar_SeigeWeapon_Spawn	1
1401913	STR_MSG_IDKamar_StartTeleporter_Spawn	1
1401840	STR_MSG_IDKamar_YunSupply_Spawn	1
1402453	STR_MSG_IDLDF4_Re_01_Time_01	1
1402454	STR_MSG_IDLDF4_Re_01_Time_02	1
1402455	STR_MSG_IDLDF4_Re_01_Time_03	1
1402456	STR_MSG_IDLDF4_Re_01_Time_04	1
1402457	STR_MSG_IDLDF4_Re_01_Time_05	1
1402458	STR_MSG_IDLDF4_Re_01_Time_06	1
1402461	STR_MSG_IDLDF4_Re_01_Time_07	1
1402603	STR_MSG_IDLDF4_Re_01_secret_room_03	4
1401925	STR_MSG_IDLDF5Re_02_Victim_ALLDie	1
1401924	STR_MSG_IDLDF5Re_02_Victim_Die	1
1402801	STR_MSG_IDLDF5Re_solo_game1_1	1
1402802	STR_MSG_IDLDF5Re_solo_game1_2	1
1402803	STR_MSG_IDLDF5Re_solo_game1_3	1
1402804	STR_MSG_IDLDF5Re_solo_game1_4	1
1402805	STR_MSG_IDLDF5Re_solo_game1_5	1
1402806	STR_MSG_IDLDF5Re_solo_game1_6	1
1402811	STR_MSG_IDLDF5Re_solo_game2_1	1
1402812	STR_MSG_IDLDF5Re_solo_game2_2	1
1402813	STR_MSG_IDLDF5Re_solo_game2_3	1
1402814	STR_MSG_IDLDF5Re_solo_game2_4	1
1402815	STR_MSG_IDLDF5Re_solo_game2_5	1
1402816	STR_MSG_IDLDF5Re_solo_game2_6	1
1402817	STR_MSG_IDLDF5Re_solo_game2_7	1
1402821	STR_MSG_IDLDF5Re_solo_game3_1	1
1402822	STR_MSG_IDLDF5Re_solo_game3_2	1
1402823	STR_MSG_IDLDF5Re_solo_game3_3	1
1402824	STR_MSG_IDLDF5Re_solo_game3_4	1
1402825	STR_MSG_IDLDF5Re_solo_game3_5	2
1402826	STR_MSG_IDLDF5Re_solo_game3_6	1
1402827	STR_MSG_IDLDF5Re_solo_game3_7	1
1402828	STR_MSG_IDLDF5Re_solo_game3_8	1
1403562	STR_MSG_IDLDF5_Fortress_war_at_01	1
1403563	STR_MSG_IDLDF5_Fortress_war_at_02	1
1401677	STR_MSG_IDLDF5_Inder_rune_10Min	1
1402857	STR_MSG_IDLDF5_U_01_RA_As_Point_01	2
1402858	STR_MSG_IDLDF5_U_01_RA_As_Point_02	2
1402859	STR_MSG_IDLDF5_U_01_RA_As_Point_03	1
1402856	STR_MSG_IDLDF5_U_01_RA_As_Start	1
1402853	STR_MSG_IDLDF5_U_01_RA_Pr_Point_01	2
1402854	STR_MSG_IDLDF5_U_01_RA_Pr_Point_02	2
1402855	STR_MSG_IDLDF5_U_01_RA_Pr_Point_03	1
1402852	STR_MSG_IDLDF5_U_01_RA_Pr_Start	1
1402836	STR_MSG_IDLDF5_U_01_RA_Wi_Despawn_01	1
1402839	STR_MSG_IDLDF5_U_01_RA_Wi_Despawn_02	1
1402849	STR_MSG_IDLDF5_U_01_RA_Wi_Point_01	2
1402850	STR_MSG_IDLDF5_U_01_RA_Wi_Point_02	2
1402851	STR_MSG_IDLDF5_U_01_RA_Wi_Point_03	1
1402848	STR_MSG_IDLDF5_U_01_RA_Wi_Start	1
1402873	STR_MSG_IDLDF5_U_01_Supporter_Spawn_01	4
1402860	STR_MSG_IDLDF5_U_01_TimeCheck_01	1
1402861	STR_MSG_IDLDF5_U_01_TimeCheck_02	1
1402862	STR_MSG_IDLDF5_U_01_TimeCheck_03	1
1402086	STR_MSG_IDLDF5_Under_01_War_Drop_MSG_01	4
1402085	STR_MSG_IDLDF5_Under_01_War_ITEM_MSG_01	1
1402057	STR_MSG_IDLDF5_Under_01_War_MSG_East_04	2
1402058	STR_MSG_IDLDF5_Under_01_War_MSG_East_05	2
1402072	STR_MSG_IDLDF5_Under_01_War_MSG_North_04	2
1402073	STR_MSG_IDLDF5_Under_01_War_MSG_North_05	2
1402067	STR_MSG_IDLDF5_Under_01_War_MSG_South_04	2
1402068	STR_MSG_IDLDF5_Under_01_War_MSG_South_05	2
1402062	STR_MSG_IDLDF5_Under_01_War_MSG_West_04	2
1402063	STR_MSG_IDLDF5_Under_01_War_MSG_West_05	2
1403561	STR_MSG_IDLDF5_Under_02_war_Da_Li_Change	4
1403560	STR_MSG_IDLDF5_Under_02_war_Li_Da_Change	4
1403586	STR_MSG_IDLDF5_Under_02_war_neu_01	8
1401893	STR_MSG_IDLDF5_Under_Rune_User_Kill	2
1401820	STR_MSG_IDLDF5b_TD_AddWave_01	1
1401821	STR_MSG_IDLDF5b_TD_AddWave_02	1
1401822	STR_MSG_IDLDF5b_TD_AddWave_03	1
1401815	STR_MSG_IDLDF5b_TD_MainWave_01	1
1401816	STR_MSG_IDLDF5b_TD_MainWave_02	1
1401817	STR_MSG_IDLDF5b_TD_MainWave_03	1
1401818	STR_MSG_IDLDF5b_TD_MainWave_04	3
1401819	STR_MSG_IDLDF5b_TD_MainWave_05	1
1401939	STR_MSG_IDLDF5b_TD_MainWave_06	1
1401823	STR_MSG_IDLDF5b_TD_Notice_01	4
1401824	STR_MSG_IDLDF5b_TD_Notice_02	1
1401825	STR_MSG_IDLDF5b_TD_Notice_03	4
1401826	STR_MSG_IDLDF5b_TD_Notice_04	1
1401827	STR_MSG_IDLDF5b_TD_Notice_05	8
1401940	STR_MSG_IDLDF5b_TD_Notice_06	7
1403824	STR_MSG_IDLUNA_SIEGE_Heal_obj_01	1
1403640	STR_MSG_IDLUNA_SIEGE_Reward_obj_01	4
1403641	STR_MSG_IDLUNA_SIEGE_Reward_obj_02	2
1403642	STR_MSG_IDLUNA_SIEGE_Reward_obj_03	2
1403643	STR_MSG_IDLUNA_SIEGE_Reward_obj_04	2
1403644	STR_MSG_IDLUNA_SIEGE_Reward_obj_05	2
1403645	STR_MSG_IDLUNA_SIEGE_Reward_obj_06	1
1403646	STR_MSG_IDLUNA_SIEGE_Reward_obj_07	1
1403650	STR_MSG_IDLUNA_SIEGE_S2_Bomb_01	1
1403651	STR_MSG_IDLUNA_SIEGE_S2_Bomb_02	1
1403663	STR_MSG_IDLUNA_SIEGE_S2_Bomb_03	1
1403664	STR_MSG_IDLUNA_SIEGE_S2_Bomb_04	1
1403652	STR_MSG_IDLUNA_SIEGE_S2_Nepilim_Fi_N_Ah_01	1
1403649	STR_MSG_IDLUNA_SIEGE_S2_Tesinon_Fi_SN_Ae_01	4
1402578	STR_MSG_IDLdf5_fortress_re_ReturnToSp	1
1402868	STR_MSG_IDLegion_1F_Boss_Spawn	3
1402869	STR_MSG_IDLegion_2F_Boss_Spawn	3
1402870	STR_MSG_IDLegion_3F_Boss_Spawn	3
1402871	STR_MSG_IDLegion_4F_Boss_Spawn	1
1402863	STR_MSG_IDLegion_Start_01	1
1402864	STR_MSG_IDLegion_Start_02	1
1402865	STR_MSG_IDLegion_Start_03	1
1402866	STR_MSG_IDLegion_Start_04	1
1400713	STR_MSG_IDNOVICE_HAMEROON_TREASUREBOX_SPAWN	1
1401141	STR_MSG_IDRaksha_AppearExit	2
1401135	STR_MSG_IDRaksha_AppearHiddenNMD	1
1401136	STR_MSG_IDRaksha_AppearMirror	2
1401158	STR_MSG_IDRaksha_Evileyelight_EnterAttack	1
1401160	STR_MSG_IDRaksha_HiddenNmd_SpawnTrigger	1
1401134	STR_MSG_IDRaksha_MainGateWayOpen	1
1401159	STR_MSG_IDRaksha_MainStatueWakeup	1
1401137	STR_MSG_IDRaksha_MirrorNMD_Teleport	2
1401157	STR_MSG_IDRaksha_NoticeFlyingArea	1
1401156	STR_MSG_IDRaksha_NoticeHowToDestroySeals	2
1401161	STR_MSG_IDRaksha_RakshaPain	2
1401153	STR_MSG_IDRaksha_Raksha_OnUseSkillDanger	1
1401140	STR_MSG_IDRaksha_StatueWakeup	1
1401133	STR_MSG_IDRaksha_SupplyDestroy	4
1401162	STR_MSG_IDRaksha_WeakRakshaSpawn	1
1401173	STR_MSG_IDRaksha_Welcome_Raksha_Nmd	2
1402833	STR_MSG_IDRaksha_solo_WaveLast	1
1402834	STR_MSG_IDRaksha_solo_WaveLast01	1
1402832	STR_MSG_IDRaksha_solo_WaveMid	1
1401795	STR_MSG_IDRuneWP_BrokenProtection	1
1401796	STR_MSG_IDRuneWP_BrokenProtectionAll	1
1401791	STR_MSG_IDRuneWP_Charger1_Completed	1
1401792	STR_MSG_IDRuneWP_Charger2_Completed	1
1401793	STR_MSG_IDRuneWP_Charger3_Completed	1
1401794	STR_MSG_IDRuneWP_Charger4_Completed	2
1401790	STR_MSG_IDRuneWP_Charging	1
1401909	STR_MSG_IDRuneWP_User_Kill	1
1402728	STR_MSG_IDSeal_Guardian_01	10
1402889	STR_MSG_IDSeal_Guardian_04	1
1402693	STR_MSG_IDSeal_Immortal_01	6
1402694	STR_MSG_IDSeal_Immortal_02	1
1402695	STR_MSG_IDSeal_Immortal_03	1
1402696	STR_MSG_IDSeal_Immortal_04	4
1402697	STR_MSG_IDSeal_Immortal_05	4
1402698	STR_MSG_IDSeal_Immortal_06	4
1402699	STR_MSG_IDSeal_Immortal_07	2
1402700	STR_MSG_IDSeal_Immortal_08	2
1402701	STR_MSG_IDSeal_Immortal_09	2
1402702	STR_MSG_IDSeal_Immortal_10	2
1403009	STR_MSG_IDSeal_Q_AreaOpen	1
1403030	STR_MSG_IDSeal_Q_GodAgent	1
1403003	STR_MSG_IDSeal_Q_Oritsa_01	1
1403004	STR_MSG_IDSeal_Q_Oritsa_02	1
1402991	STR_MSG_IDSeal_Q_Sensory_01	2
1402992	STR_MSG_IDSeal_Q_Sensory_02	2
1402993	STR_MSG_IDSeal_Q_Sensory_03	2
1402994	STR_MSG_IDSeal_Q_Sensory_04	2
1402995	STR_MSG_IDSeal_Q_Sensory_05	2
1402996	STR_MSG_IDSeal_Q_Sensory_06	2
1402997	STR_MSG_IDSeal_Q_Sensory_07	6
1402998	STR_MSG_IDSeal_Q_Sensory_08	2
1402999	STR_MSG_IDSeal_Q_Sensory_09	2
1403000	STR_MSG_IDSeal_Q_Sensory_10	2
1403001	STR_MSG_IDSeal_Q_Sensory_11	3
1403002	STR_MSG_IDSeal_Q_Sensory_12	2
1403121	STR_MSG_IDSeal_Q_Sensory_13	2
1403010	STR_MSG_IDSeal_Q_Vritra_01	1
1403012	STR_MSG_IDSeal_Q_Vritra_03	1
1403035	STR_MSG_IDSeal_Q_WaveLeader	1
1403005	STR_MSG_IDSeal_Q_Wave_01	1
1403007	STR_MSG_IDSeal_Q_Wave_03	1
1403008	STR_MSG_IDSeal_Q_Wave_04	1
1403076	STR_MSG_IDSeal_Q_Weapon_Skill_01	1
1402682	STR_MSG_IDSeal_Twin_01	1
1402683	STR_MSG_IDSeal_Twin_02	1
1402684	STR_MSG_IDSeal_Twin_03	1
1402685	STR_MSG_IDSeal_Twin_04	1
1402686	STR_MSG_IDSeal_Twin_05	1
1402687	STR_MSG_IDSeal_Twin_06	1
1402688	STR_MSG_IDSeal_Twin_07	1
1402689	STR_MSG_IDSeal_Twin_08	3
1402690	STR_MSG_IDSeal_Twin_Resurrect_01	1
1402691	STR_MSG_IDSeal_Twin_Resurrect_02	1
1402692	STR_MSG_IDSeal_Twin_Resurrect_03	1
1402721	STR_MSG_IDSeal_Vritra_Dragon_01	1
1402722	STR_MSG_IDSeal_Vritra_Dragon_02	1
1402724	STR_MSG_IDSeal_Vritra_Dragon_04	1
1402725	STR_MSG_IDSeal_Vritra_Dragon_05	1
1402726	STR_MSG_IDSeal_Vritra_Dragon_06	1
1402716	STR_MSG_IDSeal_Vritra_Human_01	3
1402717	STR_MSG_IDSeal_Vritra_Human_02	3
1402718	STR_MSG_IDSeal_Vritra_Human_03	1
1402719	STR_MSG_IDSeal_Vritra_Human_04	6
1402720	STR_MSG_IDSeal_Vritra_Human_05	4
1402727	STR_MSG_IDSeal_Vritra_PCGuard	3
1402703	STR_MSG_IDSeal_Wave_01	2
1402704	STR_MSG_IDSeal_Wave_02	2
1402705	STR_MSG_IDSeal_Wave_03	2
1402706	STR_MSG_IDSeal_Wave_04	1
1402707	STR_MSG_IDSeal_Wave_05	1
1402708	STR_MSG_IDSeal_Wave_06	1
1402709	STR_MSG_IDSeal_Wave_07	1
1402710	STR_MSG_IDSeal_Wave_08	1
1402926	STR_MSG_IDSeal_Wave_10	1
1402927	STR_MSG_IDSeal_Wave_11	1
1402712	STR_MSG_IDSeal_Wave_Bonus_01	1
1402713	STR_MSG_IDSeal_Wave_Bonus_02	1
1402714	STR_MSG_IDSeal_Wave_Bonus_03	1
1402715	STR_MSG_IDSeal_Wave_Bonus_04	1
1402941	STR_MSG_IDSeal_WindPath_Alarm	1
1401050	STR_MSG_IDStation_3FDoor_311	2
1401049	STR_MSG_IDStation_3FDoor_312	1
1401048	STR_MSG_IDStation_3FDoor_322	1
1501197	STR_MSG_IDStation_A_Boom_Dispel	1
1402734	STR_MSG_IDStation_A_FOBJ_Broken_01	3
1402735	STR_MSG_IDStation_A_FOBJ_Broken_02	3
1402736	STR_MSG_IDStation_A_FOBJ_Broken_03	3
1402737	STR_MSG_IDStation_A_FOBJ_Broken_04	3
1402738	STR_MSG_IDStation_A_FOBJ_Broken_05	3
1402751	STR_MSG_IDStation_A_FOBJ_SanctuaryATK	4
1402752	STR_MSG_IDStation_A_Zone_Explain	2
1402755	STR_MSG_IDStation_A_Zone_Explain_01	2
1402739	STR_MSG_IDStation_B_FOBJ_Broken_01	1
1402740	STR_MSG_IDStation_B_FOBJ_Broken_02	1
1402753	STR_MSG_IDStation_B_Zone_Explain	2
1402756	STR_MSG_IDStation_B_Zone_Explain_01	2
1400926	STR_MSG_IDStation_Doping_01	1
1401023	STR_MSG_IDStation_Doping_01_AD	1
1400927	STR_MSG_IDStation_Doping_02	1
1401024	STR_MSG_IDStation_Doping_02_AD	1
1401044	STR_MSG_IDStation_Guide_Area1	1
1401045	STR_MSG_IDStation_Guide_Area2	1
1401046	STR_MSG_IDStation_Guide_Area3	1
1400909	STR_MSG_IDStation_HugenNM_00	1
1400910	STR_MSG_IDStation_HugenNM_01	1
1400911	STR_MSG_IDStation_HugenNM_02	1
1400912	STR_MSG_IDStation_HugenNM_03	2
1401027	STR_MSG_IDStation_Lever01_AD	1
1401028	STR_MSG_IDStation_SearchLight	4
1400958	STR_MSG_IDStation_Zone2_Tower_01	5
1400925	STR_MSG_IDStation_Zone3_Morph_01	1
1401538	STR_MSG_IDTIAMAT_KAISINEL_2PHASE_DEADLYATK	6
1401540	STR_MSG_IDTIAMAT_KAISINEL_2PHASE_GROGGY	2
1401543	STR_MSG_IDTIAMAT_KALYNDI_SURKANA_SPAWN	8
1401539	STR_MSG_IDTIAMAT_MARCHUTAN_2PHASE_DEADLYATK	6
1401541	STR_MSG_IDTIAMAT_MARCHUTAN_2PHASE_GROGGY	2
1401533	STR_MSG_IDTIAMAT_TIAMAT_2PHASE_CLOSE_CRACK	2
1401536	STR_MSG_IDTIAMAT_TIAMAT_2PHASE_CLOSE_CRYSTAL	2
1401535	STR_MSG_IDTIAMAT_TIAMAT_2PHASE_CLOSE_GRAVITY	2
1401534	STR_MSG_IDTIAMAT_TIAMAT_2PHASE_CLOSE_RAGE	2
1401532	STR_MSG_IDTIAMAT_TIAMAT_2PHASE_START_DARK	2
1401531	STR_MSG_IDTIAMAT_TIAMAT_2PHASE_START_LIGHT	2
1401542	STR_MSG_IDTIAMAT_TIAMAT_DEADLYHOWLING	2
1403970	STR_MSG_IDTM_Arena_01	1
1403971	STR_MSG_IDTM_Arena_02	1
1403972	STR_MSG_IDTM_Arena_03	1
1403980	STR_MSG_IDTM_Arena_04	1
1400367	STR_MSG_IDTP_FANATIC_DieAll_Keynamed	1
1400366	STR_MSG_IDTP_FANATIC_Die_Keynamed	3
1400442	STR_MSG_IDTP_FANATIC_DrakanNamed_SpawnMSG	2
1403667	STR_MSG_IDTransform_SavePoint_01	1
1403668	STR_MSG_IDTransform_SavePoint_02	1
1403669	STR_MSG_IDTransform_SavePoint_03	1
1403698	STR_MSG_IDTransform_Sys_MSG_01	1
1403699	STR_MSG_IDTransform_Sys_MSG_02	460
1401810	STR_MSG_IDVritra_Base_Boss_Phase_01	1
1401813	STR_MSG_IDVritra_Base_Boss_Phase_04	1
1401814	STR_MSG_IDVritra_Base_Boss_Phase_05	1
1401914	STR_MSG_IDVritra_Base_DoorOpen_01	1
1401915	STR_MSG_IDVritra_Base_DoorOpen_02	1
1401916	STR_MSG_IDVritra_Base_DoorOpen_03	1
1401917	STR_MSG_IDVritra_Base_DoorOpen_04	1
1401918	STR_MSG_IDVritra_Base_DoorOpen_05	1
1401919	STR_MSG_IDVritra_Base_DoorOpen_06	1
1401920	STR_MSG_IDVritra_Base_DoorOpen_07	1
1401921	STR_MSG_IDVritra_Base_DoorOpen_08	2
1401922	STR_MSG_IDVritra_Base_DoorOpen_09	5
1402775	STR_MSG_IDYun_Rasta_Spawn_01	4
1402776	STR_MSG_IDYun_Rasta_Spawn_02	1
1400260	STR_MSG_INSTANCE_A_RANK_BATTLE_END	3
1400259	STR_MSG_INSTANCE_A_RANK_BATTLE_TIME	3
1400258	STR_MSG_INSTANCE_S_RANK_BATTLE_END	7
1400257	STR_MSG_INSTANCE_S_RANK_BATTLE_TIME	6
1400485	STR_MSG_JUMP_TRIGGER_ON_INFO	1
1400752	STR_MSG_KASPAFRUIT_INFO	1
1400753	STR_MSG_KASPATEAR_INFO	1
1402540	STR_MSG_LDF4_Advance_FNamed_Spawn	32
1402543	STR_MSG_LDF4_Advance_GodElite	2
1402544	STR_MSG_LDF4_Advance_GodElite_time_01	1
1402545	STR_MSG_LDF4_Advance_GodElite_time_02	1
1402546	STR_MSG_LDF4_Advance_GodElite_time_03	1
1402602	STR_MSG_LDF4_Advance_Summon_Named_Time	8
1402506	STR_MSG_LDF4_Advance_chief_v01	4
1402507	STR_MSG_LDF4_Advance_chief_v02	4
1402508	STR_MSG_LDF4_Advance_chief_v03	4
1402509	STR_MSG_LDF4_Advance_chief_v04	4
1402510	STR_MSG_LDF4_Advance_chief_v05	4
1402511	STR_MSG_LDF4_Advance_chief_v06	4
1402512	STR_MSG_LDF4_Advance_chief_v07	4
1402513	STR_MSG_LDF4_Advance_chief_v08	4
1402514	STR_MSG_LDF4_Advance_chief_v09	4
1402515	STR_MSG_LDF4_Advance_chief_v10	4
1402516	STR_MSG_LDF4_Advance_chief_v11	4
1402517	STR_MSG_LDF4_Advance_chief_v12	4
1402518	STR_MSG_LDF4_Advance_chief_v13	1
1402519	STR_MSG_LDF4_Advance_killer_v01	14
1402520	STR_MSG_LDF4_Advance_killer_v02	14
1402521	STR_MSG_LDF4_Advance_killer_v03	16
1402522	STR_MSG_LDF4_Advance_killer_v04	15
1402523	STR_MSG_LDF4_Advance_killer_v05	15
1402524	STR_MSG_LDF4_Advance_killer_v06	15
1402525	STR_MSG_LDF4_Advance_killer_v07	15
1402526	STR_MSG_LDF4_Advance_killer_v08	15
1402527	STR_MSG_LDF4_Advance_killer_v09	15
1402528	STR_MSG_LDF4_Advance_killer_v10	16
1402529	STR_MSG_LDF4_Advance_killer_v11	16
1402530	STR_MSG_LDF4_Advance_killer_v12	16
1402531	STR_MSG_LDF4_Advance_killer_v13	12
1401209	STR_MSG_LDF4_Jusin_Hp10	2
1401208	STR_MSG_LDF4_Jusin_Hp50	2
1401206	STR_MSG_LDF4_Jusin_OdSpawn	2
1401207	STR_MSG_LDF4_Jusin_OdStart	8
1401218	STR_MSG_LDF4_Jusin_Reward	2
1401219	STR_MSG_LDF4_Jusin_Spawned	2
1401286	STR_MSG_LDF4a_Lost_Guardian_Skill_Area_Left	1
1401288	STR_MSG_LDF4a_Lost_Guardian_Skill_Area_Middle	1
1401287	STR_MSG_LDF4a_Lost_Guardian_Skill_Area_Right	1
1401301	STR_MSG_LDF4a_Lost_Guardian_Skill_Final	1
1401290	STR_MSG_LDF4a_Owllau_Wizard_Chieftain_Skill_Penalty	1
1401289	STR_MSG_LDF4a_Owllau_Wizard_Chieftain_Skill_forAct	2
1401229	STR_MSG_LDF4a_Raid_BattleMessage1	1
1401238	STR_MSG_LDF4a_Raid_BattleMessage10	1
1401230	STR_MSG_LDF4a_Raid_BattleMessage2	1
1401231	STR_MSG_LDF4a_Raid_BattleMessage3	2
1401232	STR_MSG_LDF4a_Raid_BattleMessage4	1
1401233	STR_MSG_LDF4a_Raid_BattleMessage5	2
1401235	STR_MSG_LDF4a_Raid_BattleMessage7	2
1401236	STR_MSG_LDF4a_Raid_BattleMessage8	1
1401285	STR_MSG_LDF4a_SandWarm_Skill_Hide	1
1401300	STR_MSG_LDF4a_SandWarm_Skill_Sandfit	1
1401299	STR_MSG_LDF4a_SandWarm_Skill_SummonHole	1
1401332	STR_MSG_LDF4a_windpath163_Close	1
1401331	STR_MSG_LDF4a_windpath163_Open	1
1401330	STR_MSG_LDF4a_windpath163_Ready	1
1401431	STR_MSG_LDF4b_T2_TELEPORT_NOTICE_MESSAGE	1
1403715	STR_MSG_LDF5_Fortress_Anoha_01	1
1403716	STR_MSG_LDF5_Fortress_Anoha_02	1
1403717	STR_MSG_LDF5_Fortress_Anoha_03	1
1402465	STR_MSG_LDF5_Fortress_Da_Center	1
1402467	STR_MSG_LDF5_Fortress_Da_Down	1
1402480	STR_MSG_LDF5_Fortress_Da_Heal1_End	1
1402477	STR_MSG_LDF5_Fortress_Da_Heal1_Start	1
1402481	STR_MSG_LDF5_Fortress_Da_Heal2_End	1
1402478	STR_MSG_LDF5_Fortress_Da_Heal2_Start	1
1402482	STR_MSG_LDF5_Fortress_Da_Heal3_End	1
1402479	STR_MSG_LDF5_Fortress_Da_Heal3_Start	1
1402466	STR_MSG_LDF5_Fortress_Da_Up	1
1402468	STR_MSG_LDF5_Fortress_Dr_Center	1
1402470	STR_MSG_LDF5_Fortress_Dr_Down	1
1402469	STR_MSG_LDF5_Fortress_Dr_Up	1
1402462	STR_MSG_LDF5_Fortress_Li_Center	1
1402464	STR_MSG_LDF5_Fortress_Li_Down	1
1402474	STR_MSG_LDF5_Fortress_Li_Heal1_End	1
1402471	STR_MSG_LDF5_Fortress_Li_Heal1_Start	1
1402475	STR_MSG_LDF5_Fortress_Li_Heal2_End	1
1402472	STR_MSG_LDF5_Fortress_Li_Heal2_Start	1
1402476	STR_MSG_LDF5_Fortress_Li_Heal3_End	1
1402473	STR_MSG_LDF5_Fortress_Li_Heal3_Start	1
1402463	STR_MSG_LDF5_Fortress_Li_Up	1
1402620	STR_MSG_LDF5_Gab1_End01	1
1402621	STR_MSG_LDF5_Gab1_End02	1
1402622	STR_MSG_LDF5_Gab1_End03	1
1402623	STR_MSG_LDF5_Gab1_End04	1
1402624	STR_MSG_LDF5_Gab1_End05	1
1402982	STR_MSG_LDF5_Gab1_End06	1
1402983	STR_MSG_LDF5_Gab1_End07	1
1402984	STR_MSG_LDF5_Gab1_End08	1
1402985	STR_MSG_LDF5_Gab1_End09	1
1402986	STR_MSG_LDF5_Gab1_End10	1
1403013	STR_MSG_LDF5_Gab1_End11	1
1400228	STR_MSG_LEFTTELEPORTER_CREATED_IDAB1_DREADGION	2
1400226	STR_MSG_LEFTWALL_CREATED_IDAB1_DREADGION	2
1400727	STR_MSG_LF4_DRAMATA_AWAKENING	1
1400665	STR_MSG_LF4_DRAMATA_KILLED_OUT_TIMER_10M	1
1400673	STR_MSG_LF4_DRAMATA_KILLED_OUT_TIMER_10S	1
1400664	STR_MSG_LF4_DRAMATA_KILLED_OUT_TIMER_15M	1
1400672	STR_MSG_LF4_DRAMATA_KILLED_OUT_TIMER_15S	1
1400670	STR_MSG_LF4_DRAMATA_KILLED_OUT_TIMER_1M	1
1400663	STR_MSG_LF4_DRAMATA_KILLED_OUT_TIMER_20M	1
1400662	STR_MSG_LF4_DRAMATA_KILLED_OUT_TIMER_25M	1
1400669	STR_MSG_LF4_DRAMATA_KILLED_OUT_TIMER_2M	1
1400661	STR_MSG_LF4_DRAMATA_KILLED_OUT_TIMER_30M	1
1400671	STR_MSG_LF4_DRAMATA_KILLED_OUT_TIMER_30S	1
1400668	STR_MSG_LF4_DRAMATA_KILLED_OUT_TIMER_3M	1
1400667	STR_MSG_LF4_DRAMATA_KILLED_OUT_TIMER_4M	1
1400666	STR_MSG_LF4_DRAMATA_KILLED_OUT_TIMER_5M	1
1400674	STR_MSG_LF4_DRAMATA_KILLED_OUT_TIMER_5S	1
1400525	STR_MSG_LF4_DRAMATA_LAY_EGG	2
1400505	STR_MSG_LF4_DRAMATA_OUT_TIMER_0S	1
1400492	STR_MSG_LF4_DRAMATA_OUT_TIMER_10M	1
1400499	STR_MSG_LF4_DRAMATA_OUT_TIMER_10S	1
1400487	STR_MSG_LF4_DRAMATA_OUT_TIMER_120M	1
1400491	STR_MSG_LF4_DRAMATA_OUT_TIMER_15M	1
1400498	STR_MSG_LF4_DRAMATA_OUT_TIMER_15S	1
1400496	STR_MSG_LF4_DRAMATA_OUT_TIMER_1M	1
1400504	STR_MSG_LF4_DRAMATA_OUT_TIMER_1S	1
1400495	STR_MSG_LF4_DRAMATA_OUT_TIMER_2M	1
1400503	STR_MSG_LF4_DRAMATA_OUT_TIMER_2S	1
1400490	STR_MSG_LF4_DRAMATA_OUT_TIMER_30M	1
1400497	STR_MSG_LF4_DRAMATA_OUT_TIMER_30S	1
1400494	STR_MSG_LF4_DRAMATA_OUT_TIMER_3M	1
1400502	STR_MSG_LF4_DRAMATA_OUT_TIMER_3S	1
1400501	STR_MSG_LF4_DRAMATA_OUT_TIMER_4S	1
1400493	STR_MSG_LF4_DRAMATA_OUT_TIMER_5M	1
1400500	STR_MSG_LF4_DRAMATA_OUT_TIMER_5S	1
1400489	STR_MSG_LF4_DRAMATA_OUT_TIMER_60M	1
1400488	STR_MSG_LF4_DRAMATA_OUT_TIMER_90M	1
1400527	STR_MSG_LF4_DRAMATA_START_1	1
1400537	STR_MSG_LF4_DRAMATA_START_2	1
1400538	STR_MSG_LF4_DRAMATA_START_3	1
1400539	STR_MSG_LF4_DRAMATA_START_4	1
1400724	STR_MSG_LF4_DRAMATA_SUMMON_THUNDER	6
1400529	STR_MSG_LF4_GODELITE_START_1	5
1400530	STR_MSG_LF4_GODELITE_START_2	4
1400531	STR_MSG_LF4_GODELITE_START_3	4
1400532	STR_MSG_LF4_GODELITE_START_4	4
1400606	STR_MSG_LF4_RaidShowTime_Phase1	1
1400607	STR_MSG_LF4_RaidShowTime_Phase2	1
1400608	STR_MSG_LF4_RaidShowTime_Phase3	1
1400609	STR_MSG_LF4_RaidShowTime_Phase4	1
1404435	STR_MSG_LF4_SP_Craid_MSG_01	3
1404436	STR_MSG_LF4_SP_Craid_MSG_02	3
1404437	STR_MSG_LF4_SP_Craid_MSG_03	3
1404438	STR_MSG_LF4_SP_Craid_MSG_04	3
1404439	STR_MSG_LF4_SP_Craid_MSG_05	1
1404440	STR_MSG_LF4_SP_Craid_MSG_06	1
1404441	STR_MSG_LF4_SP_Craid_MSG_07	1
1404442	STR_MSG_LF4_SP_Craid_MSG_08	1
1404443	STR_MSG_LF4_SP_Craid_MSG_09	1
1404444	STR_MSG_LF4_SP_Craid_MSG_10	1
1404445	STR_MSG_LF4_SP_Craid_MSG_11	1
1404446	STR_MSG_LF4_SP_Craid_MSG_12	1
1403161	STR_MSG_LF6_B2_G2_Spawn	1
1404091	STR_MSG_LF6_B2_G2_Spawn_Chat_MSG	1
1403160	STR_MSG_LF6_B_G2_Spawn	1
1404090	STR_MSG_LF6_B_G2_Spawn_Chat_MSG	1
1403162	STR_MSG_LF6_C_G2_Spawn	1
1404092	STR_MSG_LF6_C_G2_Spawn_Chat_MSG	1
1403163	STR_MSG_LF6_D_G2_Spawn	1
1404093	STR_MSG_LF6_D_G2_Spawn_Chat_MSG	1
1403164	STR_MSG_LF6_E_G2_Spawn	1
1404094	STR_MSG_LF6_E_G2_Spawn_Chat_MSG	1
1403370	STR_MSG_LF6_Evett_G1_Time_End_01	1
1403371	STR_MSG_LF6_Evett_G1_Time_End_02	1
1403372	STR_MSG_LF6_Evett_G1_Time_End_03	1
1403166	STR_MSG_LF6_F2_G2_Spawn	1
1404096	STR_MSG_LF6_F2_G2_Spawn_Chat_MSG	1
1403165	STR_MSG_LF6_F_G2_Spawn	1
1404095	STR_MSG_LF6_F_G2_Spawn_Chat_MSG	1
1403292	STR_MSG_LF6_G1_Boss_Spawn_01	3
1403182	STR_MSG_LF6_G1_Spawn_01	1
1403183	STR_MSG_LF6_G1_Spawn_02	1
1403184	STR_MSG_LF6_G1_Spawn_03	1
1403185	STR_MSG_LF6_G1_Spawn_04	1
1403171	STR_MSG_LF6_G1_Spawn_05	1
1403293	STR_MSG_LF6_G1_Windpath_Off_01	1
1403167	STR_MSG_LF6_G_G2_Spawn	1
1404097	STR_MSG_LF6_G_G2_Spawn_Chat_MSG	1
1403168	STR_MSG_LF6_H_G2_Spawn	1
1404098	STR_MSG_LF6_H_G2_Spawn_Chat_MSG	1
1403169	STR_MSG_LF6_I_G2_Spawn	1
1404099	STR_MSG_LF6_I_G2_Spawn_Chat_MSG	1
1404554	STR_MSG_LF6_Occupy_All_End_MSG	1
1404553	STR_MSG_LF6_Occupy_All_Start_MSG	1
1403102	STR_MSG_MINI_ATTACK_ALARM	1
1401526	STR_MSG_NoticeFlyingArea	2
1402874	STR_MSG_OBJ_Bomb	24
1402914	STR_MSG_OBJ_Bomb_Die	4
1402900	STR_MSG_OBJ_Die	1
1402925	STR_MSG_OBJ_End	1
1402924	STR_MSG_OBJ_Start	4
1402901	STR_MSG_OBJ_Stay	4
1400756	STR_MSG_RAGOS_INFO	1
1400227	STR_MSG_RIGHTWALL_CREATED_IDAB1_DREADGION	2
1403281	STR_MSG_RVR_CLOSING_NOTICE_01	2
1403254	STR_MSG_RVR_DF3_BOSS_HEAL_NOTICE_01	1
1403255	STR_MSG_RVR_DF3_BOSS_HEAL_NOTICE_02	1
1403256	STR_MSG_RVR_DF3_BOSS_HEAL_NOTICE_03	1
1403257	STR_MSG_RVR_DF3_BOSS_KILL_NOTICE_01	1
1403258	STR_MSG_RVR_DF3_BOSS_KILL_NOTICE_02	1
1403259	STR_MSG_RVR_DF3_BOSS_KILL_NOTICE_03	1
1403248	STR_MSG_RVR_LF3_BOSS_HEAL_NOTICE_01	1
1403249	STR_MSG_RVR_LF3_BOSS_HEAL_NOTICE_02	1
1403250	STR_MSG_RVR_LF3_BOSS_HEAL_NOTICE_03	1
1403251	STR_MSG_RVR_LF3_BOSS_KILL_NOTICE_01	1
1403252	STR_MSG_RVR_LF3_BOSS_KILL_NOTICE_02	1
1403253	STR_MSG_RVR_LF3_BOSS_KILL_NOTICE_03	1
1403275	STR_MSG_RVR_TIMER_NOTICE_01	2
1403276	STR_MSG_RVR_TIMER_NOTICE_02	2
1403277	STR_MSG_RVR_TIMER_NOTICE_03	2
1403278	STR_MSG_RVR_TIMER_NOTICE_04	2
1403279	STR_MSG_RVR_TIMER_NOTICE_05	2
1403280	STR_MSG_RVR_TIMER_NOTICE_06	2
1400978	STR_MSG_S2_SAAM_CTRL_01	1
1400979	STR_MSG_S2_Saam1_01	1
1400980	STR_MSG_S2_Saam1_02	1
1400981	STR_MSG_S2_Saam1_03	1
1400986	STR_MSG_S3_Elemeltal_CTRL_01	1
1400987	STR_MSG_S4_Draky_CTRL_00	1
1400982	STR_MSG_S4_Draky_CTRL_01	1
1400988	STR_MSG_S4_Draky_CTRL_02	1
1400989	STR_MSG_S4_Draky_CTRL_03	1
1400990	STR_MSG_S4_Draky_CTRL_04	1
1400991	STR_MSG_S6_Ghost_55_Ah_01	1
1400983	STR_MSG_S7_BookBox_01	2
1400984	STR_MSG_S9_DuskDraky_55_Ah_01	1
1400992	STR_MSG_S9_DuskDraky_55_Ah_02	1
1400754	STR_MSG_SHISHIR_INFO	1
1403812	STR_MSG_ShugoShip_AtkDr_01	1
1403813	STR_MSG_ShugoShip_AtkDr_02	1
1403814	STR_MSG_ShugoShip_AtkDr_03	1
1403815	STR_MSG_ShugoShip_AtkDr_04	1
1403816	STR_MSG_ShugoShip_AtkDr_05	1
1403817	STR_MSG_ShugoShip_AtkDr_06	1
1403742	STR_MSG_ShugoShip_Buff_01	2
1403743	STR_MSG_ShugoShip_Buff_02	2
1403744	STR_MSG_ShugoShip_Buff_03	2
1403745	STR_MSG_ShugoShip_Buff_04	2
1403746	STR_MSG_ShugoShip_Buff_05	2
1403747	STR_MSG_ShugoShip_Buff_06	2
1404055	STR_MSG_ShugoShip_Buff_07	2
1404056	STR_MSG_ShugoShip_Buff_08	2
1404057	STR_MSG_ShugoShip_Buff_09	2
1404058	STR_MSG_ShugoShip_Buff_10	2
1404059	STR_MSG_ShugoShip_Buff_11	2
1404060	STR_MSG_ShugoShip_Buff_12	2
1404061	STR_MSG_ShugoShip_Buff_13	2
1404062	STR_MSG_ShugoShip_Buff_14	2
1404063	STR_MSG_ShugoShip_Buff_15	2
1404064	STR_MSG_ShugoShip_Buff_16	2
1404065	STR_MSG_ShugoShip_Buff_17	2
1404066	STR_MSG_ShugoShip_Buff_18	2
1403736	STR_MSG_ShugoShip_OccuD_01	1
1403737	STR_MSG_ShugoShip_OccuD_02	1
1403738	STR_MSG_ShugoShip_OccuD_03	1
1403739	STR_MSG_ShugoShip_OccuD_04	1
1403740	STR_MSG_ShugoShip_OccuD_05	1
1403741	STR_MSG_ShugoShip_OccuD_06	1
1403806	STR_MSG_ShugoShip_OccuDr_01	1
1403807	STR_MSG_ShugoShip_OccuDr_02	1
1403808	STR_MSG_ShugoShip_OccuDr_03	1
1403809	STR_MSG_ShugoShip_OccuDr_04	1
1403810	STR_MSG_ShugoShip_OccuDr_05	1
1403811	STR_MSG_ShugoShip_OccuDr_06	1
1403730	STR_MSG_ShugoShip_OccuL_01	1
1403731	STR_MSG_ShugoShip_OccuL_02	1
1403732	STR_MSG_ShugoShip_OccuL_03	1
1403733	STR_MSG_ShugoShip_OccuL_04	1
1403734	STR_MSG_ShugoShip_OccuL_05	1
1403735	STR_MSG_ShugoShip_OccuL_06	1
1403729	STR_MSG_ShugoShip_War_Soon	1
1401401	STR_MSG_Station_Boss_End	1
1401350	STR_MSG_Station_DoorCtrl_Evileye	5
1401424	STR_MSG_TELEPORT_SPAWN_IDDREADGION_03	1
1401467	STR_MSG_TIAMATAVATAR_WAKEUP	4
1401460	STR_MSG_TIAMATDOWN_TIAMATAGENT_RAGE	2
1401459	STR_MSG_TIAMATDOWN_TIAMATAGENT_RAGE_ALARM	2
1401462	STR_MSG_TIAMATDOWN_TIAMATAGENT_SUM_ATTACKED	9
1401463	STR_MSG_TIAMATDOWN_TIAMATAGENT_SUM_BOMB	3
1401461	STR_MSG_TIAMATDOWN_TIAMATAGENT_SUM_WAKEUP	3
1401421	STR_MSG_TREASUREBOX_SPAWN_IDDREADGION_03	2
1402781	STR_MSG_Tames_Solo_A_End	1
1402780	STR_MSG_Tames_Solo_A_Start	2
1402784	STR_MSG_Tames_Solo_B_End	2
1402782	STR_MSG_Tames_Solo_B_Start	4
1402783	STR_MSG_Tames_Solo_B_ing	6
1402786	STR_MSG_Tames_Solo_C_End	2
1402785	STR_MSG_Tames_Solo_C_Start	4
1403027	STR_MSG_Teo_T_Boss_Skill_01	8
1403036	STR_MSG_Teo_T_Boss_Skill_02	2
1403037	STR_MSG_Teo_T_Boss_Skill_03	1
1403034	STR_MSG_Teo_T_End_01	4
1403042	STR_MSG_Teo_T_End_02	2
1403021	STR_MSG_Teo_T_Run_01	1
1403023	STR_MSG_Teo_T_Run_03	1
1403024	STR_MSG_Teo_T_Run_04	1
1403025	STR_MSG_Teo_T_Run_05	1
1403026	STR_MSG_Teo_T_Run_06	1
1403039	STR_MSG_Teo_T_Start_01	1
1403061	STR_MSG_Teo_T_Start_02	1
1403062	STR_MSG_Teo_T_Start_03	1
1403033	STR_MSG_Teo_T_TimeAttack_01	4
1400631	STR_MSG_WAREHOUSETELEPORTER_CREATED_IDDREADGION_02_01	1
1400641	STR_MSG_WAREHOUSETELEPORTER_CREATED_IDDREADGION_02_02	1
1401415	STR_MSG_WAREHOUSETELEPORTER_CREATED_IDDREADGION_03_01	1
1401418	STR_MSG_WAREHOUSETELEPORTER_CREATED_IDDREADGION_03_02	1
1400486	STR_MSG_WINDBOX_TRIGGER_ON_INFO	6
1402459	STR_MSG_WORLDRAID_INVADE_VRITRA	9
1402383	STR_MSG_WORLDRAID_MESSAGE_01	28
1402384	STR_MSG_WORLDRAID_MESSAGE_02	16
1402385	STR_MSG_WORLDRAID_MESSAGE_03	9
1402386	STR_MSG_WORLDRAID_MESSAGE_04	9
1402387	STR_MSG_WORLDRAID_MESSAGE_DIE_01	3
1402388	STR_MSG_WORLDRAID_MESSAGE_DIE_02	6
1402389	STR_MSG_WORLDRAID_MESSAGE_DIE_03	2
1402390	STR_MSG_WORLDRAID_MESSAGE_DIE_04	12
1402391	STR_MSG_WORLDRAID_MESSAGE_DIE_05	6
1402392	STR_MSG_WORLDRAID_MESSAGE_DIE_06	3
1404148	STR_MSG_ideternity03_zone_0	4
1404141	STR_MSG_ideternity03_zone_1	1
1404142	STR_MSG_ideternity03_zone_2	1
1404144	STR_MSG_ideternity03_zone_3	1
1404145	STR_MSG_ideternity03_zone_4	1
1404146	STR_MSG_ideternity03_zone_4_1	1
1111206	STR_QUEST_SAY_AB1_006	2
390856	STR_QUEST_SAY_IDTiamat_01	1
390858	STR_QUEST_SAY_IDTiamat_03	1
390859	STR_QUEST_SAY_IDTiamat_04	1
390860	STR_QUEST_SAY_IDTiamat_05	1
390861	STR_QUEST_SAY_IDTiamat_06	1
390863	STR_QUEST_SAY_IDTiamat_08	1
1401605	STR_Underpass_IDUnderpassRe_Open	1
